ik,NR-AR_chem_logit,NR-AR-LBD_chem_logit,NR-AhR_chem_logit,NR-Aromatase_chem_logit,NR-ER_chem_logit,NR-ER-LBD_chem_logit,NR-PPAR-gamma_chem_logit,SR-ARE_chem_logit,SR-ATAD5_chem_logit,SR-HSE_chem_logit,SR-MMP_chem_logit,SR-p53_chem_logit
AADCDMQTJNYOSS,-1.6178027883613464,-1.9058867386140839,-0.4016062801674616,-0.790916968521142,-0.39065133092234583,-0.836038893536911,-0.9327272694873582,-0.32025812261941133,-0.7471327935197997,-0.2367320420577289,-0.5130691949832262,-0.6163969617904685
AAKJLRGGTJKAMG,-1.6777603434639305,-1.9565367961205697,-0.6539787673181303,-0.7696842907766241,-0.6329660013629188,-0.7871087948376244,-0.923797292059888,-0.8275198769222707,-0.7371322353653263,-0.42952261751159976,-0.9603904212544798,-0.7879235863434271
AAOVKJBEBIDNHE,-1.713728624091766,-1.9810819468553902,-0.774758557858723,-0.8993996290055466,-0.6797422165910664,-0.8626331143675665,-1.0205797683365783,-1.0661541832614145,-0.8620740883835786,-0.5358591346483825,-1.153266339298002,-0.9670778205659214
AAQOQKQBGPPFNS,-1.4062622017208557,-1.8472253178588443,-1.3790735550076405,-0.844445983083363,-0.6482725009588116,-0.7066197397048432,-0.9329429507600617,-0.9729242318750341,-1.2558393370637135,-0.7934390565291901,-1.1687110849502191,-0.8650746620264207
ABJKWBDEJIDSJZ,-1.483261071471465,-1.814891563050495,-0.8318642312799133,-0.8235622576003123,-0.4959925183952768,-0.5918984198695967,-0.7741706828052589,-0.15932046988706824,-1.1912330666992526,-0.5436668591779951,-0.44150337383675037,-0.858114974520816
ACSIXWWBWUQEHA,-1.7224882637746473,-1.93180070333383,0.07805882050135957,-0.6499247575205696,-0.3824499779617607,-0.8065689909129153,-0.9354364402107455,-0.219218857771858,-1.1718977274171247,-0.4942675108720906,-0.208292886940736,-1.0209654149276999
ACTRVOBWPAIOHC,-1.6794701514616766,-1.9392912113777891,-0.7507782358395101,-0.7106300626708547,-0.3362876326050458,-0.7541696789783467,-0.7066594569709621,-0.8791610905005033,-0.962950330997387,-0.5813045034589788,-1.0462448542118292,-0.6559181901166792
ACWBQPMHZXGDFX,-1.4012545218341594,-1.8790790999134919,-0.7451139508816957,-1.0739497454048264,-0.5715224206700551,-0.6900956026020216,-1.0628653687183192,-0.914575797095666,-0.9562408857069775,-0.684313278921388,-0.7606453706352849,-0.8891188977556034
ADEBPBSSDYVVLD,-1.705797518467901,-1.90343551545674,-0.3822110699581681,-0.23548957831576192,-0.2585889695705139,-0.7342945032576462,-0.9181957289476212,-0.6040444601351981,-1.2243272559242917,-0.6399641922133025,-0.1689254641698948,-0.8519896412659722
AELCINSCMGFISI,-1.6539945438604977,-1.9488778977766157,-0.09413389528110376,-0.7537507188519946,0.2795984769726926,-0.31519336507335416,-0.9253854435387974,-0.44076910400189606,-0.9895613656743381,-0.3088986120159405,-0.06094296351618374,-0.7125824935779064
AEMFNILZOJDQLW,-1.545438357959789,-1.8590317521406816,-0.3882679823996465,-0.9367192591100287,-0.5805587300481746,-0.6068245992197031,-0.9657158888427482,-0.3118425067258312,-0.9217916707323838,-0.49030427466117976,-0.2104886404569831,-0.917003239941099
AEOCXXJPGCBFJA,-1.5873518425420468,-1.883045646995101,-0.474948692808247,-0.2612374563251725,-0.3986379523262487,-0.7478733802009735,-0.9689406514953993,-0.21252606348649758,-0.8771465979052918,-0.5061445323775832,-0.6802070394919257,-0.9251280196009519
AEUTYOVWOVBAKS,-1.6965830308520256,-1.9132972582653351,-0.05072553216840431,-0.6441267180845023,-0.4467605147113437,-0.6951654108103317,-0.7542594189497649,-0.3306694427446545,-0.9952152632492131,-0.447881972782517,-0.5827491821835202,-0.6743503007013634
AFCGFAGUEYAMAO,-1.5807822837688286,-1.8826738451483398,-0.23307505847942792,-0.8299362842288667,-0.6592201805659259,-0.849649075892881,-1.0738216290759568,-0.4322950597697217,-0.9898363205832508,-0.7366020608566264,-1.0860612157560756,-0.7979590845586175
AFJYYKSVHJGXSN,-1.4806180857242213,-1.823656882850437,-1.4433761669558225,-0.9736174360742744,-0.5793123877149066,-0.7777143581994462,-1.0049060188454981,-1.2263257315341036,-1.1656813546550362,-0.8565190664386926,-1.289409891643696,-0.9254757899572518
AFNXATANNDIXLG,-1.6087993540362038,-1.7794440755061895,-0.5996171815445747,-1.179012503867126,-0.3528879894366012,-0.449766342939306,-0.7808078883000223,-0.20770380475283198,-0.5060354506783813,-0.32861374628859946,-0.9288956364659112,-0.7431235838203528
AFSOIHMEOKEZJF,-1.4211553770103984,-1.992447748309852,-0.7050168604529401,-0.892613670808803,-0.4434789738714724,-0.8257943589730722,-1.1191180314865206,-1.142032819491974,-1.0392793901735946,-0.6967442025852071,-1.0994925988788173,-0.8873239865651841
AGHANLSBXUWXTB,-1.6688876156984276,-1.9869073401180644,-0.7218355700225596,-1.221619247439814,-0.6591176236903183,-0.8533279119327013,-0.9304636293004485,-1.0853151912373615,-1.1388630466718597,-0.6282009398661103,-0.7186314060272875,-1.0618630532112587
AGMMTXLNIQSRCG,-1.676238624547762,-1.9748843225119428,-1.3950547889029523,-1.056957713068133,-0.8548389938727708,-0.9372810195620052,-0.9778362173081572,-1.1786012021728844,-1.1912107806023473,-0.6721204288001508,-0.9875898826854523,-1.3542234025307673
AGOYDEPGAOXOCK,-1.37330859512049,-1.670357756869234,0.18897386941674021,-0.8342764336959759,-0.34906056083968173,-0.2198564450016958,-0.8059271564522001,0.005641294907870475,-0.527213552896625,-0.3939701917077182,-0.36137577120527337,-0.30128808884551633
AHLBNYSZXLDEJQ,-1.592881270942235,-1.8506734428427545,-0.7768376680024535,-0.6529121566485022,0.40358502551765774,-0.40221350702457953,-0.7076887422866055,-0.9321184562886482,-0.7274477872482106,0.0945124776618276,-0.7557064409966315,-1.0932240065650385
AHOUBRCZNHFOSL,-1.5426770375197176,-1.9082442770155035,-1.1146353240141909,-0.8565690661071412,-0.43761302762184534,-0.6036709109172224,-0.9610906876868166,-0.5990885887308026,-1.006444484825911,-0.5517999834326573,-0.8068937326020381,-0.9363274973569548
AJLFOPYRIVGYMJ,-1.6661254179636842,-1.9829548523154998,-0.7550940745573512,-0.9599962182605353,-0.6293410032034841,-0.9516358985330517,-1.1036015087614621,-1.031072957032796,-1.154776642673933,-0.3939312201971727,-0.9335861433851919,-1.2916500985402721
AKJHMTWEGVYYSE,-1.5056058771362109,-1.9235027132734084,-1.4330286207148002,-0.8833793848470484,-0.5472505184845401,-0.79536071266475,-1.0467470978257771,-1.2585578417848249,-1.0281101325140796,-0.7267969199704404,-1.3628883825145555,-1.033898365566953
AKNNEGZIBPJZJG,-1.620343542425702,-1.8773491537920939,0.5506616713080174,-0.6811055009611707,-0.4508020428131989,-0.7941289363336408,-0.9879254458125308,-0.2955223942986292,-0.9369659792876679,-0.3288249637774749,-0.014157360646462454,-0.5962751168311899
ALLWOAVDORUJLA,-1.547366678409902,-1.735764163124603,-1.3449195785508157,-0.9937648900978047,-0.7498595323426213,-0.7950317607525846,-1.0197866888098106,-0.6173743883711249,-1.1341039835165587,-0.618175679762959,-0.9460931277210607,-1.1895400104557003
ALWKGYPQUAPLQC,-1.7070969743476818,-1.8786715641971141,1.1311371149402227,-0.3742263083069828,-0.29842656378506693,-0.6116963147594454,-0.8581926739107394,-0.11980675008071198,-0.5778532579051847,-0.17046838965069197,0.09566413054931816,-0.5556826569768955
AMDBBAQNWSUWGN,-1.6357507042300496,-1.959398955041794,-0.08213488042505708,-0.5527591095386747,-0.3552511511362698,-0.8563679438117385,-0.9456107103045206,-0.21479630867510732,-0.5209390813236376,0.014963981309819905,-0.07466904015184793,-0.862003013193371
ANGKOCUUWGHLCE,-1.6479879099891592,-1.8689897313586146,-0.9600711095131809,-0.4840900624447647,-0.8037496767433505,-0.8255235701530514,-1.1071958596688642,-0.9607261692537881,-1.1099324045812629,-0.35043912992790405,-1.4800638092266152,-1.0842408032726054
ANMLJLFWUCQGKZ,-1.5715340851355797,-1.839612921146101,-1.4140658598603293,-0.6147672832306079,-0.2509905149074713,-0.518802610647771,-0.9853386324216262,-0.8425960216221529,-1.3152478259095721,-0.36960474615182326,-0.8378088368688796,-1.1674297591556837
ANTSCNMPPGJYLG,-1.7959146599738884,-1.94144713414181,0.6651808971674642,-0.5842481607534346,-0.44297898097333877,-0.6288105396418591,-0.8524141234580734,-0.06352335164900805,-0.7946446816581192,-0.18238541852194542,-0.5571262880365454,-0.9166971637706336
ANZXOIAKUNOVQU,-1.5594200149690425,-1.8673314308312214,-0.7064987287256825,-0.885398808855474,-0.7479791832391598,-0.7608131944248978,-0.9155569905664743,-0.6667320321912354,-1.14952666237266,-0.7759112909823758,-0.8487275413522934,-0.621444087227741
AOCCBINRVIKJHY,-1.5949921561006322,-1.8296850119760801,-1.628588458987368,-0.9914620364149227,-0.7408664457209797,-0.8921658289054148,-1.0017977491979382,-0.9509445659997718,-1.3051317439554122,-0.6486065815491884,-1.4153299860926334,-1.3962463105134777
AOXRBFRFYPMWLR,-1.6349329164382087,-1.9792977228023998,-1.111640118291798,-1.0031968560704974,-0.6615748658546271,-0.8805998083853221,-1.0526774631778493,-1.2244960054522698,-0.8408331948343929,-0.6582782875022997,-1.404049327029857,-1.0044937653108865
APGDTXUMTIZLCJ,-1.7321283947138386,-1.9143897408450525,-0.8242613775544141,-0.7837598466979112,-0.24773480577814677,-0.5277989484298862,-1.036228674598692,-1.0910387727516533,-1.1200716793341783,-0.45504712054453067,-0.9869921324128925,-1.1642321834823939
APKFDSVGJQXUKY,-1.6339207364391737,-1.9163023827410515,-0.18752290811315608,-0.7608900430533553,-0.5982535938236537,-0.6889565605588175,-0.9350692649707365,-6.08884649440812e-07,-1.1676001459451673,-0.5278880784146303,0.4193092827066924,-0.9687647128787532
AQCHWTWZEMGIFD,-1.5546336618132464,-1.898992378825553,-0.8925560536999824,-0.8596527355053515,-0.3681075562557225,-0.6064059124518748,-0.973146827161709,-1.0006872583181525,-1.0842087190841339,-0.4543443250201481,-1.0147310934829181,-0.59496487942411
AQHHHDLHHXJYJD,-1.7611775749229706,-1.9842158779698946,0.4846453974941041,-0.6833491717797986,0.44275637225295694,-0.5742708891690697,-0.9314679579162713,-0.38917142479510136,-0.9066222253897733,0.17491556942681516,0.18142880416533674,-0.7665014815010318
AQIXAKUUQRKLND,-1.758198767697886,-1.9324064248893416,-1.3120162375692328,-1.1287977215914697,-0.8464318722526549,-0.8475764790679966,-0.9691306232738457,-0.8461572977555238,-1.3411732372689398,-0.5295597179647612,-1.1261509939015277,-1.3303928539170569
AQNDDEOPVVGCPG,-1.8352136094281055,-1.9871678982145948,-0.071642311632458,-0.8258173944809845,-0.488110877414906,-0.8533569046053582,-0.8582796385639773,-0.5028520728576062,-0.9731533394646166,-0.24455015849072634,-0.5542020652285621,-0.8157498474005305
ARFHIAQFJWUCFH,-1.5642082125669803,-1.9146242427767404,-0.31613215686854806,-0.5460833677308059,-0.03775697217327663,-0.7630982428028499,-0.9545009974899041,-0.7552927690428339,-1.2018143768057743,-0.6238435982689141,-0.6176250131578054,-1.0915519493274062
ARSRBNBHOADGJU,-1.5681928227803557,-1.8181810165092847,-0.4901652596087829,-0.6698961971196438,-0.432233685390557,-0.780066296859266,-0.8919055148749429,-0.7423410600043583,-0.7638010331516929,-0.5077246536849023,-1.3467064193390221,-0.9254159440847671
ASUTZQLVASHGKV,-1.6409566898484598,-1.9420825670150386,-0.4790674679388049,-1.0031152577942746,-0.01728756501681721,-0.714723902273611,-0.5154125204308748,-0.75119594374816,-0.9564129484640651,-0.46753322991213686,-0.6068776638534183,-0.9009865476310017
ASWVTGNCAZCNNR,-1.5404795218777307,-1.8366982937924279,-1.0783148695787965,-0.9279643955470576,-0.6409118522572359,-0.6978924193092466,-0.8542127080926374,-0.45944496108906563,-1.1384223120707275,-0.6806295355683671,-1.0300093668753219,-0.8006258980251145
ATCGGEJZONJOCL,-1.617747922212148,-1.983657699380756,-0.92010017307427,-1.0300992860453835,-0.4715396588682545,-0.8352186612162672,-1.0686565337693577,-0.9865945259480353,-1.0484929058674723,-0.6218492109235678,-0.7490692646756137,-1.0620912295254012
AUNGANRZJHBGPY,-1.6465904578410948,-1.9572016389162308,-1.0767802969487237,-1.0231800484476865,-0.5239426970027323,-0.8190432198261309,-1.041106964942271,-1.0293205751850087,-1.1087141766633288,-0.5738950271692559,-0.7840008819865537,-1.0122944991113636
AUVVAXYIELKVAI,-1.5486460119096637,-1.9242351931503787,-0.7455044422852085,-1.0571766357970627,-0.5754808142175746,-0.7466574132556987,-1.0653469835063554,-0.8163672631266121,-0.9487610294250175,-0.05863783368178943,-0.28394907776487244,-1.1109772285959276
AUYYCJSJGJYCDS,-1.5876938383350505,-1.9633632021006737,-0.9293193703098277,-0.9320751103622199,-0.517554969223262,-0.7702235733728404,-1.0737024189944868,-1.1705194055083121,-1.0111384135216164,-0.6786992339309367,-1.4732579676890247,-0.7024187423132182
AUZONCFQVSMFAP,-1.6155924807205038,-1.881273658238067,-0.7183632506770768,-1.0097244830410996,-0.3949852453316587,-0.6948973830907205,-0.7522343598457552,-0.9630497602214088,-1.1694282524008828,-0.5844246917750988,-0.847573645150459,-0.9476725865779476
AVKUERGKIZMTKX,-1.6434864619257679,-1.9597715245846337,-0.18363949629112622,-0.5658103354823192,-0.7092137641760736,-0.8327854777990203,-1.0417518133419241,-1.0252774899580166,-1.041747186774924,-0.7116314030711949,-0.5772170616780101,-0.7850015140172513
AVOLMBLBETYQHX,-1.7169723622751465,-1.9590505560580742,-0.4577136121753873,-0.9618921874130721,-0.8207842907917543,-0.9701713986274967,-1.157538828749783,-0.9601002032109066,-0.9829581127986835,-0.6803688502334144,-1.3200124476672863,-1.0529089393982725
AXKPFOAXAHJUAG,-1.763833343257817,-2.013513410963251,-0.6975774200092398,-0.9285517003548691,-0.4297369774750833,-0.9648645274781575,-1.038262203276054,-0.9249754214061561,-1.172606743240938,-0.4458199303999364,-1.0385432033619484,-1.1852082350423452
AXRCEOKUDYDWLF,-1.5024525904247163,-1.6163533557962386,-0.8714327102971469,-0.7245839864056265,-0.6145188518734581,-0.7759153073841369,-0.5287003173246574,-0.21699829622408012,-0.6287460124535744,-0.4740654508302484,-0.7915600539904059,-0.6387770284703347
AYIRNRDRBQJXIF,-1.5059326220962532,-1.6363230913893383,-0.9262263311548364,-0.724612483659978,-0.587284395629708,-0.6401095221284817,-0.5726610187779175,-0.12030354200501958,-0.7520020040766663,0.11297797856555088,-0.7358488477153017,-0.8291344117582101
AZFBLLCNOQPJGJ,-1.701989678348479,-1.9280098099705216,-1.036658367357906,-0.84130678759654,-0.42363949897173336,-0.811405175377799,-1.0887907140320998,-1.2795188764370444,-1.1991671629839398,-0.6143937027780871,-1.222271252605136,-1.2930539321096324
AZSNMRSAGSSBNP,-1.7588951174546485,-1.9702316047177968,-0.2910554271393766,-0.8551938653067184,-0.6654154479273005,-0.8091073378404915,-0.9473973862788925,-0.7975915642193714,-1.1110325737346896,-0.497059958821549,-0.9928667996726444,-1.0999405483263058
BAFKRPOFIYPKBQ,-1.4185362558454881,-1.716808001515221,0.4020720813664395,-0.6917427488129532,-0.22654204216201543,-0.17524078672553572,-0.8316547949752273,0.03423406854673466,-0.34312509941992764,-0.39582430480622016,-0.2290854615474729,-0.23972839413724514
BAMTVATUENLIOP,-1.7221151277203846,-1.9488286618760056,0.07351831082742452,-0.5022406484531038,0.07580971558443446,-0.5312274855914089,-0.910655501795466,-0.39881444398536686,-0.9315755360553205,-0.3076273009128998,0.025062272940012315,-0.8810927085784579
BAQCROVBDNBEEB,-1.6632760812641163,-1.9792776444048104,-1.0744357679566008,-1.0376069744209329,-0.5721645039288216,-0.8239522960999802,-1.0293230369034387,-1.0130512772650078,-1.018691479445795,-0.6088782915151955,-0.8438840518117087,-1.0280082783760047
BAWFJGJZGIEFAR,-1.5970401848706666,-1.95722514525997,-1.176523642114131,-1.263924086880682,-0.9071138635044638,-0.9836202936841915,-1.0632348060362624,-1.1377350245790745,-1.249186931747924,-0.6384035515502391,-1.289800606592361,-1.4129059755979105
BBFQZRXNYIEMAW,-1.6550397950979703,-1.9509808626726572,-0.043364799655305195,-1.1380160986477366,-0.4152524267010736,-0.7000149035404021,-0.8765202805624017,-0.7353126904471831,-0.6801748385172295,-0.5914791467126513,-0.7974743143818714,-0.8175321886395504
BBMULGJBVDDDNI,-1.5187926039072366,-1.8817364226938673,-1.234474214861655,-0.6299647879934859,-0.5159403400859979,-0.5793514417656986,-1.009350899997926,-0.07878700134324743,-1.0603009360231874,-0.16297482523490403,-0.2516620550562005,-0.9407210380030279
BCEHBSKCWLPMDN,-1.7348705797119308,-1.9912529974437125,-0.1790296512903546,-0.8574326680106766,-0.8432449177707563,-0.9733432974918084,-1.076481000404133,-1.0552179464386595,-1.0723014332018026,-0.4813320394006735,-1.1397610821490964,-1.0908115627481496
BCFGMOOMADDAQU,-1.6428876261794487,-1.9415860315960247,-1.2472514634484335,-0.9929383513687451,-0.061875540357625394,-0.6907675096303578,-0.9433418348545357,-0.8803651709422025,-1.2469431963008721,-0.17030602564689537,-0.9902461341415314,-1.4281809879730074
BCGWQEUPMDMJNV,-1.509234334192342,-1.943557965367018,-0.7371094958276314,-0.665196102609376,-0.47407793184544644,-0.781398436481634,-1.0777560364986005,-0.8964805423309818,-1.0557142152621206,-0.6441128341920671,-1.014953697996763,-0.9550561914949497
BDNFQGRSKSQXRI,-1.7568767454697065,-2.0215336298010076,-1.0615672387549568,-1.1627362918280577,-0.8186582023616795,-0.9717406399851336,-1.0445299945346163,-1.128228678287155,-1.2440691140477047,-0.3597534810383214,-1.2390169087109197,-1.4679380787353504
BDYYDXJSHYEDGB,-1.5122626828977739,-1.7238655208815452,-0.5579548540942896,-0.785348155737738,-0.6377594443299399,-0.29683674014676054,-0.9624314439989792,-0.023789006935284972,-0.8605342689076666,-0.5396684433998191,0.010145571297819124,-0.7977400026607425
BEZZFPOZAYTVHN,-1.7522184876320086,-1.9807928325224964,-1.514874198357242,-1.1781812494870916,-0.9727758873728156,-1.0280865592379402,-1.1088217084157201,-1.3234829651760769,-1.3651015456982647,-0.7408648339582045,-1.3026232552227126,-1.645349432572237
BFCDFTHTSVTWOG,-1.4547000803227588,-1.9527470960816569,-0.7927668143216715,-1.0415102795682603,-0.37065757207676775,-0.7710935974101488,-1.0795880303044585,-1.0097433049789195,-0.8559905119320307,-0.23873090112311182,-0.7699125521542299,-0.9719063144697919
BFPSDSIWYFKGBC,-1.6335129052485982,-1.971378517809875,-0.7481402063992519,-1.0197560131190104,-0.7162588791678349,-0.9223324925188383,-1.0865978913266203,-1.101849523205059,-0.8575011750825416,-0.6675037794986031,-1.2089962895023487,-0.9127833350300698
BFPYWIDHMRZLRN,-1.7564946315125634,-2.0010425155303673,-0.1103645759083538,-1.0166569226969715,-0.6321021491506673,-0.8934020919050322,-1.08015253668836,-0.9624410444198344,-1.1957704740745563,-0.6499674238704374,-0.7957110595628674,-0.9014540220501026
BFUJHVVEMMWLHC,-1.492705691988319,-1.7753108360624232,-0.24187704311610364,-0.6399659056774177,-0.32188253406437606,-0.7492218843984368,-0.9766343790274171,-0.6256908604127732,-1.3400626150582324,-0.6351809296365929,-0.6685940900145136,-0.9638059507729634
BFYIZQONLCFLEV,-1.6907969307554054,-1.9726963648133273,-0.3226401676785975,-1.0291889261209095,-0.44857014947763546,-0.6366839905179958,-0.9790280290360441,-0.49314996165345437,-0.8848346445789471,-0.43659961085947124,-0.524386416268863,-0.8612773467968522
BGDKAVGWHJFAGW,-1.6633238938324986,-1.9987069164693816,-0.05751441821688001,-0.9590673043561609,-0.4333023829948854,-0.8752112190861596,-1.0414691742009838,-0.7051197471106695,-0.7192782792402644,-0.34732446848150855,-0.42172815556966475,-0.9546582950365172
BGNXCDMCOKJUMV,-1.7180296857169903,-2.02805943180618,-0.011388795408428996,-0.8825562970866182,-0.398832614354237,-0.9666452361952049,-1.053924048724166,-0.9670127362906831,-0.9203121945792123,-0.2923207554953061,-0.4784955464114602,-1.2431590735863085
BGRJTUBHPOOWDU,-1.634195809920361,-1.9596222151202083,-1.0211920972394286,-0.8503265177022657,-0.3403235854863699,-0.7473438671904159,-0.8466893894950049,-0.9046644655763358,-1.3623778069334522,-0.41471664692758975,-0.804312338756268,-1.1619831441172714
BGSOJVFOEQLVMH,-1.5612235279816964,-1.8945751336401664,-0.9714830684021576,-0.7739478239952498,-0.3419077265078194,-0.801430514734408,-1.0689116432804533,-1.260823541078082,-1.201546284904354,-0.5899143953420285,-1.033039825906898,-1.196970241069371
BGSZAXLLHYERSY,-1.710854919782348,-1.9637734451999267,-0.1744340461578977,-0.9628066496608809,-0.5402104238671082,-0.908146284758872,-0.9990089346544707,-0.8140634873884257,-0.9416531849873756,-0.3640315935952514,-0.718972343143664,-0.9483567945471467
BGYJFSXPRMOZJK,-1.7391146443340695,-1.9587156323307982,-0.6583805613730304,-1.056440597223731,-0.7256995761117095,-0.9178768605190907,-1.0975110042208676,-1.0823584423123254,-1.1365436252030545,-0.6029609944006972,-1.1252507743438591,-1.0844940037597282
BHKPHCKISVSDGV,-1.5707071017447531,-1.8963978845661276,-1.1656912527020364,-0.23538605734906992,-0.4751258722157252,-0.8724081320857964,-1.0136055957409487,-0.39742944154656346,-1.2599367767860947,-0.2866256654857206,0.07435771818239345,-0.8403883770913478
BHQCQFFYRZLCQQ,-1.5700346625914738,-1.9321622630455866,-0.7674720042347182,-0.9288506576212553,-0.4274919482232162,-0.7058969108863933,-1.0565424429368635,-1.0521484892010056,-1.0735651740583885,-0.6971115762205176,-0.6942828373551899,-0.9529675695695237
BIDNLKIUORFRQP,-1.5745102320255737,-1.9477269705687983,-0.05918332762853,-0.8401535746864061,-0.1844909374729321,-0.6148218190109102,-0.887442478379704,-0.37416892462559626,-0.6499696052251264,-0.27186853519853416,-0.3581751866083445,-0.741273520953182
BIIVYFLTOXDAOV,-1.4590253421437072,-1.8717930416713064,-0.6645552039996692,-0.9561690879934289,-0.42937815895913484,-0.6264936084415654,-0.9971375849445075,-0.7246082766557845,-0.8076806670864606,-0.6321645058518482,-0.5513265898881496,-0.7298110996645367
BJFIDCADFRDPIO,-1.408639937102657,-1.9545988048735008,-0.8637945114607624,-0.9058103115576579,-0.5671595103129423,-0.8203032045396536,-0.9755236819883644,-1.02829329141413,-1.032546140300154,-0.7586940773572595,-1.1797873580621416,-0.8625921003015917
BJRNKVDFDLYUGJ,-1.5741609940786803,-1.7995615769553979,-0.5641893776799404,-0.3549754357781632,-0.4891752993501606,-0.7664848894140971,-0.9221622072083616,-0.6946989834787406,-0.8943496647614575,-0.44840702437699775,-1.253571591590786,-0.9395772881836415
BKRGVLQUQGGVSM,-1.462004308564211,-1.8934076934234398,-0.9394196711907299,-0.8554788369053723,-0.5706183893448441,-0.7308836253940778,-0.9113117543707864,-1.0635533667354085,-1.2024989759602598,-0.7658864627296919,-1.0511817973109105,-0.8113593782436961
BKYKPTRYDKTTJY,-1.5765994217981547,-1.789688318767069,-0.26407691234850805,-0.5766239609339162,-0.47387228888861643,-0.7371078454433637,-0.5953623154520213,-0.6753635096195365,-0.8167600455942385,-0.5857091026573124,-1.25879365630959,-0.8535011096377262
BLCLNMBMMGCOAS,-1.7409278703247213,-2.049296415795823,-0.09610631379542761,-0.8458283876680679,-0.28503929822389373,-0.9333741121362014,-1.0129020044218053,-0.9040311820547929,-0.9294587421401553,-0.29679603123614684,-0.5859474956841519,-1.0888822010729633
BLFLLBZGZJTVJG,-1.616363787478704,-1.9318777472954969,-0.47120764921287656,-0.30721836360816807,0.09905680233684466,-0.49889643360029495,-0.932036291427469,0.2983362837507398,-1.0808592621482642,0.35935176034544947,0.47955901392622563,-0.7574139440322858
BLGXFZZNTVWLAY,-1.7564960962114966,-2.007812599869192,-0.02485381261825129,-0.5820053593617205,-0.41576972442859106,-0.8613168076519547,-1.008661336560535,-0.7497080755649467,-0.8071945000523737,-0.4727988015912237,-0.7930044734889078,-0.7871302865605967
BLJRIMJGRPQVNF,-1.744552570444965,-2.004221863071731,-0.6126955637810689,-0.9735411062483651,-0.6852725234804106,-0.9548701433213145,-1.067550860425394,-0.8898433860131603,-1.1710856283922948,-0.7328337956669637,-0.7502101825724652,-0.9574304218678165
BLSQLHNBWJLIBQ,-1.476175433152465,-1.9477841676592638,-0.7163780419818229,-0.9192696827954959,-0.5220455704338723,-0.9553699220836547,-1.0908669571338723,-0.9546482023659955,-0.9909388950301555,-0.49565047511699234,-0.5090937161788306,-1.0471961626584756
BLUAFEHZUWYNDE,-1.6847353970349095,-1.9195605386941943,-1.1867554571001062,-1.2049667593387803,-0.830276706637087,-0.7345660078850859,-1.0068040514876273,-1.2176737173028265,-1.1776064976047445,-0.8041585607711198,-1.3750154531169119,-1.0139200148324057
BLXXJMDCKKHMKV,-1.6937015096669448,-1.9354708689177493,-1.3626861127019119,-0.818921115317784,-0.619262879994204,-0.8654703122295628,-1.0297076628163637,-1.3091648301101,-0.9150105511861522,-0.6636550422878575,-1.294781619946562,-0.9957798586203576
BMKDZUISNHGIBY,-1.6426042896049258,-1.941325418925866,-0.14554816602659493,-0.7944382201996285,-0.3032193395538103,-0.6972832343798644,-1.0606773444863684,-0.5220658339872277,-0.7342210022934681,-0.3763839594805158,-0.12073574346853626,-0.9426531961684824
BMUKKTUHUDJSNZ,-1.5058362715159015,-1.8981400274815998,-0.7756789844219637,-0.7161932811925223,-0.30686454783984163,-0.713083392281572,-0.926118827442555,-0.7929009089698136,-1.2859883490103965,-0.4652185268481069,-0.8785063983670696,-1.1516872517444354
BNQDCRGUHNALGH,-1.45151372750688,-1.7736030602846755,-0.9445832684319004,-1.0241791505323514,-0.41184289204106433,-0.6106205840139738,-0.6707972884089792,-0.31793481643832455,-0.8055536532013722,-0.6370075523613902,-0.6877653894525209,-0.7970235786343796
BNRNXUUZRGQAQC,-1.4153578939212454,-1.381967037648481,-0.6323535667249987,-0.6658335787060494,-0.33036879644068057,-0.22078487495077836,-0.7370637505468761,-0.016888314879261738,-0.8440627114658223,-0.5191080601244396,-0.501763333410888,-0.7272988742048029
BOBLHFUVNSFZPJ,-1.7625963414256132,-2.0025165743798135,-0.3306119185677957,-0.8681370267755791,-0.4875219584828231,-0.9601364003438829,-1.072315115969198,-1.1063237557739585,-1.1084859026673817,-0.43530131147820905,-0.3699226346504872,-1.1589365779234733
BOEGTKLJZSQCCD,-1.528138184799739,-1.9316571758405567,-1.0153141753244104,-0.9664735330032609,-0.4938593370324711,-0.939021233054991,-1.0856921141607778,-1.169911016070076,-0.746389624578937,-0.7844632306799939,-1.5532264084068763,-1.140344777438677
BOVGTQGAOIONJV,-1.5794837762601432,-1.962466795442168,-0.945106178914104,-0.8256654284254079,-0.6115438484546807,-0.937298927869042,-1.0436179010626594,-1.184093838962106,-0.9463309366508561,-0.4952549646661255,-1.1435405461961725,-1.0524916837258944
BPEGJWRSRHCHSN,-1.6749832108470195,-1.9659347527747542,-0.8231967304812,-0.735952856844287,-0.5407910712846583,-0.9319111738355381,-1.0638714450264293,-0.8874710227111879,-1.089078639082509,-0.4343668481962115,-0.7527010294537485,-1.1890266912642704
BPFYOAJNDMUVBL,-1.645001877273166,-1.8545064160565503,-1.026134360059712,-0.8333566656769342,-0.2548777814150066,-0.5862875497952388,-1.004812550951002,-0.8892089549050401,-0.9115573646386341,-0.15612917506869,-1.0067371711907054,-0.9734374300668269
BPICBUSOMSTKRF,-1.5033533836529729,-1.7646456070077687,-1.9965572661752538,-0.5716906295484157,-0.2656349372423371,-0.7330003954945871,-0.7457915792462892,-0.3767583507778141,-1.4310493120416063,0.14184740130180884,-0.34884825776565626,-1.3226658005509548
BPLBGHOLXOTWMN,-1.6690041437646652,-1.7379089511365118,-2.3872193048422052,-0.824672442492342,-0.779467224523233,-0.7463984800479287,-1.0199579787112696,-0.4437729760480739,-1.2019633791976723,0.48815402208800096,-0.8692580459071747,-1.3200889643045453
BPZSYCZIITTYBL,-1.4712683404215,-1.7935947523481846,-2.5205385083977934,-0.9171461689761725,-0.7513546828303044,-0.6424259194583185,-0.611320010065252,-1.4618935784644076,-0.9842545650063401,-0.9304454512942739,-1.645301860055512,-0.8529665095469797
BQJODPIMMWWMFC,-1.49275432076681,-1.7317319230316186,-2.389130782751521,-1.0753165865841308,-1.0538750041844778,-0.8363921476834213,-1.1050622432560768,-1.6874141209539963,-1.4027371204896952,-0.725735000580914,-2.003482847620595,-1.4529675685983068
BQSJTQLCZDPROO,-1.458170346145265,-1.8499538561126452,-2.5756916825682135,-1.3478347256863812,-0.85215040395529,-0.5008647987343596,-1.1166949391227818,-1.6036736383627292,-1.4557567766659125,-0.7490318531869916,-1.9912529340341714,-1.5290309831748663
BRBKOPJOKNSWSG,-1.6398645043194788,-1.8649101391669967,-2.1766954769128763,-1.077274531080182,-0.9319402170003923,-0.6914211513099638,-0.8756547201385365,-1.1494796644081795,-1.3053703641375922,-0.21196828006467944,-1.524441929210496,-1.3501490646630088
BRZANEXCSZCZCI,-1.274962114471509,-1.5308881255732913,-2.711480704915501,-0.8081558753241566,-0.6587332637645504,-0.550826718837006,-0.979590928748453,-0.9125867342190822,-1.1970940628388083,-0.2700578212923932,-0.9029160650120621,-1.1411408286520033
BSYNRYMUTXBXSQ,-1.4696291889360227,-1.9768250654126673,-1.964536252290237,-1.0825299763003442,-0.7793940811291696,-0.9319771153746054,-1.1681994626012802,-1.6806291091689485,-1.2694204447887045,-0.7084461545060488,-1.5310828518889343,-1.4449691162072926
BTFHLQRNAMSNLC,-1.672184234211906,-1.8577102942934383,-1.6737148331043654,-0.7680934599005117,-0.670434046279668,-0.8249984298278358,-1.0816223862599883,-0.7141017860807575,-1.4303924832260337,-0.329499224829416,-1.454416368985202,-1.38605828722231
BTFMCMVEUCGQDX,-1.6964224598115065,-1.9488077431456015,-2.3967441553091793,-1.175990580763056,-1.004644690930193,-0.8733465702639835,-1.109797124196083,-1.572765084220658,-1.4296941859820647,-0.5847900228188931,-1.786612791685502,-1.667719727892854
BTNNPSLJPBRMLZ,-1.5286714031247326,-1.7007642859803558,-2.437143565585562,-0.7143065565792919,-0.6134123868138434,-0.6834781996274792,-0.6327269693245499,-0.1450003075386516,-1.4371255808876437,0.10541597992848872,-0.6221494538332046,-1.3064025363112346
BUGYDGFZZOZRHP,-1.7182810208579797,-1.9358989936335154,-2.403526536166427,-1.0737825159079535,-1.1552936095519595,-1.0384583415602187,-1.2089716548381455,-1.5913065476713593,-1.3947846926270937,-0.5214104582840252,-1.8678485431819052,-1.496817786489679
BUJAGSGYPOAWEI,-1.5691652942873244,-1.7060632939496612,-2.35965029589131,-0.8511196825171319,-0.6575788263484521,-0.6814559048907867,-0.6329609835432544,-0.20956833888319018,-1.3569114991724691,-0.04461684212880243,-1.0591559987466521,-1.2367865082348644
BUXRLJCGHZZYNE,-1.5960028059586433,-1.8590529011630317,-2.295421738102915,-1.0235030159107716,-1.0945867341720077,-0.645670777540212,-1.149150086821052,-1.6650239060909138,-1.4188520775209585,-0.7504713151483285,-1.8382297910348961,-1.3365111255944422
BVMYCHKQPGEOSI,-1.6631904355476528,-1.8754870519919173,-2.521033213349822,-0.7309360475023183,-0.864046496776198,-0.8009508295675185,-1.1299291854097997,-0.8624897319573465,-1.3629863664725672,0.015292063289274384,-1.0560491514841024,-1.308534948015191
BVPWJMCABCPUQY,-1.6035430605137224,-1.861988329547829,-2.4134988891191904,-0.9585084321179835,-0.8159186910306677,-0.850641585450358,-0.9722076744558281,-1.0150564276940468,-1.548973827901134,-0.3948517404792166,-1.4260088713097923,-1.5621943861601775
BWPIARFWQZKAIA,-1.466652873428577,-1.750661119850582,-1.4114144034425373,-0.5765928696946975,-0.5761077240465623,-0.7239703922394439,-1.0068584878186957,-0.389589951242232,-0.29280731132695703,0.4407335168252713,-1.0333721699084084,-0.8595589156222869
BWWVAEOLVKTZFQ,-1.537541785068142,-1.8250259407065976,-1.8740977890231585,-0.6685979447102213,-0.3954705986755581,-0.7732928507074213,-0.9918446504256135,-0.7698007741135003,-1.328111696750276,0.11262284066419397,-0.9816904479140246,-0.9614849901759119
BXZVVICBKDXVGW,-1.7635800314756178,-1.8248271876932394,-1.614056594735342,-0.777268863616376,-0.22792981154425185,-0.7092520701238791,-0.6732144765590627,-0.21848570385035668,-0.9162267142826955,0.5781457808463717,-0.4984470963268835,-0.6511299826218434
BYBLEWFAAKGYCD,-1.704296046015442,-1.7687933431196958,-1.4023497339794215,-0.6884568186653578,-0.563106947144329,-0.6155497491013348,-0.8883803285310493,-0.3445925861630013,-0.794969083387875,0.22422088868024342,-0.4844041527465527,-0.7664901554903782
BYJAVTDNIXVSPW,-1.7280052800269519,-1.9351924523117645,-1.4734282009439865,-1.1416858339558444,-1.0712481109907637,-0.9606626548475264,-1.1696861744475175,-1.6527166091092529,-1.2638382795860146,-0.5324495603313963,-1.6141751227934813,-1.5017085142996154
BYPFEZZEUUWMEJ,-1.6808262776254044,-1.751031763695461,-1.2874532118081221,-1.075597460677603,-0.9609618434870949,-0.9016884867613846,-1.0366806704415523,-1.3554227852502934,-1.2145140433317247,-0.53845692100349,-1.4412782022682198,-0.6682134274787164
BZEWSEKUUPWQDQ,-1.6861278120195895,-1.9147291374782047,-2.3069113689073344,-1.2916467765204942,-0.7759672584438146,-0.8203217858627824,-1.0700542230288386,-1.4921177098886853,-1.324721136159326,-0.38240910970285885,-1.8391325137410908,-1.7220555880831487
BZKPWHYZMXOIDC,-1.51526601594624,-1.8985005378525677,0.038561924984377445,-0.38796463304222645,0.4761839042814008,-0.6155053535887097,-0.704274572965964,0.37710282291450836,-0.7623663066776232,-0.051680698614186546,1.4477907702440296,-0.5220510345679943
BZMKNPGKXJAIDV,-1.1095481945084686,-1.5410733630241824,-1.114171465968927,-0.5919480128647657,-0.006981056204670025,-0.7119622728425932,-0.9223906447666402,-0.5491253496511903,-1.2396416935514853,-0.6312081985579275,-0.7358470747846724,-1.020274224189773
CAJIGINSTLKQMM,-1.6924902698944286,-1.7752050712705194,0.31529320958298573,0.36605465991459807,0.4568680632552959,-0.49552409724285007,-0.44239997961608907,0.8419291397232667,-1.009811637903464,0.0020889748799334195,1.8327810141500804,-0.13348569706974608
CAMYKONBWHRPDD,-1.4530899027849105,-1.9402769884636115,-0.3705338447594638,-0.6640568520180787,-0.1455265411421426,-0.8341366716710628,-0.9225269611233957,-0.5301452815457555,-1.0092409497213461,-0.29868923634667,-0.5718675859968538,-0.9740207782835713
CBEQULMOCCWAQT,-1.452370860049449,-1.8355640150109964,-0.43120181585495143,-0.45693488971877905,-0.04796467854496055,-0.6881561181408921,-0.9696037180809945,-0.6387238978311398,-1.1633650439828838,-0.41785684475051865,-0.20525278619251816,-0.9176249507433908
CBPJQFCAFFNICX,-1.5124923485172204,-1.9108043425889378,-0.18338528217822617,-0.5653468838308267,0.8410232504613209,-0.16482871921820616,-0.8649782579155498,0.4476968450120995,-0.8751772965061074,0.11021961770332728,1.4191822479500504,-0.45755446045049175
CBQGYUDMJHNJBX,-0.5953170935394063,-0.6004544183342394,-1.0964554428683098,-0.621475516610668,0.24898759836491188,-0.7520115068762213,-0.9710606897884055,-0.8753542311450797,-1.2338065568911811,-0.734944462282457,-0.8507285754930705,-1.0079948693173275
CBVCZFGXHXORBI,-1.5138222862318873,-1.8906784768643654,-0.4747672920077609,-0.6066761426927365,0.09586465469858335,-0.5915354221997722,-0.7351410575233975,-0.16596746343007615,-1.0747281601758447,-0.5117157100918803,0.36363052030070925,-0.9465280228031553
CDOZDBSBBXSXLB,-1.209698705495519,-1.8338749371377767,-0.7742988725961638,-0.7366298121167792,-0.08248537916830277,-0.7225285483347662,-0.9115770814561314,-0.6698743944326695,-1.2012901921171077,-0.38860136871344453,-0.24652211151747921,-0.8021455490410815
CEBYCSRFKCEUSW,-1.4476350138908416,-1.8399381354436122,-0.5785873074960105,-0.5618691527948102,-0.06584782918321266,-0.791625845941832,-0.967423710791672,-0.7679775038237882,-1.0786560475718479,-0.5559801491780669,-0.28240616401081764,-0.961003886196766
CEMAWMOMDPGJMB,-1.4049740855487673,-1.887291647949045,-0.40774314395317446,-0.768205085750099,-0.08789962011183736,-0.6331126724302033,-0.9256249874221628,-0.031560996535054425,-0.8201452360501937,-0.47854214450301036,-0.42924560196907985,-0.8707869968662634
CEUORZQYGODEFX,-1.542310086622326,-1.8567750617077199,-0.5985184726620874,-0.568723122896331,-0.012124871640221198,-0.8664319004780088,-0.9101797179917951,-0.3442836548576233,-0.6254786643478595,-0.45537015456840924,-0.39644306111171823,-0.9731970738456849
CFJMRBQWBDQYMK,1.7145765375737976,1.705168790938922,-1.9153016083716368,-0.6939275873129592,0.2687996677039298,-0.12840108400537287,-1.0466023404774043,-0.7270914022565365,-1.2576962869809916,-0.8108471506160176,-1.1515846336918132,-0.911411557088793
CFOYWRHIYXMDOT,1.7792387430209615,1.249177997787349,-1.4135300433059366,-0.4912573345188662,0.19983046656888714,-0.15874794735581885,-0.9219025694556059,0.07084681548515376,-1.1696974971786005,-0.7435947610085232,0.4003443574218187,-0.6991354083939201
CGIGDMFJXJATDK,1.9299797618021308,1.8426073754390395,-2.2331393557142776,-0.7921114920426202,0.3937878470393833,-0.007377834662286781,-1.0922535319983397,-0.5848458263988552,-1.3025742076043743,-0.662658451640997,-1.315878632332029,-0.9027226184072075
CJAVTWRYCDNHSM,2.0371283932159767,1.9548349207395852,-2.531861162912993,-0.8555999823745959,0.38365610315378784,-0.11397244422522469,-1.0551451440234563,-0.820046449258971,-1.3181968215339697,-0.80109903393736,-1.4996761252336843,-0.9993256603307153
CJCSPKMFHVPWAR,1.8584855627866734,1.6443392635954954,-1.5217190198107216,-0.6448926203167517,0.23672509315503645,-0.24740996154436234,-1.01100791553921,-0.23158143715993904,-1.1371625627170967,-0.7704004119641255,0.5205697572872652,-0.7054732536584923
CJGYSWNGNKCJSB,1.8239264318755812,1.6361523723585036,-1.6793513253361696,-0.5431971712196922,0.20187582126341075,-0.33136965789871375,-1.074903583073195,-0.6448672878887807,-1.2268083643907737,-0.7914460389259556,-0.99292047311432,-0.8176334970544478
CJOFXWAVKWHTFT,1.9014373984006656,1.3001220785778862,-1.6543889964359344,-0.61454949944536,0.2342306644662061,-0.3132383986212943,-1.0333961215360032,-0.6506097681465226,-1.2359608105865996,-0.8396942243519898,-0.33332285558454605,-0.8782053726029369
CJXAEXPPLWQRFR,1.7754081906389523,0.977768166477486,-1.6967904104162026,-0.32542301398337015,0.24641886734615398,-0.27272519063762507,-0.9449286309471516,-0.5161560963531777,-1.240803108247322,-0.7740628626318289,-0.6816252590675103,-0.9489951797202042
CLKOFPXJLQSYAH,1.8824450157596153,1.696478668854202,-1.7680636038650048,-0.5941907648516419,0.24666140577543821,-0.30621362634369076,-1.0974388675285385,-0.8155550576647469,-1.2134864558570742,-0.8239570121169697,-1.1721530945722867,-0.8805937937840894
CLPFFLWZZBQMAO,1.9763248107706448,1.999061582784809,-2.679273395696607,-0.8676448629781798,0.43687236302807264,-0.05476464798515662,-1.0925722880101276,-0.870738291180657,-1.4512868702594748,-0.830541460583822,-1.5605686491930004,-1.2235649064554477
CMHHMUWAYWTMGS,1.8271854233600684,1.7254264597701099,-2.2518392133657947,-0.8645065661807325,0.9090388128191075,0.6059293662843441,-1.061118009189432,-0.14536167189679672,-1.3954809831944726,-0.5150070410660985,-1.1939025017080722,-1.132678416432844
CMSMOCZEIVJLDB,1.932707170457783,1.9243724259137027,-2.3640586444914233,-0.817597562463251,0.4843514689779027,0.5025269799501023,-1.0983975591738178,-0.536015068633102,-1.4314700769091218,-0.6370948407446473,-1.3673290792270836,-1.0361788710652169
CMWTZPSULFXXJA,1.9356743463923034,1.930114048943099,-2.416940525319172,-0.8731477321912989,0.6732335227562427,-0.04542033430627256,-1.093158768572318,-0.6693757707402811,-1.4707251764408027,-0.7913034320068144,-1.5203571828373106,-1.289079798851952
CNBGNNVCVSKAQZ,1.854091022241477,1.7917849247752091,-2.432672694499629,-0.8788455779473574,0.41260453495914445,0.39208136243206915,-1.1506589621240904,-0.626937303020329,-1.4521695386023212,-0.6551026030703901,-1.6363941539614175,-1.1757540135161386
CNPVJJQCETWNEU,1.9815067405840914,1.9387487181256122,-2.507019239330558,-0.8357684922725215,0.3649313852652981,0.038629191309575255,-1.1393275343281202,-0.807252307716873,-1.4302836205435647,-0.6913617402086711,-1.4801368687962757,-1.0392430054289483
COVZYZSDYWQREU,1.8119750102339887,1.6953351958981662,-2.26578896341829,-0.8832267464223791,0.5820229654882214,0.4463000433618707,-1.1077416963744453,-0.31775733395167116,-1.4320896170365192,-0.6129375920566822,-1.559100643222464,-1.311049184871469
CPJSUEIXXCENMM,-1.815679803536233,-2.031756990838995,0.07275055112314507,-0.8859803766156964,-0.8338825027962216,-0.9492886882931055,-1.0787732821367548,-1.345528298911076,-1.1099510466106084,-0.5610228375195588,-1.4925160590184685,-1.0550919318269254
CPTBDICYNRMXFX,-1.756098102010767,-1.9071259273217311,-0.22218541464949068,-0.8545842537436453,-0.9100969612168799,-0.5695224881734678,-1.1007690455661958,-1.1164940496464324,-1.0968834242493508,-0.5380624484867585,-1.4449390430712605,-1.276204750488858
CPZBLNMUGSZIPR,-1.560454005967916,-1.9073921500218691,-0.06572335354969855,-0.5088115034174207,-0.6383953710682485,-0.8914497356572395,-1.0040910945336712,0.13443425245123655,-0.8926385045484941,-0.12524815881228665,-0.6162942542053574,-0.8769765121982995
CQXADFVORZEARL,-1.760790399199722,-2.0402667065381124,-0.2797689371803121,-0.6898112356483264,-0.8669450152292867,-1.0780794677430907,-1.1406425660637998,-0.9506852076174623,-1.0600479327626133,-0.4108782607790366,-0.9114302158460299,-1.0973731785671679
CRDAMVZIKSXKFV,-1.8007904416912894,-2.004867823882362,0.39247848755975784,-0.9275546256239263,-0.987983276027834,-0.978956857006244,-1.1246817350465554,-1.316415258185622,-1.1527517381668249,-0.5426682381831085,-1.388214431027677,-1.1637576477698626
CTETYYAZBPJBHE,-1.7874298011507537,-2.060981972861357,-0.35358224617724104,-0.5510405292222085,-0.6199668508753449,-0.9022045931415608,-1.0790764251857206,-1.4069036165164386,-1.0903931718121447,-0.22359156695524365,-1.3163704030275167,-1.2201197379288364
CTRLABGOLIVAIY,-1.6830692794350912,-1.9713267755873658,-1.0960532806417698,-0.7052168277166634,-0.7627103715411763,-0.8517101346151236,-1.001196097581579,-1.0659693413136133,-1.393160822613259,-0.33728209178547575,-1.1678040586790444,-1.354196447771615
CUHVIMMYOGQXCV,-1.542802219416745,-1.8942163538814536,1.487490464742712,-0.7190518936781944,-0.005531977300771285,-0.7808317939587159,-0.8639194712086236,-0.1277495477480436,-0.5075566361756065,-0.17474213692178336,0.21659098620653155,-0.2658377660711628
CUIHSIWYWATEQL,-1.4379928751782458,-1.8037745613519585,0.2585647574932722,-0.6347254391106819,-0.3887767072155272,-0.8802036737592714,-0.7060113438678353,-0.19251685547737013,-0.9006882345063408,-0.3577175261664081,-0.3498530000831122,-0.39857770821218735
CURUTKGFNZGFSE,-1.4807493918039678,-1.7756927026187723,0.5249743094307422,-0.5170046888470163,-0.29164944972742035,-0.8141310594182101,-0.7774433624964245,0.14235186931491542,-1.0266819645967138,-0.36700079232225447,0.21641408372212834,-0.36829396615934473
CVXBEEMKQHEXEN,-1.4573521715023365,-1.6874598526349187,0.03245265186893865,-0.47756955964722625,-0.40377316279129344,-0.7950944351995198,-0.5318166913687342,0.056351615043211484,-1.0007804122384372,-0.5336615749925746,-0.02635566002009187,-0.5953387348808477
CWRVKFFCRWGWCS,-1.5401795363362685,-1.7914468898851765,0.07023427590965925,-0.4589691011184897,-0.2780993901496295,-0.8761065994230453,-0.641684364356204,0.06864170437946682,-0.9200541295972275,-0.4072419965130819,-0.5988819784030026,-0.448747271343497
CXOFVDLJLONNDW,-1.380148332730676,-1.846338004988238,0.3579776655134058,-0.6303491313871077,-0.31995296171797616,-0.8280030731213157,-0.9601954702665862,-0.10484611934000233,-0.7834391304756255,-0.661540790104317,-0.5541836833974705,-0.28002653174540953
CYOHGALHFOKKQC,-1.3837242110983294,-1.7925477876787208,0.7538621542862746,-0.8477377995441744,-0.24925551748106406,-0.5045406682515922,-0.8639062149312702,0.6451420260108154,-0.7394147212876804,-0.481167299303373,1.4480948329616365,-0.7212129945506492
CYXKNKQEMFBLER,-1.5168142990088633,-1.7707150749112601,-0.025974257989175506,-0.6837864060270127,-0.047976014852185375,-0.706520025229825,-0.5669223238365028,0.42347868196092153,-0.8537628353038973,-0.5682924059070118,0.26546634853963685,-0.5902950916195318
CZFFBEXEKNGXKS,-1.3150417108986738,-1.8550810704912801,0.4233058561497592,-0.74904328161417,0.5052292113998178,-0.5607735622924059,-0.5973603310283983,0.23637746424888167,-0.6206884580033676,-0.40156508615609965,0.5678408783971151,-0.7394962742116276
CZIHNRWJTSTCEX,-1.3755887365259403,-1.8301860209447682,0.740722541746839,-0.7198351061831036,0.40544583210671786,-0.5165870830299512,-0.7596497854767064,0.22542284730253567,-0.6058926997973185,-0.4174440269000902,0.5988965328743537,-0.5526043591833711
DBABZHXKTCFAPX,-1.4644637722603773,-1.8329110133385178,-0.6033025783084714,-0.8114149693304388,0.03701003160240614,-0.674134745120299,-0.6531866187421744,-0.29668262740104706,-1.0953648535387863,-0.46439273499012634,-0.21493240556931956,-0.8284362663530103
DBEPLOCGEIEOCV,-1.445998499737422,-1.8311335011232233,-0.3299289100160721,-0.29066768101589424,0.24794414709154472,-0.6384167578216301,-0.7666804090680684,-0.2466649863956844,-1.2079196241445498,-0.5684975731500632,0.7281045553786798,-0.5949050602795686
DBGIVFWFUFKIQN,-1.55656814379394,-1.6662182847151752,0.008838095194227518,-0.7718706891993705,-0.49633093260033456,-0.849600850706579,-0.778411417772573,-0.052871525758138194,-1.1000006342004875,-0.4285679968546042,-0.7979633928188057,-0.8871634583862379
DBVJJBKOTRCVKF,-1.5499252679011541,-1.7423818529801394,0.03722540579614127,-0.7572273499802787,-0.5575244939784595,-0.8587495567038957,-1.0041223232118326,-0.023066348548000815,-1.132399001497242,-0.6184034713539113,-0.49066592164621436,-0.9138213311779558
DCOPUUMXTXDBNB,-1.4902769550392083,-1.743270017856459,-0.21180944745232605,-0.7810191930768032,-0.656101720874696,-0.8729892645001467,-0.9559067257705742,-0.03152009260423827,-1.1056874440676479,-0.5928077566420067,-0.28476202678326074,-0.8953161724576358
DCSUBABJRXZOMT,-1.53268393351767,-1.5730919460915542,-0.3453110334366079,-0.7130108618878729,-0.5838657165437219,-0.8645198498718556,-0.7227961237294608,-0.06929949591964105,-1.0335446138911075,-0.5820497417831506,-1.010813448281377,-0.8923872603152917
DDLIGBOFAVUZHB,-1.5377712017554246,-1.6549555477538298,-0.34754228478468163,-0.7183744998680626,-0.6428459964243228,-0.8579169403595259,-0.952433186206519,-0.04367760595209395,-1.1064906301920607,-0.6775100860694758,-0.7350433896704822,-0.9328507121802945
DDNCQMVWWZOMLN,-1.4700967113564913,-1.7690166552700313,-1.0464076810872334,-0.9386007628968415,-0.9222320658126046,-0.9044764676250077,-1.032708403344211,-0.6352434513993246,-1.2355831795912067,-0.721195235486018,-1.0599273727005638,-1.195228739673013
DDUHZTYCFQRHIY,0.6816504882884165,0.2985396464333894,-0.6344711040961796,-0.730866759326708,1.1215805119453803,0.8589236060559391,-0.7199404909730285,0.2687167080195658,-1.0438832602425325,-0.460317302769695,0.3921028803614248,-0.6093584409549408
DECIPOUIJURFOJ,0.05083067828185061,-0.20575525230470654,-0.7475925468601361,-0.777534214746743,0.9434859070303769,0.4053290932274013,-0.7636064790038377,-0.17900420912060322,-1.2792516450307498,-0.36862484353106556,0.5180476968181513,-0.7155015241818052
DEQITUUQPICUMR,-0.2702774530376859,-0.6350960036708769,-1.2407501533197107,-0.660410984133394,0.28316542017328633,0.06037654306598729,-0.7328652745165765,0.11008220879322723,-1.3407933158963692,-0.22827105692956182,0.02551304292452848,-1.0788384275749665
DERZBLKQOCDDDZ,0.3016782720184207,-0.27255063856281475,-0.9197683495567448,-0.8143861155556812,0.7064543776658313,-0.019747511465099496,-0.6185002205920914,-0.2627765283974766,-1.2504886243219233,-0.4809981661207905,0.2495486096254308,-0.7264955502252836
DFBKLUNHFCTMDC,0.5350491281747947,0.17127596488049796,-1.2644663408576564,-0.6198667499675927,0.8230574875107531,0.6363592659723529,-0.30587793241472994,-0.0900364655094165,-1.3600452101892233,-0.4236936408909384,0.3075625013592095,-0.8213647919589968
DFPAKSUCGFBDDF,0.6923062169565435,0.29236546809847663,-0.6083440231141223,-0.6632634110245923,1.0325248387459767,0.7782608217332964,-0.6836991043430579,0.27207449882121915,-1.0299627647941778,-0.5066576392692279,0.31375700442101684,-0.7810561782646777
DGAIEPBNLOQYER,-1.5891654563464783,-1.7220924140600191,0.714026025783004,-0.7486632680740216,0.05242010219595436,-0.6801249976496698,-0.4429787182322715,-0.20895742445153337,-0.54204546862311,-0.42870069438693986,0.18931723055810462,-0.39526726775830684
DGMKFQYCZXERLX,-1.409973497613649,-1.8558355007779626,0.4326569241575222,-0.5250714702997288,0.33211205480815237,-0.600540273404573,-0.7218728211993485,0.08643586935879263,-0.472610221118088,-0.4519850286861843,0.6189717786313554,-0.37074789312223566
DGMPVYSXXIOGJY,-1.3045983943921593,-1.7105771588020766,0.09719621999074976,-0.6805629643670369,0.3451821102540193,-0.484948594968949,-0.6365430184927321,0.09093202584746411,-0.6646747576000008,-0.33568356374308556,0.48380621749849717,-0.27933492997161613
DHSSDEDRBUKTQY,-1.626273697109878,-1.87229865244062,-0.025676379622421183,-0.6805193541628043,-0.19468994078461838,-0.7864668675767238,-0.6701219420365304,-0.537285787285416,-0.6400311031523348,-0.5945017001473133,-0.325836436894112,-0.41408825270154775
DJBNUMBKLMJRSA,-1.651411203041518,-1.5524595495527422,-0.1281176436521976,-0.5543007452315257,-0.13606178921921702,-0.7406240298579089,-0.3993237629604555,-0.041558478338366484,-0.9098766806495542,-0.2257612852149239,0.578458053217137,-0.4707339038372473
DJDSLBVSSOQSLW,-1.427841015447601,-1.7741525097329163,-0.1808007322326193,-0.7566317647365799,0.05291772978531022,-0.6295148364286933,-0.29139679591916934,-0.38926603208649957,-0.6759967562801973,-0.49287685376354695,0.23176593428709638,-0.5466560972373309
DJEIHHYCDCTAAH,-1.6319660290340614,-1.9417075722956882,0.66290313906245,-0.47846226893167143,-0.14817218869421128,-0.6938581290227458,-0.8038561973255303,-0.7869102169724324,-0.9658060503962628,-0.22584912264694848,-0.4950552887873628,-0.6657957801228561
DJHCCTTVDRAMEH,-1.6613373725674,-1.930356165254995,1.1641146414374282,-0.4947230541644455,-0.13709005464272284,-0.702954634774369,-0.8202171577272883,-0.5328829697550043,-0.7687505718660089,-0.1653381746720641,-0.12202785174124081,-0.2925316937564303
DJQOOSBJCLSSEY,-1.379980656993804,-1.831501452990532,-0.6060228536846392,-0.8754118881133123,-0.6190156117214259,-0.5124344492629314,-1.0009484722336193,-0.9924533846326359,-1.1750460514251866,-0.8419004745785732,-1.2209724468375704,-0.6904225813219087
DKGZKTPJOSAWFA,-1.6008508147218963,-1.9275325464643729,0.083047334102001,-0.6371898062475635,-0.5893238487950085,-0.7756299069551302,-1.0256407175782682,-0.8055271052098709,-0.8086386167481321,-0.5933848558056729,-1.1558907201356086,-0.5463251609216992
DKLKMKYDWHYZTD,-1.4546616005492856,-1.7917701419628635,-0.3837188099950881,-0.5365963071730617,-0.47765430327510305,-0.6920797670101595,-0.9605059026468319,-0.7615372397576511,-0.9920838323964494,-0.7118028722457195,-1.1631946629924612,-0.6358308061914156
DKMFBWQBDIGMHM,-1.562456325463915,-1.9036923403821702,-0.6736825321801112,-0.8633502483746816,-0.8438781805534202,-0.799316935354265,-1.0040086385583757,-0.9470789344424893,-1.3394482947624686,-0.6878721702058807,-1.2081005547679244,-1.1799820490355004
DKNWSYNQZKUICI,-1.704123298960113,-1.9952293653900872,0.323247621520971,-0.8012783200487535,-0.024918356634485172,-0.7843435885639215,-0.8628417287461281,-0.2413992811029955,-0.8884346711889068,-0.49483226734036767,-0.43814955797467325,-0.9727105202919614
DKYWVDODHFEZIM,-1.6875777950095874,-1.8676926658309836,0.9888193320864811,-0.5829131820434438,0.103888303270008,-0.6635326549251069,-0.8062337146292244,0.5162959931565876,-1.004271556585957,-0.4749418815191452,0.23979113061443555,-1.0292983315690432
DLNKOYKMWOXYQA,-1.6515458010749644,-1.8952507919233685,0.10663011108205071,-0.6849853811859177,-0.03292276010170514,-0.7325728554287206,-0.6418366169364316,-0.1331828278013025,-0.7958867602091636,-0.4205277631703663,-0.2785260753806443,-0.9059413325814207
DLZUBMGMHUNDLF,-1.6726217425611343,-1.8918072255088043,0.37538927779942227,-0.6561154064792867,0.1747077060309991,-0.6985873855882472,-0.749052531300348,0.2505888487545822,-1.0271293105278327,-0.3498204808208104,0.07312480736905237,-0.9932855670106218
DMDGGSIALPNSEE,-1.3805352157131694,-1.7629194833012236,-0.05852186935617583,-0.6362543195686906,-0.42043553147174034,-0.7461741139702486,-0.8304385824054232,-0.24080643033347246,-0.9103030447302066,-0.6061284099736985,-0.25672420693543396,-0.6489759431156092
DMJNNHOOLUXYBV,-1.394515513493005,-1.7320067378597552,-0.49835011125877365,-0.7779328383866833,-1.0714669457996835,-0.9225694943581686,-1.0367178261929872,-1.1634882706829335,-1.0656529200877929,-0.7559666718959835,-1.7259663252582498,-0.8987619607809766
DMJWENQHWZZWDF,-1.3690475891328069,-1.7387210371266324,-0.45185400383991686,-0.8461037689522386,-1.0936253781885736,-0.9000495220383168,-1.0754457901386059,-1.2896753501161626,-1.035532722398676,-0.7622731118004338,-1.736393267524492,-0.8036755469776126
DMZCCFMMPHJWQY,-1.2935501339790103,-1.6907413169312466,-1.4191555564565088,-0.7032733210737863,-1.0923262087624883,-0.8568129872867352,-1.0435064112921706,-1.1409960038434055,-1.0943557022796873,-0.7736889243634024,-1.4899136575165672,-0.9182630215166392
DNIAPMSPPWPWGF,-1.3854853153717808,-1.66281057679267,-1.175760695616716,-0.2577047875041799,-0.8816318792605966,-0.8409478302556703,-0.6932294398757836,-0.6639253785575593,-0.9669935261520963,-0.602882736444568,-1.0458260839949372,-0.6718109757158249
DNTGGZPQPQTDQF,-1.2498983843395022,-1.6785878184399428,-1.0972910684218968,-0.643392183588209,-0.9191126092211748,-0.8560478583461146,-0.9074399524080309,-0.8217726694398616,-1.0149035822270611,-0.7691847715803523,-1.3421334530241462,-0.7631771801658416
DNTSIBUQMRRYIU,0.3892267742699505,0.06374043374702328,-2.650527397826368,-0.9649731217707952,0.3591540790815807,0.1632520852163475,-0.8324278442318042,-0.830141264225457,-1.5610473066142951,-0.6696343223605989,-1.4299874541356916,-1.322244506342938
DNXHEGUUPJUMQT,0.49948279366486137,0.19457351359164993,-2.7005469534491557,-0.9633312038133828,0.4037620275518109,-0.08403105208450376,-0.806400913292844,-0.7965151682372558,-1.5460636437659512,-0.7408686385071535,-1.3615085133697247,-1.3520062303786256
DOMXUEMWDBAQBQ,0.45385689930937156,0.12884516466960638,-2.782526083993461,-0.9879946504542177,0.2355833887396496,-0.2103200963753507,-0.8021008494920443,-0.8861954502080158,-1.5579163776507852,-0.7670206482441406,-1.4189677868702182,-1.3531478733039368
DOUYETYNHWVLEO,0.40079086498665967,-0.16307424790372735,-2.8595823997810057,-1.0717649680429089,-0.04210745358565144,-0.2867716871714462,-0.9818894240060634,-1.1170657267183173,-1.4657347781153283,-0.853471248958239,-1.6936273052139335,-1.226811476353459
DPSPPJIUMHPXMA,0.4124574440696086,0.009381595198224688,-2.738278545596923,-0.9830706808728615,0.20427416216375227,-0.21664887088570586,-0.8331471900290839,-0.9375105084521032,-1.565892920934393,-0.7368579489905625,-1.4175427009907666,-1.2233575446882328
DPWPWRLQFGFJFI,-1.5451508411240023,-1.9053060234872021,-1.1794702154602474,-0.6848060313355624,-0.7705044693493732,-0.7574922565518301,-1.050864806939914,-0.601093298919164,-1.0999752723449954,-0.665860343021076,-1.179220428262173,-1.3010321491511054
DQCKKXVULJGBQN,-1.6758653023268657,-1.9105266318215333,-1.1470357003375697,-0.7648571278475091,-1.0177685700899084,-0.9887212602379263,-1.159338148622072,-1.069772743258316,-1.373602723457502,-0.4375516847170244,-1.4514971667629801,-1.224702024850228
DQKXQSGTHWVTAD,-1.6022250115977488,-1.8456212278160733,-1.7181876034291022,-0.8290908633611533,-0.9564506880205492,-0.6924565623351457,-0.9355796265577503,-0.7507697357250552,-1.207993058936336,-0.6879608347576588,-1.4409693139932156,-1.4584797324439507
DQMZLTXERSFNPB,-1.6271548748424742,-1.9146916334704898,-1.2842296408472873,-0.8254170055355592,-1.0287133463636056,-0.8181554271386157,-1.0729417113967858,-0.9224190935923016,-1.1281003309359057,-0.5911488618160105,-1.5369652163271832,-1.4383480143835814
DRLFMBDRBRZALE,-1.60373324502526,-1.942162367536222,-1.1768731825804715,-0.7122811978429462,-0.847205544633318,-0.8143861682495706,-1.0726611083448052,-0.769214465956632,-1.2301542706612631,-0.7265748846331536,-1.2501982319695122,-1.3791050267217781
DRZXDZYWZSKFDL,-1.6165332471021252,-1.8955990491495918,-0.12105054800760909,0.06276874865118973,-0.2009994125357246,-0.847175111489682,-1.018903794537466,-0.24146842081679246,-1.2376380409255652,-0.44944907751179874,0.07873443465689753,-0.850841907527698
DSFGXPJYDCSWTA,-1.5619687312584603,-1.8552643643553923,-0.05713450195451949,0.17251191014597994,-0.3007045035871026,-0.8265734423106647,-0.9901819308766129,-0.5322346629089347,-1.1083330086670582,-0.6557111404098022,-0.03758444837678797,-0.7145066823234596
DTOSIQBPPRVQHS,-1.3501359925914316,-1.762471030998536,-0.4994652788717028,-0.34425764660512714,-0.2962360103372307,-0.8552797995776575,-1.0694464245711788,-0.8759100799670613,-1.0720269353952039,-0.7022523379787221,-0.734986122628415,-0.8944473182961432
DTOUUUZOYKYHEP,-1.6087526977404767,-1.8942146111462992,-0.37067094994956234,0.026587709445583075,-0.2271791573500835,-0.8580004472866017,-0.9234109408654625,-0.2644097345149082,-1.168925851354824,-0.49540859653334735,0.016257674237914313,-0.8273195401883285
DUEPRVBVGDRKAG,-1.4085319933546105,-1.8375986944359064,-1.1638599788372246,-0.6216334735577917,-0.3874050502291135,-0.8311904115667802,-0.9975493965866271,-0.7218708086218983,-1.2399994688370306,-0.6838100714797742,-0.9253505166313173,-0.924071621079624
DUHUCHOQIDJXAT,-1.3271872031013845,-1.6598739199066135,-0.18501208844572364,-0.3899570689264749,0.26097539796645924,-0.36871073539161175,-0.7006676499813199,0.6841657032920091,-0.41080379684033347,0.03638814568760907,0.7964986761684344,-0.32027126452392823
DURULFYMVIFBIR,-1.3344135216877842,-1.6381802556026277,-0.028159751371808085,-0.14318694386083738,0.17447907760683665,-0.509734612134024,-0.46574891738145585,0.7634585486773273,-0.4308654854667513,-0.2391889023779718,0.767874334400847,-0.5203931825633615
DWTTZBARDOXEAM,-1.4115150765768618,-1.4664708176748762,-0.26764061594496436,-0.0172212697618896,0.2697478610565214,-0.6564873821308359,-0.44418261060575165,0.7387043250318189,-0.39017817441292635,-0.21527655721383165,0.6611823508191417,-0.6264064063684217
DXGLGDHPHMLXJC,-1.3323235457696923,-1.6492140979490082,-0.10171365334792026,-0.3518567046172362,0.18146619302291792,-0.5989999649750661,-0.7234913528732216,0.601222553878713,-0.4849933880575139,-0.2728760869988294,0.7443253115862781,-0.4840432475651514
DYDCUQKUCUHJBH,-0.6582918141620673,-1.0172593692499334,-2.7656578352955314,-0.4675187544799953,-0.3543405630605778,-0.5651870754564562,-0.7679849821746185,-1.1814135247256934,-0.8358468129154781,-0.8608724852814168,-1.4215109477728884,-0.20090348305358557
DYEFUKCXAQOFHX,-0.6481329083591796,-0.9929905074296081,-2.748934447213543,-0.4462027543206899,-0.3637991507782783,-0.5750809542560769,-0.7058482634060357,-1.145774885473757,-0.9034665501214472,-0.8264374621507959,-1.4106230847814007,-0.13102578976105347
DZZWHBIBMUVIIW,-0.6601124341245842,-0.9826280962198812,-2.7332559739118705,-0.42606152890384064,-0.37662901552332584,-0.5752179788568618,-0.7784719345476729,-1.1147281730694045,-0.8475681053187678,-0.8156903224495876,-1.4436001260401368,-0.13329052559384857
FABPRXSRWADJSP,-0.606952408941034,-0.8735142742744757,-2.7973372777352563,-0.44945186318254315,-0.33080337796730386,-0.5504761373445928,-0.9818799166661456,-1.2115060822151507,-0.8454973789878404,-0.8675957607929324,-1.4883933577468542,-0.3531463764320819
FAEKWTJYAYMJKF,-1.027917282977199,-1.430266821172665,-0.539776988833424,-0.5781263092973512,-0.37494961285073897,-0.5507550238604114,-0.7790170622133931,-0.0718233432719179,-1.2376438590027952,-0.39362686839986855,-0.7787925288778357,-0.724615565964865
FAGUFWYHJQFNRV,-1.1594101241211892,-1.4907169103455655,-1.2105792463844438,-0.9131780840464873,-0.6631345318466769,-0.6401348853100491,-0.728349517384204,-0.6415606256251094,-1.3242648516017703,-0.7710998363189767,-1.246497294762976,-0.7540567549127277
FAKRSMQSSFJEIM,-1.13950090789143,-1.571350652522883,-0.7878129325548321,-0.8610874517395306,-0.7193655939964942,-0.6964234439020893,-1.0512130387068865,-0.6207117088716638,-1.2562124739194995,-0.6767782613824488,-1.2931895357109837,-1.012246835536412
FASDKYOPVNHBLU,-1.214410954818761,-1.6603325599658763,-0.7400345252445812,-0.8129514467495224,-0.6085323767349164,-0.751668898058722,-1.1045977695387073,-0.7162807261052648,-1.3518596289125744,-0.716832393573148,-1.5437487764429776,-0.9390944198897652
FAXGPCHRFPCXOO,-1.4864679923326902,-1.9750658168090856,-0.2829027253799218,-0.9610591772795638,-0.4245480454963254,-0.7702666110125262,-0.9511772116456759,-0.2422292680175907,-0.9917240540099934,-0.6026610475961163,0.4816273682972099,-1.2227729911235137
FBOZXECLQNJBKD,-1.3430996147365053,-1.7185804498484831,-0.3826725284405446,-0.7675948705736589,-0.01888873268389799,-0.5441796049909442,-0.46567652825339,0.5493774036157099,-0.7167872852282502,-0.5884415945839615,0.3580875998741091,-0.6875647565320189
FDKXTQMXEQVLRF,-1.653292287019645,-1.9204273265744232,-1.0667668454722325,-1.0282970701179985,-0.5310320480741255,-0.802460674051388,-0.925275523358094,0.04494253031452051,-1.1106924652932673,-0.6131945585451495,-0.5168419921377022,-1.141861613912955
FDMBBCOBEAVDAO,-1.6466612653936081,-1.8994410009391183,1.0781408696064174,-0.46720666171590103,0.5679470150109862,-0.5322998386216715,-0.6204638482094561,0.6960506283299345,-0.9264530408378663,-0.20679981625111069,1.0049360728286991,-0.6015799469308755
FEBLZLNTKCEFIT,-1.5845881405223439,-1.855724229509305,-0.14173522465671023,-0.680976517400243,-0.38365677633878265,-0.8991525558604602,-0.8997416531814801,-0.5045000291049053,-1.0589541355303498,-0.5517929483347817,-0.42192111429621154,-0.676640127272414
FEBOTPHFXYHVPL,-1.5590262534031898,-1.8220672166479834,0.31116368525883764,-0.6018149297252967,-0.38861406449603064,-0.8296500092662018,-0.9213499093821971,-0.09126724105281905,-1.1502525299352195,-0.576129012518129,0.3315743349980499,-0.6913396918631785
FELGMEQIXOGIFQ,-1.518863900561955,-1.838510919251245,-0.04648430320864935,-0.7066453680748094,-0.46138251021034105,-0.8960131596433417,-0.8561896861274043,-0.5078574619314581,-1.008643104949426,-0.5205618781297735,-0.3191293784072501,-0.6945666082781642
FEROPKNOYKURCJ,-1.5370922493924062,-1.7366330184191663,0.06004445911981454,-0.7657686506543223,-0.37695695043417704,-0.8859850038418107,-0.675220035142517,-0.43922240163814846,-0.8927809161890259,-0.3596920257568763,-0.06460198731155002,-0.3417656834369599
FEZBIKUBAYAZIU,-1.1192777055594574,-1.7503397697588028,0.01797898728846234,-0.4179938040056198,-0.42054928913393824,-0.8398464726421357,-0.8655394876163015,-0.6419831626723611,-0.24994400296989258,-0.7250047695816545,-1.1913550556367545,0.0927390683744432
FFGPTBGBLSHEPO,-1.2035638620436493,-1.8524716518861557,-0.35176052017028747,-0.5989784093753889,-0.4774994026091802,-0.8655153174662374,-0.9746289859127962,-0.8323763030681722,-0.028949831507101394,-0.6920745204558525,-1.5046203221531702,0.2460125680795775
FFINMCNLQNTKLU,-0.9123275425892141,-1.7439183932592903,-0.33620442304179704,-0.5033585616298066,-0.44362059342685783,-0.8198065899197449,-0.883950665963953,-0.705789234416514,-0.13545025760234716,-0.7500975431899075,-1.3718332176808756,0.12536862152354517
FFKUDWZICMJVPA,-1.2217481857032837,-1.7606639100549546,-0.13356169740556484,-0.5472350854787267,-0.39920368034999004,-0.8197143169542145,-0.8983562996073198,-0.6371211156061153,-0.024781131554510175,-0.7561537279037025,-1.0985350953669166,-0.09161266493382589
FGXWKSZFVQUSTL,-0.9044605231348288,-1.2520528073718764,-0.5177235714277182,-0.6917541193152683,-0.6031623490140792,-0.52989190275494,-0.9854632972986571,-0.18650516316216592,-0.9500531117846103,-0.7534397986775005,-0.9897382784371331,-0.3846193189441688
FHFYDNQZQSQIAI,-1.1590944899009339,-1.4455158756234738,-0.28962852905768166,-0.7628800578895099,-0.633030757144252,-0.5706515914153297,-0.9918974528938871,-0.23154687012712796,-1.1411765899626316,-0.6464183702340334,-1.1618183253073069,-0.7161776108288122
FHRSHSOEWXUORL,-0.9189884628621903,-1.3199048637919373,-0.5829158185055694,-0.741684149868303,-0.6485472000254415,-0.5331280894667807,-1.0176685727856458,-0.25291358687706567,-1.0302193548983722,-0.7182634014586868,-1.2618483569792631,-0.5423921406578226
FIADGNVRKBPQEU,-0.9611049578692843,-1.3397107182751606,-0.548432924836253,-0.7297365763542761,-0.6292516374750994,-0.5361190650879426,-0.9996534909923662,-0.1761980214127498,-1.0481752816174552,-0.7338752055296351,-1.1594465770199758,-0.5380681280476503
FIHJKUPKCHIPAT,-1.5348590024761306,-1.9600633044282478,0.7657150060610468,-0.5584033762619305,-0.3683891552731451,-0.8174491474103435,-0.955972276815171,0.10565043139457686,-0.4623645994231226,-0.5827139629087061,-0.3345848873911091,-0.05869661494837595
FJLBFSROUSIWMA,-1.5732354862624371,-1.507577128697998,1.4246883809892732,-0.04358117702266782,0.11677152835651272,-0.4288526759665544,-0.30445090246885903,0.5152866331967834,-0.4050989479874801,0.07079186963402363,0.4598788658115631,0.11448801372601708
FJLGEFLZQAZZCD,-1.4438351270002425,-1.4947483317034362,1.3649772418031618,-0.09992176832799672,0.06192096881877609,-0.5082548314252507,-0.32468069305363084,0.49247458913372166,-0.34629269789598627,0.031564254622482434,0.31840195946499295,0.17691767067166395
FJUKDAZEABGEIH,-1.6053931747222592,-1.6979562045197463,0.20259490502387353,-0.46756422867476655,-0.42644020301776886,-0.8043643556969079,-0.8153225807994937,-0.008958735814925378,-1.1651061972679353,-0.49544457603457914,-0.25896038993503573,-0.8042118081140281
FKENQMMABCRJMK,-1.5614986244401678,-1.7649438885299844,-0.9083571659400481,-0.7655736157019793,-0.600102087068566,-0.6871382457469691,-1.0092203590794386,-0.2733291140175389,-1.2921766715280885,-0.7837919879139889,-1.092085306966002,-0.7438448408585823
FKNXQNWAXFXVNW,-1.4520220772606967,-1.685916537774561,-1.4846628331076779,-1.0649584762837287,-0.8277273333711763,-0.7366962802202718,-1.066411704487148,-0.810778747111565,-1.327157963008727,-0.8430803817956862,-1.4020590908966875,-0.9752925857420911
FLNXBVJLPJNOSI,-1.6067774592117408,-1.864781043001105,-1.127446510051621,-0.8877972766509232,-0.7565239005567319,-0.8961825447154033,-0.9463823064488098,-0.43985856928947253,-1.3130048849656082,-0.7691148073380067,-1.224785443879893,-0.8828349106299144
FLOSMHQXBMRNHR,-1.5985349138173155,-1.8457779766874802,-0.8112381970822177,-0.8904440202769733,-0.6201566267915478,-0.7368365798605075,-0.9840272643463257,-0.2502879602934208,-1.2772530965743256,-0.7744347409878282,-1.1318047798778463,-0.8573599959355063
FMHHVULEAZTJMA,-1.3083443498393097,-1.8772661769422105,-0.43906608626298727,-0.735571528115868,-0.2246899643550778,-0.6858547177260668,-0.8657772152439694,-0.1805209137392129,-1.049037442338148,-0.5073663066199636,-0.36870281541308875,-0.8389568287509643
FMMWHPNWAFZXNH,-0.9102575920069671,-1.8553172578480954,-0.28677150093560394,-0.5166533990313156,-0.071219923451835,-0.5865201494705954,-0.7301112485958628,-0.1380173170748001,-0.7291912870526032,-0.517274404843578,-0.28758348574977216,-0.5188177651017569
FNQQBFNIYODEMB,-1.2349923741613926,-1.802324980542509,-0.9307420095976526,-0.7362504407920777,-0.45066992449200216,-0.7630744688690407,-0.8266112823926818,-0.3207379143643741,-1.175926940016819,-0.737455191539537,-0.21008983010765217,-0.9475699065016621
FNYLWPVRPXGIIP,-1.519106073516991,-1.9019266079165549,0.6817351377195412,-0.9159979711188433,-0.04970306681544669,-0.567290009339448,-0.90731665718009,-0.4191975453296539,-1.014383780527074,-0.3884536237797227,0.29846448523479985,-0.39459220001313794
FOCVUCIESVLUNU,-1.5135081196199782,-1.872322435806807,1.4030030961664628,-0.7080904539204557,0.07218080437405457,-0.3768323646891706,-0.8520316679708401,0.26850592142815,-0.817474585156766,-0.1542535374585838,1.5625336444188926,-0.7732527828791589
FOHHNHSLJDZUGQ,-1.414183765698937,-1.8295936689848278,-0.5880284587288936,-0.7957019789156771,-0.1301623638652778,-0.5197998220051104,-0.7917949481356298,-0.4310974488755917,-1.2204260315488205,-0.6217904974628492,-0.6115175481464786,-0.5650834982630625
FPCCSQOGAWCVBH,-1.075750744252597,-1.157851073916391,0.10590361130173523,-0.7504102189298067,-0.04307870153091295,-0.5287668824653566,0.21175055536297277,0.41387378650132284,-0.5720764457099555,-0.3716192221936606,-0.16403994156265678,-0.12809705219062775
FPIPGXGPPPQFEQ,-1.152660991062548,-1.3839414326294586,-0.19577716324745792,-0.6788159015891193,0.01334945478642133,-0.5616330489073565,0.18429924111101603,0.6388520382627089,-0.42768135699515947,-0.22995234490009223,0.2640309993890099,0.6119689813455739
FSQKKOOTNAMONP,-1.153792482269547,-1.5298128762346261,0.22397130038220894,-0.9018863987398453,-0.04372227270207393,-0.6134013806105358,-0.08052843366843947,0.08617350128723716,-0.45590650676148653,-0.34825076445502195,0.020420930938779315,0.21485746169344933
FSVJFNAIGNNGKK,-0.26148003201500014,-1.9619588869573008,1.371420825874192,-0.5758907858114233,-0.3785784238574612,-0.7995784936682909,-0.8815896852130065,0.8092223354493183,-0.7187502677165076,-0.73104808671875,-1.008231951707278,-0.9641362932351063
FTALBRSUTCGOEG,-0.7681250574109918,-1.8674404053975746,1.5350961850813183,-0.5311298593296299,-0.5007258798571623,-0.7604637847212217,-0.9146665782955963,0.9421226942713434,-0.7248433129521051,-0.758750534597287,-1.1224469567811024,-0.8432753113564705
FTFRZXFNZVCRSK,-0.0859011842677875,-1.9374542537840764,1.523506104253821,-0.4807089519553114,-0.31600236160174633,-0.776441591238195,-0.6285382150710583,0.7632939924320605,-0.7477660089899698,-0.7090583334359302,-1.0404258814006047,-1.0369352256492492
FTLDJPRFCGDUFH,1.7956525167841961,0.15722401765033245,-2.142506672928842,-0.6169436160875443,0.23071939033452468,-0.22869871517987894,-0.9039081524734626,-0.5868007938021628,-1.2017771183443884,-0.8450709148413759,-0.949316152866235,-0.6774473359630684
FTSUPYGMFAPCFZ,1.7980807886071402,0.2707052079416849,-2.0447463394081185,-0.5857916685483978,0.21220065090806134,-0.0948440582123278,-0.9724486126571306,-0.6514336146219911,-1.2351930588504567,-0.8406676245217374,-1.0602733483800884,-0.6863529175950035
FUBVWMNBEHXPSU,1.804756491309116,0.3022168944503415,-2.2832785610936215,-0.6083697967880555,0.23999969080540254,-0.05217954019058819,-0.9400474262459617,-0.45695680925183635,-1.28482921589039,-0.8142151716898487,-1.1903464691622636,-0.7160728899087847
FUSNMLFNXJSCDI,-1.5702706485009588,-1.9397022799078372,0.6045059144211251,-0.5581506784495487,-0.23351762453224928,-0.8077590572265223,-0.8377904598363061,-0.18169205222920598,-0.7507220072068284,-0.6839853166579587,-0.5223616758472631,-0.805097265293416
FVNFBBAOMBJTST,-1.597882397207449,-2.0145763228465197,0.003953315466100177,-0.6179606585928048,-0.40918261806059436,-0.9487325991597395,-1.038774737379915,-0.6118954213797784,-0.722754721383091,-0.6717961002437234,-0.748255696748759,-0.9708454693427657
FYPMFJGVHOHGLL,-1.6897742590794311,-2.0103732209523453,-0.2205712183004506,-0.5821701513328771,-0.44720559545502836,-0.9851405124721627,-1.0746432338793952,-0.78010795166653,-0.9208142538050045,-0.609131396971733,-0.922922639524135,-1.1079002118892185
FZSPJBYOKQPKCD,-1.2753949617032883,-1.626621417576012,-0.7576202894263563,-0.8829123994920225,0.05465865898998576,-0.5012304288067891,-0.2584788527644147,-0.2991688650518652,-0.8630500632153882,-0.31832871281434605,-0.2544153624022521,-0.8441749025955836
GAGWJHPBXLXJQN,-1.2947701410853332,-1.6003323481898681,-0.13364398752372875,-0.2051175737156325,0.08715160997378689,-0.46266030929064017,-0.07963038415199782,-0.13604069666881705,-0.9618331335705086,-0.26199724985306305,-0.12985290409906894,-0.5601360008130091
GAOZTHIDHYLHMS,-1.3074465380273292,-1.6748785817901783,-0.49574469616717076,-0.4698938083276528,0.06584435564009233,-0.5381751792351266,-0.3995563875219536,-0.19971963758155475,-1.1252241522646786,-0.2979623675875875,-0.05467618796288365,-0.6088015587753105
GBABOYUKABKIAF,-1.5104567771113675,-1.9967863083433544,-0.12239376595153631,-0.445120003232728,-0.0554872613183439,-0.8878328761192076,-0.9433865925245553,-0.4610744477652319,-0.9316447405168179,-0.5388223329735822,-0.12066174423908421,-1.047317135196084
GBBSUAFBMRNDJC,-1.5445735085985999,-1.9358808402351384,-0.4075469075886439,-0.4743763964770008,0.07067004049275646,-0.7045690543990301,-0.8885440907924714,-0.3391874634239175,-0.8282963620663164,-0.5136251650378025,-0.05062139662770712,-1.03984418613947
GBXSMTUPTTWBMN,-1.5165213877638992,-1.9909541947878784,-0.29204808219372114,-0.7486148353214289,-0.19445193928998653,-0.9058152670270924,-1.0127408494227312,-0.6509569822563444,-0.9856010769381267,-0.5855644762320237,-0.6444106889236534,-1.0433977270270047
GCKMFJBGXUYNAG,-1.408923593418413,-1.8851487486177148,-0.7658671028892832,-0.8950251616727608,-0.9098257503971084,-0.9693354136880481,-1.0429005552745727,-0.8736491288052487,-0.5971128086602762,-0.683697653320591,-1.808045828741315,-0.5083674857114415
GCTFWCDSFPMHHS,-1.4205026152070725,-1.8143920381244036,-0.519946708098726,-0.9552445484543176,-0.7843104344220166,-0.8698839990330944,-1.0775628048660773,-1.1181484770188095,-0.6999277477620383,-0.7418178508726782,-1.8076742453731618,-0.33919114423191415
GCUCIFQCGJIRNT,-1.397911103076388,-1.7512561835469302,-0.4488312829823985,-0.9934509258550669,-0.8693747232674643,-0.8931971833742944,-1.032118787291414,-1.2342133671245212,-0.9209912436860382,-0.7390661968741987,-1.9024649396657538,-0.8029628995936422
GDLBFKVLRPITMI,-1.1609499058585102,-1.8165652591921315,-0.35573320875142067,-0.6208197589783826,-0.28999757394943465,-0.7957450748414512,-0.8832784151043328,0.20836550515745061,-0.7955842836041458,-0.45618341702581405,-0.093523574798967,-0.006725597860132262
GDLIGKIOYRNHDA,-1.150496854361683,-1.8723269445788795,0.13072586848010645,-0.9155946978507374,-0.4475610805715772,-0.6949911009342185,-0.987139218997021,0.08775245228866041,-0.6763336546376215,-0.44625258339427043,0.6376369720727989,-0.5830871693895325
GECHUMIMRBOMGK,-1.1467543244813794,-1.8008667589052494,-0.4111067964774726,-0.7514605805154944,-0.5658047244415433,-0.7396757580913459,-0.9307472434912684,0.14247715170413403,-0.7952095223489524,-0.5297206931237537,0.34206151837301635,-0.4633297792446166
GFBKORZTTCHDGY,-1.4072002266932804,-1.7292070068464804,-1.573279035356114,-0.819075478979549,-1.0115311896317258,-0.8981144561160308,-0.8818232836747081,-1.267008381751093,-1.1501152451260408,-0.603499832444577,-1.801491316004722,-0.9303999356215774
GFMMXOIFOQCCGU,-1.14716067831341,-1.6620163675914417,-1.850056768253145,-0.747347185998199,-0.8568036980028744,-0.7619286184182309,-1.0146277737095841,-1.2586583723318832,-1.1771196435669984,-0.6623617868791043,-1.7171586060122528,-0.2708457566830621
GFNANZIMVAIWHM,-1.4284217993467043,-1.8739197039881041,-1.57639746545947,-1.0210541427346809,-0.911153002276029,-0.8800116850742435,-1.1242366918473605,-1.2707737081416766,-1.2285412677562781,-0.7775485768972767,-1.8886885563049287,-0.7185922401641011
GFRUPHOKLBPHTQ,-1.337728661587436,-1.9057346079241715,-0.4373399434111178,-0.8769324253111941,-0.353689255305713,-0.7434601350254294,-0.9271761303392031,-0.22694748859197564,-0.7547235339190181,-0.7153764037890089,-0.09221063610695676,-0.6685970148699728
GGALEXMXDMUMDM,-1.5706893406472124,-1.973503863855675,-0.5796929110973128,-0.9866682660895056,-0.17020645239574672,-0.7405774274880964,-0.95067977166106,-0.17877682685495574,-0.8917028001691089,-0.42382447618488883,-0.3529673166899882,-0.7852859536740127
GGUSQTSTQSHJAH,-1.4753534054129176,-1.9485730605146043,-0.6207138947247931,-0.9256042259017765,-0.0010723388274093103,-0.7220385332686547,-1.0044958288155874,-0.07805674352820835,-0.864227899566369,-0.3935380613309208,-0.5161310388400554,-0.8635579545392731
GGXKWVWZWMLJEH,-1.4274061232289421,-1.8851691918237636,-1.3312804559258742,-0.9035696781485179,-0.6896150868464093,-0.8871609658033843,-1.0125627716579788,-1.0412074320376472,-0.581075474699438,-0.7821074118351603,-1.5815758706859202,-0.3982243038407606
GGXMRPUKBWXVHE,-1.061645644146434,-1.5276343302632354,-1.5473437639999723,-0.5063433257235221,-0.7369157193822762,-0.7579142554347156,-0.7549935129161833,-0.7147036948285983,-0.9793078612068431,-0.7517097440522554,-1.2623065767735733,-0.424895544568733
GHASVSINZRGABV,-1.0816191973824738,-1.8766886172590227,-1.4435840923446477,-0.8343577540417166,-0.6857322078221978,-0.8664943827491249,-0.9898007209988022,-1.041462802041974,-0.7672080301877635,-0.772108997973501,-1.6498221673208122,0.03633211681923422
GHOSNRCGJFBJIB,-1.4917779078290336,-1.9652522743532552,-0.5125713816729631,-0.8554570863310217,0.012405484472738624,-0.7896631439503703,-0.8414883330628289,-0.41008753258169894,-0.6202413415554825,-0.5402740248235098,-0.4658455977802066,-0.8740655630174313
GHXZTYHSJHQHIJ,-1.561863249588564,-1.9451479094899629,-0.9606366961073999,-1.0264627776290665,-0.7213302883330973,-0.9555906220616678,-1.038802022713425,-0.7601119052962747,-0.8828118569957176,-0.7057977481420711,-0.9930597911947794,-1.271841999566197
GIIZNNXWQWCKIB,-1.5043669233639363,-1.899438113638749,-1.1788455719069586,-0.9677652730703478,-0.27950728407499625,-0.8498056983932294,-0.8354507273687581,-0.8625358267136418,-0.8355776810369624,-0.45010649251955026,-0.995309768643202,-1.1188766794878942
GIJXKZJWITVLHI,-1.5314841154071017,-1.9265749687809004,-0.893973045372974,-1.0048083224902082,-0.29788100944567886,-0.685962925191356,-1.044674043389036,-0.4334974384448253,-0.9900224928403873,-0.7173097995364976,-0.23554282544348495,-0.8355517929812134
GJJFMKBJSRMPLA,-1.5227044585482632,-1.9484096789109346,-0.6072499400302783,-0.914935741695819,-0.17355088613089084,-0.6373129743781535,-1.0504578136450928,0.16154591123228038,-1.0482174085496259,-0.5354609944749773,-0.6019465190268072,-0.8122132042000274
GJPICJJJRGTNOD,-1.4903283442275947,-1.9571499238573327,-0.7086553349194984,-0.8390718726630125,0.02815175664161308,-0.7533219132793074,-0.8961630929965902,-0.36175775974265656,-0.784086379196881,-0.6344954993917471,-0.04045854200696415,-0.9151492167891249
GJQPMPFPNINLKP,-0.2146811623974509,-0.06860375516871639,-2.534988129041586,-0.4844463396211849,0.020915327932132067,-0.1239481083781129,-0.7688394382134655,-0.42037106639792693,-1.0432582912981188,-0.6928788852202706,-0.5402140209258256,-0.5854400759977288
GJSURZIOUXUGAL,-0.17993872592533403,-0.05004523233587533,-2.5162500620583086,-0.3108686127735576,-0.035041436212451246,-0.14214964520682416,-0.7548847035349502,-0.3851251989622797,-1.028275142345044,-0.6912078605745364,-0.4852194427675762,-0.5156790995005077
GKCBAIGFKIBETG,-0.15137938774029291,-0.31102286747231145,-2.416642390951573,-0.3245135695589019,0.006401684919598087,-0.13349974377398072,-0.6627378016896746,-0.37644423007580896,-1.0518098380197873,-0.6688357626809388,0.06695786056373246,-0.4975803105245993
GKIRPKYJQBWNGO,-1.090713987813679,-1.4989054024415038,-1.60077061616837,-0.6745075320986937,-0.16730180570644926,-0.7345081766145444,-1.0576531026882328,-0.9618039714294782,-1.3582691740518114,-0.6899621298260614,-0.7579122387794047,-1.2376108017272853
GKNPSSNBBWDAGH,-0.6921520244202717,-1.0578968094102517,-1.746211691987097,-0.7491990285237681,-0.20416847986903464,-0.7814003855032645,-1.0841283292631756,-0.9406590254229816,-1.3999576245509986,-0.802578914266471,-0.8973645488630604,-1.2415108017044956
GKTWGGQPFAXNFI,-1.1076829987547545,-1.7198073084812946,-1.3057171495771704,-0.7660696588898074,-0.11466070353373956,-0.6180525399499707,-1.0486489491236721,-0.840757826777706,-1.1703172244954962,-0.6399676274928777,-0.2571425609373271,-1.027712258354905
GLVAUDGFNGKCSF,-1.3521504727870637,-1.506940609587832,-1.929674742293326,-0.7454005847707759,-0.47722287721398193,-0.5562114815944644,-0.8944587643979756,-0.0002890319227602943,-0.8921462356752616,-0.2582788462317418,-0.6975689426340863,-0.8011559496005662
GMHKMTDVRCWUDX,-1.3734002739131967,-1.6707628425625045,-1.7274316588229681,-0.6504500052234531,-0.3866063700144328,-0.561240299176325,-0.9381569345771551,-0.09223621812428204,-0.716565773271887,-0.2527471342345722,-0.550825498328362,-0.6102214933731676
GMRQFYUYWCNGIN,-1.3515449438112057,-1.2860382121918565,-1.7589701130176916,-0.32525133537340634,-0.36601182613940547,-0.5379005598709151,-0.8495698994140457,-0.11851709089111333,-0.7485284474008987,-0.3408356429941607,-0.7003668502168093,-0.6932463784063485
GMVPRGQOIOIIMI,-1.3463332266529286,-1.551813138224808,-0.9921693266489984,-0.8193601967666527,-0.7943591501451254,-0.6915159867984326,-0.9837602251466828,-0.14711068316510204,-1.2192895359087093,-0.6017069320441366,-0.8977353204152283,-1.1059448684022828
GMZVRMREEHBGGF,-1.3645257475060082,-1.1808346415692152,-0.3943890642879564,-0.5844577639377162,-0.3842008768715076,-0.6130475558241172,-0.5458267546031577,0.4852193747929506,-0.9761015153136479,-0.22205799830332784,-0.6963770300863321,-0.7133519536979256
GNUXVOXXWGNPIV,-1.4188312683616706,-1.3022330861233236,-0.011957751627900748,-0.6631980582133045,-0.3277449444199007,-0.623784580510303,-0.5898359646583636,0.5547014343346679,-1.045142368934619,-0.1398486321314623,-0.32602889559730924,-0.6324379056182237
GNXFOGHNGIVQEH,-1.2811852077436976,-1.763669862806131,-0.2337767296440489,-0.8508197744104258,-0.22919239218563162,-0.8337873771529671,-0.6013780651227023,-0.7048234587113134,-0.7977063555216215,-0.32673336027578287,-0.4129923997254222,-0.8033171493478563
GOEMGAFJFRBGGG,-0.8593342264958977,-1.5633993289787094,-1.5732427844555632,-0.9122147487526069,-0.2970918093148363,-0.7986899978326402,-1.1097216415629974,-0.8898601472417953,-1.2767952694267173,-0.5087181709937336,-1.033520458647796,-1.090377801190582
GOTYRUGSSMKFNF,-1.4720248716183693,-1.8222799849359839,-0.9928364518707209,-0.7236580395543146,-0.08620632289324738,-0.5465556563296899,-0.5249233392248562,-0.47646064097887975,-1.1757878678697269,-0.4545897496142413,-0.3953721472902265,-0.8640061096864681
GPRBEKHLDVQUJE,-0.8668339962824181,-1.2526246266436885,-1.9463286938482052,-0.8166344560954335,0.04182733471252065,-0.47641886966614627,-1.09801830928361,-1.1321253197080012,-1.2413893344109066,-0.35148650452659685,-1.123607453092326,-1.1038222772419002
GPXLMGHLHQJAGZ,-1.026975403816387,-1.3891955540029914,-1.8073245455486868,-0.9937776425891551,-0.3396006696839922,-0.6298321984682531,-1.1737213872797883,-1.3564969468164125,-1.1316881623005124,-0.39547224206211673,-1.157563213547637,-1.1475873642577716
GQGRDYWMOPRROR,-1.0197736574674687,-1.5853234777740042,-1.7802700084133614,-1.014327894159226,-0.441273544486179,-0.6563394994636791,-1.1322441984415859,-1.4240445432273607,-1.1178343527159842,-0.5497186396887921,-1.2850570822181928,-1.1685302725080275
GSDSWSVVBLHKDQ,-0.33214819669977014,-0.4175675370082968,-1.853874725622176,-0.7290718208282606,0.20755815420320184,-0.21873127431075556,-0.6832534971582582,-0.06812350112077974,-1.022005726906304,-0.36978641187567324,0.9841927825873045,-0.7414258002610175
GSNHKUDZZFZSJB,-0.4253641140103239,-0.6518264655974445,-2.040083814238436,-0.7746403514985275,0.19894041579771132,-0.1746570823011393,-0.731144602368225,-0.08487074757155635,-1.1670651129221812,-0.36423370026271673,0.440535961738782,-0.9339085459884101
GSNOZLZNQMLSKJ,-0.3205328992958042,-0.42054902150706847,-2.088191838330526,-0.7883630734099872,0.13517578316457413,-0.24376286215380524,-0.6210928160874025,-0.2433537405884027,-1.1827432692707645,-0.4024496921616894,0.5586679667376946,-0.8742463014603366
GSVQIUGOUKJHRC,-1.2490555475774294,-1.721875174027781,0.31271790733311533,-0.6236436070383854,0.2645163109645358,-0.5996757117835334,-0.03839421780142215,0.3798088339544842,-0.5997794137105643,-0.36609348191734814,0.9176884669407721,-0.012225091185834319
GSYQNAMOFFWAPF,-1.2111549755016553,-1.7101140956590282,0.2947598894247222,-0.8267993093990584,0.4010168861142385,-0.37208979541968246,-0.06401851354911396,0.41718543664954943,-0.42114352873510913,0.32806834997327633,0.9249517720663709,0.24096533304573353
GUCKKCMJTSNWCU,-1.198057449843027,-1.7469384199514741,0.25807609408574944,-0.8465405406263667,0.25798276026014605,-0.43083172424506605,-0.14286998761968858,0.3904102195806291,-0.45894576308016777,0.2598415962509791,0.6140675717554747,0.2169828675800442
GUDVQJXODNJRIJ,-1.3328859128190758,-1.579624731405209,0.24217039384669314,-0.33508332392246976,-0.1518270350963798,-0.5987511508781522,-0.9398021484967194,0.27943358330678075,-0.9015740248804774,-0.34420551380476294,-0.30300907399130655,-0.2580582582424818
GUGOEEXESWIERI,-1.3445429729667948,-1.2610846494152559,-0.3252882288257337,-0.08673825179226537,-0.15840822044094344,-0.5465137198474184,-0.4475531504589125,0.6752666267632909,-1.1021287609061048,-0.4724946483544421,-0.21707633799896722,-0.567345857242266
GUHPRPJDBZHYCJ,-1.2170695668480545,-1.513473442441043,-0.1924660419520244,-0.6795481495217395,-0.08264296608804192,-0.7220515894754731,-0.6233444092349215,0.48816918338425497,-0.7939492550553813,-0.4771496083256598,0.10617118278905445,-0.5650243635205243
GUJRSXAPGDDABA,-1.2956839343375224,-1.3687053518177188,-0.28240746784259413,-0.583277258148928,-0.07625001730628009,-0.512361738134994,-0.3394745135465648,0.44685562900005177,-0.8845289334943643,-0.16094700023376657,-0.050597758991783245,-0.5691550511595761
GVEAYVLWDAFXET,0.1448800170742664,0.14860168196688708,-2.5504575084692904,-0.2237884274127738,0.17958141876505046,-0.14561291664243495,-0.6663121029538703,-0.46638677478507706,-0.9243625411812129,-0.7657076676363556,-0.648579340890556,-0.22940550767307322
GVJHHUAWPYXKBD,0.14869638312720168,0.1343340515214261,-2.4378579735052783,-0.24618313044315426,0.25941183103626114,-0.10322224836778456,-0.37412143732441744,-0.3919184728474337,-0.8958868876030069,-0.7547063370091383,-0.6907994724823356,-0.19514637671602578
GWOFUCIGLDBNKM,1.1244279752001736,0.8769198942802517,-2.2394689913259818,-0.7703377603918249,0.5956802632067678,-0.00550360973014153,-1.0741739750672763,-0.29991413233323805,-1.307413166742842,-0.6632167544265757,-1.0972213935486153,-1.125838864222907
GWUSZQUVEVMBPI,0.8826003167806911,0.94239338434406,-2.244965547315325,-0.8230480603175989,0.6795625128135849,0.28480834944076816,-1.0911455433281043,-0.22484237285124697,-1.2703899338219677,-0.5857915536987838,-1.1814503869141328,-1.1637864170977212
GXDALQBWZGODGZ,-1.2864780779267508,-1.5962446855268655,-1.124108218968016,-1.031187879809502,-0.7808608770151964,-0.6771249777787698,-0.8197268680025045,-0.08996316674593648,-0.57476408360953,-0.7700156741440136,-1.4644510669268263,-0.34404629926841085
GXFAIFRPOKBQRV,-1.183494257806001,-1.6306797498025958,-1.3505025701222224,-0.9856143908181831,-0.7734411966562798,-0.7588884451700701,-0.8892527655381772,-0.18976218364862543,-0.8984980780129515,-0.8055937512764496,-1.7022227875422815,-0.4787951459211655
GYDJEQRTZSCIOI,-1.6078281999590722,-1.9265955125922196,0.3150590203785879,-0.7128330534066163,-0.4239707317754704,-0.8911136734659293,-0.9474866047197645,-0.13850405404193727,-0.7041129984672032,-0.5662827320221642,-0.37715797796488565,-0.4007327717697
GZHFODJQISUKAY,-1.5868511729306753,-1.9133861056276464,0.02388830947741328,-0.7214629445166665,-0.48866452152314543,-0.9095663517977225,-0.9688018121063335,-0.003034304488978065,-0.7303891633008498,-0.6554666754626374,-0.29664334795663144,-0.7281753175428716
GZKLJWGUPQBVJQ,-1.5872529092495673,-1.8044795633269555,-0.3029502615045313,-0.6168338101301779,-0.20744323067622522,-0.8276709671862339,-0.9154856821306755,0.19275287784970158,-1.108755431436161,-0.47084760826832656,-0.061259293383631716,-0.9731066147704166
GZSOSUNBTXMUFQ,-1.3559092735605962,-1.741899594678975,-0.6094621290649282,-0.42357085117758236,-0.5445366197979623,-0.7969047961054063,-0.9775031834067467,0.06558414649759609,-1.18652848649279,-0.6634123048400419,-0.5110157449787611,-0.8254669213838204
GZUITABIAKMVPG,-1.4061956635172075,-1.8458605000141932,0.08665914273611787,-0.9873236219453789,-0.32722830969894956,-0.6242000098250814,-0.7936250396355501,0.002566373462796498,-0.4770089274632653,-0.619044913570054,-0.3787896997088069,-0.6177901676486167
HAPOVYFOVVWLRS,-1.4692131577077154,-1.9035615208345842,-0.0541296217317456,-0.9033522727992839,-0.3308458204801526,-0.8007487304808508,-0.9259376800424958,0.020601718951316343,-0.7999245485070037,-0.4697721615334891,0.11227642100335014,-0.8553976288909795
HBBVCKCCQCQCTJ,-0.7925275753289669,-0.9602737222615945,-2.860949750916709,-0.9250464485502642,-0.5434461348944482,-0.4528182169264398,-0.5572238557276017,-0.6789878651042446,-1.3499969595913026,-0.5226695947842592,-1.0530513226244471,-1.0906992793975285
HBNPJJILLOYFJU,-0.8233377998908933,-1.2529600819296511,-2.92829292808023,-0.9135066747759214,-0.5762559444421922,-0.47464804204107147,-0.5552535706369243,-0.7113680398460777,-1.407236040301294,-0.46153733278372644,-0.6726842025559192,-1.0938753543366273
HBOMLICNUCNMMY,-1.3314796331941492,-1.803680817322943,-1.317078040118895,-0.9387662369961037,-0.5907330763707304,-0.7472019844695641,-0.9714169317046498,-0.9759727551081543,-1.2092846613893116,-0.8537694968981577,-1.0232889261996303,-0.657473053636366
HBPDKDSFLXWOAE,-1.4789630304046721,-1.8221974094659235,-1.4545222441843304,-0.9502043773384776,-0.6069150998783519,-0.7816774944081695,-0.9638154706713584,-1.0700638983705217,-1.3046126794002204,-0.8530719312090361,-1.0351910736632686,-0.7740514887977562
HBUBKKRHXORPQB,-1.0934814568006528,-1.3417199562946487,-0.5604078775395644,-0.6450146814747596,-0.18393573331909438,-0.6443286360895895,-0.5445621941797845,-0.2553901616772848,-0.7503432157543084,-0.4700832672392461,-0.8529482442920723,-0.7640219424027516
HCFDWZZGGLSKEP,-1.273722826688476,-1.395847691086295,-0.577102980933458,-0.563283600975941,-0.21731956618040651,-0.7331575782147669,-0.5490075349897009,-0.3923622603902206,-0.8504718575718271,-0.44014400691956107,-0.776693228165038,-0.7907199720782254
HCIBTBXNLVOFER,-1.6071060909625459,-1.9561462874386508,1.1472615048472738,-0.8199008714042422,-0.1974561285725768,-0.7352228768845009,-0.9671804411639384,0.257076670237762,-0.9504930648984282,-0.2491010262139859,1.109228595856063,-1.0335719496222329
HCRKCZRJWPKOAR,-1.5913898070581651,-1.8886063943496543,1.606659093089231,-0.7736261992896606,-0.16952298354275538,-0.5869602548838512,-0.8908117945461561,0.39589747299551525,-0.9318432614301609,-0.4597905383918026,1.1718576233369697,-0.7794233308335127
HCYAFALTSJYZDH,-1.2744797790214721,-1.8500378605448151,-1.500279382410831,-0.9132842520096954,-0.8652053571962615,-0.7947656284630332,-0.9665735049836639,-1.438435979014022,-0.9136252317621169,-0.7683795181663123,-1.7107044586370936,-0.20872534654782954
HCYFGRCYSCXKNQ,-1.0721150319169492,-1.847008545688488,-1.4734880987593153,-0.8838008855376439,-0.831979682934547,-0.8291593318175849,-0.9463320443904356,-1.263692230104914,-0.8460578164552524,-0.7389672874564023,-1.7837082587232227,-0.12696186134854928
HDACQVRGBOVJII,-1.5831029878096947,-1.7334879953947346,-0.5660973490036313,-0.526268416267929,-0.2262671557936393,-0.7861937668302168,-0.7907656649134288,0.5928664268179897,-0.9271434835512414,-0.27118374292995484,-0.19076414235512618,-0.9478862518784712
HDDNYFLPWFSBLN,-1.5142999443524123,-1.7926927788443006,-0.5018158866637776,-0.7451203361723234,-0.20930019155089094,-0.8276848492780605,-0.8286317873922561,0.30833480972851035,-0.7713067944068701,-0.32705621143281866,-0.4830324524665856,-0.9690714129575277
HDDSHPAODJUKPD,-1.230116666281433,-1.803501329800444,-0.5580248336516658,-0.5846251330324339,-0.30429259073224435,-0.7985354930917465,-0.5210220438021386,-0.040914585657483654,-1.0589713677885764,-0.45332182563157974,-0.575414382858925,-0.923071088324846
HDOVUKNUBWVHOX,-1.1094088934635946,-1.7117969769713275,-0.537682643183561,-0.5340070934749512,-0.3601054857038399,-0.7887162944611598,-0.5805450143600466,0.06985411156243403,-0.9888464912944686,-0.5541017683953173,-0.3804691705529828,-0.7952283236079603
HDWIHXWEUNVBIY,-1.4226158140634189,-1.676535769451879,-0.19387158598219537,-0.653935610083935,-0.446571808665575,-0.8255080373623838,-0.9501876887529659,0.27248603030873764,-1.0581377802235514,-0.41293916428647415,0.003723712200903809,-0.6394998401255433
HEFNNWSXXWATRW,-1.3342282992386771,-1.6715911062491826,-0.23142393473169845,-0.7082676342234446,-0.525606764919851,-0.790542884769394,-0.9215021692046766,0.39348246843666573,-1.107913386732611,-0.4962272728316362,-0.6773909222303831,-0.9357635201214798
HEMJJKBWTPKOJG,-1.0389809221250088,-0.9894023434962194,-1.0602224534513118,-0.6733360002175752,-0.4431484446258656,-0.558656913559213,-0.8511343508846342,-0.3635211826889079,-1.0985805028345654,-0.7231334791258187,-0.7645498873661059,-0.5837232846285745
HGBLNBBNRORJKI,-1.0013419263727819,-1.1283380676792638,-1.0480519570794697,-0.7274443990413572,-0.4312475292915346,-0.5534203931783168,-0.7009023366445841,-0.47397601353148333,-1.0765083931280552,-0.7020040179828486,-1.1269488574269686,-0.5142630324686726
HHJUWIANJFBDHT,-1.1988437494103568,-1.541584416772649,-0.4481220308702441,-0.049283609222927696,-0.23448875517157494,-0.5295938318985371,-0.7699741097689929,-0.16529954667655838,-0.82483811124197,-0.689140963564292,0.3468334834913026,-0.665796580082723
HIFJCPQKFCZDDL,-1.157462332523859,-1.6343871457131531,-0.09269276344265653,-0.465266729983346,-0.5053068345595662,-0.6444393511547492,-0.8163096288929925,0.2647676459956277,-0.8778229441792528,-0.6773583057161678,1.0844068095345036,-0.8836792803135463
HJLSLZFTEKNLFI,0.7962248584357429,0.5581220277622998,-2.50453227394941,-1.0013159390393533,0.551528863950844,0.07539779091822695,-0.9576413496247946,-0.8540254833896666,-1.4991444251436195,-0.5539362653662757,-1.2390008065747002,-1.287945790205695
HJMQDJPMQIHLPB,0.7769471718149036,0.7037157025903349,-2.490510402727701,-1.0052713699215932,0.2831023150890604,-0.038612795299162714,-0.8395583620406939,-0.8168795513774878,-1.4497998225918307,-0.5836025887951464,-1.135618251048941,-1.1070385306230857
HJORMJIFDVBMOB,-1.1579541971525042,-1.4537674344930258,-1.205153737395726,-0.6670674077704445,-0.2740335726659876,-0.734474201194172,-0.9105028580903806,-0.47543535362937883,-1.3263516163075801,-0.60968387999626,-0.3456163605381617,-1.0197686374543031
HKXBNHCUPKIYDM,-1.0461571760211046,-1.6826318646255292,-1.196450959765226,-0.7487123312335928,-0.22538651992279599,-0.719482192718196,-0.8896013925773265,-0.4378639512957893,-1.1729361081807075,-0.657956716632609,0.05678136229361978,-0.8276502482378196
HLFSDGLLUJUHTE,-1.2971174007148423,-1.4891194333585416,0.7647523311713529,-0.7079573595710864,-0.0025711014118984746,-0.15829570651648325,-0.6084527650276583,0.39715110758265276,-0.7624265925145237,-0.27590590144168875,0.7309523868714991,-0.03308812629864233
HLVVITIHAZBPKB,-1.3443056971626925,-1.3787215600109641,0.8956454390393203,-0.5851932585834847,0.11101394423773864,-0.34909945702004164,-0.36455821243675696,0.6313326478985677,-0.4799534791089982,-0.12542361633718127,1.1916847617744522,0.15870985982856883
HNJJXZKZRAWDPF,-1.5151379065365247,-1.7257211985575582,-1.2030935663958922,-1.0442460762807682,-0.9936908412109757,-0.8015613416138778,-0.9439913454983289,-0.9860048312762555,-1.223333464801535,-0.7547636385435502,-1.2384380330021172,-0.9863752372129392
HOGVTUZUJGHKPL,-1.5492401327730088,-1.8623019048863507,-1.256753746251482,-1.0750076695550823,-0.9335120894057132,-0.737120939894945,-0.8663109402966018,-0.6632722481364974,-1.159936335573162,-0.6497092944756602,-1.3024499064668982,-1.0267580157983243
HOMGKSMUEGBAAB,-1.5789515152900409,-1.7451308816367677,0.7487650471927346,-0.5106608122923,-0.22097532748079787,-0.7092964025159667,-0.5729001752823991,-0.21404767176976275,-0.7508170434428653,-0.3557446493080755,0.05922509528994929,-0.5145526984992881
HPHUVLMMVZITSG,-1.3610271788791064,-1.7400850782993267,0.5780711575469895,-0.5491348812023842,0.03176345404240657,-0.668799097109164,-0.6203722019776836,-0.4443616991966457,-0.6545078088399578,-0.46375798698523785,0.13546054003607522,-0.5056986224499566
HPJKCIUCZWXJDR,-1.6362732439475292,-2.003668579251186,0.2965125690435797,-0.725514944672169,-0.559518108525555,-0.9539144399943554,-1.0567691110520216,-0.6881573014660547,-0.8308435907098297,-0.569789093408487,-0.7122256086554105,-0.9985518671222118
HPMRFMKYPGXPEP,-1.565107595258144,-1.945647507523718,-0.49647890145783247,-0.8484957199353759,-0.574135981500279,-0.9151430328068391,-1.0786634341547687,-1.0389431080495442,-1.175959603612105,-0.7111043604919963,-1.2690223132214258,-1.2166578044272298
HPNSFSBZBAHARI,-1.6835582398474092,-1.9055852839895542,-0.3389165730617292,-0.9397591209202116,-0.7168114223101786,-0.984847339794098,-1.0888159948734843,-1.3443281775425664,-1.169630978267685,-0.6015444950034098,-1.4675721094479568,-1.3162600795902397
HQFWVSGBVLEQGA,-1.6676691776926076,-1.9003422709501763,0.18305957212532853,-1.0444613983762623,-0.9398109195602131,-0.9682968031307296,-1.0237754336417526,-1.3915312268272184,-1.2439908583604127,-0.6933327930750732,-1.1878717578760216,-1.2422605155924238
HQMNCQVAMBCHCO,-1.1464945283766639,-1.548278154809805,0.07487390952314,-0.8320264662750096,-0.12109459394754402,-0.37684349160107655,-0.148042791891589,0.5357779289366911,-0.37065823669664155,-0.2880734018393065,0.23196101228292637,0.1587723368805309
HRRBJVNMSRJFHQ,-1.192763145463922,-1.6788179704114932,0.229956885268316,-0.7970619455712052,0.24815337365014356,-0.5013169507612194,-0.09941178518166256,0.4955465884822842,-0.34606215747131264,0.3329570580341227,0.6155350151704331,0.13292649542908633
HRSANNODOVBCST,-1.4389535327876055,-1.6925348444377555,-2.061704964601165,-0.9617099829567421,-0.7613986188492157,-0.8650191169558299,-0.7516888974596223,-0.8770252028596471,-1.3190760809176731,-0.7677652881852464,-1.2440976121880452,-1.0399240632534006
HSHGZXNAXBPPDL,-1.5263281698172784,-1.7685748549517195,-2.2914255918100177,-1.1529505963127804,-0.8790290204961848,-0.9074244485583666,-0.6862541159247866,-0.8906034954823248,-1.3218921138676003,-0.6921876839900093,-1.6131549872118895,-1.229474708146369
HSHNITRMYYLLCV,-1.4342636676049638,-1.7995184218215763,-1.9255367260008545,-1.1214437568829991,-0.5416919695964335,-0.766154053100805,-0.6182072473428925,-0.5908157297866145,-1.1558608281750165,-0.8768214163556876,-1.6198263265307928,-0.6776528400726686
HSMNQINEKMPTIC,-1.4735799121752393,-1.8066293339733055,-1.8365426868671697,-1.1020874820580073,-0.4349071735265992,-0.7191133035184917,-0.7656514469145372,-0.4454826335121667,-1.0944825288511568,-0.7548552963644237,-1.353767178088212,-0.35744965037326987
HSMPDPBYAYSOBC,1.15357718491431,0.7319638182384162,-2.1255706786758037,-0.8036871038990536,0.6987648928471301,0.7093828623243045,-1.0612649234416085,-0.19515382693617334,-1.4101810715826177,-0.5958276986563678,-1.2447725443127766,-1.1466100169855555
HSRJKNPTNIJEKV,0.470300154404821,0.5293780139851918,-2.1664179744657495,-0.8588744662815769,0.5502911576826323,-0.010684436526858796,-1.013161263087374,-0.45195721516916953,-1.2063002702310324,-0.6497800567567298,-1.3561946635944286,-1.2979816779896596
HSUGRBWQSSZJOP,-1.7189149240289578,-1.8995847554680936,-0.5301445543776759,-0.4607315689453142,-0.6225030966916762,-0.7380607298379026,-0.8378881641904885,-0.012834983736861198,-1.0032927516379815,-0.2988049917929789,-1.2679827680381657,-1.1506294502618875
HTGCJAAPDHZCHL,-1.596901397371346,-1.936046058098145,-0.4079243751049906,-0.09629488430826484,-0.3329574767473068,-0.7609068540648767,-0.8413892719964219,-0.6286057735988827,-1.1310503140341677,-0.7103559001425159,-0.9179227963903384,-1.117885078894906
HTQMVQVXFRQIKW,-1.2248880179828971,-1.7392636299199884,-0.2560584451793865,-0.6276146478489188,-0.7471356098895254,-0.678785330531277,-0.8583882183139488,-0.1995567050300921,-0.9951443744236474,-0.6205333996238518,-0.6042834945695746,-0.2672593419282091
HUCJFAOMUPXHDK,-1.2094978824759235,-1.7317321930152259,-0.2438112693108719,-0.6501497673553541,-0.720894101512858,-0.6765809740600252,-0.93489149449233,-0.3550252452741962,-1.0327406165886062,-0.6501511606181667,-0.5109306671448123,-0.2861932474009202
HUNIPYLVUPMFCZ,-1.6154853919412884,-1.9018300290643815,-2.1419355914791893,-1.1437918168767152,-0.7465011147495283,-0.8194102838999371,-0.9899520234455599,-1.2815681106550172,-1.3499986517947657,-0.8903330637820129,-1.6107206869472956,-1.0488630732359192
HUNXMJYCHXQEGX,-1.629183704970655,-1.8907339565947616,-2.148825260158522,-0.985451862714962,-0.6743962092589989,-0.789489778664993,-0.9724206292276778,-1.3437084403085933,-1.35925928630458,-0.8808845252649915,-1.5184094472385585,-1.1007750424403893
HUPFGZXOMWLGNK,-1.195287659860941,-1.3795821473004333,-0.16759541332118297,-0.36078136948126044,-0.21439120500307765,-0.6095249418681385,-0.2119799487196883,0.9094813347722256,-0.7709239240326025,-0.37020163526152233,0.4424785804484844,-0.23029702820246759
HVFLCNVBZFFHBT,-1.2161777649905066,-1.2867974255325527,0.13792888558505645,-0.5510863409843859,0.11105122817940546,-0.39618782865838487,0.2527678391603386,1.1758924928367762,-0.43855590163870456,-0.335828255519103,1.7280341946612485,0.12414988329574668
HWHLPVGTWGOCJO,-0.9917512871922363,-1.2282073045286284,-1.6811133977506785,-0.5157424046751643,-0.47012713769705927,-0.6199917750164109,-0.7814798222779697,-0.4228936800514813,-1.1791867598025298,-0.841314466050731,-0.9759048442580225,-0.35609881787342285
HWVNEWGKWRGSRK,-0.9538054359802729,-1.281737312546886,-1.5634668646747496,-0.768580108662125,-0.48478817925432616,-0.6177519936035561,-0.8565307057387685,-0.39099469228682,-1.1483537324773339,-0.8361467859559609,-1.0163297100036153,-0.4449537435335018
HWXIGFIVGWUZAO,-1.4878606420566334,-1.6597243254300986,0.46015175890019466,-0.4738123224161208,-0.20634889457786265,-0.7672412557066846,-0.9239105356609675,0.1769408454325243,-0.9499769718722334,-0.3549034636727371,-0.35866920634728344,-0.7644834262352088
HXCNRYXBZNHDNE,-1.368393135089243,-1.6545574514055899,-0.031092802418272343,-0.6110532164091453,-0.29899075760243204,-0.7539479904655032,-0.8906637796784512,0.026562007857599403,-1.0683014314068306,-0.6916245091997003,-0.3696692398967111,-0.7961636602772949
HXGBXQDTNZMWGS,-1.4170990461273745,-1.8370001529325242,-1.192603742477699,-0.8981023418783934,0.02513014506106532,-0.7995403374027188,-1.0157996245376075,-0.5021867727225451,-1.1017645105280358,-0.5173221749063631,-1.045500045571255,-1.1213761427448847
HXHWSAZORRCQMX,-1.5406003224531262,-1.7170487572612663,-0.858332247272554,-0.4801985110845237,-0.16171212950256914,-0.8553412440622363,-0.9403568154518722,-0.1401165370995889,-1.3137424603384706,-0.48670207222603323,-0.36549508076043946,-1.0796409014670738
HXQVQGWHFRNKMS,-1.2769393072136883,-1.965642721307361,-0.3825069895967631,-0.4833740059818711,-0.5148898854423705,-0.8279950498296206,-0.502790639441628,0.2809933358802482,-0.8411369108443428,-0.15173835466359545,-0.5728394573217235,-0.6819658031067718
HXYVTAGFYLMHSO,-1.2781202291911888,-1.9235129067549295,-1.1682357610491794,-1.1143154927759737,-0.766962435505549,-0.8001577387288397,-0.9057176865779126,-0.6097836519827347,-0.8543293027449952,-0.43292245149096825,-1.2932987521889636,-1.0766026423711834
HYFHYPWGAURHIV,-0.6779915264038952,-1.2779735013588929,-0.8635415862067284,-0.9398584642567154,0.17233874880637157,-0.4888795280287169,-1.0998838858769384,-0.5772703699884338,-1.1861876909387552,-0.3267660014998779,-1.0681121904156679,-1.0648868562744518
HYPPXZBJBPSRLK,-0.7047911514436958,-1.3363246059605038,-0.7387325014430328,-0.836673334773126,0.024508798850626907,-0.610159405839424,-1.07561307374301,-0.5617363097029745,-1.2994349443401094,-0.31883988948176656,-0.9589079652358923,-1.096584246843312
HYWYRSMBCFDLJT,0.47609218292192124,0.4362703839121328,-2.6733368678091733,-1.0258024391734786,0.17859808125622587,-0.21019538667539026,-1.0134580618093203,-1.150949273251415,-1.5251909148056202,-0.8118687814434151,-1.5837175604256062,-1.306243771470463
HYYBABOKPJLUIN,0.4415420974723949,0.3527584332686144,-2.5967638056175724,-1.0163916580611543,0.20162394125560273,-0.059095330911915975,-1.0038943936139437,-0.952145104738362,-1.5399481129290877,-0.7077964456296096,-1.4339000071479038,-1.3071985958015149
HZZVJAQRINQKSD,-1.473341454403099,-1.4369833581165117,0.30332336431181894,-0.5964787939364533,-0.07746780222072819,-0.5709756863147203,-0.588822559981649,0.4875984299078342,-0.8391263664914782,-0.18124042393213255,0.665323676499749,-0.675000421333259
IAIWVQXQOWNYOU,-1.488576647719623,-1.525556316553287,0.14243386462132895,-0.561219784061425,-0.09311466480557584,-0.5897334747740974,-0.6054319662206371,0.22789012193770608,-0.9695643122954742,-0.20018522261964147,0.6959329631040357,-0.6948214162239654
IAKHMKGGTNLKSZ,-1.6057927928311302,-1.8767767040342718,-0.6105365771261833,-0.8526484705716012,-0.45261248650872854,-0.7791461798687638,-0.928916883081198,-0.1879365404622658,-1.0064109259463676,-0.6169889254231139,0.15000965211687853,-0.8186136407381914
IAKOZHOLGAGEJT,-1.6809683627605412,-1.8211880611262952,-0.7185464417872214,-0.7359768697882879,-0.5065850509835453,-0.9288254430592431,-0.8845530971464464,0.0009202985012065903,-1.1910451113215716,-0.5471842949385578,0.026369640873250288,-0.960359403449504
IANQTJSKSUMEQM,-1.4050942233882107,-1.8302238431963498,0.594783765327117,-0.6089023184596863,0.022757968145894508,-0.8485598541981185,-0.8997171409152447,0.33389003776102694,-1.0689289863574287,-0.44711597364966055,0.11399900535639143,-0.7767379033180393
IAVUPMFITXYVAF,-1.587849295192363,-1.7982735550361215,1.1396126715695485,-0.47737804335689826,0.2547680542990904,-0.5676812407610342,-0.439068349633618,0.8054769539847987,-0.9119917584320251,-0.19424452451345106,0.7652468930521915,-0.5753816027672981
IBAQFPQHRJAVAV,-1.0826008364990045,-1.784598919350612,0.9536937890347477,-0.7477788852655245,-0.42372062604278604,-0.7862339367191126,-0.8551203184462814,0.22820645475097828,-0.7262484832041535,-0.5207285032342265,-1.1537071194583093,-0.46770420108351374
ICFJFFQQTFMIBG,-1.1550697485654984,-1.836146632157597,0.9214963368382405,-0.7807454477031573,-0.514665485175271,-0.8266426545958946,-0.7780770067460812,-0.2556752308669621,-0.4903540442558028,-0.6557472169127999,-1.1763232854768186,-0.5500983473920725
ICKFFNBDFNZJSX,-1.2027471102922824,-1.5387064194981401,-1.594291156852097,-0.697320502684976,-0.29881341742319634,-0.7430666792145775,-0.9432095975589645,-0.7303330999166824,-1.4433682813811557,-0.6475104029282345,-0.4158970292335459,-1.1091271587170284
ICMGLRUYEQNHPF,-1.2820595690478966,-1.514111401969358,-1.2940910076231638,-0.6182186670915866,-0.06435224189499242,-0.7634615187945739,-0.8338653672426445,-0.535844879585033,-1.3806786659139227,-0.45194256602913263,-0.161621098147939,-1.0657845626570899
IDCHQQSVJAAUQQ,-1.1323479760224373,-1.4740271850058102,-1.8479837779941524,-0.9550653465859194,-0.28763459444140205,-0.7998005142534118,-0.6747225221816631,-1.256954704224765,-1.105640313328339,-0.779708450725993,-1.1638490614644115,-1.0271091133712293
IDYZIJYBMGIQMJ,-1.1959940126562476,-1.600839381603084,-1.8503762615851638,-0.9365949354799584,-0.359854769992414,-0.8112812669905091,-0.6615861552652679,-1.2334548050844487,-1.0637039334928209,-0.7781125068051256,-1.159219706536183,-1.1036231735773334
IEDVJHCEMCRBQM,-0.35223502254751327,-0.10763834174682195,-1.1413962436620766,-0.5830740005838243,-0.143884774031888,-0.3872290877211398,-0.9256141618604118,-0.20328030088213356,-0.8121547959234741,-0.8174026247174059,-0.16829360884300132,0.30916336936590577
IEKOTSCYBBDIJC,-0.20444128602675024,-0.24602390137993246,-0.9156869838024566,-0.4371035745949109,-0.20111603245962256,-0.42694436820620063,-0.9585763307886168,-0.3556221963511176,-0.6464657830336618,-0.8132126728616791,-0.16573776827062478,0.27952732988070467
IENZQIKPVFGBNW,-1.403325856731779,-1.7693777222856673,0.020627878994940018,-0.9181496371327272,0.0098729910219183,-0.7137442217636825,-0.41116147205553305,-0.3447747578868862,-0.43774608151463495,-0.1683993017293452,0.1381773677933073,-0.28661138445276146
IFFPICMESYHZPQ,-1.3281063543416032,-1.6251395898030443,-0.2189618888884606,-0.9248929312461878,0.04674932823099631,-0.5133028901946397,-0.09009616685468812,-0.2557675338813043,-0.5070966831491065,-0.17940080376893042,0.051058803317656797,-0.4156379351587245
IIBYAHWJQTYFKB,-1.7387787038852203,-1.9988021819232147,-0.4953095678058491,-0.8403254108893035,-1.0243058465251822,-1.0141070946040567,-1.1089958629343815,-1.4136777522484065,-1.2061447321728274,-0.6671842797515144,-1.7358181282185046,-0.9892986366507523
IISBACLAFKSPIT,-1.60602662009237,-1.9574106074528557,-0.5374712314020886,-0.9551614617146031,-0.9693632870475198,-0.9211473466472999,-0.9685912528237415,-0.9032288255695871,-1.0552262574016824,-0.5219925795154912,-1.435987925091256,-0.6638119802783617
IJHNSHDBIRRJRN,-1.6359971392549917,-1.9349477498321455,-1.3385837136840557,-1.0186426793031642,-0.6980225720619472,-0.8865677869531595,-1.1329814825506817,-1.1734164713419992,-1.3580695296350926,-0.5793384275918078,-1.118931166920797,-1.1126975778634678
IKBKZGMPCYNSLU,-1.7079069341939543,-1.940284467592279,-1.3209051201540163,-1.0159450703313604,-0.5758347981341652,-0.8889173925436811,-1.0582642577836,-0.7725246588250777,-1.3617318549261304,-0.5480641487794969,-1.0929492725210492,-1.1343628632247984
IKGXIBQEEMLURG,-0.4087374605848802,-0.6705916458428938,-1.166847033953652,-0.23389035274086173,-0.41093716287341947,-0.4940013595898337,-0.38113056157025366,-0.06705729046340286,-0.6172222033334671,-0.5891991377697379,-0.31007390189849854,0.2678081122720045
IKQCSJBQLWJEPU,-0.49338966357777686,-0.7013296241234535,-1.3025490530427897,-0.3208593824129547,-0.3498476882597768,-0.4775751390586891,-0.27824275183224595,-0.06739346986280571,-0.48177435572903915,-0.572268800288616,-0.29905501484346575,0.29926659026212327
ILNRQFBVVQUOLP,-1.39482189094227,-1.8479259341606162,-0.16330068738202583,-0.8142228812649923,-0.5888002477330159,-0.8510167033117976,-0.9207863326234058,-0.608509582329155,-0.8786210932444622,-0.7656301207325182,-1.0152965921131085,-0.717614830678992
IMSSROKUHAOUJS,-1.3448787308625632,-1.9100101130853868,-0.217058713563858,-0.8812539149375768,-0.5240955476733431,-0.8770738652797762,-0.937920867780195,-0.7616792396222,-0.9025141701597705,-0.7481853928571479,-1.0351376949430402,-0.832122832444056
IMWZZHHPURKASS,0.38941343268568057,-0.09701320804407304,-0.7710919866355334,-0.8836523667095311,0.8561482693051562,0.5600685230952486,-0.7477743964043982,-0.10174702054847304,-1.294998090652323,-0.35674291423199506,0.4431559128606839,-0.7495861800239179
IMYZQPCYWPFTAG,0.20642674991790494,-0.18354856265781982,-1.1168400511336216,-0.9683357539382915,0.5636072578166874,0.008833592511243965,-0.6717203412017085,-0.3409334285918638,-1.3465317310180003,-0.6003199000726799,-0.06737675449932101,-1.174915810184366
IMZMKUWMOSJXDT,-1.3612157729658716,-1.5936891181529158,-0.4531946473702463,-0.6844271681597658,-0.2888372195246528,-0.44641751934712526,-0.6472122697126117,0.14359857152890562,-0.6135633918675656,-0.5044637534315128,-0.1359660127990601,-0.7368833887632543
INDBQLZJXZLFIT,-1.5001483748704882,-1.7722683606371992,0.43161092289122344,-0.5067905584073737,-0.16166459763035138,-0.560026889596242,-0.4704651957463779,0.27963110585098955,-0.5346893651189542,-0.2977948485668422,0.4602254138904085,-0.3985536219234571
INJOMKTZOLKMBF,-1.282262069257685,-1.5460021539909008,-1.062413691380874,-0.6254818719791173,0.023181461573338065,-0.4535598512462861,-0.6277359564486602,-0.4714140869193497,-1.1951169003206046,-0.4535152892570469,-0.8321161705742287,-0.8385027892601558
INWLQCZOYSRPNW,-1.2761885297511544,-1.683714472911749,-1.3902016291193167,-0.6717769330015007,-0.15847940382647688,-0.6276101921376597,-0.9210039429262918,-0.9513328741540994,-1.218023998968588,-0.6163075831678759,-1.184125295080677,-1.101901717146926
IOVGROKTTNBUGK,-0.008995675343026638,-0.7676180835942891,-1.9788677831159267,-0.726443252511642,-0.2487749268394203,-0.4119598466435476,-0.8443196789425635,0.00931263567267958,-0.7814328254916401,-0.6917225940735353,-1.1621959266570294,-0.1723877599130006
IOYZYMQFUSNATM,-0.333823389356291,-0.6227878473928591,-1.7821425035618086,-0.942630742128508,0.010269316558674363,-0.43581858574295906,-0.8267644256438827,0.03587558078614604,-0.6898008484673169,-0.4738325973101528,-1.1321284588984981,-0.3854636285241972
IPEHBUMCGVEMRF,-0.6733745841757586,-0.6145545281234424,-2.5245038440948764,-0.6834955639752353,-0.1612515253000645,-0.3751187727298024,-0.6138942013154058,-0.7864606409452637,-1.2655840597687171,-0.7472961307352248,-1.2704907556302922,-0.6702404504944245
IPOKCKJONYRRHP,-0.7702511058884434,-1.0262780572941748,-2.1624863731807014,-0.6866859107211074,0.006689159875121784,-0.38248982122936714,-0.6627419188903845,-0.6377046266313182,-1.301937246149326,-0.48075838102553803,-0.9862329919210555,-0.5946672495476965
IPVQLZZIHOAWMC,-1.3797480427669968,-1.6995521868014103,-1.6308384926704278,-1.0732508918456292,-0.6521902175959751,-0.7628908671751335,-0.9689703458250659,-0.306158436769822,-1.0309982146419736,-0.8531232134450724,-1.273522140795645,-0.4471333974389424
IPWKIXLWTCNBKN,-1.4375140650707134,-1.6842081281245889,-1.6078300499268001,-1.0339599095362977,-0.672525037956298,-0.7268992239993839,-0.800206564281668,-0.007768250281158484,-0.9221277575808076,-0.7819254853876507,-1.0992781382808332,-0.3235197896363007
IQPSEEYGBUAQFF,-1.7051082224998948,-1.9337620048265243,-0.8374571596747036,-0.8232660649516681,-0.13357620711347973,-0.5283089871790436,-0.9519250343404506,-0.6247856166484982,-1.3692678278027566,-0.555756788623342,-0.8782159355026942,-1.0537964205075159
IRSCQMHQWWYFCW,-1.821111283662193,-2.035098747877294,-0.6682965228457215,-1.0151276305072126,-0.5751660487635794,-1.0461376044415631,-1.1140572835858666,-0.9450854240678039,-1.1565787111327825,-0.4963462188668956,-1.3112869343477511,-1.2216655566318193
IRYJRGCIQBGHIV,-1.506849401762667,-1.7068040592230338,0.030975271166193183,-0.1553756337565437,-0.5801959623244092,-0.8073594013469396,-0.9569467514386467,-0.41384356752478263,-1.0794241650854663,-0.7137528048441377,-1.2326119554739268,-0.8982920849470195
ISEUFVQQFVOBCY,-1.5267816499237405,-1.6996174006602511,0.4824475367485719,-0.5430414606121109,-0.6244007404045575,-0.7917083340516271,-1.03833058996546,-0.5828379406166316,-0.748799727652058,-0.7042247565954628,-1.247511111676153,-0.8112938374801498
ISWRGOKTTBVCFA,-0.6546961435472459,-0.8243154793221025,-1.1439139164308605,-0.6527539511387576,-0.6722608642574862,-0.5731910124952513,-0.4927948770980898,-0.40299373933203475,-1.2180423635563475,-0.8538276854179243,-1.0964519706396567,-0.12368689334735827
ITJNARMNRKSWTA,-0.8086025712964137,-0.41540224473119836,-1.023088070256312,-0.6058147378256625,-0.560483958728286,-0.5735321144791828,-0.33937655250585375,-0.23348929723510853,-0.9179687364618592,-0.7530046543492483,-1.1388202472588713,-0.292149661626778
IUBSYMUCCVWXPE,-1.4117191649875844,-1.434632400838198,-0.4290505197141922,-0.5587127555427198,-0.312890158503255,-0.6850016700260277,-0.6286237300615718,-0.47613346158296366,-1.0172504983122101,-0.6551913098084492,-0.5965203451167171,-0.7764784767294517
IUWVALYLNVXWKX,-1.3844068907277767,-1.1398945236265006,-0.3535372937767057,-0.6478016117147014,-0.2914038223974804,-0.6851169799299963,-0.8168689730196665,-0.32656271031313183,-1.0634387606917157,-0.6486032397692401,-0.6413215149873231,-0.7881638938631536
IVBHGBMCVLDMKU,-0.309580755213727,-1.331220411956946,-1.6159865206814108,-0.777819373672488,-0.5233041811190052,-0.5810038993738161,-1.011076134949898,-0.3618964000642997,-0.9926545042806398,-0.36513836477567413,-1.2135988841700527,-0.8142181307674687
IVQOFBKHQCTVQV,-1.4427652619152302,-1.7477725227412901,-2.541318291006416,-1.045643739738308,-0.7508073534842521,-0.7296960617958366,-0.8996320858851607,-1.297183493554296,-1.4895121030790435,-0.8103728293557217,-1.5710670623273584,-1.0955679150745028
IVTVGDXNLFLDRM,-1.2278277277734495,-1.8412305282875383,1.0302078769045198,-0.29469499580718694,-0.2670810993990943,-0.7553640921647012,-0.9240738217030284,0.03327474928834914,-0.5320738149050706,-0.5973135636412369,-0.4196659028351194,-0.6280970757172617
IVVNZDGDKPTYHK,-0.7237610889522135,-1.450987018683627,-0.7893733889706455,0.8045467583164891,-0.04380651325969509,-0.4295067055547071,-0.07983057885096984,0.39728853328886554,-1.012067907765574,-0.5716430924444296,0.8691126987770957,-0.49286388287669414
IVYPNXXAYMYVSP,-1.30793855380694,-1.7444210239770224,-1.627903046154912,-1.1053573728080779,-0.7343365295406965,-0.677161341246554,-1.0547041346534174,-0.9030727793109565,-0.8384682437496742,-0.6190157283802962,-1.5614297616260004,-0.3717669599197094
IWUCXVSUMQZMFG,-1.31780733750726,-1.7417711115802645,-1.0026350115262859,-0.9993703639535712,-0.4001959042366584,-0.5374246246640377,-0.6185740141445125,-0.39139248585907654,-1.1327007913375324,-0.6076866467550333,-0.050458675979842896,-0.8309503081005849
IWVRVEIKCBFZNF,-1.4233440769972254,-1.8449596150850276,-0.6951389750095275,-0.8124838513301855,-0.738955482537258,-0.7141486115377126,-0.8198196497358464,-0.2201173638227298,-1.1935605282756765,-0.6408484563876669,-0.11077121115381339,-0.8051973765161896
IXHBTMCLRNMKHZ,-1.3656174551376998,-1.6609425739279706,-0.08264488615296776,-0.662264707624018,-0.4052527617392153,-0.8493601192254222,-0.7745741935166197,-0.21747698438463767,-0.5125351418602665,-0.7503054251835442,-0.6922348585470329,-0.4476620393272844
IXORZMNAPKEEDV,-0.9774575003200516,-1.6588947975224761,-1.1519535661859754,-0.7400967672293522,-0.3799724981853499,-0.7890836307666989,-0.741786727221928,-0.4451989840826208,-0.9953157598823337,-0.8407905500031532,-0.6793626284666324,-0.8324785482636363
IXTMWRCNAAVVAI,-1.7091934898299117,-1.937939739110746,-0.10632134977913123,0.10898903094586994,-0.582834232201577,-0.7896198747177613,-1.0573659091780756,-0.7929942006553243,-1.3146846803156946,-0.543564168256364,-0.8176881528031414,-1.2293153939124748
IYIKLHRQXLHMJQ,-1.6263744604443127,-1.8035527368586257,-0.1626027194450259,-0.18904287645547735,-0.2611720020993574,-0.6457730852300227,-0.7368389951561466,0.5230285460289276,-0.9861317346591489,-0.08499804189857005,0.4038056642789042,-0.3130340664803856
IZEKFCXSFNUWAM,-1.1361879060550089,-1.7887988825815146,-0.8704267212000434,-0.7459246924243033,-0.4731619462841809,-0.7072120607196049,-0.9978952041570861,-1.0194421693024025,-1.0901987110440872,-0.7084057507225937,-0.9814866493453253,-0.6187830843284666
IZJDOKYDEWTZSO,-1.0042109681626088,-1.43839602390132,-2.3883539344880607,-0.8308110754973042,-0.6317137235602654,-0.6900540901767099,-0.9461111883328026,-1.3830234570000957,-0.9479113999427392,-0.7879519210699717,-1.3371157817696793,-0.1992453148492105
JAQUASYNZVUNQP,-1.6154011017574927,-1.930968467064973,-2.3735872334732986,-1.0781610581832468,-0.7433080862105145,-0.5823036498685403,-1.0006248142024456,-1.5103464899086678,-1.2970414969266517,-0.745145354050329,-1.7699304953234472,-1.1387360491145642
JARNORYOPMINDY,-0.6053238913116418,-1.3365230802287271,-0.6734914960552654,-0.7626423326217636,-0.2650419933470757,-0.6134067708758058,-0.5500880146113624,-0.053534004137366864,-0.821284963474649,-0.654673852546141,-0.674029832692161,-0.41262632407556243
JAUOIFJMECXRGI,-1.479385441459375,-1.8937729557981418,-0.4896514511294848,-0.36102855652335064,0.09330447626304883,-0.6658057660575787,-0.918739492746564,-0.18512715571586771,-0.9811614029414856,-0.3766866162678174,0.14218883238017654,-0.14708137877696753
JAYAGJDXJIDEKI,-1.2182033500847953,-1.5508779216669604,-0.850430901274791,-0.5747671593480163,-0.13989529243719845,-0.6544040641791382,-0.9198134805521402,0.38732706398851957,-1.144076329035946,-0.18223117829873714,0.2676772787130833,-0.9620074403581252
JBDGDEWWOUBZPM,-1.770945276252825,-1.95816730826929,-0.05988897871582001,-0.18131378814799526,-0.34588714511346313,-0.8464531019193667,-0.9762956933755952,-0.32369358051063124,-1.0827526562163619,-0.5076166535286182,-1.1238899664782251,-0.9031437155555286
JBIMVDZLSHOPLA,-1.3391620387127223,-1.9820285748688842,-0.8013851083988304,-0.7734524692761237,-0.980081942020461,-1.0293392513380024,-1.1251192181888015,-0.7941627888094785,-1.329208316831577,-0.4659098534937118,-1.2667754479263176,-1.0505931264513146
JBKPUQTUERUYQE,-1.5047925659580048,-1.753838493575969,-0.9688903846628363,-1.0684212999749452,-0.5637486468992723,-0.36444764592500817,-0.40324497748797067,0.4041843694163218,-0.44360915703546,-0.52338678927112,-0.6627316479188756,-0.9430099013072842
JBMKAUGHUNFTOL,-1.1152165298788335,-1.177456597982893,-1.7882251266390914,-0.6575210247966271,-0.4357385409096269,-0.3587732165109193,-1.0156294737262825,-0.9426183315039526,-0.9463995992617378,-0.6377931096867199,-1.2950627986966592,-0.3074612552597901
JCCNYMKQOSZNPW,-1.6262484268036181,-1.8578938622100722,-1.0806521759867007,-0.879224617392367,-0.6774643012076211,-0.8154904775773684,-0.8749088802412708,-0.7182591104638926,-1.181555107675085,-0.6383185161542176,-1.0636677082519266,-0.9359016289912617
JCKYGMPEJWAADB,-1.0823294059844906,-1.26003126285508,-0.3048904696109344,-0.6240709659887895,-0.23927866914489876,-0.5787214661529549,-0.7967819141375498,0.5129718686195974,-0.8530994991932808,-0.25413698162093246,0.09478076104917194,-0.6443999530260032
JFIOVJDNOJYLKP,-0.7286384688661318,-1.4869504115714924,-0.7674005132926339,-0.8300920239185643,-0.15413028814695764,-0.4078900054998311,-0.5772213872865426,-0.04654699645521457,-0.608882255988381,-0.5189590081599613,-0.2694539761126953,-0.041948213829538575
JFJZZMVDLULRGK,-1.454822939208347,-1.9217222366565747,0.040043003341881656,-0.8153112947139055,-0.7177075499463429,-0.8515949342950788,-0.9362054917866351,-0.17577168848867575,-1.0453715817972247,-0.6277927574185755,-1.0038156349646943,-0.8555686553360752
JFPVXVDWJQMJEE,-0.7420171591600679,-1.159854714727467,-1.3354161371329587,-0.56203330986624,-0.2584196753793538,-0.3804855063269612,-0.5022545692146179,-0.44942724416124374,-0.9195243735066003,-0.6886237525777,-0.3843401355584719,0.3478815086962232
JGOAIQNSOGZNBX,-1.4273814379942185,-1.8441058112459263,-1.6466064993105702,-0.8168964468873718,-0.4051043537312661,-0.7259030452400504,-0.9560552700138623,-0.685080104653595,-1.1308203060233055,-0.8732231813517352,-0.7208883966186447,-0.5801946037443486
JGPJQFOROWSRRS,-1.3528587511423735,-1.7894544853042265,-1.6735626765100142,-0.9363348461954324,-0.6063278100762822,-0.7669878781396239,-0.993182350662515,-0.9094680777100654,-1.2983184101141907,-0.8941582844256483,-1.2786244702532923,-0.7983521289147884
JGSARLDLIJGVTE,-1.4220129882445076,-1.805058477099784,-0.16950446904659905,-0.8524253551589017,-1.1208786741227073,-0.9339992489584558,-1.0015132363767192,-1.1386118467969097,-0.9442965677175812,-0.8364432604440575,-1.5086407173882244,-0.856312595573963
JHOHXJYRVSLQCB,-1.2951558325649952,-2.02267631569159,-0.13978379030865087,-0.8995554624012988,-0.5205518712830399,-0.9639241901567084,-1.0337793766846817,-0.7230889431409794,-0.9653912997204792,-0.5178882902107044,-0.9539746423243702,-0.920533081383164
JIEKMACRVQTPRC,-0.8785282615960013,-1.464979397746128,-1.1710537109442343,-0.7808226883719982,-0.5054397303335857,-0.7078627665029019,-1.055710984714869,-0.8482093590195761,-1.1567960316502266,-0.6457508219662967,-1.2964875479910256,-0.6768554076016265
JIVPVXMEBJLZRO,-1.5887051246294535,-1.8779204791251611,-1.0767464130041589,-0.7197968931314973,-0.514810318526458,-0.7864357820361529,-0.9584099173673396,-0.20879686741276884,-1.3769922523216382,-0.6045092355238235,-0.5023490857137349,-0.9735143499081123
JIVZKJJQOZQXQB,-1.7501447506499272,-1.8910352218193227,-1.8307746594227587,-1.0559204016389936,-1.0706468682932173,-0.8366062366645195,-1.0842368537284872,-1.2927502478285062,-1.095656873730098,-0.4539256217107722,-1.9028638689344097,-1.2221705770342084
JJCFRYNCJDLXIK,-1.3864989811696247,-1.6268908695007864,-0.5513532494186494,-0.5680394726829857,-0.39412658586273136,-0.5692570737624046,-0.6245564076996273,-0.32766827657940023,-1.0637374770328756,-0.6273922708356519,-0.34507127010715494,-0.6416850898749388
JKKFKPJIXZFSSB,-1.3657467150284006,-1.9097172848487363,-0.9893495656831313,-0.9572125826189894,-0.7153903459695811,-0.8246372070748088,-0.9259492953733767,-0.3135325713991758,-1.1818308486168358,-0.7231870836698031,-1.1147690228071845,-0.7891112014924495
JKOQGQFVAUAYPM,-1.2986281962327582,-1.9010491497336144,-0.21112064257748234,-0.6296505160174324,-0.6092325859037908,-0.731063719585495,-0.9489723364407301,-0.944316217179137,-1.1577541525205701,-0.6598540997534776,-1.1852099981706186,-0.39475467913536105
JLGKQTAYUIMGRK,-0.6114937687817004,-1.3637300498675515,-0.8047978127489092,-0.7489076090985165,-0.328013507189095,-0.4263544241469564,-1.0270333067754829,0.25343120725014107,-1.0827968782364685,-0.4835400796527206,-0.7651651149111529,-0.33838525517159723
JLICHNCFTLFZJN,-1.3453393424918418,-1.7343239061058326,-2.607167713828511,-1.4484256067799597,-1.285411522469745,-0.7978134505135167,-1.1011239803933486,-1.769674015677228,-1.3211133570065727,-0.8774210072475045,-2.085727781420472,-0.998273899289253
JLKIGFTWXXRPMT,-1.32722545631439,-1.6927640202696637,-1.574992687397999,-1.0232105815432195,-0.7732815218623718,-0.845446261399394,-1.0127676473680673,-0.9149158650471068,-1.4119723780725497,-0.7695319029791249,-0.4178659802740819,-1.1474983915365555
JLRGJRBPOGGCBT,-1.5725271813946649,-1.7896186054772742,-1.6908353671146124,-0.7635688233940938,-1.1163961319776172,-0.8655198030144804,-1.0193440383463774,-1.0660547734236205,-1.3518075877304412,-0.4702421923660518,-1.2428866410637036,-0.942929812312333
JLVHTNZNKOSCNB,-1.4108560425379866,-1.7909526623330483,-0.7594863237348294,-0.7677536185948005,-0.6999812568973623,-0.854289092093097,-0.8517724502628541,-0.6133458001201573,-0.6931653272653662,-0.8850892811073791,-1.279089047260199,-0.09068337532092577
JMPFSEBWVLAJKM,-1.6730109277246776,-1.9342932548820981,0.6247521954357992,-0.7158404516785709,-0.37043550922215557,-0.7772613089208574,-0.9359867404566966,-0.24895690540195128,-0.8606986865577284,-0.5843058154865252,0.5686414741282554,-0.8323390843160448
JNMRHUJNCSQMMB,-1.6470243478520108,-1.7921646823506112,0.49216564884863834,-0.7130279313279191,-0.05691940977185485,-0.7683087782295973,-0.4992266498630043,0.12198468238399442,-0.6974647233507565,-0.2165011027868639,0.46352552202407904,-0.5399956239336079
JNTOCHDNEULJHD,-1.5274286928400502,-1.7150861376971491,-0.7373525086517461,-0.5009320871802599,-0.6686534314690695,-0.8816961936434171,-0.997277007903557,-0.8122648806103268,-0.616742113837661,-0.8047322679055655,-1.6448745217578933,-0.5220790929431632
JOAHPSVPXZTVEP,-1.2251444093968613,-1.6816821447047432,-0.6588100096989795,-0.8405827008353843,-0.6535922446177145,-0.7701746746919672,-1.0130003829119762,-0.6620689477094384,-0.6944744284253864,-0.8905818432950786,-1.4354065399701479,-0.5702963728802145
JOATXPAWOHTVSZ,-1.3275987100666489,-1.9418603202088722,0.24584876902752478,-0.6082920641358665,-0.1550620782992918,-0.8011688225623774,-0.3286643870964079,-0.27108729644051427,-0.8268022611814669,-0.43982901384350886,-0.7167401754830698,-0.8383011609313231
JOHZPMXAZQZXHR,-0.8859098344932621,-1.6629780947626374,-1.3022347848498004,-1.0346513543930818,-0.37617049544060277,-0.6899249739483957,-0.8210201700615132,-0.8523336763112461,-1.204744943155522,-0.5973416744545739,-0.7710303287142325,-0.5718650637242106
JQSAYKKFZOSZGJ,-1.1097751794826411,-1.4993816706155432,0.036842346387697844,-0.5939412652622892,-0.22763715616474262,-0.6880884613158321,-0.4087549876735167,-0.053559742740044096,-0.7135528326051146,-0.5708938022462036,-0.08192195676315386,-0.23016555770382138
JQSHBVHOMNKWFT,-1.6799499493400978,-1.8773065347424618,1.0087472431190707,0.7754155487894091,-0.37396974713154807,-0.7768688996613463,-0.8616774359941437,0.5507018008848703,-0.9023517935855205,-0.26841183582552275,-0.3417212435667803,-0.6555913000344087
JQXXHWHPUNPDRT,-0.5925299414834868,0.026123516787737486,-0.7992091728001983,0.020224797853522335,-0.5072788099778976,-0.6972808448780543,0.5408214342123889,0.524573523951172,-0.8757382374921359,-0.7953087553426971,-1.0687742128832398,0.1385416147479732
JRURYQJSLYLRLN,-1.2003070497703638,-1.4627241502818813,-0.8031472202723642,-0.6944805823386918,-0.6156830496074768,-0.8497877943518357,-0.8014080067143419,-0.09480251942496032,-1.0372400721507429,-0.5981325003157367,-0.9995863648744501,-0.9136003398576893
JRWZLRBJNMZMFE,0.5735255390996994,-0.06152563178436,-2.438421917185881,-0.7445244324208808,0.4988948602851885,-0.027716139174287353,-1.0001481764247118,-0.155089703098722,-1.200766655954157,-0.5199362030755192,-1.3370833439601186,-0.8222591904956602
JSDRRTOADPPCHY,-1.7159187726296818,-1.9525879027059003,-0.0018033811581097841,-0.6279076131124879,-0.8687453184051246,-0.8777706390525913,-1.079426775687534,-0.9783304974343254,-1.2159006269097803,-0.5275257504759134,-0.9505586217579751,-0.9212090703244226
JSWZEAMFRNKZNL,-1.367315343159885,-1.4021696701238997,-0.4884693406266121,-0.7422937039605956,-0.3866035780436156,-0.7252335684970029,-0.3896582816617417,0.09387229009188143,-1.009119332570128,-0.2726607882087052,-0.6922516831204837,-0.8827059461244258
JTEGQNOMFQHVDC,-1.375191289659758,-1.6739798237306045,0.04485385636605334,-0.9071104829638073,0.006147897798579029,-0.8112622297310621,-0.873118672452029,-0.08345497282766669,-0.7342088880021231,-0.2383164904255572,0.12586784971782428,-0.981413223878705
JTLXCMOFVBXEKD,-1.372587724852386,-1.828192015017799,-0.21674446324828825,-0.714584597548663,-0.6132717210988168,-0.8606919149524463,-0.9133693895891982,0.08549824008990849,-0.7902087960621365,-0.7387661116309786,-0.6339620105916499,-0.9873813110323557
JTVPZMFULRWINT,0.10253449152499805,-0.20913487917274384,-0.6039600608840016,-0.7207246396813003,0.8633949084469879,0.2797897012348601,-0.09657675028172547,-0.17531575596706023,-1.1162511420031818,-0.3835745462592871,0.4076559525749208,-0.5994856657294056
JTWOMNBEOCYFNV,-1.735882519984138,-1.909341626073469,0.7867994532031123,1.0906563572664836,-0.14923540003612448,-0.8363977190116032,-0.7636535168336575,0.8317819462184837,-1.2274246997934917,-0.2474263324562721,0.2281530424392011,-0.6548548580897544
JUQLTPCYUFPYKE,-1.3377716794460617,-1.5867549304569315,-0.6130113394169967,-0.7996000389452502,-0.5408669014617972,-0.7684074116161334,-1.0049028300160892,-0.12417111201110262,-1.072000651525269,-0.7100420533115069,-0.9545937710825081,-0.684188548428297
JURKNVYFZMSNLP,-1.0930996314409729,-1.9069306971543223,0.5419101143788425,-0.6586968173367028,-0.8145297302330091,-0.9203798817120701,-1.005868055635946,-0.7755414863108593,-0.8404186211255382,-0.29783022484957333,-0.9477542238823391,-0.5107784434244181
JUUFBMODXQKSTD,-1.0363079631506122,-1.567763765737888,-0.3488308603818322,-0.3868369314028507,-0.643481655336873,-0.6838311646851412,-0.7520359417670245,-0.22082654710598562,-1.0294440922407555,-0.7950703871536571,-0.9945269255193747,-0.4428176113990435
JVGBTTIJPBFLTE,-1.2041605353949036,-1.6162296603980466,-0.23806392392113604,-0.8205019337780879,-0.5338299409842417,-0.7998298907179413,-0.8727096722192191,-0.043440654966327125,-0.3039293486871986,-0.8330386808939809,-1.2774369780800252,-0.3690594260386562
JVJFIQYAHPMBBX,-1.2063034335429248,-1.781921078383851,-0.13695923575539512,-0.8533003996297247,-0.5059917012361381,-0.8087519152622511,-0.9235651214611303,0.07003465999725957,-0.6178374833072213,-0.7196385873881255,-0.3991738976591832,0.05241638483169085
JVVXZOOGOGPDRZ,-1.407778000455282,-1.8433494068620218,-0.6368270006340548,-0.9208957926281356,-0.6959389977864445,-0.756589510405937,-1.0499252402564192,-1.1662028616029523,-1.1365731409571704,-0.7373889490247267,-1.3735343331296759,-0.721594884844545
JWBOIMRXGHLCPP,-1.2761642636375392,-1.6312897502329626,-0.7573682614984417,-0.8266474748352933,-0.5068441489352042,-0.8269730095741794,-0.9933801148325982,-0.7565723852358249,-1.0869343196229653,-0.7187520542903899,-0.9877409007174949,-0.8841836004606587
JWCSIUVGFCSJCK,-1.4289452286731472,-1.7154525256479596,-0.050864203709228055,-0.8390588524642328,-0.09241868745099659,-0.505870853753211,-0.5441726772064566,-0.30336941078045837,-1.1897746038419106,-0.438083669097254,0.39874195016596625,-0.7330426011855945
JWDYCNIAQWPBHD,-1.5042050280495944,-1.9165076392322473,-0.9012265634167095,-0.8988091039909437,-1.0080979316078902,-0.9123698596286278,-1.0451170071980642,-0.5897125624657329,-1.1755524035855562,-0.776541174001419,-1.0607392207259063,-1.1829188866375882
JWHAUXFOSRPERK,-0.866310534758282,-1.5710442428281304,0.32640899049435995,-0.7666215191177089,-0.31525735808167216,-0.6712226281020224,-0.7597063596040086,-0.06789145257607994,-0.760541570853091,-0.7029425760505713,-0.0540459278257061,-0.2831466825117792
JWUBBDSIWDLEOM,-1.404231340476607,-1.6973256281964513,-2.190487304099032,-1.1297231936641692,-0.7546237262184459,-0.8766190930582117,-0.9381463676830815,-0.6785675447313915,-1.3431987669917147,-0.9589258413186416,-1.5209753186377466,-0.933657322132267
JWZZKOKVBUJMES,-1.1458816125833156,-1.5631056662465925,-0.5962205121857359,-0.56589703533708,0.12185228782517944,-0.4125783036410977,-1.0298823134467967,-0.42778590030024355,-1.4505447695663989,-0.3565556662405235,-0.07262626057721697,-0.9801697077527621
JXDFEQONERDKSS,-1.1824090747150635,-1.5983351643969474,-1.541349520340686,-0.940121156506194,-0.5896953503234831,-0.6818801130561124,-0.7714295011295098,-0.0779203962691049,-0.9030569554258652,-0.8067366200010113,-1.4263287913930556,-0.41603043721263516
JXLYSJRDGCGARV,-1.3770793722187644,-1.8360639794480447,-0.3877557148658659,-0.5520250740710302,-0.6091352321580963,-0.7698893264972687,-1.0582258925856491,-0.4484020889637567,-1.1132497715922103,-0.7585721332931834,-0.9211868546303759,-0.5480207087678433
JXTHNDFMNIQAHM,-1.3921824681743222,-1.8115635061468889,-0.24109359323697585,-0.8760640435859599,-0.7980131600794848,-0.870578365897061,-0.9920418661590906,0.025109700273413943,-1.0839079862652619,-0.6144820719470727,-0.8552595411117795,-0.7850340966960219
JYGXADMDTFJGBT,-0.9052668917704795,-1.5240080038852173,-0.5169100460608196,-0.7189197775408205,-0.5651392677283902,-0.7250568022082835,-0.9952281887125134,0.15968379526295073,-1.1022444762567818,-0.5929722941230031,-0.8663957390787386,-0.7542434252794891
JYJFNDQBESEHJQ,-1.1918723594535425,-1.5254286310240466,-0.45354966446585765,-0.6507215103107593,-0.32413977895787405,-0.722631924693053,-0.6749983499335698,-0.02597055867174982,-1.1969752379446783,-0.2921013115703607,-0.3634929166518668,-0.7458751162555146
JYJTVFIEFKZWCJ,-0.9735223458181195,-1.452622737806348,-1.8505630637190817,-0.7485211740137165,-0.24747390433347055,-0.5308955380851608,-0.7169576813001723,-0.4209811014317584,-1.1478038572747287,-0.5166446678496889,-0.8580995669766752,-1.0023129497715568
JZFPYUNJRRFVQU,-1.3277244614501842,-1.5472458485779172,0.395586680404935,-0.46504121676805005,0.12869682543676925,-0.5771180641083354,-0.22691380231073638,0.41913130995227743,-0.9247206997659513,-0.3177042595419659,0.8627851380459015,-0.3402244747654218
JZQKKSLKJUAGIC,-0.7591287076620542,-1.4454093794866552,-1.353609981979655,-0.9233307551171238,-0.6409820666758108,-0.7039111340714912,-0.8493182789910625,-0.8509670174975971,-0.3355212408376879,-0.5163564303087691,-1.556286969049919,0.11800457777603568
JZRWCGZRTZMZEH,-1.4195207792920455,-1.8201099168396753,-0.6575448662019961,-0.7352200101268875,-0.5211307818782647,-0.8744004294521756,-0.9130601858716986,-0.4608986518655896,-1.0883312324674508,-0.8026866560500165,-0.84615199509351,-1.0758958387257564
JZUFKLXOESDKRF,-1.441934869599238,-1.801393155664338,-1.7524692744708754,-1.1171460368191428,-0.38117707357057645,-0.7619972586454278,-0.9089945624103863,-0.4923446923262429,-0.9919674090829442,-0.8879475122201849,-1.5301956183534566,-0.917782334518698
JZUTXVTYJDCMDU,-1.5254034453930136,-1.7904007341447217,-0.030418219144051,-0.4937659606616927,0.22944353885916224,-0.2569070231141693,-0.5146643941552014,-0.11227161362881327,-1.0993414989165349,-0.39874487457506513,0.5322809727788431,-0.5055323389476298
KBAFPSLPKGSANY,-1.694709595247223,-1.96520488698087,-0.9479591054996301,-0.8997675460503121,-0.4570696264246221,-0.7900779249121286,-0.9885948068009931,-0.6692538851450744,-1.171529648469292,-0.5139207032762134,-1.633996088358514,-0.8131665182884661
KBDSLGBFQAGHBE,-1.7140506281260999,-1.4799659994604564,1.166622141539326,-0.6190558017279294,0.5207837872409435,-0.06554685200044588,0.049395225427776315,0.24571469647104632,-0.5678954576968238,0.016335937309590723,1.8856572204612458,0.5605286957824378
KBOPZPXVLCULAV,-1.3205805262952284,-1.776556354670361,0.22706672287287524,-0.7711110398285349,-0.4660737352236215,-0.7494072797423027,-0.9525526744214878,-0.41452855785092046,-0.9502254993303496,-0.4375419798410607,-0.24884667410081643,-0.5339123007365387
KBUZBQVCBVDWKX,-1.533267911771902,-1.8046072925008212,-1.448950079420989,-0.7627400500596668,-0.6275987550198143,-0.90035953588218,-1.0946057022123377,-1.2510170261175988,-1.0866180159222951,-0.7696389268992101,-1.7640669256940584,-1.1170623740071397
KCLANYCVBBTKTO,-1.1949700538357486,-1.6479938178189935,0.03652117169916298,-0.7067200871604604,-0.09540742253277698,-0.5184460757464269,-0.6545695214381411,0.09365021374522058,-1.0568301426829527,-0.37611185115831397,0.2174106777313376,-0.601388542092126
KDLRVYVGXIQJDK,-1.1504955329537991,-1.2719867567002368,0.45825225426395133,-0.90291172093691,0.18526478376197805,-0.44496454163946586,0.47700550565951594,0.6776775770015777,-0.2654161369964741,-0.08482738688658076,0.8383099309134863,0.11796830297744999
KEDQCFRVSHYKLR,-1.5323604410009553,-1.8574072764627256,0.27140933074141105,0.7769685766376264,0.1456731971496704,-0.6410141036057766,-0.8864106274466976,0.3105541573093083,-1.0942542116638805,-0.2474667343777036,0.3122744086694122,-0.6747665449026125
KEEYRKYKLYARHO,-1.563196254547662,-1.919649889838694,-0.04390339999342674,-0.949861237770047,-0.616647962416329,-0.811543160694326,-0.8599210167547486,-0.6487262559402166,-1.1216704974340497,-0.5257784728404382,-0.6545834596258687,-0.9171292389380687
KGFYHTZWPPHNLQ,0.6894500891660988,0.5390423161162878,-2.0207633648819097,-0.4448258489585837,0.36427265858159297,0.04160238230266357,-0.512606409936144,0.12684638130353232,-0.7854031927315968,-0.6575516572035675,-0.29321591328209223,0.23056465884752472
KHOITXIGCFIULA,-1.64525365491497,-1.9062216069618882,0.4510891559974037,-0.7598510292292928,-0.7903948001518287,-0.9372134789422965,-1.0839332838320626,-0.7122368963909085,-0.793825094727216,-0.7413375090082857,-1.453968482699327,-1.0001183846394293
KIQQMECNKUGGKA,-1.357824791323419,-1.6200747475246358,-0.14180698382883133,-0.6372961293160505,-0.5786274871645161,-0.739345429299014,-0.7409980679245332,0.027600179409723792,-0.5753128985802183,-0.6844921571372713,-0.9391427237975841,-0.6551596224635958
KJADKKWYZYXHBB,-0.6959105267073034,-1.5802722950083297,-1.2477768384597065,-0.49291409777569356,-0.4457854287507427,-0.5155570656829849,-0.9888774631341444,-0.3496094751239609,-0.943436709349166,-0.779419518696479,-0.7466610313504132,0.2968508727432772
KJFMBFZCATUALV,-1.1345304278543953,-1.3422963140061128,-0.6400940608649189,-0.6530012109270464,-0.6226210003066718,-0.7928272381249012,-0.5625922914561298,0.21040518821403564,-0.8201636672643262,-0.5676429356299381,-0.9841595367854995,-0.7695853238354694
KJHKTHWMRKYKJE,-1.5599518084932984,-1.7007133135038977,-2.103281168641696,-1.01122096119528,-0.8494472753836734,-0.7683661597952738,-0.8861215180620065,-1.0120264937755656,-1.4229343185109098,-0.8372648174493568,-1.539335549923526,-1.138378510892137
KJHOZAZQWVKILO,-1.5089440644503544,-1.6848154125582568,-0.6574774666221771,-0.5348851113035245,-0.6637536002527802,-0.8265676657619939,-0.8778273068034848,0.12012091442740118,-0.5448798018688606,-0.7424792652124977,-0.783924196554752,-1.0712936980237402
KJONHKAYOJNZEC,-0.16242465899846129,-0.08794399316954984,-0.7402728598726761,-0.405041129101228,-0.16096646347959098,-0.23954690303145337,-0.8446756275733398,0.290102268280052,-0.5080099709270863,-0.7777182029836199,0.4690491943413778,0.5311758726205091
KLBQZWRITKRQQV,-0.8206017612528242,-1.3725902135406503,-0.5694525355730224,-0.5247501542942166,-0.411339883251695,-0.6535408558235226,-0.9071242465327893,-0.36037086095642806,-0.0883359224858826,-0.6626426682349928,-1.108215020670113,0.22645018065316477
KLPWJLBORRMFGK,0.8770976090130344,1.446720755686341,-2.063468909924385,-0.7527590531104508,0.9851374253982832,0.6170715532209674,-0.8672251429471609,0.10918187998532985,-1.3224367278642501,-0.38480124580543557,-0.23710029920711986,-1.1180991286561763
KLSJWNVTNUYHDU,-1.431454015284164,-1.838332590592824,-0.37501189734577006,-0.7914056751072162,-0.4140253541197155,-0.8290826945217982,-0.9114858785525628,-0.1992825002120641,-0.9963330615198721,-0.777464217898692,-0.6274075880269384,-0.7612140019530323
KMPWYEUPVWOPIM,-0.3483593116264116,-0.3443822797347783,-2.3558278630797425,0.09068355326293144,-0.12829791338503818,-0.39041237480078844,-0.5364229143757053,-0.1368034963283729,-0.588411969295493,-0.6916805955956317,0.1633087650976402,-0.037966649173850016
KNAHARQHSZJURB,-1.1869701031023485,-1.4328877036147887,-0.8609035948063308,-0.6937257430176593,-0.424260658251358,-0.7248848105092838,-0.7717897366896606,-0.5235513401276151,-0.4120537688306675,-0.8772296085235586,-1.1888995325594303,-0.4830111559772825
KNHUKKLJHYUCFP,-1.4128604997153011,-1.6539956468687933,-1.0347944707548282,-0.4891290548836228,-0.3680663480274783,-0.7738671677523401,-0.7239498998802865,0.44381381953425136,-1.24620465907311,-0.4181654549427319,-0.23069795447230781,-0.5094649386677619
KORNTPPJEAJQIU,-1.3949546010400773,-1.708815155147581,-1.9485401712491563,-1.0677460083838903,-0.869427973962274,-0.8455470894117154,-0.9780103675649174,-1.104509540401569,-1.4243992481412986,-0.8423150494128524,-1.398387121364511,-1.2939318201998737
KPJZHOPZRAFDTN,-0.5407477588618017,-1.4540711018933903,-0.8884574926169251,-0.9498970169769205,-0.6368210641513947,-0.6974465855096961,-0.4207473699553783,-0.0933332149220949,-0.762197206552068,-0.88618934123436,-1.121351536295565,-0.44805539576553044
KPQZUUQMTUIKBP,-1.3701065795080178,-1.6978808154306417,-0.887474099699976,-0.37640213330359734,-0.08361867589406542,-0.7386186512509944,-0.993826748895284,-0.2818228897341158,-1.3356787912684112,-0.5327862525669048,0.14759707568255656,-1.0132260113276004
KPSRODZRAIWAKH,-1.5491896681771273,-1.8637441184741035,-0.8139988727695256,-0.8328086775641754,-0.4394387927969451,-0.7791010863952726,-0.8963667877791249,0.024189396211709024,-1.1369078004805464,-0.741228369754415,0.2685052465269445,-0.6528341922156854
KPYSYYIEGFHWSV,-0.8250560160617837,-1.5096083864217507,-0.7038336962731124,-0.24617543278763607,-0.26568234898694487,-0.6687972918131108,-0.7740711260631101,-0.4943600094963322,-1.2782611594386728,-0.7566714592242305,-0.41251241878333944,-0.993933563665724
KQKPFRSPSRPDEB,-0.4587031736406768,-0.7064800334658295,-2.245300011626409,-0.8201893005311627,-0.2506949934733508,-0.2830460883925828,-0.8267501253534626,0.2276950873305101,-0.46788566414542215,-0.46315643815225754,-1.1634186411134635,-0.30920055671486013
KRMDCWKBEZIMAB,1.4732141741236513,1.9295122339059771,-2.4744439377613716,-0.8882952588745046,0.3017921722846183,0.11336932948710716,-1.123020965544479,-0.7023256084378018,-1.4533327298551202,-0.7254504956078369,-1.4518017721961183,-1.0838580523792871
KRVOJOCLBAAKSJ,-1.1924648732164398,-1.7051721012463903,-0.7505227389908972,-0.8893371413839342,-0.24364689094343245,-0.7072057485054215,-0.7640440322191323,-0.6145290745403117,-0.7570444663976672,-0.6985737727387019,-0.6649629718890101,-0.5820876168706629
KSCFJBIXMNOVSH,-1.5407614279718471,-1.978534838513811,-0.434251909734096,-0.7003983509190882,-0.7691531749809213,-0.9630363783571425,-1.0846547603234469,-1.097313526162216,-0.7428828862468614,-0.701693723515175,-1.4365120788410273,-1.1574424232558118
KSMAGQUYOIHWFS,-1.817893008364571,-1.9860491143467216,-1.6559747114075347,-1.283658690615481,-1.06437043244354,-1.0764391713611596,-1.1642620061484108,-1.5141472901867086,-1.4764146237678428,-0.8698887864033804,-1.5414575570996019,-1.699237541780959
KTEXNACQROZXEV,-1.156428914573104,-1.9743983103481884,-0.03538720402886701,-0.830356801928789,-0.014349953217535977,-0.7974761011824422,-0.9965853138797215,-0.6592428768693753,-0.824225707163686,-0.2600217004151908,-0.774102376191816,-0.6567400151752528
KTHVBAZBLKXIHZ,-1.5244199966698637,-1.7604513477707262,-2.666761794724956,-1.348366356940078,-0.9672718660638981,-0.8296420310247372,-0.5663178162661874,-1.1169759373530868,-1.4242847962012004,-0.5127290655939627,-1.7208460553068994,-1.2381522647983139
KTUFNOKKBVMGRW,-0.9477712602619748,-1.3889816620676847,-1.4262347242401503,-0.24845235420534845,-0.4276781671510857,-0.5194882637000002,-0.37540388642331596,0.443462654483752,-0.31855104346833557,-0.8282750196671173,0.07179736064799379,0.5272172125947184
KUBONGDXTUOOLM,-0.9011063026501536,-1.4293055935529242,-0.6841670280853,-0.71803025674989,-0.43488489641318023,-0.6531151046179515,-0.08951434809972503,0.14591042951510452,-0.5474048925976673,-0.6467060244460037,-0.7109962776268179,-0.5904503196921106
KVHHQGIIZCJATJ,-0.971720238340716,-1.8127369996958675,1.3868390913248536,-0.4221907958046191,-0.014283850652228753,-0.7303639993736323,-0.23682197652683343,0.19321961128245876,-0.06806445045781917,-0.3020697081420953,-0.12627380113792433,-0.17762160034514707
KVWDHTXUZHCGIO,-1.4966964836636865,-1.9433008972692192,1.4694261641695134,-0.38687614774334456,-0.16550822901998516,-0.7746261403110615,-0.8350669875918177,-0.06092953980018289,-0.8242212187229283,-0.31190485486219566,-0.5180685868876675,-0.4633651390828149
KWGRBVOPPLSCSI,-1.374373542755511,-1.6230300687096417,0.3503665565255242,-0.6735998853519823,-0.009972822951221105,-0.5937183045129101,-0.6033700934228637,0.028451919085380993,-0.8972442110041174,-0.1942839362117377,0.5557012969002425,-0.28866107778994143
KXGVEGMKQFWNSR,-0.6356143909560351,-1.322491780755285,-1.5563719675239789,-0.9240529036787087,-0.05345327261539701,-0.5911057126801837,-1.0946865835803155,-0.5054213702862962,-1.154227166184774,-0.38700792319698457,-1.0354783515662975,-1.269944999020368
KXNPVXPOPUZYGB,-1.4672876129818673,-1.8924141816364917,-2.545774109263729,-1.251794634933661,-0.9878566586792978,-0.8493202694441842,-1.168342664642126,-1.7453521519873691,-1.184038298403312,-0.7685755952098772,-2.0140470040326726,-1.2169445564470533
KYGZCKSPAKDVKC,-0.9313063730854608,-1.7670476691851325,-0.32130230861650566,-0.6815902894155175,-0.579570104906303,-0.7768295413642091,-0.7850012277404869,0.1913657658208115,-0.8520437743071381,-0.8155057528414871,-1.1146228785080243,-0.9382775760862204
KYLIZBIRMBGUOP,-1.628298889025619,-1.947200424536234,-0.8976871054106962,-1.007686980879872,-0.8745837467494364,-0.7640637181627634,-0.7492417517744462,-0.4838109182261924,-1.1568205279303507,-0.7038329174250875,-0.8624844183152945,-1.1282303132707496
KYRVNWMVYQXFEU,-1.458873359272584,-1.6610319696127656,0.4463976432056259,-0.522762994714653,-0.594884832641896,-0.913849084054114,-0.9316470880011346,-0.03429742855690564,-0.6802071204095698,-0.6914222567490781,-0.6152755569544455,-1.030128682424809
KZNIFHPLKGYRTM,-1.0006872015159411,-1.5612123502686055,-1.9638134574223445,-0.8586018408128185,-0.23445869556610566,-0.7989407530379974,-0.5731500616873528,-1.1020016179073866,-1.2465353144080396,-0.8091557147602041,-1.019145859345798,-1.1637033278773088
LAINPTZBIXYTIZ,-1.216236722509954,-1.5012251661899638,-2.9874655041951117,-0.7137011544613037,-0.5999875612144423,-0.5840757221001276,-0.7250177346468748,-1.0160926864584585,-1.2186686732589431,-0.7562783212044264,-1.6220542687276382,-0.7297008876957768
LBHIOVVIQHSOQN,-1.3017766137490547,-1.7899347882572543,-0.9907773727722675,-0.8845266589372477,-0.6687459019471297,-0.8249288529138474,-1.025905539323965,-0.7456013377693186,-1.1991000303721329,-0.7142672202250518,-0.9181588085122043,-0.7184665424260256
LBOJYSIDWZQNJS,-0.9948240778808961,-1.0977770648720506,-0.8239395231919983,-0.7298521386449355,-0.9661647871195047,-0.6233179929259696,-0.4496250739162756,-0.3884239741864422,-0.9029143388847094,-0.8569319329423062,-0.9949695822596566,-0.47822920353090126
LBXHRAWDUMTPSE,-1.0308091885644983,-1.5687847259796328,-1.7306204973509864,-0.9247473460484397,-0.25002905842795276,-0.68858142566525,-0.8824671401371161,-0.8687437932630551,-0.8550265660664389,-0.6900272093555738,-1.1281991816146935,-0.8421018849322977
LCFVJGUPQDGYKZ,-1.550866447081083,-1.822569394385029,-1.4702863213743882,-1.0860083112214212,-0.9050123871518841,-0.7828870205203096,-0.8732411371581591,-0.5746616138181623,-1.3212870752641463,-0.7759628735725422,-0.7630198707210113,-1.1162501996184435
LCTZPQRFOZKZNK,-0.7830661444607717,-1.0538794210258022,-0.6224351365468436,-0.13593410528283598,-0.2869252933291942,-0.497446799667125,-0.39315855708195846,0.5776054800707268,-0.09109166354369795,-0.7992300337704237,0.13404508599258738,0.7021485518571954
LDMWSLGGVTVJPG,-1.6024987660001049,-1.92705661927405,-0.9059382052181455,-0.6107981014358629,-1.0430821378384734,-1.0001234976294713,-1.0517867118482978,-1.1725357524849054,-1.30333729910585,-0.5655235857574452,-1.4601228216853717,-1.1887069152310048
LEBVLXFERQHONN,-1.0466351073743934,-1.5629500227786697,-0.3951142260716841,-0.7550117658681992,-0.2379341665522221,-0.6574705208995753,0.07019754759113873,0.5979833564789243,-0.5911422442723313,-0.6390177165871403,-0.30541772001821516,-0.5864009747550876
LEQAKWQJCITZNK,-1.5423018241086335,-1.781783610000061,-0.7491283350281608,-0.6515659474228167,-0.42675246056393007,-0.8515798150074408,-0.9523895611423361,-0.18660573196030175,-1.2671848988912575,-0.48092671985936264,-0.4742949578828006,-0.9879124010247484
LEZWWPYKPKIXLL,-1.4839852499794506,-1.7098893919573412,-0.7902992387586567,-0.4546764534121771,-0.584139786028099,-0.8762168799695957,-1.0293141542568687,-0.06679208866938363,-0.8316971144133993,-0.5330606972369126,-1.2079349384750062,-1.066179654703993
LHGVFZTZFXWLCP,-1.4431455713893533,-1.7682282723205434,-2.1116051080134994,-0.967536265483163,-0.520099505582177,-0.7438557894196779,-0.9132843412649188,-1.0954111140658418,-1.318928761341065,-0.8381494603305903,-1.1576358327840819,-0.9422174043379705
LKBFFDOJUKLQNY,-1.2042074357460733,-1.6504989074893943,0.0891898533182565,-0.7041918314312827,0.03524848789404006,-0.39526558791460575,-0.5014748312167618,0.6287795157814184,-1.0439653516961038,-0.09970088822765769,0.20032222482887824,-0.1373655687418554
LKCWBDHBTVXHDL,-1.294877708929446,-1.6334164871588952,-0.9361582483901496,-0.938090647682283,-0.6465764501529714,-0.6924329384677824,-0.8396665790656137,-0.10137646566496909,-0.594658279044775,-0.6133838199200186,-1.2194250980525407,-0.008827514392669222
LKJPYSCBVHEWIU,-1.2916922941538138,-1.4308501486265661,-0.785775961762632,-0.7055392849712786,-0.6719591980350951,-0.7439161499674245,-0.9298746360897292,-0.3376747754488442,-1.0451721262173919,-0.6526092486752371,-1.0643509553879866,-0.6980760234896392
LLJFMFZYVVLQKT,-1.6884542319211084,-1.9675483213241052,-0.26884189072963155,-0.37798929104541923,-0.3801484789211472,-0.7868771048309476,-1.0365961520924836,-0.49664589647219337,-1.2170865380374873,-0.5723824226918972,-0.4503252346080871,-0.9312230551215585
LMEKQMALGUDUQG,-0.6669065046146117,-0.8838131875226725,-0.12323071441066177,-0.36534251767781567,-0.2027597795615248,-0.4116996732815105,-0.6358699924919446,0.5856193031759619,-0.7038588136642178,-0.49582354567480785,0.40946706658716486,0.48640326082047197
LMJSLTNSBFUCMU,-1.4790420149880954,-1.6322700355563666,-0.4495904683968317,-0.7383692879966626,-0.4575207725617879,-0.7670096985871534,-0.6204932200706272,-0.03811582806444279,-0.9148049400122367,-0.4389628321387012,-0.4515439258781779,-0.5502097320531726
LMOINURANNBYCM,-1.3483578267993597,-1.7409169133615832,-0.7174714493499299,-0.6483670556032565,-0.4389251543331343,-0.7026116084326433,-0.776646659694139,0.3235314711443784,-1.1771415094605635,-0.7538829565348255,-0.7729748668790706,-0.6440804833549032
LNEPOXFFQSENCJ,-1.4859574898016532,-1.7763698340919745,-1.7306648253153927,-1.0197416902658158,-0.1910738001580335,-0.5944787713942729,-1.015679858889488,-0.8017340569470252,-1.2285331200640128,-0.597050319197237,-1.1186235917390392,-1.109240545395881
LNPDTQAFDNKSHK,-1.4378216100870407,-1.7170917838819173,-2.712816814406545,-1.2037824562613544,-0.8010383995453463,-0.7428634139009755,-0.6534390564246741,-0.8094487069732353,-1.423232938046564,-0.9029543895809837,-1.5868242067233007,-0.9669388190660687
LORDFXWUHHSAQU,-1.2206794333549078,-1.6883893349901242,-0.007816998082084536,-0.0856115512063198,-0.3565370181298083,-0.7179709772724829,-0.3614963753591631,0.3546171266719777,-0.8179802166210531,-0.38962819095667084,0.03949437730143104,-0.37231548661210356
LOUPRKONTZGTKE,-1.2640724990632848,-1.745879689018263,-1.7016248319673635,-0.9807294184169949,-1.0376426026065093,-0.8522128043375228,-0.8820561642901408,-0.6339647641644965,-1.1300225826297865,-0.680512049655181,-1.396814286102597,-0.9720923003220469
LPEPZBJOKDYZAD,-1.3955810030155515,-1.916511689826977,-0.8672082248439139,-0.8964117530929124,-0.8200247431610329,-0.7867675190288469,-1.0662288689753467,-0.9210512732217839,-0.9897564632203292,-0.7016622865101366,-1.2030872437681681,-0.9108863813670112
LPMXVESGRSUGHW,-1.5492053946525393,-1.780232171275655,0.16877381647695214,-0.5929675325930555,-0.08512723200694008,-0.6462678649824568,-0.824165813671581,0.18664826085348282,-1.0131797378829144,-0.4368337561821627,0.3018422908087175,-0.6755164931754096
LPQZKKCYTLCDGQ,-1.6386227878858173,-1.8061469161501442,-0.8712229701746366,0.09794910909388263,-0.3871274089317314,-0.8453574316200297,-0.9825026164541693,-0.3676416669463153,-1.2185473123771018,-0.4654830477161034,-0.7798171530316031,-1.1551516099723504
LQCLVBQBTUVCEQ,-1.6286006680570475,-1.9179501584582348,0.9194508306290328,-0.904611517564171,0.6611790425613349,-0.54766641900302,-0.5591422308189918,0.5999472854906589,-0.08316927259789964,0.2269628691007845,0.7637191067854985,-0.5511224249836854
LQOLIRLGBULYKD,-1.357352600564621,-1.7075611563323985,-0.8343968980291904,-1.0045237276142291,-0.5208274071663559,-0.8648838564616188,-0.9402116188812946,-0.1948900439173656,-0.7507998425922056,-0.4893218044851998,-1.4128325089977218,-0.5458830828428368
LREQLEBVOXIEOM,-0.9088234260523486,-1.6079992402179502,0.6279788415540685,-0.7926021717689335,0.17006436981224077,-0.6796732743193116,-0.7331070936544116,0.36975215988144006,-0.4677598125939464,0.040792265567462,0.36494986379050803,-0.03426845655777687
LSLYOANBFKQKPT,-1.3741010724740648,-1.6774593083964602,0.3842725786489981,-0.5109197345119403,-0.3243134007007422,-0.623741437723463,-0.9887131021205315,-0.29726604381266825,-1.1088571051440244,-0.5223802449336892,-0.6600634322641102,-0.5990292004314359
LSNWBKACGXCGAJ,-1.2488482015252114,-1.720949410575254,0.4770190320463058,-0.6714965479927612,-0.27519294431739066,-0.6469021786352648,-0.8985626775612479,-0.17964885968020675,-0.6233114764498203,-0.722936613147405,-0.7699196865694299,-0.24250051803325817
LSQZJLSUYDQPKJ,-1.2387203410671557,-1.7562122670674263,-0.020030984962672402,-0.4381896555123234,-0.13596966359554277,-0.6865268260014756,-0.8059645259291434,0.05325842710196494,-0.7868757892278052,0.09070193850053303,0.4536162100684983,-0.20863883884900358
LTMHDMANZUZIPE,-1.4912919244742826,-1.7608497887754488,-1.5013392161214156,-1.0489932873952885,-0.5169095580468774,-0.7606313456932045,-1.0055804434747735,-1.0567879222732706,-1.032610179669455,-0.5508704250370225,-1.1451235327112261,-0.7945693542958745
LTRANDSQVZFZDG,-1.5275045663345317,-1.7474788542431083,-0.3823108123131562,-0.781795767434473,-0.7399136375788536,-0.820465694490086,-1.101801995220205,-0.7267302738883705,-1.1853058123895415,-0.48974844618491226,-1.0478428904977743,-0.9668939665153238
LUKBXSAWLPMMSZ,-1.5641494243027327,-1.8476394887449303,-0.38599343489654936,-0.6872979071098004,-0.6419951741412703,-0.8344757185148437,-0.9553745769287535,-0.20724894215661693,-1.1143157975469635,-0.76866095363765,-1.1313809895560563,-0.7896846616789088
LUZRJRNZXALNLM,-1.3266696697613478,-1.5959603585154305,-0.7734982153230353,-0.507267148425524,-0.22690575517919387,-0.7924451673448345,-0.674974358192737,-0.6620157347476686,-1.1467989593106562,-0.4166133612515938,-0.9050330221365777,-0.5386693933284419
LVWZTYCIRDMTEY,-1.4360992496664082,-1.7855757888701824,-1.6424097555072563,-0.719382510842241,-0.6024355175749851,-0.7367837690899275,-0.9895603358439647,-0.9872932978690918,-0.7478556978446205,-0.6989936595744383,-1.6484475401512468,-0.705696628278904
LWAFSWPYPHEXKX,-1.3888600569832423,-1.8227470769621126,-0.3597315047253564,-0.9111528393233036,-0.7892984148839596,-0.8549860228121311,-0.9231587074948008,-0.5281216304324834,-0.8559021585276335,-0.8338486649496062,-0.767036267536999,-0.7448573189053332
LWQQLNNNIPYSNX,-1.4679419610825628,-1.8328184150250593,-0.80271849484709,-0.7870218477892994,-0.30893957325641264,-0.7877982021383194,-1.0143540581334602,-0.5635441004888899,-1.1032432109344477,-0.77659105819805,-1.0988116228218332,-0.9853859339027878
LXNHXLLTXMVWPM,-1.201148221494091,-1.7642806220795069,-0.606431800554614,-0.6187731348479654,-0.2768309282737602,-0.6407426861918676,-0.8862554326091818,-0.12607595257735446,-0.9010290045691453,-0.6863306966281413,-0.5980398735365346,-0.210862730490486
LZFZMUMEGBBDTC,-1.4224905653891917,-1.7579099055515075,0.3561262599846447,-0.728903643970339,-0.6247412177619388,-0.7239150438252043,-0.9726845086449901,-0.5917066899501338,-0.8494063236830243,-0.6643538544153158,-0.8355817392714403,-0.6728853577098591
MAEIEVLCKWDQJH,-0.9426346581905254,-0.811063445297638,-0.9800408259554236,-0.6351386312081725,-0.7813727941961259,-0.6054725731484054,-0.294699697363891,-0.43802334269006793,-1.0856403228018263,-0.77214304705464,-1.1167434372723901,-0.5969435824269489
MAFMQEKGGFWBAB,-1.7076473022545238,-1.978736051627616,-0.7099293723733633,-0.7384403766590154,-0.3842876595669758,-0.9095113597007555,-1.039764190408863,-0.6924328146111915,-1.0310998928678932,-0.7123270500742255,-0.9792652316104521,-1.0746281787173502
MBBZMMPHUWSWHV,-1.2955950295113219,-1.6701864283776624,-0.9555095288703721,-1.149715757028137,-0.7367113700228509,-0.7230380130604557,-0.8802653795408295,-1.0320758204112166,-0.970808613176921,-0.7886440358405183,-0.9568505942205832,-0.1816443373791245
MBUVEWMHONZEQD,-1.530293266772881,-1.9112081771277563,-0.44844495522459604,-0.6992269137741433,-0.5168391184595867,-0.9618324299066701,-1.0144632380791558,-0.7301503643694909,-1.098525913760035,-0.34324792176156893,-1.1852043521259703,-0.9473710715467212
MCMSJVMUSBZUCN,-1.3539525246376536,-1.8548726214319595,-1.4388827451861657,-1.0206039824049276,-0.9323499137799013,-0.831811059552004,-1.0373411349272488,-1.3623083741490298,-0.9821719728987652,-0.7330271990485571,-1.9524476516260392,-0.564045941147308
MDKGKXOCJGEUJW,0.6577407902823394,0.3738659839488941,-2.30669036542908,-1.0220865057854227,0.2333369865294742,0.18110113518236454,-0.9808052768583468,-0.6691267726506117,-1.4729369757531725,-0.5835028353100281,-1.2322336163092724,-1.1607055141171583
MDLAAYDRRZXJIF,-1.4900725690148133,-1.860936603417389,0.16413965299884475,-0.8449778209931582,-0.5345925569923408,-0.6910013376548282,-0.8969494944905378,-0.7414910967045456,-1.1338377222111877,-0.5030460512990057,-0.8937971463813774,-0.7574378213948685
METKIMKYRPQLGS,-1.371073777046188,-1.6930663356887738,-0.8945341361129923,-0.793844225864566,-0.6783284083855321,-0.8413131016051155,-0.891188010341571,-0.40620236209398186,-0.992834183380245,-0.8062757959155409,-0.9937989156601876,-0.6439000741762689
MEZLKOACVSPNER,-0.8646898524077963,-0.6954847275295584,-0.8597710012163702,-0.6861837298119796,-0.833456136993311,-0.5332909684829034,-0.18455284901885038,-0.2608663111008071,-1.1186727866904576,-0.7947179276303782,-0.918472798507562,-0.5785515835190816
MEZZCSHVIGVWFI,-1.628202859692721,-1.9030412350153707,0.18864885063320114,0.9974705076753972,-0.7278562202582441,-0.9708957097589985,-0.8851454594262933,-0.6170977084785334,-1.004924984354549,-0.7851574552325679,-0.6315646833073144,-1.1203274978103426
MFDFERRIHVXMIY,-1.1468389904104523,-1.6452756507253112,0.1866649531036056,0.31668127458988515,-0.11174205570201087,-0.7249734579229277,-0.4482726378488149,0.635153119477303,-0.3660052390396915,-0.638553069166812,-0.1716500181957299,-0.11604355026545106
MFWNKCLOYSRHCJ,-0.167682665592447,-0.9593535394925905,-1.9055479054443345,-0.860025428392929,0.08222607505594075,-0.47853096869724454,-0.9465384258220741,-0.24772706990644827,-1.0337349712943833,-0.38569070225791996,-1.4765692970639177,-0.4784475457122115
MFYSYFVPBJMHGN,-0.7534250448765181,-0.9044817753396089,-2.27918959933578,-0.5463277700818514,-0.15326704195226448,-0.18375418443029723,-0.3223561570999944,0.4443087126713109,-0.8657058572757411,-0.37485412979596006,-0.7235250757579835,-0.24153598323057046
MFZWMTSUNYWVBU,-0.7724643165410252,-0.8013762690024506,-0.21874806405841707,-0.4345432387515006,0.02952387466228264,-0.15691015813896153,-0.5893880669467989,1.1098085174153476,-0.8304842945928361,-0.4480985387030044,0.3505415370692959,-0.6088046916408266
MHWLWQUZZRMNGJ,-1.2560049272138336,-1.330050727705533,-0.2013619638850212,-0.6134166069906452,-0.19313527604692465,-0.5295619249198198,-0.7280683367501527,0.4454502537108462,-0.8942780919997388,-0.1977402135123349,0.23070680742673066,-0.6105694346827737
MINDHVHHQZYEEK,-1.1353945467701445,-1.7966215786346658,-2.420989714742398,-1.1040166118807266,-1.1454832352859654,-0.8482260817229281,-1.0412815707300198,-1.6034150792485833,-1.493727789912736,-0.7905460053322181,-1.641472334273612,-1.1904563229922727
MIQPIUSUKVNLNT,-1.3189867225071803,-1.6230961970492126,-0.433514896015055,-0.3271453461886626,-0.17456547668971173,-0.5351263877267943,-0.8874721403117869,-0.38422272552790987,-1.2544497051851484,-0.5632807007939891,0.15865059794444217,-0.5416111742265948
MJFJKKXQDNNUJF,-0.9108426480528499,-1.2757503676197457,-2.9152203300463206,-0.48526302636981916,-0.5302404006539173,-0.6506416903213238,-0.9600500097308786,-1.2697359358346048,-0.9998494726111942,-0.8090880164430901,-1.6141865806850193,-0.28293230764213667
MJIHNNLFOKEZEW,-1.2231471095841726,-1.654045276143283,-0.8403253417661247,-0.5440600421060652,-0.02990086731902924,-0.5782700890313461,-0.5913047147736067,-0.28768061979505233,-1.3888362137501247,-0.3693265628006559,0.14157013045205014,-0.8566492544826139
MJVAVZPDRWSRRC,-1.2690409095822646,-1.590259628547769,-0.6208859424101861,-0.37053448890351304,-0.517511507997017,-0.749011138746719,-0.858033235018772,0.19718369948627582,-0.9643967090796699,-0.4999985126180245,-0.5497119405800257,-0.6698815032947635
MKJIEFSOBYUXJB,-1.2665186290101096,-1.7398913212854923,-0.3354569139351555,-0.5560052136367324,0.6511520883577868,-0.07674543824966491,-0.6440048086699145,-0.03621850398808614,-0.6435832759176376,0.26353247280957104,0.9898094350199906,0.27431452047594856
MKUXAQIIEYXACX,-1.4615437742570245,-1.6092400858317528,-1.5732886942357556,-0.6722640783753914,-0.6353813203277118,-0.9296423334994791,-0.9910868677157465,-0.6282638595515639,-1.4601494375423645,-0.8894870606832439,-1.5179781513259991,-1.1324025647362688
MKXKFYHWDHIYRV,-0.693880124439581,-0.8789656364942502,0.06490702160994112,-0.386584444395631,-0.15068212621153065,-0.3466870901492858,-0.2493071370002816,1.0969162475583902,-0.6044813336348036,-0.3849998583036883,1.3491104461401071,0.12764999422169304
MKXZASYAUGDDCJ,-1.2902718283337182,-1.6406534115502387,-0.37146907829248815,-0.4971556833177387,-0.06678946443525152,-0.4646512168712575,-0.7927291696433749,-0.05264485660773979,-1.0175716053606185,-0.41126649446498303,-0.15846731540139375,-0.058157019543752436
MLDQJTXFUGDVEO,-1.5180745885492257,-1.8918290419523218,0.1890358706556528,-0.7242965671980125,-0.1566970879939909,-0.6886532007940663,-0.8063363640342438,0.22503245622328608,0.22679755524525724,-0.4174497817226368,0.03573486677950729,-0.09827312627408008
MLKXDPUZXIRXEP,-1.474912663626749,-1.841429612954492,-0.22300677889087583,-0.9411083840529026,-0.47251638251178035,-0.8528238399901995,-0.9753227043391447,-0.12495509656722961,-1.022894869201223,-0.7754773556137784,-0.645577353003306,-0.8494612804015522
MLYYVTUWGNIJIB,-1.3613206564096765,-1.5463082135802915,-0.748836547515329,-0.7593596949699869,-0.580067621680775,-0.7688615432076662,-0.3576913220539607,0.25106224038837865,-0.8796928903979164,-0.4751241298097558,-0.23835831148055525,-0.6907405102110075
MMOXZBCLCQITDF,-1.7183813812646371,-1.9915667921704787,-0.7337139202737494,-0.9838640190871505,-0.9007802540081505,-1.0048128764045337,-1.048829644454963,-0.9857076471758024,-1.280103816354671,-0.8344388682157854,-1.1364823355491687,-1.366999807611864
MNIPYSSQXLZQLJ,-1.5465359494096227,-1.7405525571350795,-0.17713950058975042,-0.3678992877294286,-0.24378869416881113,-0.8079580631419151,-0.890452753324297,0.48016224967674864,-0.7118798927975121,-0.14953214898632655,-0.4365956227173789,-0.7067861856139481
MNJNPLVXBISNSX,-1.461818626718741,-1.7344319226637295,-2.590885686791265,-1.3642728785326954,-1.1027595863258939,-0.663438115519576,-0.9680756423095493,-1.4061342731018223,-1.2720566402394353,-0.7405470145722003,-2.0817182983708973,-1.031408109272752
MNJVRJDLRVPLFE,-1.4617257469585927,-1.645325918237303,-0.6858652809465764,-0.9573217660867697,-0.695339176040614,-0.7927974430325674,-1.0453814995129413,-0.5079488593273146,-1.0772172683005676,-0.7492891603429256,-1.0669453642957223,-0.7585417993133108
MNSCVRXKDINXEY,-1.4615045478833326,-1.8185862548601346,-0.8397109058455106,-1.0715313014625258,-0.8466143787405424,-0.8003623278319829,-0.9372162776476453,-0.5069961951269499,-1.157317469061264,-0.6256641226124778,-0.8474022445225601,-0.7742696968620272
MOYKHGMNXAOIAT,-1.152194522815112,-1.6100454285921841,-1.5538731521794644,-0.9416166116847541,-0.9662105662472509,-0.721316237026205,-0.899902596576327,-0.3103030369056613,-1.1244645460195657,-0.8804853809446087,-1.7286556789589849,-0.8492722206208321
MQJKPEGWNLWLTK,-0.9898307901830063,-1.899443492962858,1.2710562436838504,-0.5811072467058405,-0.15472927384076116,-0.823131749881673,-0.6766895917784203,-0.2606240676862954,-0.080948007055284,-0.6012855162384334,-0.7840806038194867,0.07971271486532767
MQTOSJVFKKJCRP,-1.7193066859987467,-1.845146801459767,-1.6688738241416414,-1.1914483197439913,-1.0565268151573324,-1.0787022972869933,-1.0761903630497587,-0.16975997027016995,-1.1310217549696882,-0.3837470504089466,-1.803457343493623,-1.3032687044181825
MRBDMNSDAVCSSF,-1.4278325672583774,-1.785515054209553,-1.0030175371795247,-0.6463245065290077,-0.24434950226770008,-0.7152410610661343,-0.8813760029865675,-0.7597509658798998,-1.0764332535932601,-0.588237430451001,-1.0745660782915953,-1.0539383101857505
MROJXXOCABQVEF,-1.4254384407678378,-1.5903558613990576,-1.3546291394540293,-0.8180928737597778,-0.7970961867690736,-0.7442592142832851,-1.0016583290934058,-1.093453427597971,-1.2381576292890877,-0.6843128342892765,-1.74606269751058,-1.10060650313507
MTXSIJUGVMTTMU,-0.9575412508021941,-1.590573073713974,-1.5993212676775244,-0.8197581798177533,-0.32629543280993734,-0.40507943820565007,-0.9252877367962642,-0.8727719976520558,-0.9461422851345623,-0.6646022007606441,-0.8647312621909946,-0.030069822810655587
MUHBBHLZPHKTTR,-1.6813907056923845,-1.9572104338970144,-0.06563011990783005,-0.851256829868546,-0.4917889013088609,-0.9321332399507668,-1.0392095961583656,-0.4701054409958643,-1.0738838512261237,-0.3292868830108786,-0.11405229821961502,-0.9976416290679059
MUQUYTSLDVKIOF,-1.6342056643287615,-1.8992679258420724,0.1368796084051262,-0.5551582156799693,-0.283045574764296,-0.7206012523800844,-0.7383861047364846,-0.4684362968411789,-0.8948192083163014,-0.5521772674772284,-0.8607930415137506,-0.983577721962805
MUTNCGKQJGXKEM,-1.0053752295547607,-1.3219084958756102,-1.5937299757469816,-0.5958510392178307,-0.08210402460420783,-0.6840290096930788,-0.8409650770133645,-0.44339626145170424,-1.4329148200873967,-0.61325729212952,-0.9908019554774381,-1.1698628361957788
MVCOAUNKQVWQHZ,-1.6843330201510613,-1.9028468554641642,-1.722573472846345,-1.0390678741003578,-1.0412475222378688,-1.0042877769434675,-1.093299227562356,-1.1908776802871304,-1.4075647785680703,-0.8666623004085974,-1.4360377944107972,-1.4762156654281173
MVFGUOIZUNYYSO,-0.23801536341002638,-0.5871246266141179,-1.8287082124520269,-0.8864609018888152,-0.13380831764686849,-0.42984140173451874,-0.9044363412036092,-0.13143791883973902,-0.8074271124824303,-0.41057040517645454,-1.4419021197702926,-0.4024822338661897
MVQVNTPHUGQQHK,-1.3069084209189838,-1.4608409627751313,-2.496459651440871,-0.8714687973606168,-0.3480307343490544,-0.7037201716837902,-1.0430258788611404,-1.18044581781427,-1.3501012010591888,-0.6512537013926888,-1.2584409416135693,-1.471624248109935
MWLSOWXNZPKENC,-0.8877212481102658,-0.9059504062629669,-1.5015542616227777,-0.44186505987655444,-0.5374180305119138,-0.5359770808319293,-0.7125372958836345,-0.004735557369656205,-1.0869941241087777,-0.8404211777295174,-0.2585986943574038,-0.015537498350125592
MWYHLEQJTQJHSS,-1.6277026474052665,-1.9216619733521993,-1.270435605508431,-1.0604519750651735,-0.7371987056901192,-0.9103331629972455,-1.0203173350409014,-0.7617048924912961,-1.4408440259032345,-0.8079449937131604,-0.41659388561620675,-1.3720645112589414
MXJWRABVEGLYDG,-1.5265536531985993,-1.2770757956222625,0.0017773517047544624,-0.5047633599152368,-0.10500031471368784,-0.705415043207753,-0.4134959731693993,0.5615426516975317,-0.7042175228905772,-0.19752451414160066,0.2837731751018833,-0.6005471111900311
MXXWOMGUGJBKIW,-1.1279739420698074,-1.5490727510900166,-0.5441152942437786,-0.916491231971582,-0.38655046320078035,-0.6777099413744325,-1.070448842512351,-0.34246136284538176,-1.1706136332661858,-0.6487148665143279,-0.8109608661078438,-0.940908325349913
MYEJFUXQJGHEQK,-1.3294477855069635,-1.8461318137448368,1.2884713112985995,-0.5881456962951147,-0.2416421547876632,-0.7607311805560142,-0.839747441655511,0.35206835358138255,-0.6302779292186966,-0.6356588455891428,-0.35047843497224174,-0.34206497403979136
MYPYJXKWCTUITO,-1.5164353519481373,-1.8981392662274035,-0.7750702823931104,-0.9381134734068207,-0.9132262664492398,-1.0159348977979603,-0.8948138866355007,-1.0465540507736644,-0.9932009940605642,-0.657832454873617,-1.41589331242348,-1.2408297513139916
MYSWGUAQZAJSOK,-0.1407520556491877,-0.719494125783462,-2.644363058019347,-0.7106610132447668,-0.2988895016687253,-0.3999013824077666,-0.6720740941740396,-0.9989969389614395,-1.2040138761081818,-0.7582353423060382,-0.9652491547260695,-0.3076581325049306
NARHAGIVSFTMIG,-1.56234086330991,-1.977427919804696,-0.5707347511047554,-0.965295832779447,-0.7373273598351257,-0.912917605224626,-1.021307204490213,-0.7251778939538309,-1.2524570397753707,-0.6196607227448759,-0.8544818512839973,-1.2966017345368557
NAUWTFJOPJWYOT,-0.9883958167130176,-1.3877985176484877,0.09859100108433462,-0.7502987526981364,0.4860973605131702,-0.5159715167916388,-0.4598788143255635,0.27731961681854794,-0.6492842214845232,-0.2024053071406163,0.9772926252413742,0.026509406176044532
NBQKINXMPLXUET,-1.4218977425208275,-1.354623672211757,-1.1106014452777264,-0.6362227771353567,-0.20911889256321564,-0.6705665320120864,-0.33732964822338907,-0.645626126068394,-1.0278455954862795,-0.6830031144431492,-0.2843736150133139,-0.8507356199250944
NBQNWMBBSKPBAY,-1.6482404366625865,-1.8139227698305342,-1.377624474358535,-0.733477298060723,-0.6142378961489067,-0.8708605467872362,-1.0115455805434306,-0.10533278606938376,-1.4847789250836296,-0.568788846768171,-0.6896334618178205,-1.1709566781164402
NCDNCNXCDXHOMX,-1.4993970568348984,-1.8835281700992663,-1.7475821177993076,-0.9644434400433726,-1.0441746676662225,-1.0289496106595757,-1.072105073942014,-1.2552791742801976,-0.7902833155014137,-0.752301662031108,-1.8109613314252657,-1.0490201916640032
NCEXYHBECQHGNR,-1.4268399525387492,-1.6874665900011,-0.909108515506318,-0.8035801170663159,-0.46236845268555976,-0.9018031509633515,-0.8507300774338817,0.05555336552567731,-0.9742812032349859,-0.5305564607598375,-1.0414770860739766,-0.833225280745416
NCMZQTLCXHGLOK,-1.5416927364362147,-1.8695873564280399,0.019448511286606303,0.33354856228751434,-0.5801669651635313,-0.8325655094281061,-0.8497263184366853,0.032084851284966596,-0.8454561933340814,-0.6976358405747166,-0.8318931169382824,-0.7226747705931139
NDAUXUAQIAJITI,-1.2240619538035904,-1.6442689075197576,0.034167532042475676,-0.44828637382295206,-0.3187571562874493,-0.6733005342823476,-0.34196751291590516,0.48254379977258616,-0.45315027148562026,-0.5393052587053864,0.0963718892838124,-0.7465710988688886
NDDAHWYSQHTHNT,-1.52207231980039,-1.8613479685276344,-2.6771232864511636,-1.3055317374098339,-1.1262411895103352,-0.8406927703212387,-1.0238436435834557,-1.6481365844686637,-1.3941132807260155,-0.7909977931640857,-1.965935549016138,-1.2176621936142498
NDTSRXAMMQDVSW,-1.4960136084975033,-1.5921893269554488,-1.125270508586265,-0.7958586268576924,-0.6193532462038122,-0.832754811127772,-0.9493134686696021,-0.5512696913139188,-1.4018393665287545,-0.6405063880775861,-0.9892020151034717,-1.1153964377994015
NETZHAKZCGBWSS,-1.492457462183208,-1.8330807977122423,-0.5798030563017946,-1.0380609725202743,-0.4087927687898716,-0.6960202414206214,-0.8871432605763596,-0.7003138432711088,-0.7371864405266625,-0.32933622347885044,-0.8148591795146839,-0.7615417221230292
NFACJZMKEDPNKN,-0.7593308311170308,-1.2639774230104612,-1.1981598727608278,-0.7465874181602967,-0.4372732542409984,-0.5736518512762616,-0.5409079253503221,-0.6154447751957581,-1.1791661520702537,-0.7882695461559315,-0.975856971286243,-0.8212173486117856
NFBAXHOPROOJAW,-0.9106263332405264,-1.0631823965708327,-0.6701421308328237,-0.4051537012777306,-0.1677686053444701,-0.46659542438494284,-0.595676787360325,0.26540601168101485,-0.8180320684082217,-0.6309794065099982,-0.2942749526096239,-0.570529695948795
NFDFQCUYFHCNBW,-1.0904725544908784,-1.722655625072528,-0.5486207137530499,-0.23212451398646927,-0.42679055102721963,-0.7372517215092198,-0.9758998797286434,0.2058310785768445,0.27014737547344575,-0.7124297048152924,-0.7178411060641808,-0.7027004148743822
NFHRQQKPEBFUJK,-1.5218134112542467,-1.7676646252944723,-0.2716493737684284,-0.5995164783582225,-0.7703387500796888,-0.9520161297354826,-0.6453759515383484,-0.0528400392234634,-0.626004934104726,-0.5399885472781,-1.0467762929265705,-0.9471337316151571
NFIXBCVWIPOYCD,-1.2027466788431558,-1.6955028662790081,-2.3766755728205,-1.196128814920886,-1.0925337737085172,-0.6975520739401629,-1.0491478929894453,-1.7405124346452854,-1.331561154404334,-0.7725111013636188,-1.860338678076547,-1.0653169413436507
NGBFQHCMQULJNZ,-1.097963583849143,-1.4602602702631802,-0.7106378131774775,-0.6082059990628896,-0.4644421923432987,-0.7138482216581382,-1.0104987114032133,-0.8306914937593297,-1.2914949809450733,-0.7709660151583121,-0.6106235744525701,-0.9852751272939649
NGOGFTYYXHNFQH,-1.1740268986498181,-1.5626776334053023,-0.2903851400188106,-0.36099974248019084,-0.4348700181570195,-0.7119953947240797,-0.98361267750207,0.06714673770079407,-0.9178267880264726,-0.5893017663400176,-0.48863390266024875,-0.5025040398499261
NHUHCSRWZMLRLA,-1.3242303417633958,-1.7302473197820798,-0.8254421846878781,-0.6403386157461403,0.31214705431535067,-0.34047340028214124,-0.54680380204595,-0.911001427218983,-0.971052990224609,-0.3652077886373335,-0.4671669472431974,-0.7542727003731468
NHZLNPMOSADWGC,-1.273933168873122,-1.7184521116707514,-0.5925930535732997,-0.7160706725864301,0.023714993241163967,-0.49504863819072586,-0.8210790425522028,0.5652373149330459,-0.271193837399036,-0.11969695086958024,0.4095299492845752,-0.1562960787629942
NIJJYAXOARWZEE,-1.420298623360551,-1.8040548149994897,-0.5620032723826064,-0.733627088172645,-0.5726567034234316,-0.8461481234946938,-0.9724221675857958,-0.20875668284618454,-0.9739090496108347,-0.6986777991061287,-0.8501438936728947,-0.35099708881946184
NITYDPDXAAFEIT,-1.5568400114946366,-1.9024771567888457,0.4309909072065853,-0.686980045929129,-0.6525286700380715,-0.9607115414238261,-0.6084726662973469,-0.1970770425984529,-0.8560783312756022,-0.40424826353903687,-0.9905930823422127,-0.27389605830344205
NJCJBUHJQLFDSW,-1.5609900212577257,-1.9961771260842305,1.8874694368928997,-0.6917437866320625,6.120351174085616e-05,-0.894511667296663,-0.9939704292568707,-0.1553368107808421,-0.2778923096852301,-0.4141084553767139,0.5124178321145757,-0.6582335874895787
NJMYODHXAKYRHW,-1.54553020425716,-1.6951952618577626,-1.1938340740572717,-0.936098430238996,-0.8236352570621868,-0.8665589478963378,-0.9980392381977954,-1.0075026312566373,-1.2050212825086044,-0.4912169393253375,-1.1729414250308179,-0.9906019202084191
NKANXQFJJICGDU,-1.3795790072400436,-1.7086658105791248,-0.07653076916234573,-0.5794925482553406,-0.3634054454663248,-0.8170306609082495,-0.8709818327390861,-0.28112699159871857,-1.032014518155504,-0.5066384381628353,-0.7627397736760899,-0.5039371665217757
NLPRAJRHRHZCQQ,-1.4132062843074442,-1.8045945546238962,-1.5369837197092553,-0.9228794612043878,-0.4439491597318779,-0.7709966830841365,-0.8868221060589129,-1.038202194020025,-1.2236550429600068,-0.8724464260303527,-1.1879375294750751,-0.8585730139768042
NMKSAYKQLCHXDK,-1.1774966308162602,-1.7770798641963519,-0.8281717318506366,-0.7873280922328645,-0.5062669362280645,-0.5317663159311149,-0.9333051455382833,-0.7354623922925103,-1.1022319869926542,-0.7213617981941814,-0.8389270076006814,-0.3045808772656438
NMUSYJAQQFHJEW,-1.2772024826949369,-1.6969726354481154,-0.9140409768278682,-0.7174722951156393,-0.8217391375521889,-0.795680149225368,-0.7753408328313885,-0.389928348071502,-1.0037655565830834,-0.8333585093196654,-0.9384694895100089,-0.7693443803167137
NNAIYOXJNVGUOM,-0.8038716918988897,-1.19743073984138,-0.5712149584360834,-0.5604093951819041,-0.3070684335450103,-0.4920998840457288,-0.24233861530128972,0.4103670877800668,-0.7099388127905585,-0.5807542759126851,-0.14812004215839245,0.0711704541848133
NNJVILVZKWQKPM,-1.1025748167420626,-1.5630000220398732,-1.6332704261741666,-0.8143655472498852,-0.32709455213335953,-0.6931418210238948,-0.9740574865078757,-1.1398683955584858,-1.202680278444499,-0.812414323360433,-0.7179831454808386,-1.0773023389977743
NNYBQONXHNTVIJ,-1.453711489019494,-1.7954414060861685,-0.9723681428884244,-0.9163356384150867,-0.7374055072247488,-0.7775556969322536,-0.8655507277647974,-0.6085008665763614,-1.0853772858848938,-0.789384846754484,-0.6085131641641148,-0.867875545156841
NOIIUHRQUVNIDD,-1.2936203619684827,-1.7488086124665765,-0.6179068162302301,-0.9415389998445167,-0.9489904742109587,-0.8408781599197754,-0.928041832133736,-0.6061752720794064,-0.9135360435601614,-0.837741411016923,-1.2059079162802566,-0.7897320340316244
NOOCSNJCXJYGPE,-1.376682358922396,-1.848818290572792,-0.21667335613814964,-0.3177354648418594,-0.3958459278586043,-0.8065847141388949,-0.8773873682233133,0.23815116562484484,-1.0821788321696375,-0.57382599350706,-0.2963325223601899,-0.724219232867267
NOSIYYJFMPDDSA,1.4909777992515982,1.2017211496871238,-1.8623219597264575,-0.8028977701810937,0.5862462612574111,0.22708400314476268,-0.9054615483863039,0.7096629607725705,-1.0191062392289751,-0.42704290120158916,-0.8265242352151819,-0.8215226208333833
NPGNOVNWUSPMDP,-0.3549500705615616,-1.7846440972941626,1.4451097090439624,-0.713472578776924,-0.1572411149697472,-0.8041474074522204,-0.915069828819095,0.2791213137737777,-0.6597414091474748,-0.6525447963517406,-1.0062976221673947,-0.7351526104250388
NPRHVSBSZMAEIN,-1.5009429310023346,-1.688583080795472,0.3768118433403389,-0.86245132872841,-0.03481826431088313,-0.7237655771393531,-0.6407302916440246,-0.25432190361839757,-0.5444807311835319,-0.29638772810174924,0.3463590835112074,-0.08825063565982952
NPUKDXXFDDZOKR,-1.3571693892237087,-1.3050364564056312,0.595834978765367,-0.40953605641216323,0.006099412621030916,-0.5288730093933671,-0.5250157616451592,0.8301958263209591,-0.9404444339414446,-0.14683878116257673,0.91986395248427,-0.3102053187361272
NQDJXKOVJZTUJA,-1.1688159963291176,-1.7049826768429457,0.7399887657845735,0.05340334773440109,0.2335524820436975,-0.6502383200962306,-0.4343823568136811,0.669806002631697,-0.38394203423111234,-0.34661534419358947,0.699909953109932,0.479858089319692
NQPDXQQQCQDHHW,-1.416995211885391,-1.9382716040715988,0.4424914619594213,-0.5054536947116672,-0.42311858825543364,-0.7483504318694681,-0.9303747225341201,-0.4284787492682815,-1.0584112553734126,-0.6811539306987182,-0.747479290683308,-0.6323519780151209
NRFJZTXWLKPZAV,-0.7051861921138531,-1.8823704717649772,1.97876573749325,-0.6261297606896272,0.030840566964500826,-0.878551477631168,-0.4910897835158792,-0.14370875709429792,0.44471234494951234,-0.23935607111138157,-0.49696309699530083,-0.17643956891025708
NRUKOCRGYNPUPR,-1.341204575705445,-1.5008657142065809,-0.5159440124663061,-0.49916504042628096,-0.3851172293902611,-0.757039494528564,-0.8581754689192664,0.12880320238670498,-0.9748397494352841,-0.6711419894532102,-0.17372376393671415,-0.6404812391841792
NSKGQURZWSPSBC,-1.2321558262493315,-1.7488453934711823,-1.1929332686478968,-0.7471850396843792,-0.23522141834688,-0.8336138482684994,-1.0928721054916022,-0.7364078443539324,-1.2203509718188195,-0.3757145809048874,-0.4537561922583309,-1.2124624285610448
NSYZCCDSJNWWJL,-1.7575705402355557,-1.979710832791966,0.9042777264259199,0.7074050808081643,-0.16516220177561874,-0.7918961459639353,-0.7319412169250189,0.7802597737391713,-1.0627095420828296,-0.3571863529880473,-0.013943835678730091,-0.7872719451851544
NTHXOOBQLCIOLC,-1.3687601360402342,-1.8806880751472568,-0.8207183816456461,-0.2798661195648359,-0.42070346139708686,-0.7481988386000348,-1.0393812072092041,-0.5136251032133509,-1.3372242613759637,-0.5524156439947934,-0.19100761663355093,-0.9598032734996486
NTJOBXMMWNYJFB,-0.12162269454531713,-0.22353999315978365,-2.433378415060276,-0.5368338300248088,-0.05822931259687402,-0.24336428883336864,-0.8504228363847257,-0.5118691989741438,-1.2296503101475245,-0.7378850856562739,-0.6751825772894032,-0.9122974713996784
NUHPODZZKHQQET,-1.5690831716595446,-1.8910750989053966,-1.0616845241860886,-0.7948798972858552,-0.18275245165907164,-0.6892805833596994,-1.0089391816174975,-0.7723923601198013,-1.043752745909444,-0.3285246555915538,-0.5085485244832901,-1.022203550691505
NVEPPWDVLBMNMB,-1.6614563459889367,-1.697068873328034,0.11438395336792948,-0.006942974379407671,0.0006523851869609293,-0.7212488529226979,-0.26008703131021377,0.03527519397676152,-0.8920585844488983,-0.3948177728695398,0.6278405467431595,-0.4869389730955948
NWBJYWHLCVSVIJ,-1.6487160955034479,-1.892330769623405,-1.4503554376228207,-0.7798886996145414,-0.49576808015883345,-0.8537501644900389,-1.0223520037136768,-1.1547669986371587,-0.9768979076752473,-0.596515313873484,-1.2521375523862612,-0.9876075064217174
NWIUTZDMDHAVTP,-1.2670088687935874,-1.5941631483248346,-0.761616649891773,-0.3934515598867746,-0.43174901660910125,-0.7817651940288913,-0.8404772579764375,0.20513846531450547,-1.1918243907501544,-0.3447312796548054,-0.31178354045782064,-0.7929269292040217
NWPRCRWQMGIBOT,0.25249340469059556,-0.15262865760228686,-2.2086441339083978,-1.0196735632318108,0.054112478436796264,-0.04132516187438094,-0.6620521270072799,-0.8116005054051301,-1.4266980158065496,-0.7411194837675761,-1.349292881870343,-0.9276050776992272
NYMGNSNKLVNMIA,-1.6768264162744897,-1.4788926475309878,0.8477691549363526,-0.5808831690016387,0.6293970651811283,-0.35936388618783227,-0.058416642972172875,0.28053766648004236,-0.6280798013564323,-0.08598956557213625,1.7824295204982676,0.5916418996361048
NYPYHUZRZVSYKL,-1.4556483019038637,-1.8348785291189194,-0.042548117709163696,1.1369097656056242,-0.5275417398264322,-0.7958845232088781,-0.8492615616272765,-0.25121666844252544,-1.0148532310356246,-0.821776817101169,-0.21681861063355162,-0.9085031457473776
NZCRJKRKKOLAOJ,-1.1852023199845307,-1.5654518063119742,-0.20069534016755053,-0.19331938631386722,-0.44575364909578574,-0.7199364592087063,-0.931333972818681,-0.02105284159341396,-0.9443281281145741,-0.7124568065246674,0.9423019696557522,-1.053940217706143
NZHGWWWHIYHZNX,-1.315765480268356,-1.7517983458532467,0.1383731799422659,-1.1104133816363546,-0.7834111573174124,-0.10709478667291096,-0.8013027707373942,0.6619099303987039,-0.40967502867860683,-0.5275162133975984,-0.3274267117976244,-0.7945821278667302
NZLVRVYNQYGMAB,-1.0579656853146506,-1.4989177513785745,-0.3637033063487968,-0.7792157677178319,-0.6473761215659934,-0.5583347976208064,-0.8443521243871165,-0.2284948528553125,-0.8418639796782459,-0.7838728504079295,-0.5829776760142106,-0.04991028835465766
NZUPCNDJBJXXRF,-1.1003998790628757,-1.8003774474416265,-0.8355559632285466,-0.5437720843897886,-0.3185496227952176,-0.8201029453268622,-0.839019480624611,-0.5751383365681004,-0.08524650757880997,-0.9049559895110436,-1.2907104408018069,0.04246059684587486
NZZIMKJIVMHWJC,-1.4209352192379021,-1.556114892773028,-0.22974271117180184,-0.05153967643512458,-0.27183615705783803,-0.652233375505472,-0.20051980623909596,-0.22730977529630503,-1.0727419691766158,-0.4883995154471212,0.06560833056604375,-0.5118802443780385
OBKXEAXTFZPCHS,-1.2400895541228523,-1.6899220708128058,-1.1359390726094802,-0.5443912930472833,-0.040524913619151365,-0.6879934137855693,-0.9441909987922286,-0.5703939618848484,-0.9973816958604046,-0.405850681992038,-0.32018740674445817,-0.9574243429271991
OBMLHUPNRURLOK,-1.444944354883199,-1.717567492349604,-2.088614752214423,-1.2060439077169427,-0.6611744446979921,-0.6943921831352603,-1.156217683721426,-1.5064074021487905,-1.2901217385877946,-0.7110059482813021,-1.7532353489131447,-1.212374890474066
OBWGMKKHCLHVIE,-1.4248376620279408,-1.816302974863408,-1.1807589541502002,-0.8635362221804664,-0.3624459001047115,-0.6969382982704956,-1.0725355445523552,-0.585243895662808,-1.1565148838196642,-0.3635834541078634,-1.0433834691741946,-1.1286771801716688
OBZHEBDUNPOCJG,-1.3637831458311074,-1.701755218941368,-1.79838142673331,-0.6995217511672284,-0.5130937684121746,-0.8120960654058369,-1.0805584547050067,-0.5334911901216891,-1.3544923115375367,-0.8245423641816482,-0.9525745357724584,-1.1898267261292836
OCAPBUJLXMYKEJ,-1.2087290083976259,-1.6125096884342238,-0.8100554279188523,-0.9050554318903468,-0.5954536043931687,-0.8038026922600269,-0.9691559684035085,-0.544769435910329,-0.5119958293502742,-0.920398926535885,-1.4409939640587488,-0.6113396618389748
OCJYIGYOJCODJL,-1.3191389178258361,-1.6337810862493483,-1.214999883504936,-0.857046308756112,-0.8170189722303932,-0.9002961271231305,-0.6760786591990223,-0.7339335849326076,-1.2131015592471865,-0.8671683007194526,-1.290149260349726,-1.1165648949248888
OCUJLLGVOUDECM,-1.5278798339504585,-1.2685120867331159,1.053758234949271,-0.6237158637221909,0.3930024210716474,-0.2761950601347134,-0.2431420496735665,0.25964862010239526,-0.7786805003314967,-0.17233234063779015,1.3800327664062464,0.2108556805847299
ODKNJVUHOIMIIZ,-1.109280948344269,-1.8368523797841108,-1.0540403350819532,-0.9319500210135503,-0.6571171480991219,-0.7161254862403239,-1.0857625585801105,-0.5801693143306664,-1.2213885528112345,-0.6555071192183437,-1.4174664930498284,-1.1302916310066826
ODQWQRRAPPTVAG,-1.7753333647561151,-1.911639567421052,-1.0061749166641958,-0.49927398858281147,-1.0431238440750379,-0.9719513470492804,-1.0657667464607643,-0.8849456296673897,-0.9255024102814577,-0.5647727675432982,-1.0100054233122353,-1.405283938059719
ODUOJXZPIYUATO,-1.5065485010597808,-1.9476060063359073,-0.712989193355084,-0.9527601962281846,-0.24669393936475192,-0.8886027481744586,-1.0043817522426586,-0.862550152671689,-0.9736850364515681,-0.7259108488437345,-0.7203321130724749,-0.9086069143492373
OEBPANQZQGQPHF,-1.0404428233335117,-1.8316352997335612,1.563250421763697,-0.7350085208821278,-0.17631412882345643,-0.8403213464531281,-0.8378183543193389,0.07161317859931862,-0.5203714901409617,-0.6128589403710714,-0.852347631823729,-0.36491801817105896
OELFLUMRDSZNSF,-1.1709835633125927,-1.69665843550132,-0.6931919874099937,-1.0186791464702118,-0.8085840205491492,-0.7866484967032042,-0.9808873875826893,-0.26838498101381764,-0.8821428522706776,-0.7946678159537688,-1.0491567332554665,-0.7048262643639925
OEXHQOGQTVQTAT,-1.1477708779308355,-1.5935144469988778,-1.8514863614988748,-0.936246424686992,-0.3670604731559431,-0.7718292452590112,-0.699370437681201,-1.0552928438292706,-0.857356798988032,-0.7021437224600274,-1.2465733199630598,-0.58531352162178
OFBIFZUFASYYRE,-0.28776727924167017,-0.2673295854068999,-2.5142644947043618,0.055737914868541696,-0.15101616181103777,-0.3884721649606288,-0.4469189926815513,-0.15318495069008897,-0.46944592239497174,-0.7340260699158974,0.13355949065614478,-0.0752815672296746
OFCNXPDARWKPPY,-1.3016185918970793,-1.7254910757285256,-1.4998114074779625,-1.063842078084038,-0.7147186367478662,-0.7202034983355128,-0.931600571445329,-0.15438341084152035,-0.6853812269231749,-0.8066155315648394,-1.5622669064359445,-0.38280661373251945
OFHHDSQXFXLTKC,-1.5927291878284426,-1.9181664118595305,-0.34256201589338187,-0.9630984690476513,-0.26923756058582093,-0.8000506657180452,-1.017915366594428,-0.661638645570782,-0.9324597794364434,-0.4751303238189137,-1.1799379746139271,-0.8808621994804754
OFPXSFXSNFPTHF,-1.5939224599706643,-1.8697995108840395,0.04470108870139332,-0.4305942439662183,-0.47535076139061677,-0.9081140494250306,-0.945817472363584,-0.28592810249486017,-0.6067069909171945,-0.5556787732952626,-1.2702697716925742,-0.6327457264736484
OFZCIYFFPZCNJE,-1.5507474954328986,-1.8769404016952174,0.2987353769983628,0.5146055865151021,0.07456701616136174,-0.7226164007138213,-0.5552544738161561,0.08300815721576353,-0.8848178159066223,-0.13265953846792075,0.3988963633426878,-0.571266570146696
OGAKLTJNUQRZJU,-0.9431497626353913,-1.813524140439157,0.0577279792169453,-0.5917221454648871,-0.30691746925651414,-0.5907787170685468,-0.15062416329525935,-0.13602712054895413,-0.7926675326083739,-0.5984965283981519,-0.4568016909529514,-0.3350645734714354
OGHNVEJMJSYVRP,0.38280943729340333,-0.12006743928800741,-1.3107387865850484,-0.7031286363407415,0.9035442595800173,0.6837622425705385,-0.40155161414512025,-0.1347319013370996,-1.3367975698919963,-0.34609055616512274,0.2242895703566741,-0.6089945856633137
OGJPXUAPXNRGGI,-1.2300314828397219,-1.7131368633682713,-1.642025487784036,-0.870591134179669,-0.22636477327193452,-0.8027508578634287,-1.1358573843885766,-0.9307086132191146,-1.2810658283700522,-0.517047682211111,-0.8943981432024546,-1.2694551226898603
OGSPWJRAVKPPFI,-1.700816799362253,-1.881022517055886,-0.7316171778939728,-0.7255991289465735,-0.19763812924488475,-0.9709011075697762,-0.9189920206542673,-0.6189534159691832,-1.124647759071251,-0.2585671845998983,-0.4392715433064448,-1.2632743162936197
OGWKCGZFUXNPDA,-1.4149458433158328,-1.8663474993452218,-1.2315804554256342,-0.8994118196220169,-0.8066899372484698,-0.8524582140582211,-1.0663378917570396,-1.251478987870457,-1.0308359647867196,-0.8080204634348467,-1.812867147598085,-0.8791245138383694
OHCQJHSOBUTRHG,0.5177773786499904,0.4059290560015394,-2.7733973007548207,-0.6687923640196093,0.14536077927660515,-0.12855935195592985,-0.7911979566148216,-0.6008174839441889,-1.0257009524933136,-0.8079034193264625,-1.0936865418091462,-0.5136041551796502
OHKOGUYZJXTSFX,-1.4451281619811231,-1.8711368307679832,0.455006690213494,-0.5875803732418018,-0.40630746632006615,-0.852333971546978,-0.637406548948686,-0.1676973619111843,-0.9536754845046957,-0.7237715739983458,-0.06650621872429163,-0.8239106122172754
OHXPGWPVLFPUSM,0.4035347516444033,0.1425060862611142,-2.6025550654693403,-0.9091353429214886,-0.0999076422864681,-0.1890335959663073,-0.4480332398035269,-0.4360860409080494,-0.8628138994073568,-0.6360681060042183,-0.47080856379841507,-0.4594912128899481
OIGNJSKKLXVSLS,-0.8661197520979602,-1.016477901477354,-0.9716805541796567,-0.5444954569730932,-0.17977796152025383,-0.3989522350973702,-0.5279224063244587,-0.02320951357487404,-0.6791966470920258,-0.6395359920145082,-0.019978336939056613,0.506031172169199
OIPILFWXSMYKGL,-1.0633064397823815,-1.4730183248938908,-0.6586769213490794,-0.6884309628967444,-0.4030318394171585,-0.6200705326623888,-1.0360108200757667,-0.5749290169493682,-1.2331910927872345,-0.6855368148810723,-1.274533660630036,-0.85938530038275
OIRDTQYFTABQOQ,-1.3153157838997254,-1.9234932532457487,0.5915225733688056,-0.7278206356033143,-0.4985789396863329,-0.9449090886640367,-1.0058283188400756,-0.5855987547671574,-0.8357327070956885,-0.7084598173861045,-1.2831870158870986,-0.9201119219387417
OIRFJRBSRORBCM,-1.5486833221954046,-1.884948288624377,1.3585024259224103,-0.6275577454756389,-0.2215429758368357,-0.7404441850923354,-0.3625213307071737,-0.22961391682388937,-0.6099158042454894,-0.33573760676935016,-0.306795309020009,-0.39159030288982805
OJFSXZCBGQGRNV,-1.2257927177357049,-1.3205049276062548,-1.109438390142425,-0.8335783770174647,-0.5746820139836846,-0.8380914872462029,-0.978217045086713,0.10434480033447936,-1.1156560509509175,-0.6945736462939133,-1.025814249749052,-0.8132172691508086
OJGDCBLYJGHCIH,-1.3390801320681651,-1.7958541001294832,-0.5745431799538229,-0.9337080878101526,-0.7859217316634923,-0.8513997730346707,-0.8722046972225195,-0.4070770376710796,-0.9025039361658138,-0.8517309650734882,-0.5871026106748898,-0.7947687789053165
OJMMVQQUTAEWLP,-0.944501252793102,-1.2865763646580193,-1.4209372009753949,-0.5680976317062723,-0.1908176824827217,-0.5884621343715575,-0.8071563475357493,-0.44620333042806426,-0.8918303512558545,-0.7742960248237588,-0.4119915841610754,0.07656246404752563
OLBCVFGFOZPWHH,-1.2251988695109084,-1.747965560678264,-0.7459031903400942,-0.5611241823713479,0.14964323823421077,-0.5868429021809718,-0.6963304858045792,0.21862856532970917,-0.9386117717615188,-0.10388077304496182,0.4582343316211481,-0.21923966064161632
OLNTVTPDXPETLC,-1.3375297142282963,-1.5897949792742434,0.3748358095162044,-0.4084850398431441,0.13695509407346704,-0.5840267452102033,-0.5071413038095879,0.46864179005752993,-0.8691899572423076,-0.27177912701835233,0.7775218596369513,-0.2741861815336718
OLOOJGVNMBJLLR,-1.7394820280220524,-1.9260248263742898,-2.5909739028338787,-1.2289998579392787,-1.3797463561503711,-1.105237330602976,-1.2681683266249226,-1.7898094494263712,-1.5092519435383767,-0.7267736396527922,-2.212571075621693,-1.7036034178008408
OMFXVFTZEKFJBZ,-1.418706556304324,-1.8808080332401356,-0.02184638651034553,-1.094402203631963,-0.5111154457501222,-0.6806323767720878,-0.9345495219090412,-0.4579413382490445,-0.642581353972942,-0.6660261507532038,-0.3715843118633024,-0.8817462167006089
OMZCMEYTWSXEPZ,-1.0667719992198232,-1.7197152564069922,-0.7629274276351699,-0.973611421671547,-0.36437764890825836,-0.8682566639879888,-0.8234487662961183,-0.7459274872170558,-1.0663186297710436,-0.3969143228190442,-0.05085432724521953,-0.5395237037156522
ONKUMRGIYFNPJW,-0.7963270308795409,-0.9141672553977924,-2.077918029094752,-0.6762399797732669,-0.09351442386390157,-0.19831223433830686,-0.6569672404093108,0.5500155067275274,-0.7687670884808075,-0.11150282171597299,0.3969605888408764,-0.5802763595725573
ONWXNHPOAGOMTG,-1.75459128108966,-1.9655304226594146,-0.9195748711530618,-1.092389675416573,-0.8877779681221949,-0.9687875310034157,-1.1199457549707659,-1.2458094210081174,-1.227122134345548,-0.6078947463861575,-1.6542521140018915,-1.142708828945195
OOGJQPCLVADCPB,-0.30114378240241063,-1.3165600229853236,-1.7007507326585236,-0.836009712346174,-0.3298607660650942,-0.6965604504504382,-1.0078287921488376,-0.924797337213887,-1.383160518368824,-0.7839253361119101,-0.9765629813553622,-1.1652409258840641
OOUGLTULBSNHNF,-1.6637294530691564,-1.8394623733490894,-0.08895046227144836,-0.9094841801249217,-0.4856857836772541,-0.7867433840453995,-0.8763751209346213,-0.10337600370206268,-0.4287522668499318,-0.2568490933364584,-1.1912001841436513,-0.6901927547901404
OPNUROKCUBTKLF,-1.7036340336362974,-1.9297274492725598,0.568102775043398,1.017232674909298,-0.09679614234849206,-0.7109100113517139,-0.67266182498913,0.8758179997097258,-1.1476777056420664,-0.24642351452482478,0.5570071715503038,-0.8713259261080681
OPQRBXUBWHDHPQ,-1.308254870199149,-1.7981280683209397,0.6938685534610131,-0.4704760447257645,-0.2031693440166407,-0.6088601843001146,-0.6298802325744977,0.1536538985790776,-0.7971136541492391,-0.554637834671355,0.15483621758878158,-0.19008450254938183
OPXLLQIJSORQAM,-0.8966363918355365,-0.8602128377084756,-0.9279444284163875,-0.5656988575785009,-0.848029587125266,-0.5585428075993034,-0.581218756704495,-0.31900444694825225,-0.9319542922710633,-0.823048344338328,-0.9827674542933157,-0.3419388972841129
OPZKBPQVWDSATI,-1.2079092873049335,-1.7891982351117108,0.2887938457396829,-0.5166661714507068,-0.8813628262502937,-0.7874808873306991,-0.8811275532173233,-0.1808211799068868,-0.7877028786880664,-0.5897932622852959,-0.8487352491716451,-0.8790026984595434
OQDPVLVUJFGPGQ,-1.2445552269304963,-1.9093632467782156,0.19322316513694404,-0.7345121537542493,-0.1906192450148793,-0.8202787107417797,-0.9750321271575014,0.5680304180981399,-0.7505160602804309,-0.4752142215258844,-0.2577484314033063,-0.6893368818357771
ORNBQBCIOKFOEO,-0.9345336659143255,-1.144368268155192,-0.2966838498274462,-0.6322157729427853,-0.5487330428820196,-0.5955574571775493,-0.661685363354456,0.4689297099081119,-0.6487790505182652,-0.6359412954198044,-0.5812147571521147,-0.18532594887431214
ORRZGUBHBVWWOP,-1.454559929668677,-1.777694280475748,-0.41376929416866204,-0.7656374834399389,-0.40799631491842975,-0.7909919705041917,-1.0331262878378111,-0.5197426436418165,-1.026213283765953,-0.45640506417011095,-0.6068153379057316,-0.9549281577123936
OSUCQKNXQBPLDG,-1.2954764538914318,-1.6571170621459477,0.42685778891066933,-0.48895311312177514,-0.5527928896342111,-0.8101709134876192,-0.9722224281650611,-0.25158110854368554,-0.6160091013302954,-0.6418271752191947,-0.6145707942583754,-0.8990920130923086
OTGJPAOGHQFBMI,-1.610001159379944,-1.795392206093076,-1.2723358164078238,-1.021247797284008,-0.6073857059665925,-0.8759940888732831,-0.8637164450762826,-0.34007886248622143,-0.9904961593075539,-0.7847384382108265,-1.0726059863632966,-1.1052165879220464
OTVAEFIXJLOWRX,-1.440703024441326,-1.9864573568751032,-0.021089744202557725,-0.5472811132249071,-0.5044287179105579,-1.0198098769522166,-0.9347647906905441,-0.2523920162644459,-0.7292761112741939,-0.5784351988988253,-0.8776148383718438,-0.863228234688986
OUDSBRTVNLOZBN,-1.3381307298161345,-1.8254520807631867,-2.8466476060735286,-1.2171730470898063,-0.9753563646531009,-0.9496416788158244,-1.2304651488026075,-1.8332145543597906,-1.3061476603087683,-0.7103891790503909,-2.107217840553527,-1.2889422187509123
OUJTZYPIHDYQMC,-1.4521091708884197,-1.7316079738151364,-2.0561495906730904,-0.7199503600356847,-0.33015156351043584,-0.6149145336776096,-0.824581694623393,-0.8728778941761564,-1.3384813111894067,-0.7071124705437845,-0.8890878619225615,-1.2282299306238613
OVBPIULPVIDEAO,-0.46683862016756383,-0.6274048997239972,-2.609138942375558,-0.8942992017830635,-0.2040819050503512,-0.2375972298942408,-0.76846988729086,-0.25335720518367755,-1.4135067236186616,-0.5841157735179408,-1.0434495024946813,-1.1735205466949
OVCDSSHSILBFBN,-1.5381151481244235,-1.884727138827659,-1.2242918072839681,-0.802820934153654,-0.5363831236861042,-0.7787316348737665,-0.8923719979117742,-0.5543165948462562,-1.3019734969831962,-0.7712610264277636,-0.8243083339193369,-0.9197433815428284
OVGGLBAWFMIPPY,-1.4575228550684964,-1.7008814884209629,-0.7653661726857433,-0.8212944583872793,-0.7028453368964117,-0.8901286562181869,-1.0556432318249787,-1.03724763040472,-1.345392687718573,-0.6964098210926807,-1.6281550805961431,-1.1555050178813149
OVGORFFCBUIFIA,-0.9483279127419695,-1.6557916207746386,-0.382249361442513,-0.1979285453092291,-0.10743976931315316,-0.37071548151570927,0.7988403385724923,0.3913534532983919,-0.8322664986598132,-0.4799921412764899,0.25176334493244895,-0.5412663253195158
OWQUZNMMYNAXSL,-0.997762003081475,-1.923205660344469,-1.3010995251041246,-1.1041996124725035,-0.8894467145596123,-0.9310889366052164,-1.0763298422277923,-0.7712418061757778,-1.42580585118502,-0.4673183719430516,-1.1233413731873902,-1.128429354606065
OWYLAEYXIQKAOL,-0.21059723431857047,-0.6504791436376586,-2.7025449137564643,-0.6187693874280028,0.15212173646025529,-0.13015776863142592,-0.9770739883136947,-0.6921659334653171,-1.053296541110204,-0.7324186437842252,-1.2287131417630304,-0.8276830644146718
OYHQOLUKZRVURQ,-0.36608438184687997,-1.1139134904914172,-2.156349965120091,-0.27259135547440355,-0.3156960113142035,-0.42401077819643346,0.0054996663344298894,-0.34087514057182683,-0.9377256249454902,-0.7292660605674166,-0.3324051990815809,0.1279662407777079
OYPPVKRFBIWMSX,-0.9664350489405089,-1.7081008067567427,-0.824333077863572,-0.4012006318042006,-0.19644494372117938,-0.6639421924790837,-0.5856371850574608,-0.03476444332822766,-1.1819254322449317,-0.7209871524529547,0.6847903833815627,-0.7946832293982771
OZGNYLLQHRPOBR,-1.0167347475287565,-1.6812958077899194,-1.7259815932500775,-0.8927514359870282,-0.5029649595167638,-0.7935665741687693,-0.9969750035233076,-0.6339218461237138,-1.1344007093420168,-0.6753996647352503,-1.0952762532314695,-0.8691335713773805
OZLPUNFFCJDMJD,-1.5184538425603613,-1.86876639294159,0.7811365751727046,-0.21652284817626596,0.08251771089382268,-0.7648040334083106,-0.4884728962987969,0.21182549726534855,-0.7446694193141796,-0.29477556818473105,0.22544245362414536,-0.46670554670019226
OZVBMTJYIDMWIL,-1.304097037154634,-1.6474565943544628,-0.3246880247485652,-0.7503790718758016,-0.6955807514969707,-0.7492285058451689,-0.9557192475822385,-0.6222961797671905,-1.034295484150111,-0.6790086277915207,-1.3966498236230067,-0.5925505995781423
OZWKMVRBQXNZKK,-1.3326876259326208,-1.7599625706883244,-1.0812278392521952,-0.8770550386163444,-0.6639634039327866,-0.6271001902048899,-0.7983692920466371,-0.6560028431452642,-1.0171811549079932,-0.7733176575076192,-0.8822347215349942,-0.6963926021964075
PAZJSJFMUHDSTF,-1.4097182934646275,-1.658227450217696,-0.7428625310595579,-0.8727252442806377,-0.30521354709649184,-0.6795266305848354,-0.6183646294953814,0.5827452238223751,-1.039361638196683,-0.7589747633924752,-0.5038166359665845,-0.40229442263501924
PBBGSZCBWVPOOL,-1.36727969179984,-1.749898176237012,-1.5567870657691236,-0.6889408250458486,0.04676513215414658,-0.21265825398523264,-0.7322426073177449,-0.8896685390853443,-1.2947142979151838,-0.19747100146563795,0.7962448020168233,-0.03710392617146767
PBCZLFBEBARBBI,-1.4924404032307181,-1.9006568336623804,-0.41766348336999265,-0.39502528920276003,-0.29759192165306836,-0.8955860298342821,-1.046264459882475,-0.46631658098747225,-1.171204598589476,-0.4567216160004282,-0.3911236898626986,-0.8759031961595813
PBJUNZJWGZTSKL,-0.41669235356078976,-1.0466945092162745,-0.6574007042437078,-0.5696039268005124,-0.44753257369551547,-0.36999780442654967,-0.7626536065120536,-0.025833827530974147,-0.7594103811667217,-0.6632144438228885,-0.5746748239041257,0.12568134401962763
PBKZPPIHUVSDNM,-1.5204465354749692,-1.8488952186817744,-1.9532171301014754,-1.3497263289606987,-1.1907662064754942,-0.9673146330434157,-1.1799147466872641,-1.6209885172485747,-0.8949128752754134,-0.7660317806350269,-2.082903553117321,-0.9046722626288979
PBMSWVPMRUJMPE,-1.4750488745433163,-1.7824765580130122,0.6060989831507209,-0.7064321053907834,-0.3290955901245552,-0.8795781595128603,-1.000311427859065,-0.3837981348300597,-0.42323419670730544,-0.46475848689394234,-0.9490311348564044,-0.6252217457332399
PCLITLDOTJTVDJ,-1.8275743802803834,-1.9993899350486715,0.15761401471811276,-0.8847740630964869,-0.5710998104585537,-0.8851147375111592,-0.9973251640374181,-0.35197511592044817,-1.2115765192789751,-0.3870443584914085,-0.7007842230254259,-1.0477988065606803
PCSWXVJAIHCTMO,-1.6507994615204336,-1.9064933633481103,-1.4910102304724107,-0.9256804091982893,-0.15053033112564163,-0.8073210362778375,-1.1124649871227423,-1.2212618869734175,-1.2256430436610857,-0.6296716737266655,-0.8852673417429726,-1.3009308630114034
PCTRYMLLRKWXGF,-1.4905486122545157,-1.8599756649867418,-2.1554735325909906,-1.0451502809116173,-0.2771808402593066,-0.08840723221224756,-0.7531359275969209,-0.8184278763462333,-0.8605080661735921,-0.847225827152106,-1.569033841428447,-0.6300962300363768
PCZOHLXUXFIOCF,-1.2096716650576085,-1.6672518690614415,-0.4446917216047788,-0.7282929734897748,-0.3733253031317579,-0.6490277122083961,-0.5312827098520895,-0.5204514584488438,-0.8180125298194183,-0.6052089516396054,-0.255175211231702,-0.15426086336479597
PDWUPXJEEYOOTR,1.460017099289415,1.5053412422147001,-1.9632061700426184,-0.7358424345991835,0.9091352307532723,1.0110556321060566,-0.956523536991353,0.7476414999375229,-0.9679079165531794,-0.41292244864182925,-0.4317462838845079,-0.8552580150639661
PFOLLRNADZZWEX,-1.4569656949653316,-1.7340852830804343,1.0036326586309732,1.0683234784563351,-0.09858099804103253,-0.6118656534340409,-0.4117096205260503,0.8418870811403314,-0.9394437244257401,-0.2310460997450627,0.4043655988819412,-0.5326294119434654
PFTAWBLQPZVEMU,1.873275906382135,1.7647020679688779,-2.326507538822695,-0.9005449145956563,0.724747188511875,0.6781994435535601,-1.028958715919825,0.13148594707804803,-1.2988185305463322,-0.6051798026065662,-1.2654947906592051,-1.1249959524329765
PHLBKPHSAVXXEF,-1.330628010989536,-1.8053904379931245,-1.1792304223636632,-0.9233962080699673,-0.5119650813913115,-0.7000646863765135,-0.9738995821721088,-0.8697987777695723,-1.2000122708270147,-0.6480477181719796,-1.1996630399646888,-0.7020671775483558
PHTUQLWOUWZIMZ,-0.8074906659052068,-1.3751655863259473,-0.04052238962243606,-0.911048658258415,-0.05397747978115151,-0.3460320278237101,-0.7945594959764162,0.26908426481519937,-0.3911743094986172,-0.48671011440450296,-0.07460010102186104,-0.6007406992971235
PHVGLTMQBUFIQQ,-1.2344494685925709,-1.6421812606909754,-0.6850732679990519,-0.6803222580598342,-0.5653434462025503,-0.7957879334508675,-1.0298100395933454,-0.22595811429542503,-1.1664435611282515,-0.7464610618441038,-1.1370992050616264,-0.8614783379966947
PHWBOXQYWZNQIN,-1.3235088920855222,-1.5763316940941077,-1.2206509743217617,-0.6581469549087109,-0.5252595623682496,-0.7652168602976985,-0.7028202093548752,0.46227301423080897,-1.0488192119941144,-0.5546453253033898,-0.6601486973593276,-0.8345856264337983
PIJVFDBKTWXHHD,-1.2406027531217616,-1.871406201583026,-0.6944419538679178,-0.9211490218652987,-0.8590791493641308,-0.9334072843472289,-0.9565238739658958,-0.3347760424585512,-0.9945285662973486,-0.4083811865429774,-1.1693375241479458,-0.5440636334488247
PJDFLNIOAUIZSL,-1.144742569750204,-1.4779197415828371,-1.1438713710783444,-0.5602999201059644,-0.18870120994384315,-0.6523979333331655,-0.8151062315302989,-0.0935686761506871,-1.206927794137421,-0.7497475789832685,0.3268683589660366,-0.6064966466423132
PJSFRIWCGOHTNF,-0.6100828236134499,-1.5241669692961461,-1.3650875682132027,-0.9534965004341328,-0.18332494394629417,-0.8357674607960859,-0.9890117537645546,-0.6307326072430637,-1.2747784839397618,-0.40354033065663714,-0.8991004118626745,-1.0558878137588874
PJVWKTKQMONHTI,-1.4793205265258798,-1.746042948791939,0.4892248103425413,-0.5394010950028421,-0.23081243217555622,-0.8096426736291165,-0.7177809563566638,-0.14236609466335848,-0.8831190714817715,-0.41522743872412,0.10054391558190262,-0.48281621986731815
PLDUPXSUYLZYBN,-1.5986722833449531,-1.8853673007826617,-2.720251044368726,-1.1774075810798053,-0.9766786184713576,-0.8255525948352628,-1.055560622590702,-1.4959759028262574,-1.4444466871551864,-0.7413941460106251,-1.904860392435117,-1.2885645340813767
PLDZOHPIBZVDLQ,-1.3969536486822562,-1.4762608787380753,0.3065125768802121,-0.5015030020904786,-0.1349452107665327,-0.5880250999469888,-0.5111681043614871,0.3757280964169293,-0.8423766069420299,-0.1657151315840853,0.6302297083571307,-0.6095123817766039
PMATZTZNYRCHOR,-1.1130863572938354,-1.5323549122168965,-0.6738032766891394,-0.9392119205665429,-0.6346459103665708,-0.8479155665465516,-0.9952540817413333,-0.4390266143943351,-1.1217193068776237,-0.628709311805496,-1.2046463129879599,-0.7877871860668879
PMRYVIKBURPHAH,-0.883037039195049,-1.1975273149475747,-0.64268501107019,-0.3530810704962388,-0.3182702756165675,-0.681331367975883,-0.7000251751607139,0.7537604632718304,-0.9978051619010222,-0.5232786737392472,-0.1268175017832873,-0.32686302965066094
PNVNVHUZROJLTJ,-1.3745394519817251,-1.6329438616740317,-0.3086475304447326,-0.8047415394393106,-0.5335836441546895,-0.9374700195420949,-0.7253370260217558,-0.3141122889149981,-0.8966572853203966,-0.4512442706759211,-0.7575398217763625,-0.8798298139744325
POPFMWWJOGLOIF,-1.342896137968128,-1.741063221234232,-0.5791496279387954,-0.6585549697248497,-0.2896912078113636,-0.6239404873980837,-0.9477778679752358,-0.7134498183733806,-1.0465087183832171,-0.6758177668906903,-0.7207016766927966,-0.8421455975912748
POZRVZJJTULAOH,-1.27301865332109,-1.7938387966359306,-1.8868148059465522,-1.0002312920891934,-0.2282561104385943,-0.6394178167382151,-0.7104870661064375,-0.9293917431696624,-1.3412229884726428,-0.8142812176822938,-1.0990902022288707,-1.1348322090846417
PPQNQXQZIWHJRB,-0.016626609580917925,-0.18923459580943391,-2.225490041192439,-0.795830441973331,0.17333305539065344,-0.1726974916232295,-0.6083108251451308,-0.057567990843342694,-1.0484035739504853,-0.3924974137688203,0.6440269797097771,-0.627529559579424
PQFRTXSWDXZRRS,0.36510575667909423,0.3213137076733442,-2.6726056992753855,-1.102536894943431,0.08519559545125265,-0.11646265456699513,-0.7254273715979423,-0.967866477162086,-1.5003570058107827,-0.7774668545422349,-1.4402867367834469,-1.2193109747522268
PROQIPRRNZUXQM,-0.9843812972928758,-1.7289044829028466,-0.7229678515377611,-1.0983421610841506,-0.8738033550067285,-0.8488954724044565,-0.8245331698482594,0.0713322719906646,-0.6348828703901489,-0.4037588491809138,-1.3639427673907565,-0.9192037556999453
PSIFNNKUMBGKDQ,-1.6183151446980009,-1.9781912638958554,-0.47717460463617684,-0.8040465678987885,-0.19731779865463286,-0.7316431121762071,-0.9924973483235779,-0.4525614898959218,-1.2183041338233598,-0.7579529197155308,-0.33568756581919823,-1.0255276435868774
PTGXAUBQBSGPKF,-1.3711301252047086,-1.8996875880799216,0.18113873600603883,-0.8598535401994214,-0.21459842858321942,-0.8566594504034697,-1.0081544603643575,-0.4810344309561853,-0.8658127098210759,-0.3566576035466193,-0.02286606081933541,-1.0596279495200718
PTKSEFOSCHHMPD,-0.8416543419634075,-1.4867454542031013,1.5681300592093446,-0.4046773818935339,0.009705207918242727,-0.6956769385485987,-0.27200375299351,0.5820053723888441,-0.23660836359099732,-0.29072131041796834,0.40667333128430255,0.16029391861224485
PTOAARAWEBMLNO,-1.349397143188903,-1.919199213591167,0.2467902738489668,-0.6349821138292333,-0.4689747594114585,-0.8032511987624019,-0.9056970867540717,-0.7406312591122683,-0.8519724308687494,-0.6544709304125594,-0.8594541681735062,-0.6181286688045404
PTVWPYVOOKLBCG,-1.590491773075451,-1.9280933719877993,0.004423246734275781,-0.3693814641569626,-0.754817634185321,-1.0124762448784543,-1.0111841501601744,-0.7774860381403826,-0.8670449934000133,-0.6414056389838882,-1.2392891927314884,-1.1350115585734608
PUFQVTATUTYEAL,-1.0286788756588963,-1.6465932127557927,-1.3517210030152127,-0.8767191529120202,-0.22703724623156918,-0.5833272047463454,-0.8093571259730801,-0.5428364388344393,-0.8302966677466368,-0.5120161351212249,-0.8670816808306401,-0.13181074681583627
PUXBGTOOZJQSKH,-0.6683938420829358,-1.4553706365610808,0.38856072579951606,-0.616186279985486,-0.1909189194215727,-0.6823588452436892,-0.3232142990765027,0.33323319497147347,-0.4626343030697808,-0.5313490140804027,-0.07946271415439267,-0.40511085850568296
PVLJETXTTWAYEW,-1.5398875883098786,-1.7237965389219925,-0.6981792273123557,-0.5755617258956559,-0.49762718612699197,-0.9725037314772189,-0.9325453163828912,-0.35413059392875146,-0.7510726528723535,-0.4855319327750005,-1.2281086452135286,-0.8066684279202434
PVNIIMVLHYAWGP,-1.3792756687459147,-1.6502659062597949,-1.5117070392319838,-0.8105076652792361,-0.8076240687147421,-0.7841713530512899,-0.8700307086809702,-0.7984902270776288,-0.8824794325740191,-0.7783507275769168,-1.5635254759888702,-0.5087181539478366
PWKSKIMOESPYIA,-0.5869940968329432,-1.1816520257099943,-0.5821725123104429,-0.8724164252100082,-0.567526311133028,-0.7473848715260696,-0.8959650796272803,-0.561877010806971,-0.16300093149897324,-0.7292596218086316,-1.3687791408704122,-0.19782864162849514
PYZRQGJRPPTADH,-0.9366113314529781,-1.77618917824358,-1.7230417891489818,-0.9165228628250373,-0.5454946088583289,-0.6301802217859838,-0.9829932922215411,-0.9567654130800172,-1.0985138252529765,-0.7813193108027374,-1.2060887757986352,-0.5237432406184408
PZBPKYOVPCNPJY,-1.5493233363482328,-1.9056174314782703,-0.369287096594471,-0.9628140272724068,-0.36755536393600574,-0.8782193329580756,-1.0814139253696535,-0.830849680449326,-1.183371670087245,-0.44851989789581104,-1.0789552015035395,-0.9987135092890308
PZRHRDRVRGEVNW,-1.3965123564953634,-1.8491361719871635,-1.6798911267045735,-0.8417797497843671,-0.6992867138939332,-0.5615816059199731,-0.6974807993579362,-1.1468886285006883,-1.0734881367079767,-0.921393631968813,-1.4248080686821578,-0.736004162737652
QAGYKUNXZHXKMR,-1.4734940186455632,-1.7729371621232577,-1.0237038319547667,-0.8196716319783036,-0.5127171034137352,-0.7370673361438274,-0.7848061191264635,-0.5853860538168338,-1.1434990418164455,-0.7650436841150157,-0.8099095837518164,-0.7372969306157411
QAIPRVGONGVQAS,-1.3419516358890524,-1.7048873559030275,-0.8444102157125069,-0.6761438680381942,-0.18362646520305492,-0.5259172684165203,-0.8031144495341458,-0.5645529138585029,-1.0791188283782076,-0.5590260697214577,-0.7242589384534273,-0.7898559384256417
QANMHLXAZMSUEX,-1.4186883317028158,-1.7293749406427135,-0.29167447316666156,-0.697746158035681,-0.36252991135709134,-0.7035100337281031,-0.8076335043424221,-0.19245048034277523,-0.7696503387965644,-0.4690060934412541,-0.44239410730414547,-0.6240359695049732
QASFUMOKHFSJGL,-1.2600760076763649,-1.5983652986508081,0.40195469761241287,0.01675150401280967,-0.052708406657125687,-0.623502214317925,-0.3074224182776667,0.5576876955312788,-0.8837529293665081,-0.570781662561303,0.9264882355213585,0.016530681450614034
QAXBVGVYDCAVLV,-1.4109220668248712,-1.7180973035680251,-0.7868012966135346,-0.7858592136974384,-0.48482534350282774,-0.8215034192980968,-0.8985535798692517,-0.1896944436721703,-1.0454221900459122,-0.7995310748325333,-0.8971503524400198,-0.7477087901030206
QBKSWRVVCFFDOT,-1.459565244391733,-1.727397770539388,-0.0070875007913029486,-0.8307675353141428,-0.09751144199207606,-0.5473725242413785,-0.595958111149337,-0.30710817378166594,-1.1707807199070566,-0.4648450692277267,0.4290945014035222,-0.7067215800013111
QBPFLULOKWLNNW,-0.6268022645948692,-0.5550532773045407,0.43042403917797467,-0.4056179985234369,-0.014437908109913031,-0.12016397930408614,-0.016513093668452276,0.6854154777759048,-0.6131430381121139,-0.5361031209515457,1.084732281121431,0.5268505036222186
QCDFBFJGMNKBDO,-0.8110251814547141,-1.322004571786184,-0.5984118006551151,-0.48410136656707103,-0.4277959321161636,-0.6234002310485941,-0.4688815905193642,-0.34683969128132286,-1.1291302483971501,-0.7390150241858077,-0.9363115788086187,-0.6621824517387396
QCHFTSOMWOSFHM,-1.5559700727969028,-1.8361826267166246,-0.46295740840689104,-0.5848217358388614,-0.6006055070113853,-0.6466776278941516,-0.8876024871848048,-0.5619183840889601,-1.111788521744182,-0.573750262782115,-0.8289664315934688,-0.8125521337371502
QDGZDCVAUDNJFG,-1.0309680821475853,-1.558769422009504,-0.9838134896242041,-0.7020481971421252,0.15942419433411983,-0.7209035300936819,-1.0047508554922935,-0.7661042421219042,-1.1636536257701193,-0.42200914720713545,-0.4938986252072967,-0.8913173665654271
QDIYJDPBMZUZEH,-0.8976113595883339,-1.3912475370468282,-0.42345270553058145,-0.6297386238242165,0.09277770494142734,-0.4447217424695248,-0.9165858181401744,-0.10645509397502795,-1.2362286584529234,-0.27103219419712415,0.3645294052164138,-0.6152344516094098
QEVHRUUCFGRFIF,-1.4205684537711702,-1.5539253055617037,0.9852828436027935,-0.7576417113088224,-0.3665461384645845,-0.2455743923331438,-0.5897654617899234,0.7734567010080475,-0.6014026217884137,-0.4820668863662571,0.46701961642101864,-0.6271144927935393
QFOHBWFCKVYLES,-1.204042134973168,-1.5532578333984024,-0.9157127359893449,-0.6643603065193309,-0.14809480504606778,-0.4908734312718081,-0.8050843432037345,0.3436235356981571,-0.6906120488181778,-0.48973657371717855,-0.2288286452938822,-0.7911902471403205
QGNJRVVDBSJHIZ,0.1926372201995014,-0.2522976571240769,-2.001669581819977,-0.5877832518034292,-0.08407120529461963,-0.22099010754973444,0.18950444772270472,-0.3768894837510523,-0.8586326573621762,-0.6662894201803929,-0.4633795538834013,0.23632882175799783
QHGUCRYDKWKLMG,-1.3775659940888485,-1.816166043480631,-1.883350380353459,-0.5030780600441469,-0.894695444194288,-0.7933299729351215,-1.0080726268357094,-0.8198259416171508,-1.2835517958172413,-0.7172155891021536,-1.5241935433348477,-0.9617984455833555
QJQORSLQNXDVGE,-1.5295308270159476,-1.7083528244116701,-1.4475316664160927,-0.8065986033288138,-0.48546039519238504,-0.880680124373192,-1.0657396316886747,-0.5964037394887551,-1.393479782949157,-0.4627836323463622,-1.3627847104814,-1.2906827294574847
QMGVPVSNSZLJIA,-0.36444928474455074,-0.7216561015696944,-1.9033920882207753,-0.8655117277977311,-0.034105513249862975,-0.4125023738478599,-0.9198863803359848,-0.31428424659679594,-0.9248566399453231,-0.28127386184221653,-1.4829400697131607,-0.2754301656703286
QNJKSUYWBCNWFI,-1.1508875456308645,-1.2196387618031514,0.8343314525864477,-0.6497781597079073,-0.09446378709940181,-0.5089986764171006,-0.8765603416471941,0.380810550811841,-0.38913366853674813,-0.4586935402367337,0.6022712013175817,-0.2701150782748872
QOVTVIYTBRHADL,-0.9876213494580165,-0.9047393604520995,-0.8683215073111481,-0.7578293105582364,-0.11955292064727349,-0.4963241762625051,-0.571092168854322,-0.876758342743742,-0.828046855503332,-0.6022036284676541,-0.975996826242497,-0.608943188799974
QOYHHIBFXOOADH,-1.4343026454267958,-1.8061450243041532,-0.3607911092687932,-0.6614934975594626,-0.48371280451205256,-0.8123652983840625,-0.9487001567108814,-0.4640142757669715,-0.809708979782554,-0.46487370465563327,-0.628795186632058,-0.8687352164360419
QPCDCPDFJACHGM,-1.134585792907144,-1.2900588593006548,-1.49565716485107,-0.5898352245983475,-0.4003634201333999,-0.2641064332742304,-0.8175262931129529,-0.41427224297898885,-1.003692328965138,-0.5217933673376347,-0.5946610444754898,-0.17171286955508475
QPFYXYFORQJZEC,-1.4613578184431895,-1.6969049519464856,-0.8118131622115129,-0.9359079114008932,-0.8926805526770611,-0.9356164005111458,-0.7207957218228427,-0.022402565933257967,-0.783693712496644,-0.49417031307707016,-1.4671272330701002,-1.1004703742886197
QPGGEKPRGVJKQB,-1.3881840756184998,-1.7482770887233356,-0.05731312785574645,-0.5836912823046386,-0.6410110872860034,-0.830962727938542,-1.017728485313379,-0.4908519717519818,-1.0317154431259739,-0.5856266301824646,-0.9431572121081253,-0.743321023734449
QPPBRPIAZZHUNT,-1.2756080255058555,-1.6291372554892793,-2.6585508339124417,-0.7431244552883332,-0.793451497668949,-0.5679905562580853,-0.4806795680206032,-1.1070938982597747,-0.7368394394688251,-0.8746379481785832,-1.6549520729127134,-0.06828207664333955
QQQIECGTIMUVDS,-1.2351374776213333,-1.2305074830725744,-1.9333797662334007,-0.9188551548516141,-0.22294900125008746,-0.6618666354486974,-0.541920055720262,-0.43612435965751584,-0.9575522016986094,-0.3961911963918674,-0.7350377456013731,-0.9554267472705094
QRJJEGAJXVEBNE,-1.1980548365845465,-1.778349933417622,-0.3953915691165294,-0.8859128181075977,-0.7537022203922734,-0.8255806351186996,-0.8493377211230948,-0.2367697022815774,-0.8129790841775908,-0.748716180709806,-0.500485388383114,-0.7689960080049169
QRJOQYLXZPQQMX,-1.5767027805945422,-1.850247997387912,-0.40509688780340863,-0.9160430565402691,-0.4845239702933326,-1.0042142044188251,-0.682124535614598,-0.07305406030925156,-0.7946159789507842,-0.3566993792517909,-0.8480330504841871,-0.9924883988527817
QRZAKQDHEVVFRX,-1.3560479711205669,-1.7584996991949586,0.27463982641895224,-0.5969480182770457,-0.7016045767762719,-0.7165559288131099,-0.781166375367802,-0.2758387916860439,-0.9839420923458878,-0.6805365310566327,-0.543378442156879,-0.7922209632372235
QSAVEGSLJISCDF,-1.2747982919444083,-1.7224169014626505,-0.8346232524771956,-0.8292001580486928,-0.46874650051871997,-0.6116609144450411,-0.8668883282309643,-0.3376191989105149,-1.2616667287727026,-0.6864578712341641,-0.05233060999705174,-0.8244808295999794
QSLMDECMDJKHMQ,-0.6819892184656511,-1.245714259369912,-1.3382630344776736,-0.7240973918191291,-0.08904996271507681,-0.4691283739118887,-0.6031978127201667,-0.3724226804391966,-0.8329204594914918,-0.7312937566920109,-0.20845032040193498,0.21014272710439708
QSQQPMHPCBLLGX,-1.7494266854783826,-2.0078114430260805,0.23654881976119324,-0.994154972421424,-0.7404212616026137,-0.9355000745317419,-1.086418434474206,-1.202367444717055,-0.999710637193213,-0.5247090546461837,-1.4122588352303722,-1.1525791482495518
QTGIAADRBBLJGA,-1.6975963723735723,-1.9779175079799152,1.136894666570698,-0.5487784010099669,-0.23672681204047594,-0.9696647261018387,-0.9884100876040365,-0.7314688023124213,-0.08867392211392532,-0.48643788810844346,-0.9683767976081255,-0.6940613123575861
QUQPHWDTPGMPEX,-0.9870889517860704,-1.322080951915864,-2.5084004101196187,-0.9904066437195697,-0.886343237163375,-0.6953410339347283,-0.9206793517097467,-0.8681353130244946,-1.2680214673127168,-0.8977823665751756,-1.5941434073244738,-0.4733049965706928
QVYRGXJJSLMXQH,-0.8260118938524017,-1.2639744549345513,-1.8861432255640045,-0.38172769870760476,-0.11405756609353375,-0.2876681764582609,-0.33697625517544544,-0.433876698760479,-1.2047398526779203,-0.6973863247177114,-0.11801012503171748,-0.20390816006946078
QVZCXCJXTMIDME,-1.189813867874281,-1.7136629142851048,-0.20048890501269057,-0.8167152200301241,-0.49805227041152667,-0.8113762670932998,-0.8772747835896249,0.17021064370908537,-0.426649932133134,-0.8296114981439038,-1.0145851680894935,-0.4991122312386484
QWAXKHKRTORLEM,-1.1755962650759393,-1.4204519812008973,-0.8660855009938875,-0.7240912103182304,-0.1606004412302147,-0.5792422789151165,-0.5526410602167964,-0.9469160556072209,-0.9324322364769468,-0.6791861273354278,-0.9459610944464685,-0.8337259190200328
QWCJHSGMANYXCW,-1.3031488904512778,-1.803131086812526,-0.6030046171391154,-1.0027367789767938,-0.5003742751451763,-0.6519936568597201,-0.8536759025232182,-0.4073403170228021,-1.2222008182024051,-0.648378274832823,-0.21168860204629655,-0.7541451795965193
QWCRAEMEVRGPNT,-1.4587053278683415,-1.7553439554857255,-0.41880284749266505,-0.6544247639295483,-0.5527453070187015,-0.8399358013689525,-0.9958595826559589,-0.19967929038359736,-1.0271527347111635,-0.6118731953675697,-0.4692261513466794,-0.9013187792737982
QWGDMFLQWFTERH,-1.0785786220667575,-1.8479189487393377,-1.431629201455107,-0.6971320700271284,-0.7928299582737769,-0.7981207383499389,-1.0155148699182095,-1.2269500056992473,-0.8452261725851117,-0.796431120185542,-1.7337607833654054,-0.326410780004025
QWZFVMCWPLMLTL,-1.4577932310476627,-1.7377573214483424,-2.7817771470357884,-0.6437617998222397,-0.7473588225062413,-0.5591496391452768,-0.6088922403801535,-0.9615030442234637,-1.1726525533516239,-0.5079687795373552,-0.8905326145949668,-0.8094997260329473
QXHHHPZILQDDPS,-1.1787054500117207,-1.661685707820296,-0.07730094388087928,-0.69245990589502,-0.538119404507948,-0.6379934318244914,-0.8054153256999221,-0.1621590358302461,-0.9521745460298003,-0.6040097694066735,0.09542712661120874,-0.45344998235758305
QXKHYNVANLEOEG,-1.7482640910488603,-2.0206412532823337,0.8464804615342296,-0.9803264232005446,-0.4928362984073791,-0.9652011756581742,-1.0177366182369298,-0.7174110360704534,-0.8119382649953182,-0.5812785468615794,-0.7861600998028921,-1.0888795361879853
QXRSDHAAWVKZLJ,-0.948592238962031,-1.8460267706888904,0.09318946574542347,-0.5348616245907127,-0.2487986907128497,-0.764564114952465,-0.5618095839314016,-0.30537870969295744,-0.8482082408043563,-0.7554209629806037,-0.8425985996683167,-0.4466246857708608
QYIYFLOTGYLRGG,-1.4126385785520927,-1.836768184394424,-0.2815405286558147,-0.9041556371159154,-1.0499535852384925,-0.8682453307915234,-1.1560985740957308,-0.981877718666457,-1.2316178988999802,-0.6620773266490783,-1.0627158391158669,-1.03005393364585
QYQDKDWGWDOFFU,-0.7680312691367852,-1.8549736639726029,-1.4496667985864868,-1.0489420751812517,-0.8346734929401016,-0.9464751455670253,-1.0052571443184966,-1.111208936718616,-1.112218602381008,-0.7304594406939526,-0.999822443083431,-0.8562280898879907
QZUDBNBUXVUHMW,-1.5542754877291058,-1.9451681948648405,-0.6611016410837166,-0.9187937318749223,-0.7745334372587067,-1.007359688474418,-1.1115833985360941,-0.37998362903737093,-0.7295369527074367,-0.6064881863921117,-1.5153552496483407,-1.196627864068521
QZVCTJOXCFMACW,-1.1952875977866835,-1.9140633642373206,-0.012029714924054045,-0.6536378511617945,-0.3156798548149647,-0.7804881988122596,-0.8019187066063188,-0.012381483512215527,-0.998459331286703,-0.6924624009779288,-0.9228064291456273,-1.0009577894425132
RAOCRURYZCVHMG,-1.573515523486776,-1.8299353406237016,0.9686181012491637,-0.5044069876996499,0.2782312244481394,-0.682818026301847,-0.7302181910151851,-0.28878784344269437,-0.1946833434719304,-0.2964008974916443,-0.25106287885373957,-0.3623234014335038
RAPZEAPATHNIPO,-1.2282744480454968,-1.8141095433804983,0.086792257913217,-0.22730249841400452,-0.08007672988781642,-0.7654459260265972,-0.9277111893687796,0.2646010709984504,-0.047755015734489176,-0.48012179240975034,-0.2579222798460798,-0.5103694554205194
RAVIZVQZGXBOQO,-1.001721382802844,-1.6626934021752975,-0.3416590824742818,-0.73853711141037,-0.08864378050700966,-0.5060349202838973,-0.7201846695122871,-0.06732982367254174,-0.4860498090158114,-0.5281880633105027,0.013381194619371014,0.13752204087760023
RBQOQRRFDPXAGN,-1.4342022419890939,-1.8236704392809577,-0.5943265121101909,-0.8233097052133833,-0.7026027742439547,-0.8593048680132376,-1.0795951780630766,-1.0822004912803083,-0.31245683957548726,-0.594898707136853,-1.7262280936708256,-0.2908287402990789
RBTBFTRPCNLSDE,-0.23672563487106427,-0.1274467643978683,-2.6623566861132453,-1.011445949534851,-0.04546757361409426,-0.2090096555095518,-0.8990178413408425,-0.9380894209847006,-1.3866379881400746,-0.5004195725467361,-1.7089667471542507,-0.8532697485757379
RCIMBBZXSXFZBV,-1.6558132679730504,-1.9428687345726177,0.7302492992993561,0.0832471367552487,-0.7843271586723073,-0.8656891189047833,-1.0829405638899061,-0.6922074822668564,-1.2051935632949065,-0.6814035569465932,-1.0789973844438738,-1.033162120911602
RCKMWOKWVGPNJF,-1.3361365618612064,-1.4927736094914326,-1.4305453873511318,-0.7828009688144338,-0.18764885222830593,-0.7933159419795505,-1.0222671669957046,-0.7441117080555946,-1.1495887988931688,-0.6570812067015604,-0.8977342280274948,-1.0626480357130523
RDFCSSHDJSZMTQ,-0.3584171562734774,-0.3269244821284828,-1.3422117840425334,-0.7556316508225106,-0.4007333410403372,-0.504766386448726,-1.062549027656181,-0.6122431555992933,-1.0366718829783743,-0.8241386263129299,-0.9262348638542431,-0.2953758992770963
RDOIQAHITMMDAJ,-1.4586731136902065,-1.8378798252534403,-1.1625158954076822,-1.037707981364586,-0.8678313069753334,-0.8631535169300186,-1.1078816900946795,-1.1154530275961472,-1.2591496085358806,-0.8341966677567281,-1.6264162585758155,-0.8038941519635554
RDXLYGJSWZYTFJ,-1.2126379382789254,-1.6360470734143233,-1.5872974843706003,-0.8909219376271117,-0.8504608653004357,-0.7760425095908544,-1.1601365050307442,-1.1069438165947392,-1.2444114608421317,-0.7699520721014862,-1.7002984307140117,-0.8724849911453147
REFJWTPEDVJJIY,-1.4474423710437292,-1.9258206363743358,-1.528771222567792,-1.1462271499170182,-1.097348251523755,-0.9289511301122115,-0.9330993634952859,-1.0837577416458093,-1.226007469585451,-0.5398258742352893,-1.6771173457565423,-1.1132987446317077
REQCZEXYDRLIBE,-1.437496087002282,-1.6448208119351473,0.04794670967570353,-0.9424581654910136,-0.17389160947879095,-0.7571680414092047,-0.8714429217252018,-0.3176426641972207,-0.6215061520368826,-0.5057707880132278,-0.013729591973719129,-0.12812155776591916
REYFJDPCWQRWAA,-1.0019453448981377,-1.4840330533886883,-0.7124317881530855,-0.7530625524060989,0.05211597928767459,-0.47617874404960003,-0.3180489629474608,0.10860838673774613,-0.7654098665825922,-0.5602490500323637,1.1316886917553277,-0.03644970441237262
REZGGXNDEMKIQB,-1.4094722170532796,-1.84401497459786,-0.9270846909779997,-0.9177059159418921,-0.7796834730918544,-0.861728591033881,-0.9583297129738627,-0.9153898884955118,-0.5720993177267137,-0.7196871882370303,-1.7915495393117558,-0.24212268111855761
RFDAIACWWDREDC,-0.8125223346257057,-1.6225886864836652,-0.8901403115358887,-0.5710884091839487,-0.41342850936029374,-0.6466105853552097,-0.5474955699451979,-0.2080163362382345,-0.8729975902821632,-0.7155587817533136,-0.5996419607632095,-0.613165768180184
RFHAOTPXVQNOHP,-1.3705894669967604,-1.453884697797191,0.17812721616332305,-0.4661871897958181,0.0287775998416918,-0.5258926346470993,-0.6482978246246631,-0.058536829309182935,-0.9927120589754893,-0.34263876492249934,-0.11458728204302746,-0.19857656280094496
RGCVKNLCSQQDEP,-1.1193806269356332,-1.4347207884218787,-1.051776926735251,-0.4460132769512519,-0.27689572139510976,-0.48185662103778204,-0.7657967613244071,-0.4722915601708564,-1.142636137137464,-0.6076755189856605,-0.4703539765484915,-0.44637003632106453
RGPDEAGGEXEMMM,-1.2420025063484614,-1.5783481346793107,-1.6985553582760744,-1.0330754691030506,-0.31780290275945106,-0.5391560434106921,-0.6255363962609076,-0.8438041649105579,-1.3520197204954456,-0.5262132475322884,-0.6100244227838559,-1.1334952215585807
RHAXSHUQNIEUEY,-1.2022582613567472,-1.377206594734453,-1.1003970207690437,-0.5741531121173105,-0.1603471056367974,-0.7356878551928873,-0.9414554215200615,-0.03603854807393517,-1.1074180866571095,-0.48289397932720124,-0.5300593614932663,-1.053882046083313
RHMXXJGYXNZAPX,-1.3719343165678881,-1.888084566161434,-0.3956344748027079,-0.6877868786761505,-0.4870493167648978,-0.6845673263006726,-1.0339066843368014,-0.8142982458513462,-1.1317959753226319,-0.4963630927191496,-0.8379985384500337,-1.003897787014446
RIKMMFOAQPJVMX,-1.4720648948581112,-1.7577176185517158,0.9912888180464876,-0.4934165529665423,-0.17514206117639802,-0.7015354438553466,-0.895506925221456,0.5186153216431839,-0.8135226886075927,-0.5913266273374149,0.17178197822793287,-0.5312152806438022
RITAVMQDGBJQJZ,-1.2721125412521714,-1.6480304741225984,-0.5232063965504692,-0.737328237478398,-0.7169921392391558,-0.8771131483217134,-1.023872086637092,-0.05484802097821975,-1.1199176182809774,-0.5453679523621008,-0.6200398707429713,-0.7854902719001438
RJMIEHBSYVWVIN,-1.577135712451472,-1.755054573560039,1.1596865420959415,-0.20408048071078858,-0.19552025953089708,-0.8320973200902626,-0.9425929275630616,-0.08066538286357165,-0.5015115311241991,-0.5848391534298187,-0.5633487728578561,-0.3594029289529334
RJMUSRYZPJIFPJ,-1.552863812539143,-1.8643416795543872,-0.9958503862565433,-0.9599164298198983,-1.051431793694489,-0.9496434048780642,-1.0185795490351364,-0.6626390288010637,-1.1453849345404263,-0.6740295024973947,-1.3403080022830047,-1.060870597590399
RKLNONIVDFXQRX,-1.2217767518620106,-1.7810757767482643,-0.04093979877386071,-0.8283346125781852,-0.5974770520818098,-0.9365719869588317,-0.9967013430730471,-0.09577626113065482,-0.5944332313943419,-0.623122744997876,-0.21706814724299286,-0.7373379118223811
RKUNBYITZUJHSG,-0.8847634749655512,-1.7691106626097257,1.1380232800854793,-0.7937417289986202,-0.2137396780633541,-0.7361704790367815,-0.8044747074872831,0.16329181002900278,-0.6022336358272776,-0.6475100125336787,-0.6685354201526547,-0.4860673627431027
RLAWWYSOJDYHDC,-1.1458538533649358,-1.6173981508935635,-2.4895673525768265,-0.8914302610642355,-0.2968918486192297,-0.61222501129475,-1.1440953754305982,-1.1815923776157002,-0.9020297312640447,-0.7508127626025284,-1.703763555129173,-0.6267568850296645
RLFWWDJHLFCNIJ,-1.516314308495101,-1.9199491996897777,0.5443037572039237,-0.7985740386726237,-0.6269351097925373,-0.9237987337429134,-1.0249437543366633,-0.13198766746707907,-0.863462641979786,-0.48349018147435585,-0.9757773630205804,-0.7310219146024156
RLJFTICUTYVZDG,-1.428270492414745,-1.8403759728262783,-0.4010199577417522,-0.9752593931653126,-0.5433630530569218,-0.8132855408527918,-1.0228994982704314,-0.05750491247644791,-1.1298527577878361,-0.7009899635560326,-0.6267355897772214,-0.7230092226367952
RMEDXOLNCUSCGS,-0.9639187382307026,-1.3351366044585464,-1.2734850096796997,-0.39229936415060707,-0.4167052095039852,-0.5211137888072126,-0.5062605563336104,0.3691016675825946,-0.19896853071109544,-0.8012692632077099,0.2167502115390379,0.3712018690888219
RMHMFHUVIITRHF,-1.4705142916169056,-1.9028732255410041,1.0827056903667478,0.05704105698770245,-0.28731470259087083,-0.6941594460940288,-0.8344307313408525,-0.11596616912697234,-0.6335407647273487,-0.40390444968627337,-0.4823797250411981,-0.45483370428960823
RMMXLENWKUUMAY,-1.4409189642815219,-1.6254269186444066,0.10797947310473834,-0.6453553908934299,-0.3970433358850942,-0.8324034371854048,-0.974725929997231,-0.022622317257084006,-0.9454130044935788,-0.5749453946043624,0.27311238191140547,-0.7204240361653046
RMUCZJUITONUFY,-0.8925519254257391,-0.7929932310102783,-0.5229361845169216,-0.7131547016205403,-0.2791365809473054,-0.5263470014341813,-0.9021974060664963,0.7792852745141685,-0.6381073045233878,-0.41756586226206405,-0.07601872987767624,-0.3995955392756378
ROBVIMPUHSLWNV,-1.5740911666493875,-1.869584931318707,0.06608566264578097,-0.7878384626368842,-0.6109627442967647,-0.9465483374343184,-1.0536718340635598,-0.09692549097255568,-0.9139523930156153,-0.6747123415647058,-0.157887653729673,-0.791002567626134
RONZAEMNMFQXRA,-1.237914874430463,-1.393872499595746,-0.27896994185470037,-0.7693704623178913,-0.35843490730495514,-0.6613830501233589,-0.024779462840899727,0.33120523791042755,-0.7860426065432098,-0.667316461961047,-0.3301628483943758,-0.12967278363632254
RRAFCDWBNXTKKO,-1.6764759478411702,-1.9506266261699596,0.16066028171618466,-0.09836986629365634,-0.32303923510953114,-0.7330560789635876,-0.9327967912396654,-0.09125489169893529,-1.1561410952335214,-0.3338153504791724,-0.38971687158380575,-0.5303729914889381
RRGUKTPIGVIEKM,-1.48127054087383,-1.639593961778423,-0.39533764225754114,-0.6732216487278734,-0.5972479478599153,-0.81045427153452,-1.0178377855256753,-0.4134303891784615,-1.0832890724109863,-0.6764602730256111,-0.7606798232639189,-0.6789700530018672
RRKTZKIUPZVBMF,-1.4680231486671302,-1.7132102821651263,-1.4428144396364462,-0.9711207244350087,-0.461919123720565,-0.7308798881345555,-0.8948189454001154,-0.9169347651129924,-1.1964499982206542,-0.8099833144455959,-0.9913373050244384,-0.5585833758080219
RRZXIRBKKLTSOM,-1.3644372210690099,-1.8334213765928555,-1.2144687631756665,-0.8389632947337325,-0.8840356685560112,-0.8541513163826782,-0.7446345366485002,-1.2532666081722699,-1.1595689159571916,-0.6177682862481144,-1.5769921420488389,-0.9587367483812175
RSEPBGGWRJCQGY,-1.3882578664596132,-1.7356664565832205,-0.26317000441416766,0.35332617104011116,-0.49377157554042217,-0.7725640483754178,-0.6817994989829451,0.03174454158550866,-0.6890471480046768,-0.6750826407494099,-0.3947484214153082,-0.558685793522407
RSUVYMGADVXGOU,-1.4205450061234728,-1.5620451866635188,-0.47172187957625905,-1.0337697099982088,-0.3816556109525842,-0.59829557327734,-0.7028476106072227,-0.8095582082490866,-0.8229329051221284,-0.5686254084955952,-0.49552523887438005,-0.31650548213636437
RTGDFNSFWBGLEC,-1.6100588098332367,-1.7342440528443248,-2.380908239300337,-0.8879240907306107,-0.40417923891575697,-0.7752234555333428,-0.9529684591154897,-1.1091946009510412,-1.4258000718204964,-0.3101542934458722,-1.349418959157091,-1.4312080551742086
RTHCYVBBDHJXIQ,-1.7204418147479266,-1.9598924907413349,1.1173477691567613,-0.7609056180545845,0.13544497120928672,-0.7914566352890882,-0.4929903679309392,-0.2495608614019521,-0.501283710793275,-0.1566875228549125,0.4197868651112563,-0.19030755970074606
RTRQQBHATOEIAF,-1.4274672662575598,-1.8920539733628823,0.8555351670001663,-0.17089071448669244,-0.055230859745614244,-0.6945224754558761,-0.7596259437527448,0.33246015394683714,-0.9413270935205718,-0.45073898912843496,-0.3027673274401305,-0.18086536897938124
RTXOFQZKPXMALH,-0.7438156445275953,-1.6089650115354936,1.2947018344665793,-0.7250457131336312,-0.26961458627161594,-0.7797310887063562,-0.6469180683534174,0.5719629666013228,-0.4128724114157682,-0.6502923177948745,-0.46621984005786243,-0.07880285735306986
RUDATBOHQWOJDD,-1.63641715763567,-1.9438206345574038,-0.9540728517147381,-0.9915081475110015,-0.9761988105012892,-1.0063186765182142,-1.13828729038809,-1.0363731990176512,-1.3001462025122243,-0.6881631293933138,-1.8221795498107036,-1.2411387564060923
RUZYUOTYCVRMRZ,-1.249860670053737,-1.6889496999656846,0.47018233606718807,-0.5520839924255554,-0.656112892425305,-0.7975163711233095,-1.143043366001397,-0.8128054902818203,-0.9420064102555272,-0.4948002292671739,-1.545290147850147,-0.524478816926062
RVOLLAQWKVFTGE,-1.157240191508045,-1.6064941234370635,-0.8180684859076649,-0.788794141035995,-0.5365234516285413,-0.7766495516352491,-1.073039123767567,-0.6070977107218178,-1.2904611307965768,-0.6048949405807735,-0.8893062387438727,-0.5651718836072982
RWTNPBWLLIMQHL,-0.8657717021234701,-1.1975099308378316,-0.9470554631318291,-0.7381501575767522,-0.23758090041860275,-0.5428131458308033,-0.6885063458533698,-0.016076145665332563,-0.9897865933007154,-0.6210640723784329,-0.6619384442622192,-0.4532248342007757
RXPRRQLKFXBCSJ,-1.4046201856565814,-1.779938865157816,-0.7733046393612188,-0.3611683340939296,-0.422289204304714,-0.6441013510506398,-0.8120829439461168,-0.3977795301865675,-1.1254963018749522,-0.74720838208257,0.1184873536432859,-0.8774984036019502
RXQCGGRTAILOIN,-1.627751004363573,-1.9940510869081218,1.2583950344193142,-0.7038706838875362,-0.09519544521255524,-0.877635819205418,-0.9608549814593581,-0.23131453578986283,-0.8247671806620873,-0.21640914877560957,0.6538036157420969,-0.6458426430983966
RXWNCPJZOCPEPQ,-0.5095687820917506,-1.2492416660757173,-0.6173128607131964,-0.5326453594450048,-0.3263515351279509,-0.3897850503662007,-0.5755030417472579,-0.0852204779163102,-0.7712082819668111,-0.6481415161345119,-0.2498741004030434,0.15200717482897233
RXZBMPWDPOLZGW,-1.138799527328987,-1.4115958157641224,-0.3451968976465468,-0.015496652945326478,0.2686307473357116,-0.43159862045574543,-0.18646318792482347,0.6944956385322373,-0.90530609034834,-0.41744102080658163,0.7402318544991201,-0.6704937930527004
RYMZZMVNJRMUDD,-1.744371724704011,-1.9554983497142846,-0.8281230571953812,-0.8441458501111208,-1.0257309942422859,-0.9144729233141571,-1.0352571747881136,-1.3176496021882715,-1.1465946094433812,-0.6679349895451293,-1.5262359581373646,-0.9592015077972029
RYYVLZVUVIJVGH,-1.2494473992319404,-1.6679033180049299,-1.3053098106968695,-0.8815546052436456,-0.950127759358105,-0.803503869869856,-0.8400776808965524,-0.6435730451965143,-1.1639228155108428,-0.8642236774968401,-1.3068456582021797,-1.0080330463405343
RZEKVGVHFLEQIL,-0.9968264893004765,-1.6809430315889657,-0.031925560605862005,-0.7448438038571582,-0.36374787316500956,-0.7741537592257018,-0.8472644286353036,-0.42648711595901045,-0.6205178165464443,-0.7487385031982193,-1.1208133520109564,-0.18590582612863238
RZJQGNCSTQAWON,-1.2244031848726975,-1.8052620627101537,-0.6749459434828924,-0.7545376161615902,-0.875888811447575,-0.8206092250925691,-0.8280082140604624,-0.7367585088300346,-1.1568922774059414,-0.8652435968211157,-0.961033708030855,-0.8473870679640828
RZVAJINKPMORJF,-1.2860999678718406,-1.6014390897922628,-0.47236550544780587,-0.7610862809717184,-0.11643336016775206,-0.570136606621076,-0.718037161301056,-0.07342858019434062,-0.48245496088930684,-0.4140733751776148,-0.466880006875242,-0.6947339684748536
SAPNXPWPAUFAJU,-0.5261982969047665,-1.6566309032183435,-1.1660780258014636,-0.7780081564180122,-0.6240698230606128,-0.8064703125876084,-0.8759654228877887,-0.9755995786949155,-0.6929169856849285,-0.8349485856642098,-1.2306363993034015,-0.14573482649847325
SBDNJUWAMKYJOX,1.7954163939471568,1.863692756004678,-2.232025077495402,-0.8346564615142626,0.3329558996877865,0.07640667582773467,-1.0671591680410337,-0.48629068171738554,-1.3250309703658534,-0.6885216273997044,-1.2539555912693707,-0.9280537407913164
SBUJHOSQTJFQJX,-1.3814260440794852,-1.7413458734298446,0.23590774746738896,-0.4488623490229676,0.6776383780175312,-0.1912108023051934,-0.7447985650695186,1.0136735306321942,-0.0978338027218517,0.224548937434074,0.8084770951140232,0.002909912448355235
SCKYRAXSEDYPSA,-1.585402526289842,-1.9543386574693948,-0.7081668377692976,-0.576311406229739,-0.7728652714164626,-0.9741012330676202,-1.1699217413060057,-1.3319818743385647,-1.2876897879564644,-0.4355328024300828,-1.388680236729878,-1.0840232673732733
SDUQYLNIPVEERB,-1.2788699402739683,-1.7349146083427494,-1.276116896214804,-0.9760066978985222,-0.5790644135198194,-0.6879821336412227,-0.8916108300842744,-0.07050708758493687,-0.8533495780683311,-0.7657120452084003,-1.4188149288414174,-0.5789946344652359
SECKRCOLJRRGGV,-1.0084777397368685,-1.8140181041992154,1.5059798748072935,0.09114216720857851,0.08360382733114056,-0.7040462709945555,-0.4686795307471017,0.6515451742402516,-0.8932866991014472,-0.4519418630672032,0.1910694632933326,-0.5954841547067191
SEEPANYCNGTZFQ,-1.0853574591088804,-1.6708074495817338,-1.2974795263293575,-0.7991528094507495,-0.0779175872083203,-0.6774270032593035,-1.0615222098527766,-0.7948522276731462,-1.2378888878915757,-0.6102416463538549,-0.3563575452241359,-0.9159682138147035
SFBODOKJTYAUCM,-0.9265485222804201,-1.302696513253859,-1.7205329122537236,-0.7017420824325027,-0.5475798227426182,-0.5220900912677224,-0.8680733387857192,-0.6348843625770917,-1.206874958728747,-0.78308743991757,-0.6885889899260135,-0.4652849134217749
SFLSHLFXELFNJZ,-1.7125069967282456,-1.5638005039756442,1.2549197655554254,-0.5845294866599602,0.4909989423981037,-0.1364076797293532,0.043493875297258,0.2936900368296674,-0.3795825242080248,-0.044591000885496605,1.9017362741660182,0.7328858016024837
SGDBTWWWUNNDEQ,-1.4045610196624154,-1.6993546704981712,-0.9310606878551771,-0.9949654779290728,-0.5872898557265752,-0.8031827959727631,-1.023832363140892,-0.5466324627380661,-1.2055181546565785,-0.7300997378581326,-1.1578062719983306,-0.676782355626309
SGOOQMRIPALTEL,1.8238588380120326,0.4996219883364619,-2.5804088104145464,-0.6675373084785199,0.23258650698938504,-0.06635992449278326,-0.9426280784037686,-0.6437737703943779,-1.4327978363451452,-0.8302405901962068,-1.148362619265512,-0.8790638095310638
SGRYPYWGNKJSDL,-1.3195448658357458,-1.785578344764129,0.4313458580904572,-0.5608615504716862,0.11165064301969335,-0.7622815106108494,-0.5621770334888282,0.3501464858316662,-0.46105688598391875,-0.2710347505706578,0.5985319917851575,-0.38250052273491525
SGTNSNPWRIOYBX,-1.480795952126753,-1.9300244855960376,-0.11374605615270235,-1.054983761521329,-0.6552383999895259,-0.8693261355973274,-0.8983746603385214,-0.5555413568656109,-0.914462008934271,-0.7012385914796111,-0.560729332827193,-1.2277119831671464
SGUAFYQXFOLMHL,-1.4719261019216483,-1.8587927775532105,-1.4327106763894313,-0.9549612538153098,-0.42865214712003863,-0.6979436350917834,-0.9685758067580796,-0.7854666251316165,-1.288651874042788,-0.8488987079186909,-0.8120004143585405,-0.6798998050671171
SHGAZHPCJJPHSC,0.7943382894401064,0.8020652194286816,-2.169584370896261,-0.738868881370711,0.23674521681176006,-0.026250243851894298,-0.8713347020138384,-0.2541067028126803,-1.4067434455363652,-0.6534670396347405,-0.9770799582604413,-1.074159217903021
SHZKQBHERIJWAO,-0.9113501840181755,-0.8667483840304586,-1.4730733143698582,-0.4974467792821332,-0.31782639503488097,-0.5077189691863898,-0.3086336496612865,0.04793452826009207,-0.661206102651985,-0.7295011512348921,-0.6742878794206484,-0.05588973405015001
SIYLLGKDQZGJHK,-0.6029101242426917,-0.603018301485843,-1.234981767824535,-0.5528395166607822,-0.5916129367591483,-0.5214871299687982,-0.1961471370965635,-0.08917503723099814,-1.12498459182943,-0.8327588274326303,-0.9495160320765041,-0.05936576597025982
SJYFDORQYYEJLB,-1.4892505670742562,-1.6774591565202719,-0.019723356851140024,0.08396983136679749,-0.2897685801401046,-0.5698263532069457,-0.5749334766819139,0.4390955183654183,-0.9389238814868465,-0.5672007300207216,-0.6163752913640231,-0.6321704184843117
SKIVFJLNDNKQPD,-1.0245465565310377,-1.7160336007388035,-0.02063488803362371,-0.9467163755998531,-0.6754934476687445,-0.7629257650548308,-0.9884312310772023,-0.7163358181873912,-0.8131015712012741,-0.6361275888344693,-0.8166573280187334,-0.7392225330251709
SKPLBLUECSEIFO,-1.2031036719635226,-1.7104216692377532,-1.0894791331086744,-1.21268459091451,-0.7510313877345631,-0.6736686424301737,-0.8015162020031457,-1.1135121362010851,-1.0487843815848874,-0.6516309648091216,-0.9266987720693387,-0.2767797057111351
SKVLYVHULOWXTD,-0.8128155279080505,-1.2657404287570246,-1.0929344819699405,-0.5966479543942237,-0.34755024468428514,-0.552408823279424,-0.5637875221293983,-0.2383397475167255,-1.117454521453935,-0.7960684708372261,-0.757458586160784,-0.6465124795789251
SKYSRIRYMSLOIN,-1.3855786826186134,-1.864090898363455,-0.25289809417142184,-0.6419828711669112,-0.44523596406515575,-0.7835153365719919,-0.9122790074213607,-0.08132255161565978,-0.9284629827632418,-0.5915576964510757,-0.652458994942457,-0.7737284374588976
SLVMESMUVMCQIY,-1.2667365605309804,-1.6352620236608948,-1.166470909079634,-0.613545102746855,-0.07855313115836826,-0.6197941619603369,-0.3647693225042348,-0.0906236809242199,-0.9324252072258844,-0.6238135026125393,-0.06891132665769031,-0.8440570799743552
SLXKOJJOQWFEFD,-1.3133401876468733,-1.5650200439636226,-0.748517075212406,-0.8291807708746809,-0.7829194793273515,-0.8321343784842952,-0.9702890281702762,-0.36934840694113713,-0.8414715756162743,-0.7450729243201873,-0.7151210249323336,-0.9030049285030242
SMANXXCATUTDDT,1.560099765385975,1.282765271429539,-2.1740204695873366,-0.9086812520634555,0.7660026064755668,0.4202703991317307,-1.076794453578302,0.06778516448756147,-1.2815959856326584,-0.4784652091284977,-1.1934694445850262,-1.1003697585471541
SMEROWZSTRWXGI,-1.4962986312560742,-1.9453064953302843,-0.9481866081467127,-1.0654499650949814,-0.7640502031799373,-0.9046435647729003,-1.1083712769875658,-1.006185829477144,-1.189117935683575,-0.8591492248383366,-1.5300715079344374,-1.0468359412701957
SMTZFNFIKUPEJC,-1.5744310232066756,-1.9576463187386492,-0.7157874714632287,-0.34933630257171167,-0.5094409249190353,-0.9451421506207094,-1.073140301928376,-1.0751915098676519,-1.1464405309569434,-0.6752070565468933,-0.9312245005412507,-1.1675952766253568
SMYALUSCZJXWHG,-0.37305765086179427,-0.5357017813303846,-1.046075060940772,-0.2168838904007475,-0.37234743330361647,-0.4362585794846038,-0.6031623289860301,0.23913416934625667,-0.5443188016272864,-0.5373965416214335,-0.08107624276775371,0.3170185601526891
SNBUBQHDYVFSQF,-1.1924772560082268,-1.6509208628569116,-1.420956747537089,-1.0020074759238145,-0.9290370767429502,-0.7575352328570073,-0.922226746175744,-0.3915154561144283,-1.0553015514433501,-0.8536347634907727,-1.7629966659083074,-0.9173040359581288
SNICXCGAKADSCV,-0.7834587296183071,-1.2649999244797896,-0.14956529956320655,-0.614830820420614,0.12265739268741685,-0.45323455969480053,-0.018716136020938006,0.7507990100517488,-0.30786146813992693,0.2426345448030483,0.5156348233059712,0.20531207818944783
SNPPWIUOZRMYNY,-1.5899713232693642,-1.8918577512380117,-0.9022784262602516,-0.46634401591977115,0.40678524794865656,-0.6750536421002653,-0.7911716130311068,0.43429874267408947,-0.6527719540349124,-0.053510322458399255,-0.49452860336350035,0.023648795429665456
SNTQPLDRUZOSDP,-1.7276094120451222,-1.9831021134045232,-0.11802348171374875,-0.9297991185393522,0.04407565257616496,-0.7980869897886044,-1.0118446322038679,0.10424572442570329,-0.7507016089959229,-0.4731981492711945,-0.350113048789964,-0.8356338033812944
SOYKEARSMXGVTM,-0.8063577751001199,-0.5140418618179997,-0.38764190097314477,-0.3420446690079713,-0.11230481076841317,-0.34395574777179544,-0.6851962822048104,0.0064203410559841734,-0.4050197838533851,-0.5958612957314517,-0.09139856652876316,0.6476471592479568
SPFYMRJSYKOXGV,-1.2346395414089417,-1.8558654372357606,0.7634627132227854,-0.9077059447740952,-0.44686252805384297,-0.7394670459370202,-0.8741229887490438,0.2652655194562741,-0.6986953950026676,-0.682276787765044,0.2443969943060083,-0.8157872487399578
SPIUTQOUKAMGCX,-1.0283572088035773,-1.729528816167732,0.6126062273422292,-0.7445036115414425,-0.3182931530372651,-0.9646110076221126,-0.6840548870918316,0.41762852340268725,-0.26059318809235943,-0.4314671230136028,-0.3770396782121318,-0.9635048788253475
SPTMROWPYQRZSX,-1.1081694191121303,-1.5271209608395862,-1.021923358637562,-0.7125842888688687,-0.625012318255931,-0.7914030608142265,-0.9326921536480723,0.19923091757348077,-1.0701593954984867,-0.674309706633952,-0.8033059641002269,-0.9052936640303473
SQVIAVUSQAWMKL,-1.386055326125167,-1.898047083039678,-1.0470992825340082,-1.1047437316213777,-0.473303124755711,-0.8273454105048658,-1.027211219030653,-0.951295685582857,-0.9786384422541045,-0.6407606050196385,-1.06793142736365,-0.91873244324857
SRBPKVWITYPHQR,-0.9687911191851659,-0.9088937438345722,-1.026374974689995,-0.6650574302971196,-0.4328272332578921,-0.47155265734210006,-0.4968551362516136,0.07401445296677879,-0.720205854365,-0.6995105815670183,-1.1219358337566532,-0.419686148447789
SSOLNOMRVKKSON,-1.3576102547621691,-1.7193549259952583,-1.9669590772999133,-1.1089973003412625,-0.8871315703997372,-0.8342720985294466,-0.9567951567825747,-1.0203557339114262,-1.137548324107473,-0.6249270353032218,-1.7489046348640822,-1.084697718362647
STECJAGHUSJQJN,-1.746795274404779,-1.969323881076119,0.6336062791770467,1.0077880679726094,-0.11277690650291773,-0.7951260524707453,-0.7596555606818848,0.42919122175632685,-1.1448393785604325,-0.4095957074319471,-0.014834773487526124,-0.8691972974119981
STJMRWALKKWQGH,-1.4720720167146284,-1.6236321887513685,0.3035685436257425,-0.3674542668056028,-0.05746690593415788,-0.6535081341943559,-0.5506057176374776,-0.18143081875534475,-0.7472695799828789,-0.43003594588780925,-0.07346096000240022,-0.48887782428876364
SUBDBMMJDZJVOS,-1.2198152226426586,-1.678943705089767,-0.047864883870898114,-0.5930696163290292,-0.5822590654199212,-0.6395683916083705,-0.5060184091848722,-0.08078253261085892,-0.8654186756722492,-0.6619438576452655,-0.40200215936774225,-0.5493659592288421
SUDAHWBOROXANE,-1.4098603462695767,-1.773502675012758,-0.5943089584753112,-0.6704307472590892,-0.6928651073668665,-0.7947541038225852,-0.896937356404667,-0.3944610035081316,-0.8658018204970435,-0.7877126700892063,-0.7618382742325627,-0.7339570923098795
SVEBYYWCXTVYCR,-1.4270357786485537,-1.749207565805514,-1.0831364001430688,-0.8251024103644333,-0.7326506551924047,-0.8928134443972036,-1.1726032316648498,-1.1765637727082652,-1.471662247049782,-0.6837222410511907,-1.6753915072614525,-1.3534131384276744
SVFXPTLYMIXFRX,-1.5201103363342108,-1.867151608284861,-0.11818952089153847,-1.045287035989754,-0.6024350264599928,-0.854982688712084,-0.99105033719381,-0.2561483451378809,-1.2406302108655543,-0.6826447505228249,-0.5338578369551632,-1.0017582683768491
SWLMUYACZKCSHZ,-0.6489969610878783,-1.8108789880903062,-1.1677101277382997,-1.1303843303470884,-0.6635229471125937,-0.8867003752459077,-1.0669928952366725,-1.140709307273391,-1.3055252620026334,-0.6499147837314926,-1.1342700893668356,-0.9225980922596546
SWZMSZQQJRKFBP,-1.0992546603840105,-1.6388132261583617,-0.8559241185260753,-0.7524706711946356,-0.4679990347119879,-0.8363910971407933,-0.8971124172748512,-0.26103894613130096,-0.8260597507889929,-0.7496896503043129,-0.9695252295213261,-0.6991101167328136
SXYIRMFQILZOAM,-1.5141719374434788,-1.524490109743939,-1.8578782004086412,-0.9422066186789058,-0.5689255217881636,-0.8255055185148706,-1.0581288183069568,-0.47229717448765973,-1.2740022094364345,-0.7253877449414662,-1.483768953028081,-1.088990050624384
SXYZQZLHAIHKKY,-1.077266610299136,-1.63022137471946,0.18723176323747914,-0.5051874974635566,0.024147033694988655,-0.2528863540326263,-0.719670281998176,0.03274920442157847,-1.1072322368820815,-0.697493330642928,0.32608065919325185,-0.38746405056986455
SYLKGLMBLAAGSC,-0.8089500734116625,-1.2369772312275906,-2.3382029005969454,-0.8228304377211986,-0.6149024475328234,-0.4867424514915431,-1.051734825702165,-1.4643869902973559,-1.1787563602834525,-0.7681628854367554,-1.6333242923300624,-0.7045817185579584
SYTBZMRGLBWNTM,-1.4633110160139522,-1.787105074804914,-0.05113803932551167,-0.7293386200705048,-0.5216172184076525,-0.8369452419855218,-1.0508182488234885,-0.5305289405889179,-1.028494691866753,-0.49151377468814,-0.49511848817337034,-0.6579413203483795
SZLZWPPUNLXJEA,-1.4540681350852513,-1.8271078296275949,-0.49444172071946846,-0.14835733820616076,-0.45095013516643934,-0.7483791224278685,-0.4771559958926518,0.15629556064078007,-0.8546459813666702,-0.7410779887620026,-0.9236943292395573,-0.6177766828227939
SZRPDCCEHVWOJX,-0.17616044306473005,-0.07998607294226735,-2.70421397135549,-1.0261601273976257,-0.11168414648902611,-0.168015312144901,-0.9035289576960908,-0.978604009056278,-1.4250500411452818,-0.5455916126932927,-1.6501913409422808,-0.878910011153799
SZWKGOZKRMMLAJ,-1.464065468638682,-1.839143906914983,-0.2615138906911489,-0.8025558801186801,-0.4774303643853941,-0.9002322056795022,-0.9888649482162057,-0.4109610615789816,-0.9809428119441177,-0.6761853306589715,-0.660482535055839,-0.2910305605203974
TTWJBBZEZQICBI,-1.0000882041001509,-1.5327229965111018,-0.9325644173092958,-0.6801301058893848,-0.7040508039970665,-0.9324792768611361,-0.9546183032332969,-0.5694199847983784,-0.38910005845593065,-0.7071525968600526,-1.6771907446847505,-0.8706773627811346
TUEWQXNXQFRUTK,-0.8580860089881374,-1.287622374859563,-1.232590606064884,-0.39899601192366607,-0.5777574511401218,-0.5019773705569479,-0.5306239037584066,0.29970326826075805,-0.2852504503737807,-0.8187327857571938,0.08186125100147913,0.3812352940248789
TUFADSGTJUOBEH,-1.5805133122997241,-1.8903638123297286,-0.6844659167825563,-0.9702350170646162,-0.5839123458921467,-0.7158380559661269,-0.12270524831099759,-0.6219170683920464,-0.7434609411182522,-0.5207290965420386,-0.6726563825144668,-1.026519699279323
TUZYXOIXSAXUGO,-1.3249132410111268,-1.5731506506802178,-1.0331910020993467,0.32174637581017745,-0.13590032140316224,-0.6165433322067589,-0.42921691434290254,0.3371931941381553,-1.2329448340170963,-0.37539942626117373,-0.01756618184607464,-0.8194012492807494
TVQZAMVBTVNYLA,-1.5637098281915847,-1.9318510015109875,-0.83193967613187,-0.605336469421254,-0.37584664839049353,-0.9054996592200706,-0.9798105262982701,-0.7657406273912974,-1.005956951270929,-0.5622646634901767,-0.7866437109115978,-0.9447700444324132
TVURRHSHRRELCG,-1.5475174350129226,-1.9469098776020441,-0.39397293544898554,-0.7502289370449554,-0.03405910567016293,-0.9053818336814518,-0.9690492555394865,-0.5586056889961295,-0.7060038998613265,-0.6614239884847639,-0.4266592021802207,-1.0506599569629644
TVYLLZQTGLZFBW,-1.4284021124027844,-1.8012364743915374,-1.1300073631299474,-0.8794197491118895,-0.1911314994758102,-0.6535296150618041,-1.0071737859141623,-0.9628130465036988,-1.1334484195173613,-0.7169928588672033,-1.2025490261298035,-0.9648151461720237
TVZCRIROJQEVOT,-1.481621408326013,-1.881640190283303,0.47917489118102274,-0.3522144829464483,-0.2780082885921264,-0.7101583725595282,-0.6510048610550356,-0.696198310188559,-0.9529595482215614,-0.5328363006084738,-0.12842797125964794,-0.7739523444392115
TXCGAZHTZHNUAI,-1.3597121878938818,-1.5222357627273524,-1.3057393527864387,-0.9095920826683714,-0.8336572927097639,-0.7657245432209738,-1.0170677423768841,-0.6093138474791566,-1.1776877827658585,-0.8660567197299871,-1.4495834700313888,-0.26806202899985765
TXUZVZSFRXZGTL,-1.447220811099966,-1.944261110989282,-0.29335568211693897,-0.6119180943487679,-0.49897366357683287,-0.8742037438665514,-1.0200473741805443,-0.8143647077885098,-0.7869685285388963,-0.6699617251862401,-1.1346246737149597,-0.6775870480430262
TXVHTIQJNYSSKO,-1.3216187351133195,-1.5486862339753718,-1.359904210880097,-1.0041798335546102,-0.4715733875836926,-0.7325533817374211,-0.9960191036249599,-0.5943721181975753,-1.1115572567323992,-0.3588706823752317,-1.088026516474455,-0.6285537072642172
TYMRLRRVMHJFTF,-1.617758061657293,-1.904838566244267,0.8511230198183855,0.515172645979276,-0.2963400707155672,-0.7392366064854617,-0.9716971080393481,-0.43269813382913325,-1.025560537379732,-0.2865751615136521,0.03738701851732268,-0.6539196325735787
TYNLGDBUJLVSMA,-1.2152944533436603,-1.629025521651662,-0.4644614210476254,-0.8857916580891958,-0.7775622050982416,-0.8270688662262988,-0.7127774905948553,-0.28430976522376783,-0.729278613850845,-0.5948323031610714,-0.7107968189777741,-0.6396056855783447
TYQXKHPOXXXCTP,-1.512257124585208,-1.7400132871555551,-1.023098319683462,-0.5305072591733081,-0.858997790458602,-0.8030618770510783,-1.0348605682082206,-1.3634442912268567,-1.1092132339944565,-0.8490749703167035,-1.8694906819764316,-0.7269510341587895
TYYBFXNZMFNZJT,-0.8633964789356198,-0.6494187102660153,-0.6198900370668555,-0.5372534519953336,-0.5528890632772553,-0.5027161636024879,-0.08384586010492612,0.023361533088411324,-0.8616790768527212,-0.7674417791961053,-0.5740087012631031,0.07984773714400314
TYZROVQLWOKYKF,-1.384100178682301,-1.595068846153474,-0.27661585901160196,-0.5147404809950851,-0.36870017576672065,-0.6310631052926483,0.13089158918977228,-0.14991889899026423,-0.8116621188177471,-0.6114607798716138,-0.5226144683543306,-0.5570771465959314
TZBJGXHYKVUXJN,-0.6307043511031185,-1.566001336167452,-0.5044067761743481,-0.6844220211228514,-0.0028607181130780725,-0.6270177139661559,0.3282850176018028,-0.0548808067109505,-0.5689713956599468,-0.448318759911254,-0.329008606484642,-0.45407014618696007
TZFWDZFKRBELIQ,1.1789857034260254,0.5520234827567481,-1.3473976283554885,-0.6195425854434508,1.0079324063057293,0.8726441296693108,-0.916380374970441,0.41842694747971065,-1.0539057963965122,-0.5060164735695627,-0.20295908385322461,-0.8458140198594173
TZJUVVIWVWFLCD,-1.2780260532435024,-1.738618991015588,0.588017887839364,-0.8103754846785638,-0.3499856363416098,-0.8387658739139988,-0.6570714512855412,0.09688894963971104,-0.1461371000919775,-0.3814987753352642,0.11600919203257007,-0.20126811695108746
TZRHLKRLEZJVIJ,-1.4864479056753979,-1.9016572751544494,-1.3571489863316553,-0.7925831923591112,-0.05027041253752669,-0.6960676548836411,-0.5234691055056911,-0.7478661084122382,-1.1018211365644834,-0.42423781165658014,-0.9131664956725073,-0.886931942116473
TZXKOCQBRNJULO,-1.6323145341806353,-1.9263307255950102,-0.580279699423323,-0.7754198954378717,-0.23756798726323902,-0.7417332695456137,-0.8222896774308233,-0.8302938696194104,-1.350740143380804,-0.413346649609037,-0.5111702358181681,-1.1810489769139596
UBCHPRBFMUDMNC,-1.754658991638633,-1.9750294913937574,-2.4038042355295017,-1.3810569124897312,-1.0338272751422768,-0.9482803504532393,-1.16030701291391,-1.6457375598123942,-1.3907864219512422,-0.7039937728043504,-2.1010567912773994,-1.6812258186713067
UBPYILGKFZZVDX,-1.504965810943032,-1.7963633594364874,-2.3731624891672913,-1.2582164500138642,-1.0098975303352715,-0.8357995582472088,-1.0344579083167607,-1.287997699429049,-1.3632078560540628,-0.4447742523401826,-1.7834750884008232,-1.3612607316984162
UBQNRHZMVUUOMG,-1.2766776324499165,-1.6728665654104267,-2.516975719856852,-0.5226080606780718,-0.6192441630545835,-0.6244035396206294,-0.9325665948341239,-0.8440504554820495,-1.224487662165577,-0.2737094166767154,-0.9798986992822778,-1.188925518008291
UBRKDAVQCKZSPO,-1.3488486803897373,-1.7319487890082532,0.11546134563811114,-0.6330803421125886,-0.4368097047884161,-0.772749304720991,-0.9360710660511946,-0.06815963703113831,-0.9541045180797467,-0.6556791364827681,-0.15492586065692382,-0.24384767978088465
UCFGDBYHRUNTLO,-1.7637821399468423,-2.0201696819430732,-0.7810752266612214,-0.9416325549475217,-0.8396395046458399,-0.8664771721146924,-0.974726099479049,-1.4159393104127582,-1.280562547628188,-0.418410837273307,-1.6558667322015304,-1.3115649537029248
UCHDWCPVSPXUMX,-0.9432257328271669,-1.8731875154218391,-1.581463112625694,-0.8196659345282209,-0.6247464400379568,-0.8152698813730576,-0.942506559493944,-0.989041231782104,-0.8675351388797803,-0.7647433651914601,-1.5790873281240887,-0.15294497905298854
UCTWMZQNUQWSLP,-1.4173130384323533,-1.864496065942698,-1.0152859584823013,-1.0579022150543618,-0.679810307571632,-0.9866313678982807,-1.1446930397246786,-1.057432908688415,-0.8417606299163671,-0.6794028697040969,-1.5497116566748492,-1.1531806144370764
UDMBCSSLTHHNCD,-1.6434199217038528,-1.9491608377716918,-0.17372811374855768,-0.7272075185573555,-0.13766029572762328,-0.866222682208255,-0.8429346810634837,-0.29908743278577077,-0.313195839007879,0.11798664555954563,-0.39316569719943006,-0.6178572673514489
UEJJHQNACJXSKW,-1.3195012805153477,-1.6232427390850008,-2.21269308064806,-1.0706434990650662,-0.8075488311841674,-0.6939982576085655,-1.0197211308931138,-0.6687047261303061,-1.1791389499753955,-0.7253589193417656,-1.8976147089217978,-0.6219524270693478
UEQUQVLFIPOEMF,-1.8315339615321025,-2.0122444904621704,0.49052114118707757,-0.8366253594206986,-1.0671651744717126,-1.0898412950741714,-1.1543871958148395,-1.2985029499862935,-1.0344676326468838,-0.6140613167080463,-1.7002519716064166,-1.1641425228100895
UFLGIAIHIAPJJC,-1.4952752275185783,-1.8223276587970823,0.1515060928758874,-0.6170767128127886,-0.3166049743019847,-0.8856097104738353,-0.7316348343949313,-0.2198709728828989,-0.9414554026089923,-0.4844144459277344,-0.5983633346709782,-0.2733559031002892
UGJMXCAKCUNAIE,-1.4998591672628965,-1.834819649520363,0.9517210507741855,-0.4069730810511484,-0.3981353126119383,-0.643416739919506,-0.9389538905796053,0.07454602991875359,-0.6991908950886979,-0.4117209199741128,-0.4020915171311371,-0.4002348904693297
UGTJLJZQQFGTJD,-1.5673537947984582,-1.8909939186867628,-1.6388621298200612,-1.1623902452923998,-0.9299038205696895,-0.9165498166685766,-1.1180210624088884,-0.7738215570640846,-1.3733293084824376,-0.8378279783411979,-1.557944006851297,-1.251700531279498
UHDGCWIWMRVCDJ,-0.37211283751304497,-0.6762194304612968,-1.3347612379701226,-0.2944076521765368,-0.4001228408465512,-0.4825003424308072,-0.2951267612378375,-0.041394614669175975,-0.6218574497526799,-0.6082566207795623,-0.3014131892239703,0.30651709172512903
UHWVSEOVJBQKBE,-1.4757849982980427,-1.8051708675254232,-1.8385746497489452,-1.0895856862736424,-0.5522914707776618,-0.8125816036768928,-0.6973276643322927,-0.47065899000152767,-1.1941077041306034,-0.8934062479939171,-1.2637481383516591,-0.4761153868579024
UIARLYUEJFELEN,-1.3895187637780644,-1.8009955599478498,-0.9658581741264007,-0.8848003002724545,-0.9689772892890889,-0.9343860927705916,-1.040565539015856,-0.755621846866237,-0.8241831794364003,-0.8038576796605953,-1.4009458520363027,-0.8353131274765049
UIAYVIIHMORPSJ,-1.3327359337271036,-1.8770367959047634,-0.3169733301445055,-0.9415595247700048,-0.31593809256910543,-0.7415920888288101,-0.9096632965908347,-0.4377699416240257,-0.9742936294045853,-0.5527432171022628,0.023571903494203742,-0.5798463503682199
UIEATEWHFDRYRU,-1.7594677807103838,-1.9590921002142891,-0.7655206379323019,-0.6020513544810339,-0.4173026904004229,-0.8396744755775629,-0.922476048668331,-0.3603573705104678,-1.1382197167813193,-0.5409699479018106,-0.5535683911067464,-0.9639931271789982
UIKROCXWUNQSPJ,-1.6120448847108162,-1.8908939432308485,-0.5269361855657855,-0.9063380948203811,-0.3503681123097326,-0.7550470023970439,-0.9648836350978267,-0.34755434354487613,-1.239589941827376,-0.2894513423720612,-0.8819978249383351,-1.20248721613824
UJEWTUDSLQGTOA,-1.6055421275199215,-1.9190207956526943,-0.8915924495585116,-0.8275833738988263,-0.4659719718722994,-0.9425312296356753,-1.0532363800129068,-0.8074192667369302,-1.0470212539318915,-0.581548044582311,-0.851179457519549,-1.1618768245855393
UJVLDDZCTMKXJK,-1.4378724686798863,-1.9278745896437721,-0.23951223677281314,-0.7416747047308054,-0.3987084696395704,-0.8518717848869513,-0.9364228982964321,-0.7561981002181365,-0.9611030568783079,-0.6590757874712414,-0.46821952991817484,-0.766506081389764
UKTAZPQNNNJVKR,-1.61143458551148,-1.9899885251215064,-0.021461780247888407,-1.1464215077968065,-0.25990523804480664,-0.7531954512949441,-1.0537579405805375,-0.745967174670737,-0.6978960404543448,-0.1627148321809152,-0.33157107188295487,-0.8488395495586244
ULDXWLCXEDXJGE,-1.50648588418736,-1.9581893633160936,-0.6240083607343243,-0.8861280156576508,-0.4077619393597583,-0.9337591423686628,-1.0670958015677279,-0.9907661136401258,-0.9408007357150049,-0.45660141209681704,-0.4608115781583898,-0.9893277492124819
ULFRLSNUDGIQQP,-1.6528203153214887,-1.9141734845125478,-1.0256953726505103,-0.8575145211146478,-0.499954413856454,-0.71895253878387,-0.897299727099293,-0.6438070708729701,-1.3771343554631683,-0.5497330696086147,-0.8342266211479394,-1.0567702326831256
ULGZDMOVFRHVEP,-1.6254245425633758,-1.8869894524962376,-0.6827321708550501,-0.6200868027791012,-0.4663297434823076,-0.9176540338761467,-0.9284846306556208,-0.6378454618209519,-0.9939773220965378,-0.6871930850301871,-0.8063272513417655,-0.821729984225174
ULLNJSBQMBKOJH,-1.466174367784085,-1.7976387601743378,-1.4288573171741206,-1.0028124465649395,-0.6795102005116592,-0.7367232218093954,-0.9682525761365833,-0.7280590954914543,-1.0470639974888027,-0.6401184565242546,-0.9424248834010187,-1.1101083556082827
ULSDMUVEXKOYBU,-1.448153252461322,-1.7890577666546577,-0.7594191663016631,-0.6253934105609308,-0.5484190326418918,-0.7939630085694324,-0.9624948375941937,-0.709710571041333,-1.1309698935461259,-0.7165879654877993,-1.068076885592678,-0.8489397266382325
UMFJAHHVKNCGLG,-1.6108876053803631,-1.8683023003027956,0.027713706377946422,-0.8353664191482211,-0.2844287889250983,-0.8224107815418382,-0.7019354371154746,-0.7242331159955233,-0.8959444509495312,-0.6256525514122796,-0.6539876920931311,-0.9436573804139783
UNAANXDKBXWMLN,-1.7013881418337562,-1.9339557298575325,-0.30248576492139984,-0.6274243538493558,-0.5203903321004837,-0.8046404042371358,-0.9805048226492317,-0.2575998362397324,-1.2322542553345897,-0.5146008619526206,-0.15740005644199817,-0.9284717102798458
UNBRKDKAWYKMIV,-1.6100367808389973,-1.8469119529993343,-0.8134776582048148,-0.9022440238359617,-0.7769980348205926,-0.9302372661673529,-0.9884081170946123,-0.9007608457924563,-1.1698966110628508,-0.6774908902460135,-1.05022199791642,-0.833705027073609
UNFWWIHTNXNPBV,-1.6853337703592508,-1.9415334768532455,-0.7801090171024176,-0.768697630153188,-0.5887184257025229,-0.9746297630693597,-1.0055338820341944,-0.6269116343793275,-1.2587739564030822,-0.2477767286170483,-0.3070168118956871,-0.9646438635880911
UOACKFBJUYNSLK,-1.6774075774841914,-1.8000438854627556,-0.6490999969461256,-0.5997683415346555,-0.4740731567239661,-0.8381885961108309,-0.8075978398958323,-1.0588604089443296,-0.8391830314602535,-0.5766540004862171,-1.4153425802267379,-1.1130086841834719
UOCJDOLVGGIYIQ,-1.56159064275302,-1.795914678920948,-0.7945404192349269,-0.8171986080393662,-0.4381672726147547,-0.8346353305592114,-0.9628389383114013,-1.0204243342006998,-1.0546940327627594,-0.7540138331887465,-1.0567723917210374,-1.0599743463674953
UOWZUVNAGUAEQC,-1.5239048194375757,-1.828386665652601,-0.5346688545834196,-0.8197111441487976,-0.31942319727232266,-0.8199500928361385,-0.8673556075621309,-0.7050755329103594,-0.767054418436504,-0.3532120649454937,-0.6572618356119804,-0.9873238461975874
UOZODPSAJZTQNH,-1.7132784612853549,-1.8399894261657246,0.13868581568964675,-0.44854223976568874,-0.27157657200575697,-0.6535125207826826,-0.8147345345041901,0.06345990479369762,-0.7969734211195533,-0.22426065588826893,-0.171742196593361,-0.6286673895767014
UPSPUYADGBWSHF,-1.5151793488024878,-1.9563806507182329,-0.6905605369975683,-0.9382112980832407,-0.08688770274397892,-0.7128600732325993,-1.0188952940014118,-0.7778023099555468,-0.7216367706902013,-0.15662360040294443,-0.5521481541765618,-0.8113801159843215
UQGKUQLKSCSZGY,-1.5892846714270927,-1.791678487890798,-0.28491239704378424,-0.623968120192938,-0.582954799957849,-0.8124102058074684,-1.0131529724845934,-0.7601231412354976,-0.7825919881848509,-0.27774112543710194,-1.057169302842454,-0.8621403147614646
URKOMYMAXPYINW,-1.6321215085859961,-1.972918407600687,-0.5229664740144488,-1.2243819310205688,-0.7486288404329984,-0.8111687882155273,-0.9882238528601996,-0.9914708679369593,-0.9211584857973033,-0.7037350880616051,-1.311546256029054,-1.0392379101090317
URWAJWIAIPFPJE,-1.2987454301857193,-1.7796691320363398,-1.4630894338649232,-0.9750270636963689,-0.6572640971808391,-0.7052496545715959,-0.7960546502727961,-0.9788288344840441,-1.073515256208103,-0.8602334781813537,-1.224393599989931,-0.7083211249779042
UUQMNUMQCIQDMZ,-1.1139854464993066,-1.673022809716848,-0.23128883469916633,-1.1033539426558658,-0.45813138712182994,-0.7776459518326314,-0.9051639407670111,-0.7995360288833067,-0.9631875972948911,-0.47298628583691593,-0.4649857639917747,-0.8552924446894569
UUTKICFRNVKFRG,-1.541877584925281,-1.7583727688389157,-1.0811104728759913,-0.7297947102725475,-0.7006833360714045,-0.9405368848867028,-0.890889110950433,-0.8470907320191559,-1.068130695764848,-0.49418377431205385,-1.3133512128328095,-1.0667348012483755
UUVWYPNAQBNQJQ,-1.5827309143351935,-1.8973546326294,-0.7337838123920976,-0.55556898271127,-0.46060559159779546,-0.8325928928070498,-1.0450845918180542,-0.776414552843344,-1.3093784787478004,-0.667301394841197,-0.3180072800319178,-0.9878134298968071
UVKZSORBKUEBAZ,-1.5227797493889508,-1.917924213687674,-0.9010915300435375,-0.6161034528447924,-0.08237673872497199,-0.7654043030666443,-1.0005761204925592,-0.8066029438203085,-1.2790298430743796,-0.4433318906400022,0.11542193213772736,-1.1089984314112797
UVTNFZQICZKOEM,-1.5911913215657243,-1.9879643343429594,0.15525374268065167,-0.8896538584139109,-0.06374695798620755,-0.7207146195509733,-1.0094820831673887,-0.7109949265559244,-0.7750388734166345,-0.5640560415675967,-0.3849360384277335,-0.9194832761523641
UWKQSNNFCGGAFS,-1.6595419278501269,-1.88356456991283,-1.2131804990552857,-1.029801708652336,-0.7214582913485855,-0.7512021716319146,-0.9163154688759757,-0.4472140830037996,-1.1990811174815008,-0.4653781519366428,-0.6256223241183192,-1.0260839468649718
UWWDHYUMIORJTA,-1.616910548611355,-1.949139632080374,-0.9094201030363,-1.228365578027866,-0.33262127292277116,-0.7384509771048189,-1.0551405567711478,-1.021957763919279,-1.2106785327233616,-0.6172258470953167,-0.7535415021570986,-1.4577121228349408
UXABARREKCJULM,-1.4528538578114858,-1.868160243222608,-0.8071247189909618,-0.9272805161522277,-0.34146311057358536,-0.6191706457587056,-1.022749998003606,-0.736868943641693,-1.0348197422432097,-0.7419097367890994,-0.805681448709562,-0.8721448807740609
UXOWGYHJODZGMF,-1.4948028678992022,-1.579710394278706,-0.44095083697450704,-0.21535829841185947,-0.20522874199783642,-0.5164356336529607,-0.572527511809857,0.4471223704504002,-0.55166735397757,-0.3273301424389638,-0.18102793499296838,-0.5295028441678411
UXVSDVSUISWXKD,-1.630582317620078,-1.9728403059548154,-0.4519793853341541,-0.9240947779536659,-0.30178798593026546,-0.8175489473438278,-1.0454498616591037,-0.768946173761342,-0.8358968247449123,-0.6152056862907989,-0.37453947883056593,-0.8360763951080036
UXXQOJXBIDBUAC,-1.6195106969242,-1.9009160949504436,-0.3506592296837552,-0.48459685596875757,-0.5531182882156391,-0.8772907925161428,-0.9615467479298587,-0.4681786426658745,-1.1009182831373814,-0.5707216405520209,-0.5588644317648676,-1.0447585948701723
UYIFTLBWAOGQBI,-1.7071583375671255,-1.8227096717247169,-0.8927261139303337,-0.3694074146172792,-0.3221098451812494,-0.8458460840569035,-0.9251299919862743,-0.8226407070972118,-1.0784984058622151,-0.4134171162053363,-1.2304499119798393,-1.134656272323503
UYNVMODNBIQBMV,-1.5115720970271544,-1.9943415726227087,-0.4936403136439439,-0.4279289373084306,-0.2790525691210492,-0.8257405576187506,-0.939045101866005,-0.9496917790129492,-0.9845937525680821,-0.6323020444242872,-0.8504446504880661,-0.9221050191352684
UZHSEJADLWPNLE,-1.5800034218916967,-1.8770042394964093,-0.29773840042800054,-1.1715048462145097,-0.7036711180573608,-0.6932799577984732,-1.0562963540523191,-0.8366860569620909,-0.7151621298220611,-0.6908770949460665,-1.2726503108609397,-0.7665146553431388
VABCILAOYCMVPS,-1.671171942196863,-1.9484739566631304,-1.5551858903859186,-1.0951603784058774,-0.6429146501477642,-0.6853287118405031,-1.0088355653832826,-1.1473518448052382,-1.3596433982996625,-0.880535771547483,-1.3751638993927964,-1.1276154193395829
VACCAVUAMIDAGB,-1.5825164969961316,-1.89762780548736,-1.1957084817521384,-1.0697530525239627,-0.8707769788904088,-0.8867216042881578,-1.091059520308273,-0.8592170598779454,-1.21287057961245,-0.8541313333524954,-1.3172193254327877,-1.2276059739810568
VAOCPAMSLUNLGC,-1.2245756216503563,-1.753569133071472,-1.2476473540459567,-0.9965353895913732,-0.7451605191480919,-0.7074804017230243,-0.8669938794341373,-1.0625489732226467,-1.1144632771069234,-0.8774306469137877,-1.2542906500893236,-0.7583808902961007
VCKUSRYTPJJLNI,-1.4104829222684534,-1.845474036423942,-0.8616012925564732,-1.013074236992031,-0.7921795709980315,-0.7167930995270677,-0.832963723369815,-0.9740183064709037,-1.1027631756908902,-0.8538224875934934,-1.0412858582315903,-0.7580225344822051
VDCRFBBZFHHYGT,-1.6504088259792171,-1.9835069056654646,-0.8555533350062225,-1.2072402147723753,-0.8624385447873191,-0.9587844349564549,-1.0318306735001683,-1.0681765437763904,-1.1238625806478888,-0.521185861546009,-1.1742713799805031,-1.2784554584087426
VDEUYMSGMPQMIK,-1.4759077392531275,-1.8208044863809751,-1.4649691130983373,-1.0829602674985657,-0.685839309375476,-0.780534342349814,-0.9990021778308052,-0.9667513915571069,-1.0905029015616017,-0.7532924833862239,-0.9869639106991718,-1.1695914659733175
VDHAWDNDOKGFTD,-1.5860190202961295,-1.8458671719727735,-1.2457470330716927,-0.8996529471040899,-0.6393960776207454,-0.8649274577116505,-0.9474179881796682,-1.0941289530334866,-1.1425081866297433,-0.7319756913067268,-1.2001180794665807,-0.7990658758587346
VEMKTZHHVJILDY,-1.702954002312726,-1.8930602264622372,-1.2266322427678344,-0.7877490060491321,-0.3152821938630439,-0.676440326613067,-0.8649489024384063,-0.4083723699389208,-1.4189231110194245,-0.5711389628998759,-0.6269271870640019,-1.011608221500052
VEQOALNAAJBPNY,-1.7057076093613537,-1.8536800813037997,-1.1013029438060549,-0.08658953175418872,-0.4377162160848806,-0.8553888674127621,-0.7205193749310257,-0.09964548267042048,-1.4032363068084455,0.15549091920350727,0.049503762481976896,-0.977449143940464
VFLDPWHFBUODDF,-1.1054111351825018,-1.6455462588159002,-0.15247689071259282,-0.9734633753789341,-0.30212778593121775,-0.5441426020146345,-0.9715535512711531,-0.1293344964250987,-0.8574932704589888,-0.43696295195164153,0.2841507995494271,-0.876541056771744
VGEREEWJJVICBM,-1.5776123510360174,-1.93435206246085,-0.9475271730089383,-1.0072177405162663,-0.5811659973037527,-0.725537525127524,-1.053512969849832,-0.958846143041455,-0.9476957201086242,-0.6871722860870138,-0.7439419439857837,-0.9295936594517458
VGGGPCQERPFHOB,-1.7214536603310915,-1.9823998632361843,0.37746307962517534,-0.7184223028897279,-0.10458417363462225,-0.7057657547211671,-1.0297153872048648,-0.8817515779920184,-0.9132450677558578,-0.3892063197197053,-0.9055948266665277,-1.0610011416864438
VGIGHGMPMUCLIQ,-1.54007570512876,-1.8999453219859248,-0.9073024008357474,-1.149538124648921,-0.45386273625273305,-0.6766879629962584,-1.0366124534448629,-0.7638883775677527,-1.1152831021476448,-0.7051974516305625,-0.8386071993457205,-0.8920556242738038
VGKDLMBJGBXTGI,-1.3659700738468865,-1.7881323683762333,-1.4582505756928015,-0.9677861790004914,-0.7606329065652527,-0.6297304502306219,-0.8481339965533455,-0.9385732982820905,-1.0718838867814202,-0.829822757960842,-1.0674813320591405,-0.7890497930972893
VGLGVJVUHYTIIU,-1.6288467394024786,-2.019474844227713,0.3855367021056251,-1.0182930786531208,-0.34248092280847864,-0.8602191923646977,-0.9977995156538193,-0.8847388753765735,-0.8347792431941299,-0.1910671260753821,-0.580693132821741,-1.0381899510842625
VGZSUPCWNCWDAN,-1.6627592003438911,-1.7692084308219709,-0.5417370846798153,-1.0030452860752077,-0.3479383481559443,-0.7013803087720634,-0.9263359178774971,-0.8256458910115969,-1.1865082995785623,-0.4664444805353979,-0.8658165395872798,-1.143738028302209
VHGCDTVCOLNTBX,-1.652530489575347,-1.9554046599893171,0.3901126963271908,-0.9916064795327693,-0.40587518706710374,-0.7085363732397479,-0.919542920666531,-0.5358787203907239,-0.7302409733713204,-0.5371066114623948,-0.5618852056630115,-0.9490129860076292
VHOGYURTWQBHIL,-1.677604502921301,-1.8849596081540074,0.02729248531272535,-0.2666882140046362,0.1368401647465583,-0.6605723687092273,-0.9984361399149474,-0.8299195439750715,-0.9263355358883056,-0.44509492304684195,-0.8194001346718139,-1.0521702894923453
VHVPQPYKVGDNFY,-1.5915111561900144,-1.9361549469415702,-2.4139339528099426,-1.3103873966546769,-1.0359161975854823,-0.8872604160704456,-1.099825209554816,-1.5662920036323555,-1.2890567475778967,-0.7508618407390709,-2.033970923776797,-1.2406376893732856
VHYCDWMUTMEGQY,-1.6107364548094318,-1.7914004573989184,-2.2630929025759197,-1.1649415508006151,-1.1064167735418207,-0.6110305066481977,-1.050147901615089,-1.6822115422763326,-1.4572135379591065,-0.6767990940492683,-1.9709677311825988,-1.4255498914571079
VJJPUSNTGOMMGY,-1.5193925132250985,-1.5880618602448093,-2.1676585719735684,-1.3172011482864914,-0.9452190064666128,-0.8614051789166105,-1.0913252533615536,-1.554657567159373,-1.4655241739557892,-0.5219599331460867,-1.704042406389339,-1.5329618297441079
VJYFKVYYMZPMAB,-1.749395046105889,-1.9249430700221146,-2.416879511734157,-1.259889244893201,-1.294579347162501,-1.038624425367974,-1.3006206372682891,-1.5338035372411045,-1.3155754504054733,-0.3595016148475632,-1.969295126599939,-1.4099271886260976
VKYKSIONXSXAKP,-1.6046672064115541,-1.8062827636539036,-2.104632437640591,-1.2925795412078214,-0.6164636279304384,-0.7868451344544998,-1.0392418687449179,-1.3054294515917042,-1.3742198739685223,-0.2669177927209625,-1.479111969301291,-1.5856395482519228
VLPIATFUUWWMKC,-1.6066390544118627,-1.8586789092836375,-2.3343040520592107,-1.0009744116049792,-0.8252860614245145,-0.7050377776843388,-0.8313307773823644,-1.5634072611887624,-1.4101242851511169,-0.5406931625620904,-1.68919420093646,-1.21744339658791
VLYWMPOKSSWJAL,-1.5325058291934868,-1.759369245991684,-1.8634356162962884,-0.9470894335894442,-0.7034965067594241,-0.7363652702946168,-1.027367996066176,-1.098549931798285,-1.3106712330467096,-0.24331690380283205,-1.3017246232413437,-1.201138643003924
VNFPBHJOKIVQEB,-1.2797832403079126,-1.8850612458274214,-2.48614944714918,-1.2131420915041842,-0.9486134277077785,-0.897111473592874,-1.2075097546920366,-1.8064482116338492,-1.3389515759819248,-0.7165069988914795,-1.9067088860638657,-1.1416933122012467
VOXZDWNPVJITMN,-1.6969321346094683,-1.9009479314743065,-2.29049460002758,-1.258743588578447,-1.1545632051257309,-0.9789249394454115,-1.1779973025523187,-1.5213699972830161,-1.4118779474721463,-0.4546808526609516,-1.9664714598467419,-1.5428071284206495
VPJXQGSRWJZDOB,-1.707098679534833,-1.8826278147164452,-2.5296409483282374,-1.0188502562029367,-1.1202508505536695,-1.0354081102130286,-1.1822018557424705,-1.4900666939710652,-1.4724370055051217,-0.15503308093595772,-0.863013701281381,-1.5281827934928458
VQHUQHAPWMNBLP,-1.6304988852209896,-1.927806107778323,-2.414941179623791,-1.185333071066819,-0.9782152896804808,-0.8620680766595699,-0.6625176188342359,-1.648654133211912,-1.4146215847978776,-0.828732893127397,-1.9188500348889257,-1.1910790019144823
VRBKIVRKKCLPHA,-1.596378849183724,-1.9081915262205391,-2.499611830161246,-1.3116920446298628,-0.9653897657370518,-0.6252881614180523,-0.7141817061382641,-1.6665940176599003,-1.3348709494519175,-0.7662057850993524,-1.9535153527161306,-1.3291419963634556
VRDIULHPQTYCLN,-1.7209738756682782,-1.9518839706406397,-2.1787751425015474,-0.6577770219268704,-0.7945275169619929,-0.9363306733876557,-1.1124149715945477,-1.6120476480762276,-1.4484820658595503,-0.5573393304870731,-0.9436499400249866,-1.4140437216069088
VREFGVBLTWBCJP,-1.5057215356275768,-1.7545054046618174,-2.7131623984917206,-1.3823274165921848,-0.9712889636349304,-0.7350733742151124,-0.9571846376992279,-1.6386164583909446,-1.3481998876267245,-0.7569892464821373,-1.978519947537939,-1.136030189438726
VRQVVMDWGGWHTJ,-1.5807877153415728,-1.8032151111684447,-2.142354174778616,-1.1185296735565369,-0.8668559361438262,-0.855911491328845,-1.116696638906075,-1.3118869625209588,-1.4332468739874415,-0.4682938612461981,-1.623061942066624,-1.5349975560448026
VRYMTAVOXVTQEF,-1.7023595905986777,-1.9186497816316297,-2.4013471372393913,-1.247859013943099,-0.9512804017882127,-0.8797014824982929,-0.644046360381822,-1.3786278557512686,-1.0640276909800028,-0.6036951449977997,-1.8633653364922549,-1.4235562755685167
VSBHRRMYCDQLJF,-1.695703352709298,-1.9163610439509196,-2.6824307725127743,-1.23544914001513,-1.009306001891893,-0.8920929155628279,-1.1412423865871648,-1.5149358790584886,-1.5080886274219016,-0.402444771636396,-1.7071553510110886,-1.5751169990194458
VSQQQLOSPVPRAZ,-1.6829849242868966,-1.841547032445297,-2.470930847481277,-1.4178293480338278,-1.0471685391772425,-0.9393518094558216,-0.8012556223141222,-1.5619827634484011,-1.4171833579969313,-0.7979812171497341,-2.044091241939468,-1.5694512392406947
VSWBSWWIRNCQIJ,-1.4320076464663356,-1.298440658851709,-1.0905699679956804,-0.6420588307197648,-0.05987748074113645,-0.8087245020988102,-0.9457760351586562,-0.6271254464345228,-1.1842878846297118,-0.6870047171720438,-0.7477797724073592,-1.0427869397906537
VSWPGAIWKHPTKX,-1.4301800730455765,-1.791956282723799,-0.5408913361565091,-0.9146601945435276,-1.1730408275765913,-0.9274280011249408,-1.0821909486405463,-1.2580529673381218,-1.072309588098725,-0.7791499415880742,-1.8524735148771618,-0.9903583805584188
VTJXFTPMFYAJJU,-1.4154931691325958,-1.713509379106824,-0.8043990826034557,-0.6746652217422121,-1.027734487269955,-0.9150357249147415,-0.8780455792571018,-1.096872189511777,-0.8758532978925706,-0.6165211450981957,-1.5316251282630666,-1.0466253039926008
VVIAGPKUTFNRDU,-1.3791011341800399,-1.6565807223920994,-1.1881557593170298,-0.7829366820195464,-1.060727719590933,-0.8692011758448218,-0.932227048231588,-1.1606545158548984,-1.035907551608778,-0.7683109658291887,-1.6028820766358458,-0.985385832528614
VVWYOYDLCMFIEM,-1.1744154654992613,-1.7215838933102252,-1.1256265535513212,-0.5598016583859439,-1.0023317599962356,-0.8856349526790277,-1.0301654864208025,-1.1028909586080078,-0.9990868103247489,-0.7268781427392402,-1.4956133199041062,-0.7129507590476628
VWLHWLSRQJQWRG,-1.534685682078802,-1.9462469625029375,0.035518428168445665,-0.6486275915460662,-0.6483792934183512,-0.9040822274546125,-1.0177939457823482,-0.05323383676692834,-0.7738669575850391,-0.1567824116860046,-0.8103257844968186,-0.818627667532525
VWPOSFSPZNDTMJ,-1.5027261472529854,-1.9592061482865928,-0.876544496731501,-0.8576885938252008,-0.6999959010810374,-0.784918041180479,-1.030179610925983,-1.1821093589212754,-1.3272557252348607,-0.6718442426525644,-1.2853250181361116,-1.057672896997676
VWQWXZAWFPZJDA,-1.6647481647106448,-1.9600093252898105,-0.36277269564097075,-0.955603958648105,-1.0068760758243118,-0.9540223021372891,-1.0780606039036917,-1.2259125006578364,-1.1797696211452173,-0.6974487096409292,-1.6283657855707359,-0.6813747635171012
VWUXBMIQPBEWFH,-1.620787620924891,-1.8356478180257718,-1.0992400972661567,-0.9715107736728921,-1.0802467887673393,-0.7808689624870768,-1.092212619997984,-0.8978147368563143,-1.1041721557924231,-0.5606522212344764,-1.5907128383060445,-1.2316222904023235
VXJABHHJLXLNMP,-1.5481585349798093,-1.851455955034356,-1.071499196465714,-0.9449940467797837,-0.9108932965585268,-0.3955780956773007,-1.0105445712578203,-0.8145964961444421,-1.132711910035444,-0.7131822387210148,-1.5424024201149211,-1.1656492499146585
VXVNYCRICCVPTD,-1.4610666059193547,-1.950947789451177,0.2366496655543056,-0.7225800966990163,-0.39059246151607313,-0.6040361592577254,-1.0192151362006654,-0.658436188281778,-1.0254460057653538,-0.6041855377242988,-0.9400453333413971,-0.7321285284850295
VYFYYTLLBUKUHU,-1.5720312818560687,-1.8037307535840388,-0.20721446338170244,-0.8148413779953723,-0.25651044967891545,-0.6617609424426774,-0.8867134832274525,-0.487317064110492,-1.183643362752437,-0.6432933631987074,-0.519331622024776,-0.9965089910033722
VYQNWZOUAUKGHI,-1.7070998033321005,-1.96953864548021,0.37980917965037875,-0.6779078376074207,0.04525554093457755,-0.6765873191196643,-0.8513158345262095,-0.06617240652908442,-0.9959518619322598,-0.4892803680458342,0.052525838059449485,-1.0106327238233863
VYVKHNNGDFVQGA,-1.5053585659627007,-1.718863409152319,-0.22188152130108363,-0.6097753487365791,0.16249332499716002,-0.6393696947815024,-0.7173814171917775,-0.4124761575813723,-0.9354398996917463,-0.3743800194760431,-0.7757115214787758,-0.9551249358680978
VZGDMQKNWNREIO,-1.2295876205198197,-1.5412019304655675,0.030678841975539994,-0.927900950319677,-0.15479528900075792,-0.3416806715982016,-0.6417291830308206,0.28288375971999735,-0.7174504766541924,-0.27015605236523416,0.0800835153718675,-0.31630202926166884
VZJFGSRCJCXDSG,-1.3556402689246652,-1.7174194289285687,-0.4729340128886001,-0.8209683793551832,0.03282604941427443,-0.4643196825682641,-0.43207281639385736,0.15980592997579937,-0.7363942139020323,-0.4753185755051038,0.4623435842564426,-0.6604249925584548
VZYCZNZBPPHOFY,-1.3197067415558938,-1.6465244328746385,-0.6471877949535971,-0.8072798025059464,-0.10666555291520016,-0.5177826326941355,-0.4353007694987212,0.35911624457716107,-0.7274389873463566,-0.604936836337911,0.23277588145372088,-0.5777505598889376
WAEXFXRVDQXREF,-0.07882645136850716,-0.5863254233794442,-0.8610722318204811,-0.6544239205677698,-0.27467747936189985,-0.3861783881307175,-0.9815775272367416,-0.32408381360610583,-0.6973022730178835,-0.7702746564179966,-0.2649039972999709,0.44326069077119873
WAOQONBSWFLFPE,-0.46873177345775724,-0.28065210421735903,-0.9491260248946493,-0.5714419961581535,-0.22687008164618783,-0.4542591990463738,-0.9861451101851897,-0.44239566150783305,-0.6690989502872029,-0.8247049846647695,-0.19305153973580133,0.07993158210169324
WAZQAZKAZLXFMK,-0.5372980784530303,-0.48173708964903333,-1.635233179222094,-0.7539024119389458,-0.37254090936719336,-0.5148930244084962,-0.9855026033954151,-0.6513028848908213,-1.0307540080424733,-0.8981152325239745,-0.8423481175970526,-0.3017637780717394
WBPYTXDJUQJLPQ,-0.2785874509001422,-0.24597664191022892,-1.0533424189754075,-0.6263250070115832,-0.20722397487592478,-0.4223443857724497,-1.0071739004617641,-0.49074404451369785,-0.7367096981115264,-0.8231365673759923,-0.3783386829579294,0.10596971228504591
WCDWBPCFGJXFJZ,-1.6080758631682086,-1.933930403548068,0.11617525701501419,-0.7490231618721498,-0.06786968027552588,-0.8412288223413698,-0.696781204743836,-0.6202738704693032,-0.6787529975101617,-0.5579486522141104,0.256041660488471,-0.4963236247908269
WDDPHFBMKLOVOX,-1.5625475288092852,-1.6850416435320108,0.15145771948207967,-0.4911421922976891,-0.5357082221573999,-0.7997215272956846,-1.0269188698210678,-0.34446931521654334,-1.1347097773536583,-0.6161829050767766,-0.7160112966923812,-0.8741265755472645
WDFKMLRRRCGAKS,-1.4358390325279085,-1.8117229200434006,-0.03006858158212686,-0.5720658205961389,-0.5183623727901928,-0.818719531684555,-0.8650115805620711,-0.41240604928099955,-1.0694098333754944,-0.7392081586324383,-0.9646808928990007,-0.8841358300747647
WDJUZGPOPHTGOT,-1.3315381948677105,-1.7333591039372862,0.24738431385701337,-0.30962676977283604,0.6773797578929314,-0.448763131365407,-0.5579510621239152,1.1100534967902251,-0.479874938005045,-0.06994921978397094,1.508305034300696,-0.20296262161626283
WDQPAMHFFCXSNU,-1.5062654013362355,-1.6566787363293887,-1.893674116999643,-0.906808891082037,-0.5810808769908747,-0.7830350175435943,-0.8985309519836904,-0.4856414429292555,-1.2063327107849557,-0.8713123915093773,-1.2779431730888193,-0.4995866398974527
WDZCUPBHRAEYDL,-1.4095197738858687,-1.6913334920007976,-1.7684932878475714,-0.9119637943160028,-0.4883924216107749,-0.7919721018916225,-0.8623858970744829,-0.513659426432158,-1.1943305972856526,-0.882145828905181,-1.2443479618874216,-0.4894321127550597
WDZVGELJXXEGPV,-1.284934486575695,-1.7344227318562147,-1.9007678014886422,-0.8136750110493713,-0.8525851115949502,-0.727451463134045,-0.9826180728388411,-1.362461811354785,-1.2772291267527363,-0.6977805031964571,-1.6749277118270334,-0.6916088692860695
WEQAYVWKMWHEJO,-1.0715383589344047,-1.7413490013737363,-1.7560629108535692,-0.8619893552326052,-0.8474629395900676,-0.7376685173562582,-1.0521172535231595,-1.1365836965260838,-1.129115625112211,-0.6630826041227531,-1.6272909712958565,-0.34737961335639383
WEUCDJCFJHYFRL,-1.2419322240869914,-1.7302898021619926,-0.8287725970357955,-0.5396343820341485,-0.42745928944864275,-0.8106406010519365,-0.9090262031789625,-0.7254739201526725,-0.14367269599565863,-0.7411070610615815,-1.573906781369694,-0.25367273850986694
WEXRUCMBJFQVBZ,-1.434087633931794,-1.8410650771913943,-0.5393177626661667,-0.8952955891996239,0.08441291540162212,-0.7158151279790141,-0.16794092122333087,-0.6014989926307934,-0.8797576182662111,-0.25048964179534366,-0.2941719993074758,-0.8835841005057957
WFJIVOKAWHGMBH,-1.5911671596976953,-2.0101894651065297,0.16884350344288224,-0.7984275307728437,0.8258645469072298,-0.6568396351704727,-0.8723741170352644,-0.4868237525281036,-0.21802805844924142,0.06949545384315367,-0.14352528072302329,-0.9944123369113519
WFNAKBGANONZEQ,-1.7429676476011395,-1.99383562916146,0.21471931108187742,-0.35898293245871143,-0.42115570966208865,-0.928628849414964,-1.0223722048169412,-0.33928394856151567,-1.0122827346395817,-0.6050235843405628,-0.45611337841329014,-0.9076472942457393
WFPIAZLQTJBIFN,-1.4921997248064889,-1.8453319394610062,-0.839453655906786,-0.8103718813558233,-0.4775302681312962,-0.905179812672563,-1.0298888618530053,-0.6243413438690072,-1.1971706146324033,-0.446164761209196,-0.7820085783239644,-1.0885317204357503
WFWLQNSHRPWKFK,-1.5897482248279184,-1.824122224727145,-0.5358500182428976,-0.666161692868707,-0.4039849319003415,-0.8452159240858934,-0.9909199593116298,-0.20019363069086957,-1.2785004045126853,-0.4009454940982278,-0.4680145553314363,-0.9907420317196214
WGQKYBSKWIADBV,-1.5217863776247762,-1.727948456875939,-0.7242380746083462,-0.7216084299385822,-0.40849006493937534,-0.8548077332296331,-0.9323337087908024,-0.3406126573907751,-1.3036405034820395,-0.360811248433325,-0.4780402485148819,-1.0492197274446706
WGZDBVOTUVNQFP,-1.5212999851819382,-1.8388408917029495,-1.1790721174112193,-1.0074486000072134,-0.9477621906553214,-0.7340135543850196,-0.882403273128856,-0.5592959699864617,-1.17154503218703,-0.6850968496075297,-0.9286104102966448,-0.9472188621404014
WHBHBVVOGNECLV,-1.5843084467764048,-1.8822342411018314,-0.9742880331108065,-1.200744438680173,-1.0056085120796792,-0.8162883752856605,-0.9331651816277062,-0.9320973295331144,-1.237767647002094,-0.7168568093490655,-1.278608070252107,-1.0970444077489525
WHQCHUCQKNIQEC,-1.0012110493146906,-1.7661422650880447,-1.1105306701853639,-0.46487352039911123,-0.6571043805984306,-0.778854216792554,-0.9348123962612831,-0.9228854446793461,-0.797171094409506,-0.7501977588150809,-1.3403266129934428,0.01195373278366646
WHTVZRBIWZFKQO,-1.331096942249198,-2.0070948330687366,-0.1845307228503479,-0.8718219293848516,-0.5752214589362192,-1.01909956560484,-1.0552183531099137,-0.7861887694514619,-0.9111327087365804,-0.55773717253298,-1.1760235560891352,-0.6815998953388438
WIGIZIANZCJQQY,-0.9004098011615128,-1.9486035884585036,-1.2084916333089943,-0.9258558312883374,-0.7656557010627355,-0.9429253652340431,-1.0582355163342978,-0.8121499230603669,-1.2435408374225296,-0.7114126585942917,-1.3645557066924288,-1.2371859315915914
WIIZWVCIJKGZOK,-1.225837992248995,-1.9953722522013377,-0.30544931193949043,-0.8178128628886197,-0.5826385166513791,-1.0332043544874479,-1.061058565078867,-0.7282969245728033,-1.0355076706073825,-0.5119189067555243,-1.110718975812414,-0.8850423406969145
WIKYUJGCLQQFNW,-1.1431866735383505,-1.5235652944115239,-1.6599175323945747,-0.7740152059402157,0.08128976029969748,-0.791297906499868,-1.0805960506560162,-0.7831189989616606,-1.3799870241384058,-0.6002605272106905,-0.3231676638556818,-1.2182244814489838
WJAJPNHVVFWKKL,-0.6028160260074749,-0.479441464070736,-0.9198723084103666,-0.5787011728983842,-0.6433408331010616,-0.40543497639178144,-0.2901624220727671,-0.19596019530333816,-0.963908243343631,-0.8161286486302598,-1.0364907827615206,0.057366624010612016
WJCNZQLZVWNLKY,-0.8804452732248642,-0.44532061223433217,-0.8935804189965952,-0.6188717044633948,-0.5599683592127622,-0.5626070833008501,-0.27870310487551625,-0.4479642797807253,-1.0339057941621594,-0.6160266170188836,-1.2739989092538484,-0.16057264488600473
WJFKNYWRSNBZNX,-1.5740168113356416,-2.000166393425563,-0.34093131657554887,-1.0623620189005267,-0.7902615310186641,-0.9760715255887384,-1.0398299994070768,-0.9297912617745288,-1.2706449686012868,-0.8108302580316139,-1.1961391558076064,-1.4548944561514126
WJJYZXPHLSLMGE,-1.6604742938919972,-1.9968895244699019,-0.37005592008765464,-1.1040687539058682,-0.8516102794154881,-0.99312556163766,-1.059418257278459,-0.996118733904247,-1.2561754380720873,-0.7902220996812076,-1.4237568666888618,-1.4421631493817202
WJOHZNCJWYWUJD,-1.7266157379009783,-2.022680214513584,-0.4726168023660938,-1.1080438278627303,-0.9137272700602778,-1.0072703615271617,-1.0820193952133716,-1.0720467593276801,-1.1832013392670402,-0.7917532022389759,-1.5025829570281561,-1.4304603594283716
WKGXYQFOCVYPAC,-1.3862270623354185,-1.7136353940486722,-1.5587025522774913,-1.086117819796139,-0.5249541739907455,-0.6699534694696877,-0.9538166168988178,-0.31759660037807813,-0.9328948255454552,-0.8036038703895653,-1.3518289625602236,-0.372811239255642
WKSAUQYGYAYLPV,-1.4062201512299934,-1.922948986537833,-0.685223950671421,-0.9773156127219824,-0.8683370007213352,-0.9761759885136073,-1.10156362653024,-1.0485598985852485,-1.274926648878933,-0.8433887572727232,-1.264409733666413,-1.3151313214985862
WMBWREPUVVBILR,-1.5672528422311869,-1.9795511650232833,-0.4478161865626181,-1.0579127843412912,-0.8024787543252144,-0.9768095800601484,-1.0740025118313108,-0.9604988451736043,-1.2257491921563362,-0.8414410607746032,-1.2085959730152094,-1.375573849709431
WMPXPUYPYQKQCX,-1.4041964996974612,-1.940427670949957,-0.6104535799738915,-1.0490913708834715,-0.8643693740895165,-0.9435693199567832,-1.0262348386035878,-1.022673598256427,-1.2729636761243976,-0.8621592888491654,-1.1709098088096714,-1.3335565010641215
WMWTYOKRWGGJOA,-1.7223070654725685,-1.9370697362802223,-2.101151040764785,-1.1527551662070645,-0.7733369053809308,-0.8336029218693483,-0.993984802007291,-1.1969104529209476,-1.3321251537459085,-0.8473614916165632,-1.550208558967042,-1.0337031983248286
WNIDXAKKFOKNEF,-1.2397779154683553,-1.7256922907425634,-1.1979556542396272,-0.5018229708191323,-0.09810873446306113,-0.7589012204232494,-0.9288781759282279,-0.6488484389675611,-1.271449789338203,-0.7692688216671342,-0.4345143868843297,-0.9397891080015712
WNMJYKCGWZFFKR,-1.3736952970760736,-1.8629454980225413,-0.34186727051330973,-0.45552835439931927,0.48943141462460227,-0.4196524762027616,-0.8431242791235998,0.5537609822675651,-0.8271366985115307,0.025855003699303408,1.1289884377214674,-0.46171397686187166
WOXKDUGGOYFFRN,-1.721616178620907,-1.9396263413544548,-1.385111213917341,-1.007320961517023,-0.5667822694751097,-0.8844189034831215,-1.0602409352497,-0.7477907565522449,-1.365422293312573,-0.5193763892420991,-0.9693467589275073,-1.1503413313462174
WPNJAUFVNXKLIM,-1.2773139861218885,-1.603882134282529,-0.49333399243408915,-0.7588298304055991,-0.08019398971654018,-0.7164671536370331,-0.599286487195885,0.2811971146297713,-0.9068011270078722,-0.47149789473909787,0.15000995467377834,-0.6584655939553057
WPSYTTKBGAZSCX,1.495922376171773,1.637017131693378,-1.9325486238130736,-0.7993885810218687,1.30762408566618,1.1013945076209637,-0.9796743811073099,0.5427576128480515,-1.1488460986477604,-0.40705256555809716,0.06633175084073374,-1.036229840458873
WPVVMKYQOMJPIN,1.3258033545503995,1.3116676944384271,-2.1121939821476903,-0.7602125787131304,0.7757002561534658,0.9351361876786294,-0.9181824006486077,0.5241441322631074,-1.2164476445695471,-0.4705336083897189,-0.6031537903774713,-0.4370129343341078
WREGKURFCTUGRC,-1.0970839405385264,-1.5765208770019674,0.10182079947023089,-0.803532733897647,0.0436504544073485,-0.35948739294737564,-0.15269742128545805,0.5954308690781877,-0.36800532239931966,-0.12438344755775257,0.24522097510946175,0.15309514049848605
WRJPSSPFHGNBMG,-1.0012969916916017,-0.7199150166663452,-1.0636996867406086,-0.6498473085976557,-0.7513702719189814,-0.5439834193035324,-0.46789455547903036,-0.4061876781013077,-1.2472719366061749,-0.8331815977318422,-1.2269070725145579,-0.49503698389148687
WSEQXVZVJXJVFP,-0.9720392304461358,-0.7329650253805556,-1.024217383017861,-0.634229060436339,-0.6436900689321653,-0.5930559311215974,-0.4203041302296658,-0.4934188907989081,-1.1206972322760589,-0.8079195715816581,-1.2847302458903245,-0.44632978707437
WSPOMRSOLSGNFJ,-1.190845019669053,-1.8587067082025932,0.8234581627464519,-0.672839416130533,-0.4757796239080758,-0.7814627686127997,-0.922286320345904,-0.004247814257133306,-0.8450419703685192,-0.4410760434463429,-0.968852614656164,-0.5960400200830256
WSSJONWNBBTCMG,-1.7519482938738447,-1.9564959048672665,-0.9183685309476697,-0.8110181409905102,-0.3427732659164942,-0.8429205335477234,-1.0877170243782492,-0.6247380805251627,-1.4513336806611712,-0.495632554687814,-1.0700479534813327,-1.1732303735293514
WUBBRNOQWQTFEX,-1.2952880242350222,-1.4274119291466998,-0.248883008021347,-0.5802684061329069,-0.20153758548777478,-0.44687782968635825,-0.4115642826333716,-0.22522646439765276,-0.8996543245184818,-0.5730903029626786,-0.20709169586022222,-0.16723754127618884
WUKZPHOXUVCQOR,-1.4987708236409727,-1.817674889982518,-2.343355004748893,-1.1290487168411287,-0.7414848535461085,-0.584720205756276,-0.963589305172025,-1.2604384599464433,-1.0575257351339709,-0.5887455778434473,-1.139621345400111,-0.9916642663881212
WUWFMDMBOJLQIV,-1.5874210305786756,-1.8123206542215333,-1.8954399106394977,-1.1283986938978647,-0.7957948098271286,-0.27705757296154965,-0.945018834326702,-0.7704930333756385,-0.9863112054643495,-0.4075310433398203,-1.0482505597915315,-1.0724267284667628
WVVSZNPYNCNODU,-1.3753017665382017,-1.9628653675962944,-0.4143209602671329,-1.0778107953765885,-0.6796618119018503,-0.9527487848023521,-0.8830463918329438,-0.4688936913193491,-1.0326227782622823,-0.6754979436224724,-1.02190246330639,-1.2534192349405777
WWJZWCUNLNYYAU,-1.3177964910307511,-1.878729125743714,-1.2493030573160797,-1.166928457166534,-0.7640529330969055,-0.834314636196958,-0.5599648674160963,-0.5711319383920975,-1.1828923646871476,-0.7216169578547054,-1.1746509318987104,-1.2687499314758206
WWSWYXNVCBLWNZ,-1.0808457609830495,-1.5862988706837526,0.025804125373286718,-0.5943641759794686,-0.08767995534021542,-0.3017086321104095,-0.8444249322268507,-0.32486731684885745,-1.1968483448734317,-0.7466612878866501,-0.07656413402610962,-0.5459369843257752
WWXBHTZSYYGCSG,-1.5063701540576293,-1.8410656577252924,-0.46700961267646596,-0.904596489766935,0.11646746305486377,-0.4151331664223394,-0.8377814764784591,-0.02808189130315817,-0.926274937021058,-0.04954340492055899,-0.020470756047869514,-0.717773620677877
WXFIGDLSSYIKKV,-1.4137355409227927,-1.8953721869153868,-1.1304863902125686,-0.7778133536281746,-0.8955435330913212,-0.9547507040514702,-1.1118523808386171,-0.7778489263327291,-1.4128153713509264,-0.6353373723766618,-1.5065085557296798,-1.1511299766466452
WXNXCEHXYPACJF,-1.42332764382066,-1.876587121565492,0.422110771119876,-0.4909787773391915,-0.5165865799873937,-0.7842649920488229,-0.8958340141810877,-0.3352185183873263,-0.9665959490915713,-0.6843668999827245,-0.898433362593278,-0.5156114006909064
WXNZTHHGJRFXKQ,-1.5705032363332987,-1.8984725330022107,-2.546833147889566,-1.4329877962040716,-1.143269579481309,-0.8768738698188977,-1.165567457343091,-1.7653719631497926,-1.279928968837639,-0.8161380468355423,-2.1162684284585978,-1.308064666103568
WXURHACBFYSXBI,-1.793393652019489,-2.0119946502966886,-0.2788275287830472,-0.6020474017892751,-0.877466728755306,-0.9529452876144744,-1.1270687165904645,-1.254357637107584,-1.26685967388192,-0.5474345738768686,-1.265337778652342,-1.2181190890046203
WYDUSKDSKCASEF,-1.7835919628442012,-2.0463361642585207,-0.4216490926150527,-0.49448999142685596,-1.0013248817373412,-1.0628043158517264,-1.1612901280112702,-1.1267808408904987,-1.2696397012777434,-0.629260555348759,-1.408387605462542,-1.199490383816679
WYJAPUKIYAZSEM,-0.9978753943285805,-1.6089190179563082,-0.36054301236290814,-0.7602107047534538,-0.16357250083913477,-0.4588506905011195,-0.4742248131705532,0.4113390848689418,-0.6489275781755534,-0.528075234725793,1.478084294878681,-0.47569056845000757
WYWIFABBXFUGLM,-1.4308297626099382,-1.696847350014164,0.5513743002646877,-0.42360668674231217,0.10146788221982096,-0.6268291904371719,-0.9153535906894841,-0.26120684066855543,-0.8032589288467323,-0.5267349467100727,-0.6244396017071339,-0.48210232703010497
WYZDXEKUWRCKOB,-1.3296729644310752,-1.7605838297432541,-2.7852193902482965,-1.0781995878570179,-0.45114411357945794,-0.8115177554334342,-1.1320380305944389,-1.5816660044124997,-1.0067532059636801,-0.7490200395214986,-1.9361594679954521,-0.9115227877450742
WZHJKEUHNJHDLS,-1.386918010478434,-1.7631127149437114,-2.982032501365672,-1.1101654232945477,-0.5104678432966433,-0.7510438024981491,-1.0949402845977483,-1.5124048340722762,-1.0740027658101827,-0.9010228086770182,-2.0131316003951425,-0.8264586274046795
WZOZEZRFJCJXNZ,-1.6422511585956676,-1.9331425597838494,-1.351685269460041,-0.9244934719761927,-1.135476640509078,-0.9386944853301653,-1.012209624074447,-1.489087341619524,-1.3555269044276095,-0.4926014828738925,-1.6461626544047905,-0.9311398622478508
XAGMUUZPGZWTRP,-1.5434014791711483,-1.9907878967061428,-0.5300666923874782,-1.0395785412391367,-0.7914744574531349,-0.9796864878828124,-1.0790254528918592,-0.9302697271112611,-1.105238632176278,-0.805939524567097,-1.1133342056421998,-1.3385437779210676
XAUDJQYHKZQPEU,-1.6601925768517263,-1.9798540470239,-0.40694751691579395,-1.0162847582953747,-0.7848287834998284,-0.9517122779539676,-1.0066788203231432,-0.7562764906068208,-1.1697401659625895,-0.7398572830323936,-1.0001249202338378,-1.3263269366040227
XBHBWNFJWIASRO,-1.0952601462354856,-1.2250697756485087,-2.015493859475248,-0.8289573306120401,-0.2781853500780748,-0.7600911755708898,-0.5205301910460026,-0.7759984085055684,-1.1534506029884541,-0.7349215350265595,-1.1919334544519553,-0.7756245758105516
XCTYLCDETUVOIP,-1.329341649992649,-1.7804851630211989,-2.831736543451533,-0.995413012528743,-0.8955398377896819,-0.7725072813974647,-1.0429056126014602,-1.2319556849152509,-1.2817720524849183,-0.8783362318987445,-1.7882759413232523,-0.7636873318854215
XDRYMKDFEDOLFX,-1.381096413904908,-1.7524783121060024,-2.7066053500301916,-0.8988965000435754,-0.8609538586105512,-0.7252577572158814,-0.9307885203548802,-0.9575955172264551,-1.2328973473661913,-0.8208007337279919,-1.6107773187237469,-0.6728265315705516
XEAQIWGXBXCYFX,-0.11622853463357956,-0.14756899136493407,-0.7946202618290041,-0.30979681008526794,-0.18996675616296305,-0.2573278819128027,-0.9117944780098954,-0.0005568800333997384,-0.32784175575365443,-0.8072440531295678,-0.06093444651194328,0.5363482924576933
XEDWWPGWIXPVRQ,-1.7738470584065404,-1.9162758320221809,-1.877185632130528,-1.0866397787379605,-1.1669042551437554,-0.8623480788438781,-1.0530996658207874,-1.2731070614604496,-1.152847530748469,-0.4207978689139996,-1.8937672479826975,-1.2959901453697118
XEEQGYMUWCZPDN,-1.180521343267408,-1.557983532181419,-1.7782481574919609,-1.038322477956481,-0.6559217914844179,-0.6789269573181491,-0.8318455148920804,-0.1767132168993237,-0.879019309589275,-0.8352300797961214,-1.673313127986146,-0.48367481831372006
XEFQLINVKFYRCS,-1.299847047290767,-1.728189539452893,-0.7118379481013704,-0.7545342205180883,-0.4431555981846305,-0.7277370829122191,-0.8682844867544451,0.28967924001306994,-1.1496446754411307,-0.7845873839711501,-0.7099228927229069,-0.6632222005539838
XEYBRNLFEZDVAW,-1.5614896039386494,-1.8813388599515133,0.19397964488204295,-0.4920749364421171,-0.30836058701628444,-0.6800932431861223,-0.7311687007994542,-0.3474786002075718,-0.9898056116694498,-0.7181184627244858,-0.9009046421865947,-1.0206394047916296
XFCLJVABOIYOMF,-1.470794901545591,-1.9289691183835298,-1.4580625372176121,-1.2413604469310329,-1.103684151456631,-0.974796722100025,-0.7671456317535137,-1.1674288469681402,-1.1917235751226138,-0.6130010360544387,-1.5313013239325168,-1.3578165955443013
XFDJYSQDBULQSI,-1.4943415408128868,-1.749022340557917,-0.6838093375417095,-0.9046812334806242,-0.7676246736807748,-0.9552851500373436,-0.9636827050422013,-0.2646931766306585,-0.9122349837699627,-0.36628788967793935,-1.18103791598488,-0.7889446712643688
XFOHWECQTFIEIX,-1.4977238118205336,-1.7741295911076453,-0.7447605299866894,-0.9753892600738225,-0.798018701822224,-1.018261877479472,-0.9515033946478719,-0.13433277057637322,-0.6284628347254967,-0.4046975421683142,-1.2016422201273311,-0.7672983151104462
XFYDIVBRZNQMJC,-1.4183157407988782,-1.7704093504757537,0.6060749158580211,0.12107663443804897,-0.20655207946254298,-0.5928957332790674,-0.25701991910314803,0.22497043628954258,-0.8130427604790728,-0.4076530583009821,-0.0007072034126458991,-0.08624590767790488
XGALLCVXEZPNRQ,-1.6540291485898564,-1.85666879406988,-2.352719056445557,-1.0408660687852178,-1.103173116952013,-0.9524498641229021,-1.1803876759857639,-1.593408844260684,-1.4928769020867223,-0.49179674650833183,-1.415072009421747,-1.569588315060151
XGLHZTBDUXXHOM,-1.4359351299283216,-1.7997348960582316,-2.707263303750188,-1.125016146576093,-0.8213395190416616,-0.7336910600952602,-1.0655114909596177,-1.44420485114132,-1.463976194802049,-0.5562835234517043,-1.6129411965202696,-1.576424877815311
XHCADAYNFIFUHF,-1.5748084880516942,-1.8289931816887794,-2.6734415989369786,-1.1912547059264957,-0.9590973936034626,-0.7684878670390769,-1.122381611128426,-1.502217513205917,-1.5096870582509203,-0.5925705341704699,-1.8339955552329217,-1.5129838516393672
XILVEPYQJIOVNB,-1.4725592233128553,-1.8614719442811634,-2.1996343498597746,-1.2202786826405687,-1.0837621678576013,-0.8505470087029401,-1.0112148512980397,-1.4963835404707906,-1.3541722811032604,-0.7344584374451952,-1.7959292687340298,-0.8804454367553757
XIQVNETUBQGFHX,-1.3188512331051345,-1.8634730097242134,-2.316867044861965,-1.0890775851757504,-1.0741995996904334,-0.8678730044433305,-1.0687751477532408,-1.4535709044453253,-1.4014440200158205,-0.6832613519608578,-1.7629376156918215,-0.9098235021696816
XIURVHNZVLADCM,-1.1856471046594388,-1.3686029286131143,-1.3034135057206544,-0.6289992031877965,-0.21948814798700858,-0.7523677885473538,-0.8562984690546511,-0.07591404919563462,-1.0178799592812764,-0.4687854012381393,-0.5567431149341233,-1.0251875606965184
XJGVXQDUIWGIRW,-1.751015913905071,-1.9604675469612578,0.7002631658324594,1.0627742489129508,-0.11321796177496929,-0.7505955331053334,-0.6830181614974525,0.5328479642617976,-1.1553340905076508,-0.34350608331085297,-0.004066891541465189,-0.7920432641859336
XKFPYPQQHFEXRZ,0.3299735015380613,0.42221465214487863,-2.5956177372887996,-0.9284579530544996,0.520268224775798,0.3311389197458954,-0.9601692862509862,-0.41011094691153765,-1.3869659463427617,-0.4105776268759862,-1.092451064649055,-1.245201059877934
XKLMZUWKNUAPSZ,-1.6149952641693126,-1.7589624568391957,-0.6807556788966503,-0.5483299701112143,-0.27605659465043997,-0.809575009214728,-0.9664616576885298,-0.595115251050018,-1.1806241534934176,-0.3137540155271471,-0.4959545672754253,-1.122095626507408
XLMALTXPSGQGBX,-1.245102082935253,-1.630600938787416,-2.7300194348834275,-0.9350356551310073,-0.45539279494879836,-0.7122073261980403,-1.0779281554009945,-0.982254498090098,-0.9771862147662633,-0.8303210790309814,-1.6939348199088355,-0.7350799688654874
XMAYWYJOQHXEEK,-1.1241068195087967,-1.4972329909180406,-0.3604799187010506,-0.5366756425364712,-0.5580667312460501,-0.5098399832069527,-0.733301803897205,0.015717676137710034,-0.8016992088492646,-0.7334721146987846,-0.4246685204627829,0.19365078802758165
XMVJITFPVVRMHC,-0.36470199747425824,-1.8509788018115745,0.9503726457647335,-0.6470869598191467,-0.5376226201545662,-0.7823615331551036,-0.8980602682160075,0.5748065765861153,-0.7424523586198822,-0.7586990683354401,-1.2088017562637767,-0.9603287353541964
XMXHEBAFVSFQEX,-1.543671078045965,-1.6978957580692597,-0.2926745983550121,-0.8757924680784047,-0.5853507695755521,-0.8761199035715945,-0.905159814712458,-0.44108395736941036,-0.6896592141064621,-0.5477049658401231,-0.9932006790970604,-0.7848736783463972
XNKLLVCARDGLGL,-1.5908851823428403,-1.9462045408597293,-0.4528217790734429,-1.135639976932699,-0.4815891570912748,-0.9369531025885999,-1.021946661665829,-0.7733211573511323,-1.147555220583302,-0.6208008613525924,-0.772463866212878,-1.352187606205311
XNMYNYSCEJBRPZ,-1.5189060693412868,-1.797859139294155,-1.285338454619655,-1.1255135977345656,-0.7030149584097162,-0.4125409416515987,-0.9487297412088478,0.1075603366568282,-0.6097591980316188,-0.4361668023128226,-1.333782830147286,-0.9541991253928426
XOFYZVNMUHMLCC,-1.3552650161856603,-1.6488413661734576,-1.5873883176047983,-1.0768040036256552,-0.6554517360742198,-0.6490933766330057,-0.8885922477632476,-1.0393300029215207,-1.2078187210345297,-0.5831115066147288,-0.818319327284297,-1.230954754209052
XOXHILFPRYWFOD,-1.3100200795832635,-1.507252432045839,-0.6093779103854543,-0.6516961707396944,-0.5096392264020142,-0.7047933328065756,-0.5589804532209067,-0.04112933648343134,-1.1850099098421747,-0.43033959568617486,-1.1672922605615337,-0.6327823443120822
XOZLRRYPUKAKMU,-0.978330485601911,-1.179310523099043,-2.3704369926441635,-1.088211261321431,-0.9014060376307106,-0.6267036708141271,-0.4710774953183857,-1.0034250575926835,-1.015422835146581,-0.8626135977365657,-1.8470349997612192,-0.9648085010856521
XPCFTKFZXHTYIP,-1.4261205781817792,-1.8053498558240486,-2.733107928880065,-1.1034729758414596,-0.4944279784817939,-0.7927515161028582,-1.074070511644345,-1.5510083358885465,-1.0080573257987018,-0.7152264477612336,-1.91492821373101,-0.8806866655027121
XPCTZQVDEJYUGT,-0.6743399306963754,-1.5578262415136643,-0.044631232960633066,-0.42535241212951946,0.12405558894558948,-0.6370490161487503,0.5440886956016295,0.45429515282106947,-0.6142879616231094,-0.38070227731283285,0.3049633079377885,-0.27851448098032716
XPOQHMRABVBWPR,-1.3258099483127843,-1.7031495449129972,-0.15916502007089886,-0.7546397842851994,-0.5687760342954711,-0.8397037322993388,-0.9417210541317862,-0.1810057316472696,-1.1058104559983426,-0.5820724408966209,-0.619946429988805,-0.8310123259121904
XQFRJNBWHJMXHO,-1.617040042390984,-1.9875321175152156,-0.544392498901283,-1.0846036446606913,-0.7553029123331898,-0.9832958458492214,-1.0335364674174428,-0.7316490110331724,-1.1876915768376377,-0.7249863766490178,-0.9089411768802174,-1.3881964735863725
XQYZDYMELSJDRZ,-1.342926422041105,-1.8335739490412835,-0.21390906417102612,-0.5139723701453546,-0.3505043948371571,-0.6986438926310037,-0.7342302205427512,-0.12654353248162287,-1.1622858641798373,-0.48614734033951446,0.10937215690895902,-0.8166976836579429
XQZXYNRDCRIARQ,-0.9839908810053208,-1.8414312996426578,-0.40822740276570385,-0.4504835453961312,-0.573190623897405,-0.884837765217776,-0.8645859500948658,0.044692786715986324,-0.7846223671703665,-0.626265566327844,-0.9666587626275271,-0.8025835047204886
XRECTZIEBJDKEO,-1.5289507904911432,-1.9207534409698093,0.7095546695482894,1.0026177312055427,-0.20060752612774208,-0.7512509792854383,-0.6865186029513526,0.6539169680877205,-1.0655676599188344,-0.3007207066518235,-0.20085269678515535,-0.7163310397539034
XRXDAJYKGWNHTQ,-1.159145592359295,-1.5556586644173103,-1.4476826915342778,-0.93552922817722,-0.8500938243400271,-0.7338778807526911,-0.7287679374971741,-0.5344687403024451,-1.0538674859229948,-0.5866652741439353,-0.9086306698497629,-0.8983433011515327
XSBSKEQEUFOSDD,-1.3975243713295633,-1.7261121414949954,-1.254810016046783,-0.5102472005930985,-0.3928918291712565,-0.8611897949252089,-1.0681873600197027,-0.38871464147304324,-0.9362725891132729,-0.5934368039820554,-1.2468571228460477,-1.1236252052004503
XSCGXQMFQXDFCW,-1.649019019339648,-1.949294276125864,-0.3279239599970792,-0.7090423825819165,-0.4246661145165566,-0.9490848334054032,-0.9940770876923022,-0.5373939575905113,-0.8476145025512276,-0.6286678043710361,-1.036408632041861,-1.019185716431133
XSDQTOBWRPYKKA,-1.341580887730192,-1.7781877948044569,-1.479805482452794,-0.8752729763865637,-0.09308978527336623,-0.7044350052367981,-1.1102867396119662,-1.184375806426557,-0.9403423442798919,-0.34906562101012256,-1.0228916233203682,-0.7225113809100417
XSFJVAJPIHIPKU,-1.4202640642949271,-1.7047780353284325,-2.4222974543313387,-1.1665549859567588,-0.9023396355713249,-0.6638318694937165,-0.5611246751951624,-0.9892868767489451,-0.8714084034434408,-0.7443370580506264,-1.8559587036130933,-0.7137501686362736
XSTXAVWGXDQKEL,-1.4614214479233216,-1.536326690575087,-1.162218360109808,-0.6984174774559655,-1.0298344546985594,-0.8495243851776272,-0.9051250909424067,-1.19251430301073,-0.9593556836295027,-0.721270381414586,-1.671005166134858,-0.9277925453982134
XSVMFMHYUFZWBK,-0.6281397703291715,-1.3099585163165566,-1.275556620189496,-0.6483545523986785,-0.12772561726715706,-0.4996661081434796,-0.594318925397927,-0.29275609036947714,-0.7608567547709828,-0.7166851126721954,-0.2922810777810723,0.11196817814261881
XTKDAFGWCDAMPY,-1.4935681941813241,-1.7787643665355606,-2.2454426124960696,-1.2585080052499338,-1.084560673178379,-0.8076286572577709,-0.9717960680645876,-1.4182709246652883,-1.1326979341832661,-0.6217244373356969,-1.7714714907776474,-0.9715116919757878
XUBOMFCQGDBHNK,-1.286820231280726,-1.3295580046915152,-0.9385305722257555,-0.8978415081547979,-0.785105330132413,-0.7148030273491186,-0.7045362142186616,-0.5339748094277342,-0.8446949187197939,-0.8490169659541642,-1.5404706288038938,-0.6885661827186661
XUFQPHANEAPEMJ,-1.1399616225885811,-1.6808978944695339,-2.4194471913014053,-1.2188545723941668,-1.0843081793566527,-0.7372516447119609,-1.025249384496845,-1.4326985541485058,-1.3770503887339758,-0.8190927852513319,-1.7951181243126204,-1.006548872258707
XUFXOAAUWZOOIT,-1.0334446564905597,-1.2731058642402724,-1.8393695665474574,-0.824455942971774,-0.8408697604970097,-0.6776747081019024,-0.48601551941355436,-0.587922278062503,-0.9831160296015881,-0.9061164289980732,-1.753286317768975,-1.0217103820872846
XUIIKFGFIJCVMT,-0.9453262625436336,-1.3841184161978146,-1.0439495441002105,-0.809328558435088,-0.2117788619523504,-0.5911066986699256,-0.8679208654954971,-0.2957414243962985,-0.9938386306548368,-0.6503313498556905,-0.42373418839848753,-0.721218752682445
XUKUURHRXDUEBC,-1.3571202453024165,-1.855436682068023,-0.16662242903173327,-0.48944724326870925,-0.4967304336869731,-0.8060242651865213,-0.9054639889360374,-0.45120142884916237,-0.7298094168963184,-0.6754560966571607,-0.7781732060862413,-0.3004448743073581
XULIXFLCVXWHRF,-1.3161224501304718,-1.9041428111758791,0.35052987083139725,-0.795873071484044,-0.5267069142630616,-0.8431211482507965,-0.8159681096730783,-0.5892114488262893,-0.5486868335821026,-0.7541779819219436,-0.8758573376157239,-0.7312693503404422
XVTVPGKWYHWYAD,-1.6568768898143031,-1.9592033883025286,-0.25560527020971757,-0.8693438850441236,-0.9940674255880626,-0.9064128193582296,-1.102779717455545,-1.3288206348169884,-1.003340905073625,-0.4374995688712213,-1.6141351787495926,-0.9952440383851782
XWTYSIMOBUGWOL,-1.4614690041020635,-1.7341847016779366,-1.8204937279699314,-1.16771647324129,-0.7977374975019037,-0.8869951224951197,-1.067996896382578,-1.065736728434692,-1.1705116309131742,-0.5360662198942803,-1.8317526056760713,-1.016439475859892
XWVOEFLBOSSYGM,-0.991135498416297,-1.6038076897573168,-1.1135362792328347,-0.8439862709907435,-0.31498492027538977,-0.7347617711631624,-0.8385598432601975,0.028076467977743023,-0.9223125809009062,-0.4243773661081813,-0.5167420782793053,-0.7275091728742792
XWXYUMMDTVBTOU,-1.2897908890019396,-1.7086067330692338,0.26881654556484097,-0.5328765454968488,-0.3530216772370866,-0.8776660547824258,-0.8702108082797441,0.06453225058207507,-0.6358571853695552,-0.5845849252878486,-0.1768009670325712,-0.9125871549465696
XXANNZJIZQTCBP,-1.2939907831188346,-1.7233399757794468,-1.4571080635228877,-0.8069068103549534,-0.6490940622416819,-0.6554880182021727,-0.9194567016945019,-0.8846210864443076,-0.8580044720157695,-0.8618475799426245,-0.9673992163771857,-0.5862874324072581
XXEPPPIWZFICOJ,-1.34660191530753,-1.6921598920352534,-2.5316162521327676,-1.0518932769326752,-0.4005650134977043,-0.7807627561466153,-1.1001179017901344,-1.5306446542345458,-0.9444458299869979,-0.7880054250296731,-1.733586791701848,-0.6518631195582714
XXPANQJNYNUNES,-1.3257209044224416,-1.7684366958567437,0.4621055577887169,-0.48719139950935075,-0.4922097098356309,-0.8279394520298758,-0.6362846045168025,-0.14890922905273335,-0.902498520034625,-0.6895790755339163,-0.4973210397164213,-0.7595398395353388
XXSMGPRMXLTPCZ,-1.7782134139430383,-1.9779373277288852,-0.39600867856636596,-0.9035435875328468,-0.37015928571655665,-1.002959324194916,-1.0328332186893352,-0.5206644110659769,-0.9114782435745412,-0.4350477529445972,-0.7330452966978758,-1.0082959896846577
XYLJNLCSTIOKRM,-0.9427570609069544,-1.440904027387921,-2.1789303635410944,-0.9661503792653261,-0.3768617986241727,-0.6125597133716731,-1.1366229430747459,-1.2861787398430105,-1.478839941398209,-0.47699414373279614,-1.1602736737499293,-1.4087756645196485
XZNUGFQTQHRASN,-1.63062438057508,-1.7527144643346153,-0.8375760021408719,-1.0970722900043097,-0.5235219318333262,-0.9490853421118504,-1.119458494399197,-1.1300167276979207,-1.100086640572805,-0.6336007385227119,-1.2797447962759694,-1.1734948307659347
XZTYGFHCIAKPGJ,-1.4253841199786368,-1.7741102291271325,-0.20020223986789934,-0.8924075637889795,-0.4833847016874949,-0.694655045887765,-0.4928425703028641,-0.5227718082242476,-1.1280320696781463,-0.6462683657402717,-0.6265261245453061,-0.43054210868778214
XZWYZXLIPXDOLR,-1.3703642753521101,-1.7445629720277998,-0.21658890085188348,-0.6625671679532745,-0.7354979227705306,-0.9377390864190515,-0.8675418244751663,-0.5760991726867226,-0.7500715375385466,-0.6082303692765421,-1.3724032571911933,-1.023061190327849
YAORIDZYZDUZCM,-1.0916862148346471,-1.803240149166428,-0.6650422196514838,-0.5895629307915191,-0.25020762262497875,-0.7429543468201488,-0.45957639086178326,-0.6564786639984996,-1.167324517050183,-0.7623961776940018,-0.7156139374366953,-0.9502196390523712
YAPQBXQYLJRXSA,-1.4749263457644801,-1.896615794894261,-0.5106610256255117,-0.6079254265037528,-0.03230420950882357,-0.796061955150662,-0.9340806348218158,-0.22036117434855107,-0.9893713780395343,-0.3690201214992687,0.17945366821335873,-0.8920925086532221
YBBLVLTVTVSKRW,-1.7735509475215236,-1.9209685802873766,0.38432850862676293,0.7596261212192659,-0.4789081373251829,-0.7694660685425421,-0.6597108990838911,0.5158657568938831,-1.1042305689366279,-0.4326384607355674,-0.6161677344604479,-0.8888184707515823
YBCNXCRZPWQOBR,-1.379396304569443,-1.8257089899233603,0.35352810745707336,-0.7978910758556516,-0.351973353916626,-0.6761983039672138,-0.5148075238469138,-0.40958347380623855,-0.7599819313567314,-0.2737942097790787,-0.6865455106151411,-0.4670401824881236
YBJHBAHKTGYVGT,-1.5016273148020916,-1.7959022411058294,-2.146639762453071,-1.2002891886507072,-0.816736283127344,-0.8900810531717227,-0.9900292084097132,-0.8368547873213162,-1.4172677230940631,-0.9916317517135448,-1.5854242183726972,-1.0214653003961904
YCOYDOIWSSHVCK,-1.1481341481649128,-1.4661388811654992,-0.942013173557305,-0.6679018548096405,-0.15976833290725315,-0.7922334023430218,-0.8813860654934172,-0.5117208855773234,-0.4304067966231366,-0.8433256061557584,-1.2442669348266204,-0.6787828509920976
YCWSUKQGVSGXJO,-1.435687761544599,-1.3728265931954426,0.4419189672861436,-0.5512047360663723,-0.03137225984289459,-0.5247186624191154,-0.5749979805305508,0.557968994528726,-0.860032549500154,-0.08978891780504926,0.8471046398434743,-0.36865838211906243
YDDXVAXDYKBWDX,-1.491998816592738,-1.8878667849372275,-0.5983472610314526,-0.6031900454001929,-0.3599345532753143,-0.6307296084241873,-0.5180103774789151,-0.6317898183844047,-0.9477247629345842,-0.6192784668010065,-0.8181082725454262,-0.4866943647319123
YECBIJXISLIIDS,-1.624071221658959,-1.882826767369524,-1.2579389147533369,-1.1027528555095956,-0.8647801717274206,-0.8778698407330632,-1.0478343545892639,-0.6541284005921613,-1.4078962198181606,-0.7116584665255912,-1.0501304497031727,-1.2995352953772636
YEEZWCHGZNKEEK,-1.381488246828524,-1.6567375235797481,-2.702641261022919,-1.1677783271337936,-0.8377596171148709,-0.7591993737294384,-1.1537435635740123,-1.583592484697975,-1.2135670507838061,-0.7310390889562499,-2.129155124788969,-1.3767193952042533
YEHCICAEULNIGD,-1.5883313806518635,-1.8623860230409415,0.4220682664031097,-0.731232036194308,-0.3752105877496408,-0.8148852710325488,-0.7351684028179368,-0.513610145856421,-0.8777030823008949,-0.5657153545184559,-0.784565737433841,-0.7089683010186904
YEJCDKJIEMIWRQ,-1.1823837648383448,-1.7010294430888124,0.1725293635605928,-0.6871948310015159,0.004304568833950332,-0.6479167018262256,-0.8674140658387997,-0.36542226526092786,-0.9963075904320527,-0.34260545927083047,0.3713345785277064,-0.6063730268811073
YEZNLOUZAIOMLT,-1.4791788659808387,-1.9865667827737847,-0.44702057303492865,-1.1225744948414482,-0.8391178986835934,-1.0121489095654292,-0.930432814058131,-0.7861866956775933,-1.117097085428627,-0.7334433077045022,-1.1291184401161924,-1.381680302851848
YFAGHNZHGGCZAX,-1.1965612312988543,-1.6142399561763583,-1.7608049375367054,-0.9451864918995793,-0.9246804749713351,-0.6867080957031028,-0.8829196908349306,-0.6297839926665755,-1.0852633476351192,-0.8891728709043274,-1.7099641866470716,-0.7997901587155888
YFGHCGITMMYXAQ,-0.8241718559386807,-1.877362341717483,-0.5823384999881629,-0.696948226481456,-0.4334915836804951,-0.8778120241949132,-0.9274940361992395,-0.43500794337063736,-1.023599799717716,-0.5229572864831757,-0.8945795919211745,-0.7592578928482616
YGCODSQDUUUKIV,-1.0899772825538225,-1.198966250083658,-0.14549120975608107,-0.5579768637979828,-0.24371494766789997,-0.5690714783304534,-0.7725261034281896,0.45359324465614936,-0.918689702306998,-0.1663788077475997,0.13534466980095888,-0.6358915263905511
YHXISWVBGDMDLQ,-1.3743507735254883,-1.9060889431267811,-0.5635729806750824,-1.1088588893889197,-0.6385984431337591,-0.8127793391974245,-0.8165264186321426,-0.3797589915518051,-1.1678280566624744,-0.7140640726018083,-0.6652734964402215,-1.2235617388022126
YJGVMLPVUAXIQN,-1.8057519395011723,-1.9044947394651675,-2.0312522686042946,-1.203613374073694,-1.161151384680088,-1.0314914908688866,-1.170190041580639,-1.6920855946835254,-1.2963221092419572,-0.5799801381490081,-2.061488921659515,-1.240118410187674
YJQPYGGHQPGBLI,-1.276454807967448,-1.724293383235546,-1.653001585119452,-0.8720902708192463,-0.2785249604401309,-0.8207510266052844,-1.1275658888717168,-0.9948409003874759,-1.2748666676032792,-0.482300622120856,-0.9067117721072739,-1.2850280170954893
YKGYIDJEEQRWQH,-1.6527993558337668,-1.9654901560588487,-1.433574955659322,-1.0831872591769387,-1.0732018675637716,-0.9558463363269001,-1.0255280704700573,-1.2644711656913405,-1.2716998896348564,-0.7895585297614958,-1.659152708488684,-1.485906951236535
YKPUWZUDDOIDPM,-1.3837031649562768,-1.6575203396561724,-1.237423969348743,-0.9915939896207908,-0.705238368928926,-0.7484356531552708,-0.9757390411772616,-0.35620333822463324,-0.7265295910265324,-0.881999574617193,-1.5133816365048494,-0.4936677373115467
YKYBWGJKLYMCFI,-1.533008440731698,-1.2004435336889756,-0.00952467992126527,-0.010472665175412602,0.0937480284060734,-0.5428797603720532,-0.031093504849990242,0.4024319596365758,-1.2289840307437254,-0.4236121446603128,0.5392361492256375,-0.48599406411632096
YLJREFDVOIBQDA,-1.374864394649252,-1.8372646695294623,-1.1984196455458258,-0.8616036023612024,-0.37196963041887426,-0.6858440340772336,-0.9795958872704077,-0.6200353330357268,-1.2290495432136295,-0.37613462429357236,-0.6695187843771665,-0.9752561525596748
YLUSMKAJIQOXPV,-1.64613592059177,-1.8988594600947855,-1.6648997706057387,-1.2605905791746304,-0.9288818103214842,-0.9846097903562412,-1.1322325300151492,-1.2808109853464438,-1.5232486022246365,-0.8651832753795456,-1.4873898359673776,-1.6024360836922706
YMBXTVYHTMGZDW,-1.4761185362527334,-1.8909240867618082,-0.9245209047960633,-0.959089741664424,-0.9016428832763427,-0.9097637287246749,-1.153934122453872,-0.9821805703552515,-1.2024877369604574,-0.6383957795586273,-1.6353129490061147,-1.0277555316090559
YMTINGFKWWXKFG,-1.4377192531290748,-1.9710487377844401,-0.3332636240418847,-0.9020183100887635,-0.5301248336225877,-0.9012462766306637,-0.9853300512903433,-0.6697105249486055,-0.8929426445577857,-0.755454239501728,-0.9493423203744882,-1.224870457842227
YNNUSGIPVFPVBX,-1.3125885083996502,-1.6764603103952969,-1.0870601591695759,-1.1020316676127726,-1.1889775049545939,-0.7933499400380131,-1.00811901809733,-1.0168171324676036,-1.0273570372346372,-0.4827470692979465,-1.8349716911221563,-0.9286097809517939
YNVGQYHLRCDXFQ,-1.5875360914840788,-1.9615974349015037,-0.8612247772610164,-0.34974293053717864,-0.6071008329921077,-0.9267961865753217,-1.1209739971964334,-0.4689490572539129,-1.0868690482809296,-0.32208222791779856,-0.7509975310782319,-1.1184126490198172
YNZFUWZUGRBMHL,-1.6628098065444303,-1.953535495066329,-0.9148549833020602,-1.0803655082531796,-0.7517307649537659,-0.8068360434825806,-0.8723133186317518,-0.29136392992289495,-1.0792508882793774,-0.7233697834890384,-0.7797817011699602,-1.210233051923848
YOSHYTLCDANDAN,-0.5857881065232329,-0.9306792634027885,-2.8644530299269406,-0.27888365947190735,-0.396725224935486,-0.4057342067214749,0.17384542131934122,-0.8036186175983321,-1.2179053552572472,-0.798827527779798,-0.7392176536790958,-0.3267073961530078
YPELFRMCRYSPKZ,-1.4769602160864057,-1.8506364796378079,1.1440049781513864,-0.5548699257252594,-0.2037643235877437,-0.7024492035744523,-0.8760275250372027,0.10232593646756441,-0.5290111068397607,-0.36677659040832455,0.05222101650615023,-0.3103081687597327
YPHMISFOHDHNIV,-1.3103609934916982,-1.4782079086753575,-0.5879816019067317,-0.7444250042526673,-0.5785743462539519,-0.7091031969973848,-0.6872217190493901,-0.5161779073807471,-0.9271744517298076,-0.7127372149812983,-1.1396448978966836,-0.6412561147756897
YQNQNVDNTFHQSW,-1.1949553081335396,-1.4616031947033539,0.6159005789499027,-0.7524121953975205,-0.18359137108541407,-0.5300930220571891,0.02804025665672737,0.5561481528249159,-0.5617315157218372,-0.4035464255507972,0.2712357091929527,0.11213173471052665
YRCWQPVGYLYSOX,-1.5838716271615365,-1.914194849874712,-1.1204530710738267,-0.9698616697790097,-0.5280393253854865,-0.8755254239204785,-1.0312234183680316,-1.205424555692191,-1.296659020095994,-0.8097461842445923,-1.1724003120052497,-1.19435994417479
YRWLZFXJFBZBEY,-1.3549616013593342,-1.5301539000386315,-1.7101442468241106,-1.0330649879967875,-0.7259499115758088,-0.8211427276371293,-0.8981181026786179,-0.05531668615509238,-1.1544015151242872,-0.8880687339633512,-1.4489036827662791,-1.0840423577416336
YSAUAVHXTIETRK,-1.3255269460781114,-1.8096810177473732,-0.12276279966436045,-0.7217666773846682,-0.4719742538427534,-0.6667466321977615,-0.5625859634638618,-0.22696300699654762,-0.9345162642673461,-0.6746015521471249,-0.7961383488185453,-0.7515245442287274
YSEXMKHXIOCEJA,-1.5482720357735107,-1.509636282372682,-1.2871328526117627,-1.333721304229183,-1.1615608487505955,-0.9512794705972643,-1.2271631140851493,-1.56175303941898,-1.3078541463042048,-0.5651679375438089,-2.1348323739331976,-1.1112996713467802
YSGASDXSLKIKOD,-1.620400634590797,-1.8285265675848126,0.3106050534794883,-0.7055278819377847,-0.3945930394112298,-0.7851810873819227,-0.9689672512891705,-0.020505323552840557,-1.005989716934165,-0.02601944673173877,-0.05992986130093219,-0.569349668357315
YSIITVVESCNIPR,-1.5694148936160064,-1.9469153410446427,-0.11152799527673514,-1.0250358835159081,-0.6900360914717744,-0.955205773711332,-1.0836303089954935,-0.7623038781140095,-0.6509600244092066,-0.6207044823802946,-1.6622262604961677,-0.6963092380367142
YSXKPIUOCJLQIE,-1.4067092148932792,-1.7700024536565238,-2.7332450700494095,-1.0514960129602595,-0.44532352615574855,-0.7769260145461776,-1.0710425792126588,-1.5255998962766077,-0.9759604014391812,-0.740731137213915,-1.8926924198066768,-0.7544390604159008
YUGZHQHSNYIFLG,-1.6802185769176634,-2.018843512548187,-0.3492409049827277,-1.021258740557728,-0.6968375249332197,-0.9817150804604647,-1.0553870792029914,-0.895318916503992,-1.0718603123117478,-0.7428781230080068,-1.0494462158009603,-1.3286024530589704
YVQVOQKFMFRVGR,-1.552263930227638,-1.8516002169881443,0.949809401815057,0.03631629766982461,-0.044004980197927264,-0.6826420478841032,-0.7392050040717448,0.462219562488527,-0.534246820563841,-0.10310152738363318,0.4846804316315744,-0.46912215452101436
YVUQSNJEYSNKRX,-1.1323017686050065,-1.5051616565922417,-1.1899461179431052,-0.7906686990978696,-0.6134866503662383,-0.5335789458404028,-0.4909661268661184,-0.47720644731646644,-0.8223849970158663,-0.6473378868490758,-1.0185858394897078,-0.7572233443598161
YWJXCIXBAKGUKZ,-0.30183798336881806,-0.1516885473507686,-1.0483763702101492,-0.6984748590566767,-0.08893624306994727,-0.4926883856542199,-0.7833265914634902,0.620047958865468,-0.8527944722618918,-0.47806375218786873,-0.47735996033972794,-0.13890670191229595
YWPHCCPCQOJSGZ,-1.3727922930755145,-1.8668375638117227,0.7793181889773154,-0.6006290054039956,0.2731285004330755,-0.7515812712825493,-0.5996915081556459,0.9658475780931275,-0.23371252190815017,-0.3866238699378515,0.9680689409736918,-0.23017963050313509
YWXYYJSYQOXTPL,-1.5856127346276947,-1.9080309545722065,-1.3735422547195777,-0.4899804954778775,-0.6323188833412431,-1.0094764767003397,-1.105782313744288,-1.1373286121698165,-0.8891121055056117,-0.4228884398361752,-1.5330090948272075,-1.126061644017713
YXBQLONCIPUQKO,-1.1313500701242911,-0.7809094028812916,-1.039853743879248,-0.6913823492473834,-0.7061813741637488,-0.7012220515203611,-0.33288034651314446,-0.3465904471256681,-1.0117644307377707,-0.8408420946482442,-1.4449168759708344,-0.548971080108307
YXOLAZRVSSWPPT,-1.1028540559022135,-1.4902661902899434,-1.4030771971749352,-0.5016146730499729,-0.45401566250586695,-0.4949279432949484,-0.6635078805265503,-0.4922763100791102,-0.8504346732702909,-0.8714129948185788,-0.5107363936233437,0.473623374802586
YXSLJKQTIDHPOT,-0.9484511621258054,-1.6371821477580355,-1.6924093695219187,-0.8087068333178314,-0.3899446244559547,-0.8326821364121273,-0.9955613088526819,-1.3516253926824697,-1.2189394501815194,-0.813028530059602,-1.111500289520074,-1.0458051853003103
YZOFLYUAQDJWKV,-1.4609101833978988,-1.894557002630574,-1.8207864823965392,-1.2376954297524199,-0.8514575049478038,-0.953630541452684,-1.0813631632821554,-1.3257212705095835,-1.4202965686046505,-0.8119258732799596,-0.9295935162793907,-1.5418373745103091
ZAFYATHCZYHLPB,-1.5188108844383863,-1.8070141504988328,-0.6338106179617096,-0.7628106730668959,-0.213435675499054,-0.8801675689202868,-0.6994944740152316,-0.6580763766848053,-1.1993545874450084,-0.48642971576879956,-0.2844317875987409,-1.2924002428000074
ZAHQBPYQBHTECE,-0.8327430807077927,-1.2712311347130993,-2.5501070909535084,-0.45466301607980253,-0.4431645476423195,-0.5741008331707123,-0.8512833177328409,-1.2461409475882146,-0.9189051601905334,-0.8477909172304885,-1.3963616623348374,-0.2975716331871046
ZAIPMKNFIOOWCQ,-0.9099647696362079,-1.972392072331698,-0.08397956090131659,-0.8312530663039037,-0.6830450862500077,-0.9722657608185243,-1.0199479557529338,-0.7433711240648845,-0.9120362784725703,-0.5787749362755261,-1.159840723860805,-0.8683536434599619
ZBFDAUIVDSSISP,-1.4019539173609286,-1.51044663202367,-1.6183004883795817,-0.8106378050321367,-0.3304082675907376,-0.7952660018534347,-0.9918827644696944,-1.027746324532569,-1.318231984001462,-0.6743887799509198,-1.2080847032659032,-1.2894334169263137
ZBIAKUMOEKILTF,-1.458659935921343,-1.8824033848241797,-2.4614255125281996,-0.6705885348350614,-0.7942503150935885,-0.7481967960407719,-0.6348645388763684,-1.5225190773309603,-1.2779921828930856,-0.7102274985023704,-1.391041395317635,-0.8094760494325517
ZBMZVLHSJCTVON,-1.4006859718283389,-1.7847709606639444,-2.524781764497125,-1.1790464315236235,-1.017963320158888,-0.6992733863153539,-0.8838128700234633,-1.3776430634606491,-0.8513881973097731,-0.9083679692690718,-1.9534259043033746,-0.34813114065780026
ZBNZXTGUTAYRHI,-1.3113758819889763,-1.7611621676863223,-0.9068849416674336,-0.9441399095681426,-0.7829949258205403,-0.8305286136210537,-0.76817796172943,-0.6495787661420916,-0.6794189727998774,-0.8643723688107543,-1.4930018889616048,-0.31203072939833476
ZBPLOVFIXSTCRZ,-1.284725814211668,-1.4966001325682243,0.14476972652574502,-0.6094945683420955,-0.34811128429364935,-0.6017784952205504,-0.6365380978964528,0.5769972531026347,-0.40100572976256227,-0.47731301850991015,0.09101600648182712,-0.10133462408029359
ZCDNRPPFBQDQHR,-0.9111846958043969,-0.7078491435252254,-0.7212418021673541,-0.3027111750731561,-0.50819957243734,-0.5970465153567313,-0.2780050919648106,-0.12610250279637628,-0.9904081211643347,-0.5896954116077413,-1.0978472894678468,-0.11632278071118425
ZCGOMHNNNFPNMX,-1.6140987904133797,-1.8361913489180859,-2.7938817667795877,-1.168357518421036,-1.0602667693127557,-1.077156459845162,-1.2935693396989616,-1.4492328471586224,-1.5311296885649937,-0.5400475512581245,-1.9742580183997638,-1.6960418390270793
ZCVMWBYGMWKGHF,-1.373452286600407,-1.8520036681393073,0.19181425744089423,-0.6465393042141311,-0.29770527187443885,-0.8423925031264282,-0.9543318378926973,-0.63318537195706,-0.8588328619407959,-0.618999516980791,-0.8281654190690853,-0.944284272123563
ZDIGNSYAACHWNL,-1.1415953427804624,-1.4987202641144959,-1.9484471992978412,-1.0846028219451935,-0.96262615536829,-0.7994671404493772,-0.8964972707982815,-0.342243202185305,-1.0883163713619743,-0.8507407504943421,-1.7677492316411405,-0.6250316782750527
ZDXPYRJPNDTMRX,-1.1111277318101176,-1.4703653193753776,-2.2853516765928514,-0.9223381812428644,-0.8640115876720569,-0.7152282280488377,-0.639763093185997,-0.6272697841352184,-0.8582726242193677,-0.6340296177091814,-1.3039866039996166,-0.5979494851716757
ZEKZLJVOYLTDKK,-1.5863410001805232,-1.776191013424207,-0.8204226674455195,-0.6036517012677386,-0.13395406832965312,-0.6844518700355896,-0.7885117425844275,-0.6768520750891411,-1.0813201738575198,-0.6420218104236032,-0.9546551655373965,-1.1195518356006628
ZEMIJUDPLILVNQ,-1.4196036472713627,-1.8147715682347263,1.1131566110165796,-1.0174787177493954,-0.29275897775802134,-0.3200921519034746,-0.7681393966665621,0.7955643165636204,-0.11623954547026334,0.04710201974665099,0.5142926522048805,-0.7123145859358968
ZESRJSPZRDMNHY,-1.4631624786554915,-1.8319342566736634,-0.8369626549387552,-1.1352282281183934,-0.9059167629586966,-0.7634601563443245,-0.8173480681484491,-0.7157620962789136,-1.1732570401178732,-0.7343494905921725,-0.9820237174684661,-1.0177236426466503
ZEUITGRIYCTCEM,-0.5678756689442156,-0.7586134823030608,-2.187258780433701,-0.6834990026424979,-0.14399543028415654,-0.361631723312349,-0.5226127278418211,-0.674674420276314,-1.2070320533818377,-0.5980934494080924,-1.0438966166452985,-0.43797863078135313
ZEWQUBUPAILYHI,-1.4716612218875889,-1.7675719531074567,-0.5896262997872932,-0.8065176223476962,-0.49703436589090155,-0.6325853325402252,-1.0000904780835456,-0.8660964804219251,-1.0115941913809106,-0.613576006387532,-0.9750220633890212,-0.7551054351696279
ZFMITUMMTDLWHR,-1.316109591562348,-1.8470139677915638,-1.1651956597627684,-0.7187444834051969,-0.26373762203446793,-0.7443351743317064,-1.0281023599045498,-0.9093520931575785,-1.1972031525653597,-0.4295624664534157,-0.7912586527082708,-1.1201808620829594
ZFRKQXVRDFCRJG,-1.1486480119533136,-1.7066344299552467,-1.4439727037174481,-0.8884833996777542,-0.6488028022815336,-0.7414319734243728,-0.9056193754507724,-0.3539968688911301,-1.1022678197229636,-0.8926444537939615,-1.1494782709698281,-0.7913052137193222
ZFXYFBGIUFBOJW,-1.447862604454409,-1.7706399887309796,0.3919575009091139,-0.3426257916972611,-0.22173939685364003,-0.8403046059248805,-0.9102684591919328,0.14543413705489178,-0.8289688628614027,-0.4378552368863424,-0.5391625894697152,-0.8456239341608768
ZGUGWUXLJSTTMA,-1.2617482818532908,-1.7186391912402719,-0.4349613100936467,-0.630815679641888,-0.39528412958035564,-0.9038370656879317,-0.9660961813105775,0.19026915886544687,-0.9723264621579988,-0.7024216212264413,-1.1256364359578577,-0.8434592269553294
ZGVSETXHNHBTRK,-1.1814489527446403,-1.7097835573177191,-0.8511869509650108,-0.8465501240823198,-0.37409066426244725,-0.7332853784414508,-0.919436789946624,-0.2885462341460591,-0.9967195752298601,-0.6400671182750463,-0.9305025222846639,-0.7315931172881293
ZGXJTSGNIOSYLO,-0.9743286907176483,-1.3096488323522173,-0.7920933081305003,-0.5100766416120674,-0.22183112252650206,-0.5339888102567498,-0.6478601660600528,0.4780996726155322,-0.7128283067616789,-0.6209964027245702,0.1459311731404759,0.37538909510917084
ZJJXGWJIGJFDTL,-1.4254457805449237,-1.6020782390700954,-0.8228104034358396,-0.7031635271863313,-0.4542136968614347,-0.7686190086243031,-0.8511277533942609,-0.6337717028335301,-0.8726719097331427,-0.8080161585044939,-1.2070499779813184,-0.8019181013475393
ZJVFLBOZORBYFE,-1.6302664174368333,-1.8866214163683064,0.02008315186431325,-0.8655262972875593,-0.5551860589792339,-0.8566215973845928,-1.0348984603993077,-0.5515122537975359,-0.9454767061249632,-0.6455626945215727,-0.9597986717089388,-0.8542448434486316
ZKLPARSLTMPFCP,-1.5210930829855354,-1.7963967417850109,0.30128678167571105,0.41294627861510574,-0.35972565696044373,-0.7639316693128101,-0.6055003976277497,-0.2505311303527954,-0.8998601061228462,-0.3494759684335908,0.16246450836679982,-0.6755903429802503
ZKMNUMMKYBVTFN,-0.6571945491981713,-0.5621127098277239,-1.1854669994483689,-0.5935697199686925,-0.5025043913727889,-0.5052203476201371,-0.05057730314644208,-0.3376148308925508,-1.1929682311415926,-0.7415969983424766,-0.851166233510099,-0.20257574789002644
ZMEULISFKSVRLQ,-0.6502129961465966,-1.099061844667339,-2.737656900332239,-0.4022613981052927,-0.26698801627292323,-0.49731667058808093,-0.9477636685040001,-0.8027971519214734,-0.616698679866819,-0.7754364920792793,-1.2438982395508587,-0.1227757677146723
ZMISODWVFHHWNR,-1.6776693378018397,-1.9565747160674318,1.1831052704113412,-0.5231148664666626,-0.46537703257168656,-0.9680462732904522,-0.981646795532777,-0.6792968482616626,0.2836569473782026,-0.5389794240701091,-1.0461298134218922,-0.6032074302349518
ZNEWHQLOPFWXOF,-1.3581303614105806,-1.8485124928382093,-2.1834472744799456,-0.868250656468358,-0.8059976594185404,-0.5884371009714361,-0.31296248137084065,-0.8212270260288598,-1.0138018517845782,-0.936225233615034,-1.368094760805506,-0.4415397887266193
ZNNLBTZKUZBEKO,-0.8405688546075287,-1.004762765509902,-2.597314515139251,-0.34361090107206993,-0.4478196326431502,-0.5897845317493345,-0.7814961000267076,-1.0415567174445386,-0.8412845553470081,-0.8205104789446256,-1.416452049698379,0.1759903475325208
ZNRGQMMCGHDTEI,0.053411161034417357,-0.1388698789804607,-2.6749197241449125,-0.3187372586723108,0.08595681972035081,-0.18083942388095642,-0.7549416721292989,-0.5602165536689527,-0.7373446397303364,-0.8162873274970479,-0.8347253001949189,-0.23713135812028713
ZOCSXAVNDGMNBV,-1.0650142660052855,-0.8282801742487437,-0.30556621091082325,-0.5994190334693726,-0.41716809364970825,-0.49968458296554513,0.035275035771073895,-0.3651062048669508,-1.1461077091986627,-0.6496187069120747,-0.4876558744256718,-0.5244445707812154
ZOWYFYXTIWQBEP,-1.280657499028382,-1.6131888686077138,1.1034828274037427,-0.885038231650596,-0.05247547540462113,-0.6467594517905703,-0.8465118065674174,0.6039535424099924,-0.27563577835172476,-0.23361738183700823,1.4565099158292973,-0.4250492135938165
ZPAKPRAICRBAOD,-1.3452375645117711,-1.7358163670737765,-0.6976834975754281,-0.772429861901324,-0.8659367157787994,-0.8903273190989052,-0.6515152570844334,-0.27076008390947304,-1.251238644363652,-0.8352894447365546,-1.1579201018463092,-0.8319821412682876
ZPEIMTDSQAKGNT,-1.7264794076049446,-1.861811799326313,-2.504715141433146,-0.9260630033152741,-0.9458025416073416,-0.9588724366367616,-1.187373858851765,-1.2071548403384218,-1.4696732106016939,-0.5942009463079162,-1.2589653024097012,-1.4923021343099752
ZPFXAOWNKLFJDN,-1.706529263653175,-1.8601831530361423,0.18399461216588078,-0.5072589346819271,-0.029635802304496663,-0.7673198659997887,-0.5861026883363513,-0.14020860303815502,-1.094097910223529,-0.31679875896915655,0.5951611199344439,-0.5401258744533337
ZQDWXGKKHFNSQK,-1.220114127168143,-1.516277615682116,-0.7366527013383027,-0.6882239487007846,-0.0912627995476975,-0.5666710088105928,-0.9589638285013042,-0.4459407446721162,-0.9951855755029448,-0.5727636297667293,-0.16126056412591958,-0.8870987796707503
ZQSIJRDFPHDXIC,-1.3788583399128478,-1.777125174131342,-1.122996810070745,-0.5591792621782186,-0.1663344817502304,-0.4012353730317308,-0.5467013865133994,-0.4339813327408022,-1.3998205400847288,-0.42571569718506896,0.247285438972257,-0.8174335476216483
ZRJBHWIHUMBLCN,-1.0156401431623434,-1.7584834921124322,0.6452556772268895,-1.0855467133260048,-0.7041265150179693,-0.7558153674491392,-1.0250550332805668,-0.10590119211944506,-0.7405099437886485,-0.6486044091642895,-1.336070575179895,-1.0352899926162253
ZSCDBOWYZJWBIY,-1.0466533584285804,-1.5507791013435255,0.3692168314431958,-0.09125385688654349,0.053899587798263635,-0.7494925301643907,-0.9278138619456788,1.0739409579636991,-0.5021657805220373,-0.2219169127084343,0.9310579622218605,-0.006353203246701136
ZSJLQEPLLKMAKR,-1.3689081627548663,-1.9847944754458642,0.09576149296118874,-0.9871760687037491,-0.5916679779539096,-0.9313653703782807,-1.0105195029333292,-0.5802768028906109,-0.8083637126316291,-0.758078785647264,-0.9680432480763983,-1.1927839805342075
ZSKVGTPCRGIANV,-1.6566050634602318,-1.9865957748711744,-1.0946715013787496,-0.9746780857100559,-0.6532876758489018,-0.9760439475027349,-1.127215626184644,-1.2968856492240715,-1.0988340683249458,-0.6588617175178604,-1.6047859103961395,-0.9034763800501738
ZTVIKZXZYLEVOL,-1.3741507522479934,-1.7333850673993978,-1.8648508578094296,-1.084657820979369,-0.6641185928697781,-0.8341297986307978,-0.6446922888227257,-0.3633578710941416,-1.317872934571434,-0.8889397976426168,-1.376231121387951,-0.7933624731388894
ZWPODSUQWXAZNC,-1.3226536971092542,-1.7289453280974498,0.6014078784249434,-0.5609494263500938,-0.32968589098390266,-0.7145935343680295,-0.8799454611774865,0.17318711662772313,-1.1124450865738567,-0.38178898113405096,-0.054250036785146206,-0.5431446497974683
ZXNRTKGTQJPIJK,-0.30999493079169665,-0.35395276859416697,-2.3900747297714284,0.13077789740068915,-0.15450379746399073,-0.3576451876020418,-0.5392215334531414,-0.07776006896101446,-0.387118557769188,-0.7360408016842827,0.003595167956989059,-0.08882344134924268
ZXRVKCBLGJOCEE,-0.6035719759484669,-1.5834866176653535,0.9081081924212839,-0.6505455996839249,0.25776345839730685,-0.679144596557059,-0.5957913544720774,0.7206905264805528,-0.042168613893406065,0.36461234806691767,0.5371773954357952,-0.1141961232122842
ZYGHJZDHTFUPRJ,0.07680396031484367,-0.41220922670969773,-1.3750658770459887,-0.7562892344419905,0.0809440379557867,-0.6325581310393661,-1.0319202676513926,-0.8459732657931793,-1.2540575275777797,-0.7418510292031535,-0.9283164117741091,-1.0189835763040813
ZZHLYYDVIOPZBE,-1.4989376226437674,-1.7356214087592874,0.6581547369278035,-0.44424742579241006,-0.13627993832831975,-0.4957144456141164,-0.7052518887784879,0.3598442749109774,-1.0144700599528977,-0.5595773980617761,1.6191749347561226,-0.3187238107916791
ZZIALNLLNHEQPJ,-1.459245910601965,-1.8900826750028212,-0.3366400007297987,-0.5871086819007957,0.006297708674314024,-0.8017336460579456,-0.9571856339717335,-0.2029694311604998,-0.8995636021108525,-0.3181444327957583,0.1681651016787688,-0.8733337619707727
ZZIKIHCNFWXKDY,1.7617734613569445,1.4157213350337323,-2.2240000640645214,-0.7730033000597911,0.5815157893823871,0.7262619122326018,-0.9119396019335578,0.3242553070878171,-1.0790559358934508,-0.48269375882533694,-1.0381850780985742,-0.569970983929609
ZZORFUFYDOWNEF,-1.2169899954544947,-1.2565302388127255,-0.716335307455925,-0.834230685135349,-0.7160025199503738,-0.7747883513663719,-0.2224959883805467,-0.3575239330638828,-0.6338976396554288,-0.7272517894135151,-1.3356669065593114,-0.7787119578302935
ZZPKZRHERLGEKA,-1.3586902298582502,-1.836750665810603,0.32155616886832217,-0.7245472526871541,-0.4058702472386362,-0.7291448887256877,-0.6099708269045122,0.32522997134588433,-0.3567743557224208,-0.40172535686322974,0.40878071712792513,-0.6141963792636325
ZZUFCTLCJUWOSV,-1.2060295457008143,-1.402414043478303,-0.3083036545429136,-0.8255339662639003,-0.5980140616608628,-0.601315128235003,-0.7471488786522527,-0.5886587111051007,-0.8773084167912141,-0.7411015177258021,-0.9958001061325676,-0.3560981114108807
ZZVUWRFHKOJYTH,-1.039475107375515,-1.3575778591945822,-2.831186902532275,-0.5238672693717432,-0.48377764955601615,-0.5206079317723388,-0.8470931354525898,-0.857366888644971,-0.6864526974916787,-0.8490812942029067,-0.9190155939084723,-0.31913459046735526
ZZZRUAITSXLWBH,-1.418121510133246,-1.7796221415355493,-0.3796665233334947,-0.717667523568743,-0.5150455602860797,-0.6862660243329772,-0.5423487273427444,-0.37279701704327045,-0.49496137837637155,-0.5727415457161317,-0.5506431963741146,-0.7973865655053235
