ik,NR-AR_chem_logit,NR-AR-LBD_chem_logit,NR-AhR_chem_logit,NR-Aromatase_chem_logit,NR-ER_chem_logit,NR-ER-LBD_chem_logit,NR-PPAR-gamma_chem_logit,SR-ARE_chem_logit,SR-ATAD5_chem_logit,SR-HSE_chem_logit,SR-MMP_chem_logit,SR-p53_chem_logit
AADCDMQTJNYOSS,-1.4377298386069053,-1.7124497788606858,-1.0593642236269007,-1.0226770363682678,-0.725854427933252,-0.7154682022792124,-1.070730968038314,-0.27310463223362325,-1.2248408442446497,-0.9498914204987551,-1.0620409910611053,-0.8485460209149098
AAKJLRGGTJKAMG,-1.0623413438963405,-1.770567236543317,1.1110497789357168,-0.3813716556360726,-0.36426255241975014,-0.7289816465169323,-0.8770398215342461,-0.0062679855310490635,-0.331342513172738,-0.999273401141932,-0.7440943585051922,-0.5634316024365233
AAOVKJBEBIDNHE,-1.0670619337691782,-1.7763280869351932,-0.5840033844344975,-0.8036559411927034,-0.31587497879420706,-0.8230411176564973,-0.9935411268246345,0.16840608567526766,-0.527899748330664,-0.9042496302725375,-0.06192924424663521,0.05701012194935301
AAQOQKQBGPPFNS,-1.5783027522555948,-1.823217648067604,-0.8905156719142839,-1.0171139143081618,-0.6932505322446505,-1.0126285876099146,-1.0941368812443493,-0.46128717710764605,-1.2357799720846416,-0.3224225984236491,-0.4204264641122295,-0.842698502696974
ABJKWBDEJIDSJZ,-1.535182823872421,-1.7859049332694044,0.29502949497342756,-0.6297293248952952,-0.2082843491003065,-0.8358394039609156,-0.6242620118520056,-0.17947987454739006,-1.0229670804432076,-0.5258227080258969,0.7689849012522655,-0.49338347659821613
ACSIXWWBWUQEHA,-1.4854396568406263,-1.6818100614083198,-2.1280476960033727,-1.6017760940177086,-0.947137871255144,-0.8807524253937952,-1.1625948449322758,-0.8815362233759667,-1.4608201818121318,-0.6010174697855665,-1.5859327909498737,-1.3951945844296343
ACTRVOBWPAIOHC,-1.3691915208529342,-1.6700143844443776,-2.3896211712208975,-1.5438223571182148,-1.083716618460167,-0.9345988523898368,-1.1883569238494982,-0.9813613816540185,-1.4338273035454479,-0.5384144113181366,-1.97980395017707,-1.1202507268323492
ACWBQPMHZXGDFX,-1.3739396176555447,-1.8175469507547017,-1.2873062919533604,-0.9645532316812995,-0.5970328141000578,-0.8522291700052748,-0.7857510600176624,-0.4029499386493953,-1.319185736858752,-1.037920242103325,-0.8180046041424741,-0.8718175470954275
ADEBPBSSDYVVLD,-1.0440086486151883,-1.495738169697075,-0.6891790388865755,-1.1984011324836135,-0.5152202409134905,-0.6459359391142463,-0.9626638098586673,-0.19279412370681828,-0.9488117798262616,-0.7996848325735001,-0.8517101538486509,-0.8821952169907441
AELCINSCMGFISI,-1.267071044491086,-1.667408140402531,-0.3038983156635919,-1.1446764948157349,0.029737275045886025,-0.8885807222705708,-0.7800764141178105,-0.6244723851243489,-0.809979494420389,-0.536342094804664,-0.4879736965916358,-0.7109181667053946
AEMFNILZOJDQLW,1.4779691007609292,0.6051901068473142,-2.227615489220641,-1.2441510192426457,0.961693138886212,0.7882580299013611,-1.1917898825323934,0.17712312713918021,-1.3492285677129285,-0.8327951595768021,-1.2508155309024418,-1.0113186341256515
AEOCXXJPGCBFJA,-1.4320471017924143,-1.861439715510215,-0.16452557332106418,-0.7824244520010766,-0.7012054617904054,-0.9734088264229287,-1.111919774943042,-0.09774553045357533,-0.6373639754484249,-0.5649597534752868,-0.8059023178990927,-0.6072195811010094
AEUTYOVWOVBAKS,-1.5481058257953912,-1.7745968399297494,-2.3683759996125517,-1.400598678854315,-1.2232235958489617,-1.0836278455442285,-1.4388188136265163,-1.3256960417447736,-1.425083839976368,-0.8476113192783676,-2.2075750982307567,-1.331023449283487
AFCGFAGUEYAMAO,-1.5691184619560845,-1.8422732941871534,-2.4598584325128146,-1.7495086418141537,-0.7517041504924741,-0.9840983686221076,-1.4112741396171633,-1.4255094037235707,-1.6115110841122593,-0.96087188272581,-2.4098788799744946,-1.522459379286964
AFJYYKSVHJGXSN,-0.14298328618098763,-0.5605350485507721,-2.4369249512192037,0.03938097315889791,-0.18305177421476015,-0.22066393506720006,-0.6113472949568168,0.11513196528276842,-0.17414466738881842,-0.9911428525868352,0.15180665829587406,0.13222931203935828
AFNXATANNDIXLG,-1.5428324643019582,-1.882710249779622,0.8697825457224582,1.387705600778856,-0.30959101570626746,-0.8882580570523009,-0.8290554755168259,0.7464818190415534,-1.151825528151654,-0.5808660999877112,0.46115202400642574,-0.631125301039413
AFSOIHMEOKEZJF,-1.1648012753606545,-1.3988185808806415,-0.4477197826545575,-0.9799957111507905,-0.39555983192071004,-0.7028424350775251,-0.6208798897157215,0.05606572316223744,-1.0599181189254658,-0.4372629182081971,-0.9113966531844109,-0.7018565770748187
AGHANLSBXUWXTB,-1.20166819525032,-1.5780989670502694,-0.10954431726663079,-0.6927074262453605,-0.23951319746176716,-0.19370364807334958,-0.19727764809394055,0.4955465668937936,-0.691645851080026,-0.4480860070248775,-0.22022946666960336,-0.5611794849764018
AGMMTXLNIQSRCG,-1.3738919582351947,-1.7499833400742386,-1.0237670984829248,-1.3648215169540832,-0.9922052324108361,-0.8729628648881813,-1.0489022489507371,-0.43615097532279007,-1.0638188334125123,-1.092068321909196,-0.9592136711792423,-0.7415627214181669
AGOYDEPGAOXOCK,-0.6220386076298497,-0.8897199218941374,-2.783831991774666,-0.7309172327206461,-0.41369187134616286,-0.6332209403357294,-0.7725957959130239,-0.8081991383822918,-0.6318549082772805,-1.0091603121231856,-0.9160615655688664,-0.06308390952980647
AHLBNYSZXLDEJQ,-1.312611730087163,-1.6252012982200528,-2.7608494783741966,-0.8063638169673886,-0.7940015064293323,-0.5993133487134448,-0.6877021726217567,-0.9280584307550916,-1.039143808708644,-0.8449763069840541,-0.7213276442785893,-0.7739770734882265
AHOUBRCZNHFOSL,-1.1732000421025275,-1.6333131885998327,0.06102641215835862,-0.8359757785445099,-0.5931512744988923,-0.8241033587983824,-0.8953388850856719,-0.15641752523800648,-0.5742400188341207,-0.8028714348147409,-0.6453431512333372,-0.4814194275045098
AJLFOPYRIVGYMJ,0.05251689228552252,-0.4268054656809969,-2.5823022825357596,-0.5875690310875676,-0.016845907728058575,-0.09699336358452995,-0.7797774590254636,-0.3428348577346113,-0.9281015779674228,-0.9477723093834112,-0.5353482953092631,-0.6091825036041351
AKJHMTWEGVYYSE,-1.1392647890954732,-1.6770168465295954,-0.577484285611106,-0.9451821916417502,-0.033436711001944674,-0.3628952586978647,-0.9467240650274582,0.356472725655483,0.07849874786504392,0.054514612667465885,0.4205844182642752,-0.11704221007495505
AKNNEGZIBPJZJG,-1.1747111193835946,-1.6497997305530032,-0.25396893671339343,-0.8552877617833266,-0.8468702479103423,-0.7081120775657459,-0.7784916083734782,-0.2490995973420575,-0.9590663219001476,-0.8400296635722491,-0.6103526699701495,-0.27701923476238743
ALLWOAVDORUJLA,-1.334753860515433,-1.715937062956157,0.08268286654788896,-0.9997978731343123,-0.5343366084513772,-0.5665726094219139,-0.37008361860675526,-0.4754240917353135,-1.1205036422581363,-0.9045632227338676,-0.6616708223898218,-0.35126430600256286
ALWKGYPQUAPLQC,-1.467510925324387,-1.764577258557751,-0.12741627630824387,-1.048211650302614,-0.3870450814870148,-0.8884815229431804,-0.7843756719665544,-0.588512466184633,-0.8930356695514603,-0.8207509958049155,-0.8119804559604281,-0.8590538592945913
AMDBBAQNWSUWGN,-1.3241423790888998,-1.665769839634801,-1.6037165162821985,-1.1790433282170227,-0.857426546776548,-0.6602042735860523,-1.0371601432891993,-0.7109938079987113,-0.7899632042192831,-0.9486739062835803,-1.0844494175308368,-0.626222116831044
ANGKOCUUWGHLCE,-0.7921590609927394,-1.348524266578788,-1.8341804396116494,-1.1688961413405956,-0.42215809630125256,-0.793489932977495,-1.1451140949682754,-0.8642166567860015,-1.3745030001474785,-1.0250046682559921,-0.932872451486968,-1.0766443745284804
ANMLJLFWUCQGKZ,-1.2484542882772087,-1.6383679855386504,0.1533985522270683,-0.2623880785607001,-0.09098298513356314,-0.6793302498200825,-0.3597953064563085,-0.1635178758716076,-0.6248816039869055,-0.8898199305919704,-0.10449212344824024,-0.5060651404320494
ANTSCNMPPGJYLG,-1.095987506212825,-1.8106058276483223,0.07504561388796527,-0.9856997461502037,-0.19578556576150347,-0.8824732135932412,-1.06323654622061,0.5169219432610899,-0.6906640851367106,-0.924347651647742,-0.07696759912694248,-0.651788933558112
ANZXOIAKUNOVQU,-1.4368557008431226,-1.744711086598391,-1.3190241395660771,-1.093808389366162,-0.6563858945948785,-0.8824540472818085,-1.033479131904278,-0.9220000118616443,-1.0230554397427598,-0.8970380942791002,-1.2727079812084696,-0.7419903640113804
AOCCBINRVIKJHY,-1.4088438559750565,-1.7142090816910271,-1.8744797730751204,-1.1483012401240138,-1.200343788296081,-0.903527055146502,-1.1510493834740485,-0.910999081483081,-1.3596714616785703,-0.9205837999056168,-1.4502315065898457,-0.9172862737394945
AOXRBFRFYPMWLR,1.0808711884244524,1.1682498420220113,-2.131839110389861,-1.077013501992825,1.194433852763908,0.9594890237633371,-1.1066034343576283,0.17807822920485594,-1.3704611508252051,-0.5500259232872459,0.03669399241490654,-1.0069213424293642
APGDTXUMTIZLCJ,1.7917383097153845,1.8564828620487992,-2.593509876046767,-1.1840030160232728,0.4492235729841464,0.15914200798947303,-1.0453963169564018,-0.7461248084978986,-1.2593671552400638,-1.0507235405722526,-1.5889743785058574,-0.951869631401697
APKFDSVGJQXUKY,-0.9640486039220217,-1.263329271052578,-2.902469339650389,-0.8422537927176151,-0.5679539713822604,-0.5815048177475319,-0.8371412987119484,-0.6417529349573626,-0.5042127070641492,-1.1282922271647382,-0.775044630460252,-0.22314403604197883
AQCHWTWZEMGIFD,-1.3559615664988678,-1.8265517706737613,-0.5403333096862635,-1.2395431101726422,-0.7295628026694624,-0.9053325107420578,-1.0216876739714456,-0.122131784834555,-1.0461824033896332,-1.1069722738748753,-0.5982188276243543,-0.7292270018309881
AQHHHDLHHXJYJD,-1.425338889600611,-1.7808848035321168,0.32172606515592805,-0.8221376711968531,-0.3472911541861442,-0.8549630738195102,-0.7658583742402856,-0.48906665862574555,-0.58592612107127,-0.6976939896529667,-0.358525417487444,-0.399642380858463
AQIXAKUUQRKLND,-1.5164368439134412,-1.8024049393715078,-1.258368341507592,-0.6523724142731513,-1.1007717850377963,-0.9539127782576491,-1.2761666124967717,-0.8102463498639838,-1.4359394714382994,-0.9460284413035986,-1.5496223211489615,-1.1820688002670552
AQNDDEOPVVGCPG,-1.3963427646317472,-1.812775937904205,-1.408825597256468,-1.1786245455071263,-0.6085837312405672,-0.8501890994424204,-1.120238799130492,-1.077391941511026,-0.9444292023251935,-0.9260079527811869,-1.5253807846174632,-0.9930189923250976
ARFHIAQFJWUCFH,-1.3806849109699575,-1.6858241812371886,-1.2946875768912558,-1.2636145835306833,-0.513578112229282,-0.08724674397209636,-0.3967179758830887,0.27062900190911554,-0.28428188901674767,-0.7739090342100915,-0.4611224334743026,-0.8777341182016867
ARSRBNBHOADGJU,-1.4648853840556197,-1.1681984775725855,1.0110925368840393,-0.7939258443114986,0.7007673270162299,-0.46357393801945634,-0.3725517092049808,0.08762391250222265,-0.4029662889031638,-0.1763177015048352,1.8707154195690612,0.43503496047988316
ASUTZQLVASHGKV,-0.4192712400820424,-1.2878276021724666,-1.7128649150598476,-1.056956660553322,-0.6652219322122097,-0.601701634116494,-1.2033435352362725,-0.32898209645114973,-0.9654490639102578,-0.5667553481675549,-1.2726051839150672,-0.7468509660494651
ASWVTGNCAZCNNR,-1.5569711762144147,-1.8874214625180374,-0.5574708154479922,-1.441654073983158,-0.9152871406408456,-1.033718186942767,-1.1424032805080244,-0.6817483944768187,-1.2948374004110914,-1.0917154900090136,-1.339813345031599,-1.3157678368908559
ATCGGEJZONJOCL,-1.3704234837052716,-1.8588916464010072,1.5087548741518872,-0.48862787944829633,-0.20502176042511544,-0.7928072457564982,-0.8268808515225263,0.069959285366422,-0.6779351564492451,-0.7500503865317905,-0.5606638658963704,-0.4281008373401802
AUNGANRZJHBGPY,-0.6472012981285353,-1.506832143871523,-1.2389302211158535,-1.0966892373124562,-0.680273990743116,-0.854424694020978,-0.9394161346707466,-0.8418672702078197,-0.8854127911234428,-1.1216319738846687,-1.3566975681900681,-0.4052323405076544
AUVVAXYIELKVAI,-1.0653615752008856,-1.546048317146799,-0.8819443072813913,-1.0409749189543924,-0.6237527944697725,-0.8190808761133619,-0.9505700964210622,-0.36100848180596634,-1.200346645320853,-0.7941462090945878,-0.7296706795544506,-0.5068835439687269
AUYYCJSJGJYCDS,-1.3442386648688787,-1.677136139299149,-0.4966704349731327,-0.9459534194352563,-0.006308079821085235,-0.5001354936690106,-0.36907823070016543,0.6143109021194598,-0.584036612224987,-0.7281273454877766,0.26415927732129285,-0.620826795416479
AUZONCFQVSMFAP,-1.342404185379049,-1.6468191480371357,-1.4998698407562123,-0.6784713000496153,-0.6608429343254624,-0.808410768133611,-1.1188306291691994,-0.4485044422026102,0.05620324855936248,0.4171343234304562,-0.9287383200890398,-0.8084853757479452
AVKUERGKIZMTKX,-1.3671710429806578,-1.7161410012924054,-2.0836143157241493,-1.4523218999690082,-0.6505682286021428,-0.845774366171681,-0.7204383196382703,-0.48314835909689724,-1.1918707489908582,-1.1332080922625656,-1.4089987984611099,-0.43540458234618457
AVOLMBLBETYQHX,-1.2804491344166902,-1.375172900078994,-0.7132268790786865,-0.7615283506827348,-0.35888250295959184,-0.10536400278565679,-0.6629912801259825,0.07211378750104938,-0.5843500473850394,-0.8677463897583226,-0.37706786855201424,-0.7270591777786979
AXKPFOAXAHJUAG,-1.3230136612081376,-1.5269956960388984,-2.065359719808715,-1.293197726697926,-0.6564998570340388,-0.8428361403902733,-1.1106753024275933,-0.47317851555169255,-1.153489587394076,-1.00010478920207,-1.6242619777867506,-0.9719773532938962
AXRCEOKUDYDWLF,-0.8819281157865743,-1.1504919568686311,-0.30255053831292106,-0.8039378504282406,-0.4996709377019346,-0.610870410822892,-0.8043164195306431,0.24748150500330998,-0.5272325019832363,-0.9245080208713017,-0.6019793381455296,-0.07659079263170321
AYIRNRDRBQJXIF,-1.3783867145056505,-1.7173370874608516,-1.5642208758453677,-1.2348807686431034,-0.7351209583286278,-0.813849236861786,-1.0494594208077888,-0.583332696587163,-0.863015999565518,-0.9858805735493826,-0.983023329398028,-1.0161055325994615
AZFBLLCNOQPJGJ,-0.8398496325608147,-1.316423894555749,-1.4577227020581982,-0.4539538410091284,-0.49737783037523775,-0.4113276581664827,-0.624539155323311,0.39686346349077106,-0.35573167673757233,-1.1007468488442238,0.09206128032519498,0.3460585368643134
AZSNMRSAGSSBNP,-0.10860230886755315,-0.2883442831547946,-2.599644358979987,-0.07566949517152684,-0.21687763828389714,-0.2363570607256441,-0.6264238469382695,0.10480394276146097,-0.3136991316846532,-0.9810285769484883,0.1977342860093992,0.09430757695520293
BAFKRPOFIYPKBQ,-1.415036970082089,-1.8369129686795866,0.8549230909500055,-0.3308204475313857,0.028250576655594863,-0.7018662064283114,-0.6284603512413496,0.22362228611802903,-0.5331117228700996,-0.6831338086409535,0.2889820254790786,-0.4535336799294456
BAMTVATUENLIOP,-0.5062682420040907,-0.9521662844839014,-1.7296501455871902,-0.9168927660425575,-0.5006570127452684,-0.5286849326204577,-0.941768963058666,-0.5829857668666194,-0.8351823469794714,-1.0942604124428728,-0.7701756678204922,-0.28483222438011263
BAQCROVBDNBEEB,-1.170419750320593,-1.6631372437763359,-1.7661490801063076,-1.1760358634670156,-0.6303329152972839,-0.6670027213935751,-0.9681598641890763,-0.7674809703040718,-0.8393038529320958,-1.0228840826116596,-1.2344758427295592,-0.3433770784769592
BAWFJGJZGIEFAR,-1.1194967103722422,-1.642330925287725,-1.0050406447282887,-0.8866378963387649,-0.2378312496201354,-0.8719333454158235,-0.8422145558395948,-0.3538203192783408,-0.3069951963510639,-1.0698370381986337,-1.4407616704563366,-0.6569821233491955
BBFQZRXNYIEMAW,-1.2251707701122936,-1.5151318393630058,0.9858872509667487,-0.8877015667509981,-0.5055297906383871,-0.2612647455348371,-0.5445454789148242,0.5352295880147215,-0.471617052546791,-0.773030800969632,0.6363705887796982,-0.6111310902104099
BBMULGJBVDDDNI,-0.8125198922825103,-1.2086454986772632,-2.0749345486754374,-0.3214568749477442,-0.22473127277813332,-0.37634071171955163,-0.3645471211961279,-0.2804270544930443,-0.7836552105079437,-0.8542557965974753,-0.047936527257765114,-0.17277307770497033
BCEHBSKCWLPMDN,-1.2998498933286986,-1.7251462405800835,-0.27136820166792175,1.1795200059649735,-0.6244779417389812,-0.9030516850707951,-0.8681046334558356,-0.23881049152177813,-0.9087715246594925,-1.0675998884047688,-0.22696880629734104,-0.8628685259108991
BCFGMOOMADDAQU,-1.2049694363211145,-1.7154517420891324,-0.0006501590192456498,-0.7034048179920183,-0.30298330572707904,-0.630670879531019,-0.539219308310467,0.4569140993039301,-0.1486665537473166,-1.0359975675497082,0.1152774223193125,-0.7248469504866764
BCGWQEUPMDMJNV,-1.3768180729401782,-1.752892137826659,-0.012043633804627123,-0.9336962807503891,-0.6620185106934585,-0.9279682733629464,-1.0756253869113628,-0.40561052417438875,-0.9391614050015082,-0.7384284470084583,-0.4917544667326476,-0.6629856942585586
BDNFQGRSKSQXRI,-1.3201404352512207,-1.7075900368245254,-0.27205462590789686,-1.046608244076224,-0.5126393029614207,-0.7679592021269585,-0.9136457416976974,-0.42282681633520386,-0.8629737498217009,-0.6783056198506335,-0.6191682760596826,-0.910901677635466
BDYYDXJSHYEDGB,-1.4395158318488663,-1.7965538033725577,-0.05551036890939759,-0.9109503521841823,-0.09648362693527623,-0.685592493269427,-0.7410180055411898,0.4283530359254491,0.2738215788018676,-0.5798595623029277,0.07967388368318663,-0.17976877171495162
BEZZFPOZAYTVHN,-0.9514454621376405,-1.711699695362752,1.056870953198076,-0.8628686341429133,-0.17811202790351702,-0.801392425628329,-0.9178669697463628,0.2825816389447672,-0.5200385896583848,-0.9306341831218039,-0.9604137346659032,-0.728205625227517
BFCDFTHTSVTWOG,-1.453657384564751,-1.7693053138728119,-1.280899456134794,-0.3453146952310599,-0.6397999505407498,-0.9518662773937566,-1.1413481356943636,-0.25516497506233743,-1.2830611291972884,-0.4646623504312703,-0.18206082785608474,-0.5971901965083131
BFPSDSIWYFKGBC,-1.069318275160956,-1.6758989788275596,0.10512874100745961,-0.38914717510698077,0.58270363973594,-0.37401195984440566,-0.4888027565060016,0.9674872121650865,-0.3187923622827371,-0.10572473294339614,1.5207765108500835,-0.3244716719730657
BFPYWIDHMRZLRN,0.6207726196416904,0.2394378256663017,-0.830524789535121,-0.9248875761177862,1.0983165346805803,0.9659216149935445,-0.8937764647455573,0.40923963806034835,-0.8602668820788166,-0.702550011795482,0.5663839685310141,-0.5427099045309958
BFUJHVVEMMWLHC,-1.4649070566530962,-1.772866608865834,-0.032682017250219055,-1.2143559131393604,-0.6956214523699882,-0.7610453939078398,-0.9901510172437525,-0.45157148666612174,-0.862291290323346,-0.9220022489569231,-1.1396219257227331,-0.8290224527390595
BFYIZQONLCFLEV,1.4129999254561176,0.744285266301127,-1.9020489764315873,-1.0490268784195493,0.7910675516967252,0.5529508095813441,-1.0455597193131623,0.6149833777973195,-0.9105848921722774,-0.7523505068536096,-0.7909601380448196,-0.7105460788717157
BGDKAVGWHJFAGW,-1.4608563049933916,-1.853046686031132,-0.5785441025124178,-0.44903476499310385,-0.6424271921875995,-0.9877947108508762,-1.1867882273890478,-0.9617267460472996,-1.1330831454571304,-0.8108217830148706,-1.1519046088458371,-1.049809209076533
BGNXCDMCOKJUMV,-1.5177137358066808,-1.8334718528388747,-0.20468426339773907,-0.9442532650348988,0.3666933890497645,-0.2584866120086899,-1.0844407870335813,-0.4911082528235173,-0.8732301185678703,-0.46557718644461765,-0.017678683768463332,-0.684832748927679
BGRJTUBHPOOWDU,-1.4891888706413874,-1.7762195439402257,-1.871415220182741,-1.5549616908734054,-1.1061113890897978,-0.9413197549296082,-1.185306127998365,-0.7614439349100399,-1.209002153611557,-1.110905083810735,-1.7687095519128213,-1.1968373152866856
BGSOJVFOEQLVMH,1.4102209067643803,1.7834609757009834,-2.478640361409452,-1.177597712348657,0.8532437971044882,-0.031029970266327866,-1.1025518414583564,-0.5791719821710579,-1.533477200343343,-1.0748428359983693,-1.6058173595270862,-1.2049317931250398
BGSZAXLLHYERSY,-0.1734369424550566,-0.45001536159101435,-2.7210996055468777,-1.282007458940951,0.106289332194813,-0.10645624681509333,-0.9277070060104649,-0.7320117087970945,-1.4106812243073816,-0.9316467369034893,-1.423980026784174,-1.008659824913093
BGYJFSXPRMOZJK,-1.1217104999514116,-1.6147875623984367,-0.5361917943651454,0.03888488306962304,-0.2565457775482557,-0.5511427076276548,-0.7194791561439154,-0.10160353959255534,-0.5570986672089215,-0.8539203793112369,0.41101074300320295,-0.6805406221786582
BHKPHCKISVSDGV,-1.427068700943324,-1.7859895637509646,0.906078981760134,-0.573598957525103,0.39200916412458214,-0.7317373050808726,-0.7099428333615042,-0.22432050524843006,-0.11847026160767872,-0.5128658452441164,-0.20400726340109052,-0.39990398650498976
BHQCQFFYRZLCQQ,0.3189672666071497,-0.25563882018921413,-2.7977589654588493,-1.2792929989392547,0.5006699700597602,-0.16707146949976556,-0.8456843686176123,-0.7192298704173916,-1.6244495384335358,-0.8954075795163832,-1.5134562140889876,-1.19641744586413
BIDNLKIUORFRQP,-1.3115508272310494,-1.6574012804532363,-2.137300326144592,-0.9738092440897181,-0.3803323290575006,-0.6309195632354737,-0.8068899558322703,-0.7026975192590048,-1.2526474060678814,-0.983895561860661,-0.6763701314225974,-1.1215864640298938
BIIVYFLTOXDAOV,-0.6988123714680821,-1.114785671812054,-0.7966295031595618,-0.6949769594652865,-0.25927497628184465,-0.5111559634313052,-0.49557909656353905,0.31671378001602246,-0.5516702676761767,-0.8455491437430275,-0.09647686521158465,-0.08023890506402401
BJFIDCADFRDPIO,-1.3457479939398633,-1.7107420760087764,-2.2138851054108213,-1.5430641176432804,-0.16797258245399452,-0.024094727486934586,-0.793441824852327,-0.5254576582715527,-0.6698495756698557,-1.1549586832438745,-1.852179689524423,-0.4948192753655249
BJRNKVDFDLYUGJ,-1.2238202036558161,-1.6338284366978146,-1.584300233317149,-1.1777352631740785,-0.21481042536379372,-0.7639905337447535,-1.23981666912271,-0.9556109254802041,-0.7621245122601558,-0.5661959010048027,-1.0917996559424177,-0.6874167847380142
BKRGVLQUQGGVSM,-1.042387287230067,-1.3034091683216855,-0.2535383592742786,-0.9288039584660519,-0.7108344866314474,-0.6701651228665776,-1.1080456981877573,-0.2563738279078171,-1.1527730436248758,-0.8604069779884302,-1.3102037427742768,-0.6025072376224475
BKYKPTRYDKTTJY,-1.3981630468902333,-1.7507945160121683,-1.6040402628562795,-1.3932432726168074,-1.0506738479411366,-0.8508511262914702,-1.0588850333456055,-0.483416798451727,-1.3264812004802093,-1.0335504255800632,-0.8305620666534094,-1.048571218494215
BLCLNMBMMGCOAS,-1.2627988834505304,-1.7169365612795249,-1.7876384988664655,-1.3485688297477936,-0.8058630074258664,-0.6670808735330837,-0.8884798215704178,-0.9185694733865675,-1.0640747824766232,-1.187495484705078,-1.48712053747959,-0.6045247334397826
BLFLLBZGZJTVJG,-1.5800698017265387,-1.863010829377405,0.13451600997781651,-0.5557670526866232,-0.1099044643100666,-0.6184416477603037,-1.1985445435676763,-0.7862877254227549,-0.8732443310571939,-0.5462961441450725,-0.9498658301589985,-1.0271393101841864
BLGXFZZNTVWLAY,-0.6063643005070676,-1.2673858777034055,-1.226266994956417,-1.0091526451235235,-0.5081604424609029,-0.5683473087201439,-0.584075788105075,-0.5174673983247531,-1.1618004787700504,-1.0105113249830082,-1.0737286919852569,-0.7423648157466038
BLJRIMJGRPQVNF,-1.4416727597282448,-1.7961238738152916,-1.7933264219414502,-1.1996665738309913,-1.1473378267977374,-1.0691777543982766,-1.1458736179154765,-1.015964994872337,-0.7151445803272839,-0.8325271744944113,-1.9768044290112456,-1.0317650734373656
BLSQLHNBWJLIBQ,-1.3464961094281036,-1.7643512382842816,2.875836469199612e-05,0.39769141077093395,-0.6282368438597468,-0.8491399769862895,-0.8290115916588306,-0.0070254848115838125,-0.7309210252252746,-1.0134474360389178,-0.8124476389053908,-0.6989586735923167
BLUAFEHZUWYNDE,-0.46695448378381876,-0.9216156013010461,-2.3562109642399847,-0.8394175448775345,-0.175433514417072,-0.36933820359505987,-0.7310224134746885,-0.5840579787146356,-1.0496670308771736,-0.8662835179303282,-0.9327302338072947,-0.36888074728416204
BLXXJMDCKKHMKV,-1.1173885690018572,-1.6382680951894328,-0.10362827168880052,-0.9000870179728138,0.39062254744612407,-0.6002750182994764,-0.6581529044892221,0.026799686364560177,-0.4499517974881705,-0.38881696151721307,0.6653076299878252,-0.2525857501065846
BMKDZUISNHGIBY,-1.257552017832322,-1.6103189890358591,-2.6740277549650346,-1.8067635194874951,-1.3308880845268296,-0.8526798955268959,-1.2490517911874286,-1.5332364856075111,-1.3227960598529842,-0.9831680431463438,-2.4042003913171355,-0.95503345046441
BMUKKTUHUDJSNZ,-1.3556058557422772,-1.8545827598051248,-0.6085098288153443,-1.0322129345910298,-0.028820006646857466,-0.8260115943038945,-0.8953845963364705,-0.2719089653614466,-0.5362719364226909,-0.6756146471546981,-0.5678475073476229,-0.8101252810673961
BNQDCRGUHNALGH,-1.4156512308067455,-1.7680444464180716,-0.2180028164416685,-1.4744068060806446,-0.7613476916562498,-0.7560185344194683,-1.157459260491857,-0.6756307780241956,-0.577177137312628,-0.8937722054961368,-1.3224875541066141,-0.7722049005784573
BNRNXUUZRGQAQC,-1.126298562762606,-1.6714204289844585,-1.4190123388596216,-1.1430856826791955,-0.9992855352729578,-0.8638673337506557,-0.8634081142923702,-0.4961956420892334,-1.0639278458618877,-1.176565649006097,-1.520102875607299,-0.9914316811099727
BOBLHFUVNSFZPJ,1.6399306845738015,0.7665780655301143,-1.7370637660816977,-0.8420901584617195,0.2422574193905111,-0.2972065865149193,-1.0150656187911455,-0.45011981556522246,-1.1263881101905608,-1.0857450012871155,-0.34226420953933373,-0.7577852133992679
BOEGTKLJZSQCCD,-1.2419169615384171,-1.6410108969777752,-1.6481341632960471,-1.447131424447234,-0.5591057656032908,-0.693961524281651,-1.0400261387519238,-0.2104639260351852,-0.9256833387589004,-0.9963130609813087,-1.4745261174785058,-0.37302468163764635
BOVGTQGAOIONJV,-1.5214778373774192,-1.7915864783355284,-1.844991883968129,-1.6536284797124874,-1.1232924066116672,-1.0353512807945744,-1.2595602822502592,-1.181858073074928,-1.5698527273622545,-1.177408049023155,-1.8023505134074358,-1.4701820570657609
BPEGJWRSRHCHSN,-1.3409147522802245,-1.8113627699682149,-0.6400771404493117,-1.007508809427382,-1.2059796104542115,-0.9878218748001282,-1.1516996691669095,-1.0816512204686495,-0.7912691372602112,-1.13625854451025,-1.7766380469389658,-0.9289585886901948
BPFYOAJNDMUVBL,-1.0207845061453957,-1.0856821565154209,-0.9875153236067944,-0.7816165643798684,-0.9160776615158828,-0.6403011197051233,-0.522244790715604,-0.209136231235353,-0.8424710115501881,-1.0945081797058749,-0.9864730322516417,-0.47607100389316215
BPICBUSOMSTKRF,-1.4337690059117356,-1.8426847246925409,-0.02051217877952595,-1.161796815225357,-0.5137943988354923,-1.0163534386509794,-1.110137297874297,-0.3191440168250618,-1.0614378404923248,-0.7257537134002282,-0.23487966134504357,-0.9024497212785667
BPLBGHOLXOTWMN,-1.3287155800536485,-1.7059797284580012,-1.9660486848939633,-1.4656056306429077,-0.19148077963159393,-0.7965683425670106,-0.9496030057049234,-0.44888471464057766,-0.9857569241585612,-1.1903859116253352,-1.7775858725423759,-0.8720428270479516
BPZSYCZIITTYBL,-1.2986233976554367,-1.815429128038862,-0.6271208029570089,-1.1348438387896373,-0.42356325752240853,-0.7845932662748665,-0.890829480514542,-0.02435279972139079,-0.6159636039437346,-0.8700475042063189,-0.1492338535717872,-0.6744209261124735
BQJODPIMMWWMFC,-1.440319274386032,-1.8140238166906477,-0.8306352637966067,-0.8512510080522926,-0.5835323411117758,-0.8109741280694674,-1.1821754249333802,-0.757050610948479,-1.006152782730093,-0.7982714566274364,-1.1033768611753914,-0.9337374388013467
BQSJTQLCZDPROO,-0.9773176267724304,-1.66899406679239,-0.028645012716602844,-0.7453326083865539,-0.35519979288442827,-0.645035093530749,0.12153811761444877,-0.09581927416034285,-0.3316331046080133,-0.9417769368968184,-0.4175848097549835,-0.5437610775089982
BRBKOPJOKNSWSG,-1.5695764966024408,-1.874850406057792,-1.093233419171297,-1.5926959739983237,-0.9250331514779889,-1.0238600118976326,-1.1747619289198339,-0.8764081542810365,-1.2387341949650243,-0.7829221556907585,-1.3559171357403759,-1.1847834132665271
BRZANEXCSZCZCI,-1.1612288233674972,-1.902752690944685,-0.03959404782630749,-1.0542564608749534,-0.6479564670395103,-0.9991407329143114,-1.168565167349794,-0.5147509008527855,-0.7924867803831281,-1.0280299862777813,-1.2829933180308033,-0.8679722574686076
BSYNRYMUTXBXSQ,-1.4517843911195307,-1.789917613794957,-0.956271721074552,-1.2084910893099186,-0.4168884945438116,-0.7560469101558502,-0.9321502864092556,-0.8362999158471859,-1.1224939711064565,-0.8247990216519151,-0.9977345053359243,-0.8333060501564031
BTFHLQRNAMSNLC,-1.4673460329530468,-1.8240151201498778,-0.09562451447694986,-0.6562141853853171,-0.6640655307397487,-0.811873683230235,-0.979838577670993,-0.3317092961842525,-1.047926344151068,-0.7649699828827526,-0.5842543267252929,-0.9697156297222744
BTFMCMVEUCGQDX,-1.1745448134194585,-1.4536230180566998,-0.5608024973079069,-1.0902595202100396,-0.6053614071608745,-0.8551045980319811,-0.8896333760008585,-0.16157680137935837,-0.9366521726263104,-0.8518004061607533,-1.0319965530587765,-0.6069282266043433
BTNNPSLJPBRMLZ,-1.277490251801987,-1.5338601258254314,-1.0010163264961198,-0.9762801729842219,-0.5201285787826696,-0.7807172194887906,-0.9160001400247978,-0.5173626178922968,-0.7541000926745777,-1.0044880386859638,-1.3740235947900168,-0.7920681987940482
BUGYDGFZZOZRHP,-1.2009066219554276,-1.4789000272435433,-1.7332652056673035,-1.2906695152453387,-0.465030365966721,-0.7351955767955697,-1.3481263603847258,-1.2015889206397892,-1.3198990233450716,-0.6922479868803332,-1.4531404079417065,-0.9958151850184399
BUJAGSGYPOAWEI,-1.5965342415661115,-1.8770624591142293,-0.3261865612436918,-1.2727290791777839,-0.46069319187493685,-0.9455257490043618,-1.2290756229404844,-0.8132969886832526,-1.1618479474038363,-0.7847414447551538,-0.9859351510801159,-0.7841524867905638
BUXRLJCGHZZYNE,-1.506686283809684,-1.8435889346423182,-0.3402938050152635,-0.6866280227667467,-0.747729215327242,-0.8661619167152054,-1.15315312054124,-0.9833162893475185,-1.0281776768228874,-0.8498789641582664,-0.5356101127519538,-0.7283578881966221
BVMYCHKQPGEOSI,-1.2533660487240315,-1.6229919225851588,-1.7593157854328836,-1.4317659692392148,-0.7764181205325638,-0.7789732754395002,-1.1006373215414031,-0.7101071564360564,-0.6074495698642476,-0.9343190440998227,-1.7157873465933318,-0.5707999773024944
BVPWJMCABCPUQY,-1.3649138306951234,-1.7508646593267914,-0.18452577786073962,-1.2248903805533302,-0.618381379564558,-0.8006016507477084,-0.9739932545717553,-0.17354959883549606,-0.9422103299526812,-0.9363729700509664,-0.6516439815495609,-0.8624576801912038
BWPIARFWQZKAIA,-1.2714823052139996,-1.5989165342625222,0.38003768737172816,-0.8114790702666378,-0.13592044308653747,-0.5687739787405427,-0.9565269170354183,0.026535033869031055,-0.8234090879231831,-0.3192717829185115,0.4524338065890282,-0.16671528806544345
BWWVAEOLVKTZFQ,-1.3171469723310265,-1.6680328103412312,-2.4412789296054522,-1.4435196797281105,-0.9704027839183769,-0.9076426175635345,-0.7769381274890346,-0.798620889797923,-1.43200617117406,-1.118187247843403,-1.902560180941194,-1.0855910805833473
BXZVVICBKDXVGW,-1.2722886249679912,-1.7226436982489142,-0.7858912606818618,-1.0233369213914578,-0.6801196676621436,-0.8619775256721738,-1.1466341545870151,-0.7876212678215107,-0.2585894929523563,-1.0367190870217673,-2.038708862835702,-0.5912629652651833
BYBLEWFAAKGYCD,-1.567524258526825,-1.8755237084691603,0.8405972863624689,0.9202390901924202,-0.2823160673935693,-0.7074836521218527,-0.6886108430083516,0.4002320615680842,-1.0282280878978023,-0.6877886519373783,0.1358983249917303,-0.7461300460949256
BYJAVTDNIXVSPW,-1.3840392275304823,-1.7608733508286165,-0.3904470920209661,-1.2095300598595928,-0.35445775767493004,-0.9213453331267416,-1.1946615599440602,-0.754963805748857,-1.1157052090401227,-0.6846102077357782,-1.099905282998293,-0.8750207521189858
BYPFEZZEUUWMEJ,-1.2624104827826266,-1.5909218557749196,-1.2759890213111909,-0.8401257469929019,-0.9677930183506614,-0.8680682213496602,-0.9858593892802456,-0.7435913978854221,-0.9019611310099259,-1.0373793447454076,-1.6187420577416993,-0.8187252148066373
BZEWSEKUUPWQDQ,-1.26139177923064,-1.6578037466330358,-1.3901305180287749,-1.177465933853665,-0.5179952548256859,-0.8556322275447444,-1.1356431401354181,-0.3936599097027147,-0.6951456646812416,-0.5228207921923905,-1.2215093805090573,-1.0734229043878356
BZKPWHYZMXOIDC,-1.3505208881484725,-1.8474732826830573,-1.664465843809785,-1.6011303120196665,-1.214829524248388,-1.0343313045225648,-0.8706611615180995,-0.8756766604987019,-1.1379416988335331,-1.0215328382961293,-1.6750607736430174,-1.283589369705937
BZMKNPGKXJAIDV,-1.0693111724537794,-1.623087844048463,-0.759832131444522,-0.9191105597454721,-0.32279639357951095,-0.6262261376860314,0.2833409384101784,0.6127500848161359,-0.3560233728811896,-0.76167126248295,-0.09164289833003425,-0.5374729021069806
CAJIGINSTLKQMM,-1.401098050517612,-1.7328692640739778,-0.33938907501723503,-0.64555599498084,-0.6191284078873049,-0.6952138176020244,-0.5568389870840027,-0.5306330449885216,-0.6547411540505594,-0.7131427189989856,-1.2013927676346108,-0.8792699255897036
CAMYKONBWHRPDD,-1.5285717353872048,-1.8610458878091622,-0.9684843640001899,-0.8981522482980433,-0.14728820059409795,-0.1840477080487722,-1.1296257482920586,-0.8510451958586139,-1.1130574701418157,-0.734837415146919,-0.9134421689102762,-1.1237174447027158
CBEQULMOCCWAQT,-1.3643342387416872,-1.6557883692388127,-0.2144552401815557,-0.538313623592627,-0.43874477439426507,-0.8230051745625874,-1.007377966950494,0.4274932568388526,-0.34164031688740276,-0.1335340897411361,-0.3920140453179104,-0.5049648385477661
CBPJQFCAFFNICX,-1.338458770674756,-1.734260827610414,-0.5936127623235719,-0.8663533636381842,-0.21490030716279113,-0.46743172477931355,-0.7616187130062977,-0.4054522530789793,-1.1848736733754657,-0.8961632216240434,-0.5376031552112062,-0.6030875919256604
CBQGYUDMJHNJBX,-1.3891364681043206,-1.834460347596476,-1.1074507295993241,-0.8096308045731078,-0.5385859531927305,-0.9619198804525106,-1.0444357973403378,-0.6176663462156019,-0.8189891652224175,-0.8758270851292014,-0.9352822639761722,-0.9167710535798059
CBVCZFGXHXORBI,-1.2344518824366812,-1.7242151488801716,-1.8015936285609646,-1.1608683849933878,-0.6613670112334207,-0.7647853373569818,-0.8757955844395698,-0.6514047714376243,-1.3218339101539147,-1.0916253952454036,-1.195495954616077,-0.6474513441289608
CDOZDBSBBXSXLB,-1.3415704506671509,-1.7189964280465968,0.26757624585630096,-0.5724568847385108,-0.5031463251473154,-0.9017574506697312,-0.9209095759842651,-0.011482958506350416,-0.8347999569532154,-0.6262572034342577,-0.6055967767651881,-0.45565224879032495
CEBYCSRFKCEUSW,-1.1225796341866585,-1.5838302123969243,-1.1686335133156072,-0.8259745207380509,-0.37791205401352534,-0.7222983502897714,-0.7550716700499142,0.050475109626093334,-1.140619076180026,-1.106692453271476,0.22189338332537997,-0.46970358931537337
CEMAWMOMDPGJMB,-1.5162522547137023,-1.8422760045328006,-0.831184498942433,-1.2032708255764308,-0.7556729139455138,-0.9311235982872924,-1.1177828098144085,-0.9411494996348657,-0.790391873591578,-0.7558827378232498,-1.2915955612558485,-0.8965006724545637
CEUORZQYGODEFX,-1.2978890803704997,-1.7262005196457402,-0.3493686174228373,-0.9494339662266613,-0.5362739007770149,-0.7301419005561699,-0.798997285211297,-0.1352766969518297,-0.84792364885593,-0.552680115574448,-0.41871668358629116,-0.6170012540375371
CFJMRBQWBDQYMK,-1.225572655645088,-1.4580826539874678,-1.7900525510086074,-1.0349842980019275,-0.5644309840497335,-0.7806454728902759,-1.0783879202210744,-0.8037565038771739,-1.1812236435234722,-0.9194445612885633,-1.2375599094247014,-1.2342235440487412
CFOYWRHIYXMDOT,-1.380402232540831,-1.8197724462244667,-1.2567441559329138,-0.9063966163232117,-0.9058883202722591,-0.9542229131844959,-1.270773935223454,-0.5939355093823979,-1.3813710863698714,-0.9104565002699465,-1.7637624780642602,-1.131581821552346
CGIGDMFJXJATDK,-1.0843437304084054,-1.5948122791196304,0.4911309375836266,-0.53600358376871,0.005501310350215092,0.05657053043211582,-0.7416104879090636,0.12792991469451992,-0.993042335331704,-0.873851889234963,0.22465550755521524,-0.3822762006095198
CJAVTWRYCDNHSM,-1.3948814266940153,-1.726322375044654,-0.9417609800841994,-0.7367342703371458,-0.1851402502257456,-0.5991702881021184,-0.7736353840935934,-0.44011729970819796,-1.042449335798607,-0.7560552653405811,-0.9604726724704955,-1.1136334021074523
CJCSPKMFHVPWAR,-1.4207358847170497,-1.798744660965881,-1.08320427173495,-1.4532730816810098,-0.5130338355482402,-0.672593893440562,-1.0162655692658307,-0.6418704486819186,-1.0374175977272615,-0.8426282099302232,-0.934829974814387,-0.7880749969369711
CJGYSWNGNKCJSB,-1.090082994467708,-1.542781318524316,-0.7881497963827591,-0.7702823851975258,-0.47650311282726776,-0.7409691547252238,-0.7792649383614154,-0.5267510445574084,-0.20605541771427816,-1.1788651640804504,-1.2055341153540529,-0.6727572611568905
CJOFXWAVKWHTFT,-1.3883436058710232,-1.785241080315164,-0.6043046028347312,-0.5693379267482855,-0.5280973434660575,-0.7988446964045174,-1.0938304531014784,-0.10999607766713633,-0.8868826274965668,-0.7918499217636472,-0.6838701917986015,-0.8414410982205567
CJXAEXPPLWQRFR,-1.2988279677946937,-1.689198852731164,0.75737528615259,-0.4869403632471523,-0.47494736942438187,-0.8544813671023381,-0.9970687459621943,0.17414948741345393,-0.7701987544535391,-0.6972478949515,-0.45447990990757653,-0.829280328114127
CLKOFPXJLQSYAH,-1.3118109818782235,-1.6994663252052686,-2.2673445044462177,-1.380743211760203,-0.7868346642721135,-0.5827818395760377,-0.42455213220906807,-0.5437414295043832,-0.9649918185411914,-1.2467422652379678,-1.664178769357905,-0.40367438526733973
CLPFFLWZZBQMAO,-1.370992916110275,-1.6973896324296969,0.18836487456977993,0.06334710786811273,-0.4970358294852124,-0.7352286761231119,-0.6369796949673571,-0.2241788642479975,-0.8346609280100015,-0.6284111002831495,-0.06228554799617283,-0.5988996721404141
CMHHMUWAYWTMGS,-1.4203755181296485,-1.7311193980500774,-0.6104039907002021,-0.419785150670489,-0.6228427015453479,-0.7124088290202217,-0.8744727061157488,-0.5722122205677402,-0.7491072621768866,-0.7738290519322105,-1.2684837644941174,-0.9711067627969279
CMSMOCZEIVJLDB,-1.5328231289779675,-1.7448654960644556,-1.9722897155891972,-1.330253782043798,-1.0993256060189367,-0.9088434182721447,-1.212323053454655,-1.0716373052580814,-1.093734111299427,-0.39639292712835855,-1.9437579164922525,-1.1652714946311833
CMWTZPSULFXXJA,-1.2534899831679516,-1.688689150258738,-0.13067119253935577,-0.9427359122642116,0.07670386878675493,-0.6256495285429052,-0.22614805440812719,-0.08462863242606204,-0.5649587332295644,-0.824214371296094,0.11934341812118851,-0.43124239613150905
CNBGNNVCVSKAQZ,-1.24071659881041,-1.80459742323217,-0.18739010777706125,-0.8647292790792056,-0.46913339820294314,-0.896219233613976,-1.0326371853773177,-0.5756776397765393,-0.7680123029711792,-0.8952481268853155,-0.7770379927844913,-0.9373702680878716
CNPVJJQCETWNEU,-1.2689923875697875,-1.6764028080720692,-1.717768882480856,-0.9558416464286973,-0.6796879823867764,-0.947194137398867,-0.8512732539264373,-0.3994892641673334,-1.430197156978346,-1.1431741551185355,-1.5619307085089225,-1.0746274333880055
COVZYZSDYWQREU,-1.529477579997659,-1.865164589492148,-2.366220011256338,-1.5584561825127972,-1.0614536140526944,-0.9172535293570818,-1.2983758320252414,-1.241534034131685,-1.5198919669633333,-0.8134652800255269,-2.0102232006157377,-1.5373277049957867
CPJSUEIXXCENMM,-1.5164954620219426,-1.8747321320470185,-0.07110475734907408,-1.2030172230277822,-0.3893255202453962,-0.8921796844743926,-1.1919078987227871,-0.5739878526888682,-0.613524645510028,-0.6640040829098923,-0.6524437165877228,-0.9263885741792828
CPTBDICYNRMXFX,-1.5932146452198879,-1.870977892800522,-0.3151243142804518,-1.3883992757198813,-0.8608189507951028,-1.0318160601211135,-1.2205407386176303,-0.8513966327745748,-1.190930983212202,-0.4767092576179583,-1.2184885421484026,-1.0552676246975055
CPZBLNMUGSZIPR,-1.1356919944662718,-1.379558478327349,-1.4632915103547195,-1.3432606862964747,-0.5170518805108342,-0.7089860313163467,-1.1182127790953298,-0.5805023893542988,-0.9351459703081597,-0.6524890974344538,-1.0849628813689756,-0.6266099654521919
CQXADFVORZEARL,-1.3659943922470776,-1.6039202753105606,-1.6350728251104616,-1.5071180351395175,-0.6260862143523303,-0.7102986024575689,-1.3924193138671717,-1.1938940756673266,-1.3005303393867036,-0.8958262194915381,-1.9533850499697896,-1.1821509673840187
CRDAMVZIKSXKFV,-1.2997598305731577,-1.7098254423234138,-1.8771491043453128,-0.8894566569537202,-0.47278949294554584,-0.8081636105904335,-1.1621327343779222,-0.7721706309185896,-1.3388813362319751,-0.021650707064172544,-1.0455168148594234,-0.8830593835972231
CTETYYAZBPJBHE,-1.542096098894046,-1.774500586273963,0.22092017257773694,-0.5987632033190861,-0.2842776421030036,-0.626660318109846,-1.0083400442001227,0.027348944033762507,-0.7414713015255807,-0.35791036573598634,0.04203062618644804,-0.300449098503782
CTRLABGOLIVAIY,-1.3533446795555315,-1.6202286760560454,0.22177129644889954,-1.18927379612931,-0.24295503466168522,-0.7360774676871187,-0.9402944110570077,-0.3443319278408529,-0.47620833778690275,-0.901470112604276,-0.21033267746208384,-0.11475114049883615
CUHVIMMYOGQXCV,-1.5198904349090654,-1.8717072804296928,0.3246144909721654,-0.2695978204294961,-0.03077224897049298,-0.8156846575694918,-0.9409428396058859,-0.19641686353487625,-1.1382295382552123,-0.6462691355339064,-0.30123230325069744,-0.4917696762935644
CUIHSIWYWATEQL,-1.2467903620475673,-1.796676558262894,-0.3222281113841876,-1.0131357882997936,-0.670065681731165,-0.9423991861428833,-0.8444407180433612,-0.11948574413492553,-0.6926664593273671,-1.0104821254198693,-0.731388829719931,-0.943417633099309
CURUTKGFNZGFSE,-1.154045870646643,-1.4132840254862664,-2.593223100427853,-1.1183793066748948,-0.4851241639972588,-0.7110133378876788,-1.1053075618923782,-0.9426746883703946,-1.3458006460207126,-0.8190891943246349,-1.4097739217630638,-1.3554312057539832
CVXBEEMKQHEXEN,-1.4352610133133195,-1.6981550878586997,0.3850600858345175,-0.7622782790186083,0.06974041118769018,-0.7032057378882095,-0.476141953773977,-0.19167394048163763,-0.39054207654108863,-0.7323059813844,0.17148135842449208,-0.411190932698794
CWRVKFFCRWGWCS,-1.5188304964783257,-1.812526529554357,-1.1841639385219793,-0.4425091378792801,-1.140103330586061,-1.045866484229651,-1.2749717934086562,-0.7279962591076641,-0.9838825175444307,-0.7007161324535687,-1.1700027246495697,-1.2476624728652852
CXOFVDLJLONNDW,-1.0221726514361755,-1.7107368171433852,-0.8437607054818422,-1.2638647070661135,-0.44164717937636006,-0.8268973640239565,-0.9462503282869841,-0.5346108857803882,-0.9739137630896664,-0.843638276195744,-0.5043440444349032,-0.46740495571386564
CYOHGALHFOKKQC,-1.180852396466374,-1.733239591434895,0.5014201572435639,-0.5360471410133818,-0.48426239068871446,-0.7881571083544664,-0.5719278003103527,0.007837189681414983,-0.7725773793369511,-1.0117593045506683,-0.6645862475705356,-0.749896355879088
CYXKNKQEMFBLER,-1.4380470583174616,-1.6418532431699782,-2.44214533112162,-1.185948628348517,-0.5539686177372949,-0.8550039642132514,-1.199952702154001,-1.013142817918083,-1.1991436788148166,-0.28540092853226506,-1.1110906351604084,-1.2752391928333053
CZFFBEXEKNGXKS,-1.1993124136439142,-1.7723030913199087,-0.873108546092645,-0.9852157341513387,-0.8885895610352914,-0.8591342473136283,-0.6559314520514963,-0.5042064355432254,-0.987169963376602,-1.1399110443995304,-1.2000734862418931,-0.8048468763363716
CZIHNRWJTSTCEX,-1.3925628914768327,-1.8065573629216698,0.748514914659426,-0.9464963827055466,0.003136247380448187,-0.6189478365552195,-0.9557362302130917,-0.30826907996404285,-0.9390634490900451,-0.6507624037402597,0.3443901171926889,-0.22197930204065217
DBABZHXKTCFAPX,-1.499582725696095,-1.770537649746451,-1.8150719082008084,-1.3518890212108268,-0.8434409105991063,-0.950730239891709,-1.0934863958085947,-0.8173523289332882,-1.3731075799046497,-0.9710916098675495,-1.547241197219252,-1.3244851100723334
DBEPLOCGEIEOCV,0.1228821343846668,-0.5384870970849456,-2.247011787244293,-1.3080542784605578,0.06433615264456036,-0.21743006599262474,-0.7863363777126321,-0.6248934033905774,-1.4726064620581059,-0.9037468488576519,-1.465140421798929,-0.8951602679374235
DBGIVFWFUFKIQN,-1.554451526106851,-1.8333584839726442,-0.6988655226062054,-0.8162833420492341,-0.532119520906341,-0.8894154612946934,-1.0189938262888145,-0.2515294454470473,-1.1852503497396731,-0.664601588298663,-0.5091289948606098,-0.9379999814396515
DBVJJBKOTRCVKF,-1.4408437192387746,-1.7131768381074326,-2.224979729513785,-1.6009535699850945,-0.9927994318581395,-0.941580323083675,-1.21908427114932,-1.2112595240097623,-1.5744027558638736,-0.8184792740152657,-1.8067840246208402,-1.3168437485990172
DCOPUUMXTXDBNB,-1.5044271149125572,-1.791638722730192,0.5720574791169848,-0.8405471134075297,0.1499950454389921,-0.4465884876203453,-0.773488194057202,0.39927609756771626,-1.024648353334243,-0.7845183241641521,0.28297374913574047,-0.9000564440523262
DCSUBABJRXZOMT,-1.2782207237519256,-1.6569299681522498,-0.7922995089041439,-1.0238124494397665,-0.592095701863777,-0.7585534459179955,-0.773052323183331,-0.25717237924852104,-0.9169508226902999,-1.026740778137407,-0.9032028452552041,-0.7820815037151295
DDLIGBOFAVUZHB,-1.082854518882121,-1.5506181354052793,-0.045144954174456686,0.209042634155715,-0.06199074519186718,-0.7796107988790835,-0.33259718422753604,0.4899779375420318,0.37615294913565595,-0.9455289264308835,0.25473249090417377,-0.19146752260853703
DDNCQMVWWZOMLN,-0.8651870301316975,-0.9340765048001486,-0.6311068705225642,-0.5088104228476115,-0.3326754451682851,-0.49126572185536077,-0.5453240600575028,0.16038721707189035,-0.7459231785191827,-0.8513322636311916,-0.5712029430707266,-0.5925582323879827
DDUHZTYCFQRHIY,-0.6694470689250791,-0.9132307534204787,-0.19715903663670528,-0.3755685069991237,-0.2300726689694781,-0.3551151511389554,-0.6504280520533686,0.5089935728805289,-0.4515717815813127,-0.8447875885664088,-0.04340543061327316,0.2916791487654704
DECIPOUIJURFOJ,-1.3197645735184744,-1.7402918058985815,1.147928193971102,-0.7620328837344095,-0.22508671809429587,-0.7075360024169826,-0.9959749126620577,-0.09198943425227343,-0.37524458696763174,-0.6440379819991965,0.18694175248811706,-0.38536847689524795
DEQITUUQPICUMR,-0.8797919207831911,-1.4978056855390458,-1.6785110032730313,-0.9649215875091142,-0.5148168466732919,-0.6011598699341951,-0.7647882279145513,-0.21595380880955156,-1.1884117440400832,-1.142074860350929,-0.6630071076300178,-0.22794837619967315
DERZBLKQOCDDDZ,-1.3710624766629536,-1.758780426562491,-0.6650904529285248,-1.0043432131734464,-0.3961118167095247,-0.8608918812172092,-0.9199165557797848,0.18470596436280876,-0.715011224359489,-0.49427657799408353,-0.5702139724461391,-0.8675956475406019
DFBKLUNHFCTMDC,-0.4951450524962789,-1.0196683315055735,-2.060873732159726,-0.8497921984462359,-0.1331488854276991,-0.29227249922232607,-0.8039382835661695,0.5989386432300114,-0.6822342745639396,0.15413363326132345,0.41849502680406475,-0.5844471854823782
DFPAKSUCGFBDDF,-1.6500292895666404,-1.9458721580085259,-0.3603596499031732,-0.9490454989015851,-0.8911658409879909,-0.9874702673754694,-1.2151736378888083,-1.1470262959965365,-1.1688268551623708,-0.8126088440059399,-1.611688886183027,-0.9478445544707168
DGAIEPBNLOQYER,-1.0316355091821792,-1.6552789641058514,-1.269775196700741,-1.1862180770083417,-0.8494324007798639,-0.7184608464997718,-1.0409693088078074,-0.8421465787921394,-0.795710636502202,-1.0353101955231532,-1.2273462129117632,-0.6363587889103377
DGMKFQYCZXERLX,-1.5243105533807402,-1.8339064214707594,-1.567462685527743,-1.3862028192439562,-0.6444274744465396,-0.5033614080645074,-0.9881783156059464,-1.006509669754386,-1.1877850081742491,-1.0893037625768003,-1.5379347403896135,-1.0424570376076447
DGMPVYSXXIOGJY,-1.4975061810385846,-1.8539652723182523,-1.3179170045121378,-0.807831634545634,-0.7598209853059241,-0.8789153804051213,-1.1024456399880056,-0.8756546835155159,-1.4684691969774983,-0.7469617142475033,-1.3281680742882263,-1.2185868191981608
DHSSDEDRBUKTQY,-1.3409291527780767,-1.5925365659035298,-0.9368751663545731,-1.2248899620801774,-0.9797541491614876,-0.9767659860541524,-0.8527072187246099,-0.05567244017096577,-0.5958682205829993,-0.7065922367308085,-1.6967952874490682,-1.0313411041713474
DJBNUMBKLMJRSA,-1.4108917565665922,-1.7289450294414779,-1.175389385995845,-1.1421011463981872,-0.8089709395656972,-0.8829040766316603,-0.7931979856932725,-0.5728410213311822,-1.048208257345043,-1.0260140722683402,-1.127565749415844,-0.8455818763085361
DJDSLBVSSOQSLW,-1.4098274616476787,-1.7241506310862262,-1.6274596238821877,-0.7396901983609075,-0.3282632854568906,-0.4631994749362565,-1.0606402280037694,-0.6378950837581576,-1.1846527694939568,-0.676742373517518,-0.7788286868974109,-1.0756758357780805
DJEIHHYCDCTAAH,-0.8851612024294634,-1.7688817359696403,-0.1050577857981056,-0.6321302695884116,-0.17316051392612172,-0.6123282203184868,-0.6667313535500898,-0.10780384209698847,-0.34970149791641103,-0.8949542673273063,-0.43211836701631834,-0.4822629014104315
DJHCCTTVDRAMEH,1.642001205910616,1.400335636558912,-1.4529677694417213,-0.7929356876557834,0.24271003522606316,-0.16220137245228922,-0.9763456631177354,-0.1323433437023003,-1.0060658217226117,-0.96976467704117,0.279333060994999,-0.717325976235462
DJQOOSBJCLSSEY,-1.5193953206859978,-1.8605891547461924,-1.58871818864831,-1.2400893192064684,-1.1059768332806683,-0.9873158951783751,-1.1744831075447115,-1.0780168890980417,-1.4111539578332561,-0.977671790238794,-1.8276042319171728,-1.2879003174517454
DKGZKTPJOSAWFA,-1.1145236575461537,-1.3808706277816107,-1.1163251132936631,-1.1288310987923622,-0.553744892063262,-0.8075787175494455,-0.9576416003365967,0.1015054778345553,-1.126329877037884,-1.0734250422036933,-1.1604592901565982,-0.7559766852493416
DKLKMKYDWHYZTD,-1.4720415115452592,-1.7792312782914241,-1.5693107874228498,-1.141251222096455,-0.17733295207774608,-0.814155353230009,-1.2862312382139942,-1.0437342272976018,-1.2224461702723837,-0.7873666272217674,-0.9467267272128401,-1.2296444542445608
DKMFBWQBDIGMHM,-1.3730859880609416,-1.6163938410541057,-1.5398860546677802,-1.133561448151548,-0.6441825244972724,-0.8865522952826249,-1.2527165423500877,-0.5852240119624681,-1.2885298929220204,-0.8297899908594313,-1.4806359812393497,-1.1776483449637152
DKNWSYNQZKUICI,-1.133458849565424,-1.2679687737533578,-1.8332449525555587,-1.2572049818727555,-0.3051227836932446,-0.6905394280888225,-1.4043441594169217,-1.181583811116093,-1.2015308789563242,-0.59168323418282,-1.2269782454944098,-0.9534597975981001
DKYWVDODHFEZIM,-1.3026391089187563,-1.7479881651510243,-0.32550755310456503,-1.071434808999418,0.035150329986288725,-0.6946146478485465,-0.6734365686297782,0.018025298063880115,-0.8467706386664616,-0.6777454224072138,-0.2512011863439494,-0.7563763181243707
DLNKOYKMWOXYQA,-1.4163100184589759,-1.8414641770814792,-0.6522133407785609,-1.0737639133711876,-0.3251188523780719,-0.955978537277671,-1.2546812120275606,-0.8400998964410775,-0.9282854091493926,-0.7160457135917963,-0.5482645989267668,-0.8404471976521026
DLZUBMGMHUNDLF,0.29671692610212747,0.37479681733157694,-2.530073219124115,-1.333305819814141,0.37384221228750825,-0.006798472883995072,-0.9636531691933291,-0.6908491170943271,-1.5184446745554434,-0.7747104402317815,-1.1971523781053055,-1.0616715491929871
DMDGGSIALPNSEE,-1.381786332732831,-1.6694540591227824,-1.3521191071726348,-1.3647891791949238,-1.0729560916235354,-0.8603649825288764,-1.0609600671747836,-0.7440446233283049,-1.1902026733234217,-1.0524850692410588,-1.4031270131373144,-0.8874098593994149
DMJNNHOOLUXYBV,-0.9689690792547556,-1.271735192851775,-2.6109030750764,-1.2274728779398707,-0.9232829082442836,-0.7860190567917128,-0.9757254635711299,-0.8360145754732878,-1.2343469786777894,-1.1367959348001104,-1.8034236727910269,-0.5294836422726327
DMJWENQHWZZWDF,-1.0025527627946484,-1.4549928587916345,0.19683024826607315,-0.94771905861883,-0.2436239026049671,-0.44671449612986375,-0.9874962387613326,0.12087060811470979,-1.0981272690625836,-0.7152041874842872,0.004977662398209522,-0.6010412790637446
DMZCCFMMPHJWQY,0.6212976932760702,0.14064922916573197,-2.210719324106939,-1.1035424394399287,0.2515795966043889,0.14503506141259118,-1.120306639794307,-0.3743806105532821,-1.203417030504163,-0.8586559074365983,-1.408465504878596,-1.2167827807841036
DNIAPMSPPWPWGF,-1.427083098287754,-1.8011656930349227,-1.9989491698815909,-1.2820354551997164,-0.8278707574888569,-1.0035251041147801,-1.412754329221946,-1.3878679174767263,-1.2369407162898303,-0.7858128896737513,-1.6711615131157254,-1.2934378016369652
DNTGGZPQPQTDQF,-1.4663241373286566,-1.8069150284676798,-0.4115421803952105,-0.9259970935922421,-0.32243142691843063,-0.7882416561121133,-1.1174815454888423,-0.2900302755993559,-0.7490046972709361,-0.35421601713268147,-0.5684793474121098,-0.4337415631242667
DNTSIBUQMRRYIU,-1.4864706609198015,-1.869241312335423,1.5604418359470547,-1.005611333437532,-0.2402724828572633,-0.5596355274775461,-1.0443069676555614,0.24456866975343838,-0.764125316432515,-0.6307328411170521,1.5686335132440066,-0.9631932164294699
DNXHEGUUPJUMQT,0.4303065042701007,-0.44223956195785485,-0.9699044315530565,-1.1215317955958217,0.9221478449743874,0.745618318656249,-0.7881368996847817,0.08711497163737605,-1.2175595133433328,-0.6050854045477034,0.42659991938206215,-0.7050582025177831
DOMXUEMWDBAQBQ,-1.484646559991221,-1.7082599268371963,-0.15048312909852055,-0.6389187499767156,-0.25545814375361275,-0.7886649965851127,-0.615879079982641,-0.12333113457083118,-0.744308427600777,-0.44139099946840554,0.5234743196300748,-0.2162144582409183
DOUYETYNHWVLEO,-1.340140214025617,-1.5778193832209757,1.1741575857640123,-0.3614634560676915,-0.16950007973003664,-0.9101336400020815,-1.0162465701960544,-0.15350527464787178,-0.37901045258502597,-0.9236091766721013,-0.6299841129889371,-0.4560999557993882
DPSPPJIUMHPXMA,-1.0531231396845817,-0.8140294532617506,-0.5390258214862025,-0.8365104911674633,-0.43884252261022677,-0.3356019236490168,-0.19421608011488214,-0.2562100186278483,-1.155431592435154,-0.940168454306781,-0.5242674522166686,-0.5189816477144455
DPWPWRLQFGFJFI,-1.5146621575546957,-1.8777825142139593,-0.8974088482506254,-1.28005042048865,-0.6929851139144717,-1.0071903457061868,-1.3021190662374917,-0.9000930369429108,-1.1371649838720983,-0.7236837948613465,-1.022999994370557,-1.130880661110357
DQCKKXVULJGBQN,-0.476729767924645,-0.7952914487640061,-2.019509372560588,-1.0872336090951726,0.1831532635099571,-0.48672249977756105,-1.0125834131177798,-0.18889582720120715,-0.8469173488159664,-0.5683217814488306,-1.4606972564298415,-0.3316541984275806
DQKXQSGTHWVTAD,-1.4054277336438108,-1.8085978751545242,-1.5558103720866674,-0.7612532127644023,-0.8622912746560067,-1.0538930393591115,-1.204587801819502,-0.9601458036029651,-0.7790664153483979,-0.8054451627711234,-1.6794784213367167,-1.061062247251428
DQMZLTXERSFNPB,-0.975585071552843,-1.7034543477380348,-1.3743179488736068,-1.432349223482536,-0.6552699158317825,-0.9159131836336041,-1.2364910540991108,-0.997335984667147,-1.2278188235068437,-0.9406952550562531,-1.2147616010113316,-0.8543597222181616
DRLFMBDRBRZALE,-1.3642700888174326,-1.8457331458690904,0.23170569733393417,-0.7766324249365999,-0.49226659982176,-0.6124901518283055,-1.0711648233156912,-0.43172976790901474,-0.938738250225644,-0.8794922509179003,-1.089263522584956,-0.6477195243743075
DRZXDZYWZSKFDL,-1.2154205360044006,-1.7197399515002982,-0.9755140055969815,-1.0220834014863456,-0.9389718015920613,-0.8917539510830479,-0.5409000610192566,-0.36336807322902887,-0.893876835871654,-1.0563281797258062,-0.9706190360108722,-0.7230503102492347
DSFGXPJYDCSWTA,-1.2141903036202628,-1.6455631628248708,-1.510337060536176,-0.9641608667780359,-1.1000351399805683,-0.9661511545807626,-1.0497494962613476,-1.0586681275474383,-0.9984083429541659,-0.8919211545469049,-1.898769765976892,-0.881016721855067
DTOSIQBPPRVQHS,-1.3675078911299376,-1.5913975151767619,-2.411990141535891,-1.0386786692640988,-0.5954681639360051,-0.6969942658743691,-0.7555262713765852,-0.04622825885186505,-1.3974927303240021,-0.2549197944403711,-0.9670264629889196,-1.165737610815956
DTOUUUZOYKYHEP,-1.5067408872026515,-1.7202643038144687,-2.513987758814987,-1.1941052856627232,-1.1187650639524165,-1.0276741218172034,-1.2250768271025185,-1.0549381386969447,-1.3764917791612297,-0.8935446537835051,-1.3351739942536738,-1.3156026970073562
DUEPRVBVGDRKAG,-1.373827850101837,-1.78086508551218,0.08739089037817666,-0.9937678558984379,-0.5746370506824128,-0.7100270768854667,-1.0285588819509346,-0.7384041437566696,-1.0935263203073973,-0.8798427807419575,-0.9747181829611983,-0.7476866340015014
DUHUCHOQIDJXAT,0.3333679772424192,0.09447838951114407,-2.599887649154746,-1.342955959919313,0.30977115882273676,0.12361509121107005,-1.1126121548353023,-0.847291779653007,-1.6383984511188936,-0.9178700340016775,-1.5556720486351914,-1.1637922001396133
DURULFYMVIFBIR,-1.5010116170087995,-1.8322582395567086,-0.7655981528943395,-1.3283330274520126,-0.7029170579637716,-0.9825961295240768,-1.2081057059838207,-0.9282415194489501,-0.8304353418630848,-0.8037760516923999,-1.334289105333597,-0.828641577837234
DWTTZBARDOXEAM,-1.207693807008811,-1.6305039839962103,-1.7572490004713222,-0.9910927164766341,0.10616883474807715,0.046586432890695376,-0.9422921558484695,-0.6838957290708931,-1.1430481937766168,0.06963033919527026,0.6809306496311189,0.016125355632046257
DXGLGDHPHMLXJC,-1.249531477712926,-1.7772846616617877,0.06243610431521956,-0.9533637866567825,0.5082983126633218,-0.5038666706549451,-0.6301535461491832,0.34035165093122344,-0.3106003287323909,-0.5663219182693587,0.48874411093650616,-0.6858976358308588
DYDCUQKUCUHJBH,-1.4781916941475293,-1.7196735204374771,-2.01450589179821,-1.5825252210801573,-1.1548708280863749,-1.0206341139186241,-1.3508246534186124,-1.3399444618555063,-0.8205146787548373,-0.9955967218038796,-2.15894667250483,-0.8266134017885518
DYEFUKCXAQOFHX,-0.8961875322113847,-1.637795643370636,0.6363384247469916,-1.0098881160835822,0.3713498238158992,-0.7451912543648067,-0.7669809247159626,0.11238092359668365,-0.27797285096484897,-0.32185512639853503,0.12554854579640884,-0.14388064940900977
DZZWHBIBMUVIIW,-0.8352055694082576,-0.6408876445190379,-1.0857826420499548,-0.6819454122926406,-0.5848133431711975,-0.5551414842287523,-0.06030576468906509,-0.24046323218423823,-0.8812115751330594,-1.063584628973641,-1.1866888017937678,-0.11162962263939338
FABPRXSRWADJSP,-0.9769893672623657,-0.6033923243968937,-1.4100333119624187,-0.6849499916063759,-0.5449071221613383,-0.5579078919551133,0.07508415488267782,-0.0326179290788323,-1.0078616798022835,-1.0716265195021812,-0.9668040026685683,-0.08791014922527866
FAEKWTJYAYMJKF,-1.3681142400513118,-1.7778032182416679,-1.1240936257478547,-1.0633143403947605,-0.541758914234042,-0.6955114951468151,-0.690034789793946,-0.5478994869173703,-1.078149583639038,-0.9836305100163742,-0.7601544128266501,-0.7827919470710579
FAGUFWYHJQFNRV,-1.5779669905782512,-1.7612879919870197,-2.434248643796945,-1.58908446477092,-1.4062861873670598,-1.0960744038199428,-1.5534910771207653,-1.2926742497416284,-1.3131663320726998,-0.6847446527465033,-1.774580093868696,-1.2867672061452788
FAKRSMQSSFJEIM,-1.4631553617551631,-1.7483025349287686,-2.7499652210987104,-1.4833573934537811,-1.0530579617374274,-0.9442836039297557,-1.2448151698028844,-1.2134580116429254,-1.456783704765405,-1.0366125797799266,-2.137614564485161,-1.1733917425872349
FASDKYOPVNHBLU,-1.2080602327625563,-1.7298990952600768,-0.21611885977054685,-1.1361714991809413,-0.9014454704634808,-0.9507530617701161,-1.1553005488558012,-0.17650238506161103,-1.0259867814893682,-0.73456522815004,-0.9630699176722993,-0.778500623644804
FAXGPCHRFPCXOO,-1.3258722658499977,-1.6709518692711602,-2.525765905761588,-1.294388501603579,-0.8267047113060336,-0.7553012618110325,-0.8328914394710227,-1.0942306037536342,-0.9566371018589966,-1.1723808956006476,-1.6402619647631222,-0.6513217215249157
FBOZXECLQNJBKD,-1.3248658981290677,-1.7198274428422187,-0.7524299493125876,-0.9812975009882563,-0.6541488037561156,-0.8834794382059344,-0.7864541914553131,-0.461261928682524,-0.5318401909475003,-1.037009748681225,-1.47626034698055,-0.10429483880165566
FDKXTQMXEQVLRF,-1.5323439928809583,-1.8417009257359835,-0.5114098825937057,-1.1927990122300047,-1.1197096277628713,-1.029279098022793,-1.2464991084803625,-0.9866111953435479,-1.105581350293377,-0.9676774860213115,-1.7319102767383645,-0.6480049974990595
FDMBBCOBEAVDAO,-1.415857309270988,-1.7868175383864076,-1.2858616321857717,-0.8364264737349393,-0.44642681388370664,-0.7926375341734847,-1.1924243271030885,-1.1008777912676229,-1.1981227293691392,-0.7669609510830521,-1.0319832691853306,-1.0994034864390936
FEBLZLNTKCEFIT,1.6315195180448594,-0.10340712862519007,-2.1891284562588167,-0.615927700486978,0.34147582633573403,-0.010747970881568545,-0.9266272852439297,-0.4741803723211144,-1.2919984944926994,-1.0944882125523248,-0.9280851323091497,-0.5254236012569479
FEBOTPHFXYHVPL,-1.1791480574678752,-1.402139094795337,-0.7874833800135704,-0.9601539815653573,-0.6942196721193492,-0.8068964845720555,-0.700831907142084,-0.19603178653565084,-0.908240362059467,-1.0321566391878123,-1.1733652047829748,-0.841946972756469
FELGMEQIXOGIFQ,-1.01618088502175,-1.4317684268806778,-0.44447264345115295,-0.5821420635152595,-0.4690509793274371,-0.7283695839954551,-1.126519393899738,0.0807960138728871,-0.8276776731833991,-0.8712362065003606,-0.44621879341672394,-0.5951016149276341
FEROPKNOYKURCJ,-1.3468854289272558,-1.6005496353399027,-0.9757974572660515,-1.3006706891950077,-0.7309168485377943,-0.8090064118076175,-1.1351685347846094,-0.5861309172608575,-1.1215471258854615,-1.0393150267860123,-1.0509831228662116,-0.6939140183351611
FEZBIKUBAYAZIU,-1.3533920016950285,-1.76889026837778,-0.3796466769722818,-1.1019266984251967,-0.6709532551199565,-0.9045537752408567,-0.847094117489053,-0.48984645588858955,-0.7715398658708947,-0.896976858580874,-1.0817569838622165,-0.7657737295573172
FFGPTBGBLSHEPO,-1.3882016614188364,-1.684740306815196,0.8882926421075199,-1.024442762150843,-0.08217075181030851,-0.7582068029632001,-0.9715376154913592,-0.1822481376350934,-0.41226666328615585,-0.7131931767603281,0.21153115293337563,-0.06460791359744275
FFINMCNLQNTKLU,-1.3818838166921752,-1.682640007768866,-0.9904601967773026,-1.1665324825302863,-0.4669581616637901,-0.4524471825470763,-0.5995768231485121,-0.2220966931658862,-0.9073507694182157,-0.8056985870589537,-0.11770386977749688,-0.615514683812646
FFKUDWZICMJVPA,-1.5203081728569954,-1.808178688402367,-0.5328191247074374,-1.1580675694737266,-0.3804807044752491,-0.7760774285253648,-0.9952366255650891,-0.5688351607435432,-1.2216855946474188,-0.7901796870674032,-0.8948394815489145,-1.1030811577470698
FGXWKSZFVQUSTL,-1.1374281279763885,-1.5517505817560706,-0.5502918861177843,-1.0357048536379392,-0.8514862363520423,-0.8968025999837221,-0.9262039819642959,-0.054531102680563256,-0.9908199481548985,-0.9486157097896543,-1.2063457309743848,-0.7289854197002267
FHFYDNQZQSQIAI,-0.9997460105218926,-0.8106380251566602,-1.124438836784113,-0.823834942077507,-0.7403067104785301,-0.4494615302502192,-0.2536610041632607,-0.36778955509037475,-1.0865491506552156,-1.041073651876788,-1.054679194264692,-0.610209745864253
FHRSHSOEWXUORL,-1.3242810184025429,-1.6678223615164152,-1.814102286389462,-1.263802736565462,-0.25839315433484106,-0.39285579334793747,-1.14017976184919,-0.5262560004356849,-1.0175869919241167,-0.84329491775916,-1.128896391789314,-1.0472420576290524
FIADGNVRKBPQEU,-0.9572394500775256,-1.065204586650888,-0.4393238353130066,-0.7961866919661325,-0.39670670837371597,-0.6266080176258865,-0.9879622376916135,0.40177038208484056,-0.7171065949618847,-0.1978109624753395,0.14540057182971103,-0.6491615982420009
FIHJKUPKCHIPAT,-0.5636608611885565,-0.8779305693207294,-2.631156893811491,-0.8840081170822935,-0.12207864827788856,-0.1417841812880378,-0.7091428817627677,-0.5894387109393137,-1.17473134089438,-0.9990908722589393,-1.3129228995627316,-0.6162172031717607
FJLBFSROUSIWMA,-1.5004423176803952,-1.8684687120795163,0.012533615693547311,-0.3837397722223877,-0.3743148522158159,-0.8492930155473686,-1.0726737512112061,-0.6095955763871518,-1.1143223365653034,-0.7088390072663159,-0.5521394217428017,-0.8355667385268025
FJLGEFLZQAZZCD,-0.9151580518324669,-1.3581780849267209,-0.6721631484527687,0.5879894981636419,0.10251106626653231,-0.37753315943039234,-0.15954120474756114,0.540460945427347,-0.9627120910421796,-0.9265990560685453,0.7796281596106703,-0.30632974099032356
FJUKDAZEABGEIH,-1.283621218479697,-1.632032257573267,-0.9717534327268171,-1.1141827258728425,-0.5373423557736312,-0.8935435205573721,-0.781431694445029,-0.07368107743909744,-0.9206127653130467,-1.0000977680789618,-1.2069837521802245,-0.7512215886780567
FKENQMMABCRJMK,-0.9860044776245658,-1.1478495520151548,-2.64898976406583,-1.3765362636598872,-0.9713870885026488,-0.7320451909848918,-0.5233003841587958,-0.9444189557957421,-1.0611917051993995,-1.1324872557780834,-2.0969976587362877,-0.8934432238757759
FKNXQNWAXFXVNW,-1.2267021340878306,-1.633298841896897,-0.35058672283183534,-0.9421097326912629,-0.43561842454079475,-0.6229116960837318,-0.5211809154035056,-0.4421354271069831,-0.8163167530064646,-0.8702719548721398,-0.36700053759259343,-0.28373683785231796
FLNXBVJLPJNOSI,-1.4732150529097119,-1.684866919378742,-0.9249376849245913,-0.7281509100381806,-0.4017156389101339,-0.8082486117779342,-1.0402364065240275,-0.41462924600878776,-0.8872466584339672,-0.26492066980864176,-0.4171017971977844,-1.021514414149914
FLOSMHQXBMRNHR,-1.3028152621509157,-1.8278281320961847,-1.8093407578719525,-1.4454010558801453,-1.1892391407043719,-0.978236842409169,-1.06729161262393,-0.7776630357624819,-1.2193111082749013,-0.9772232385424328,-1.9224663773454032,-0.8528569903028294
FMHHVULEAZTJMA,-0.86459925406117,-1.0232373269007273,-0.13909054739720522,-1.00055577404652,-0.08328802250982437,-0.5993933122451343,0.05392586250061531,0.10891141492291709,-0.4286463709286162,-0.670896487977631,-0.0026771232797880573,-0.19139235462388288
FMMWHPNWAFZXNH,-1.5036633970570705,-1.1734318768971477,1.4287433290773124,-0.7693981264810088,0.8127202290068847,-0.22960390441856132,0.021851796919384922,0.1348784048538743,-0.2624312636384563,-0.21621943429026724,1.9398866101861123,0.6462418063726094
FNQQBFNIYODEMB,-1.2446788967525615,-1.6287811353931014,-1.6628687668816975,-1.4259542517017816,-0.8742250321118255,-0.7635151248231552,-1.0118136912049223,-1.0035746465913933,-1.175234065090476,-0.8897970697944974,-0.9875118949143733,-1.0863044132177537
FNYLWPVRPXGIIP,-1.1178841729231452,-1.8002738085617853,1.1440797060881636,-0.7050943532706836,-0.19438068458603067,-0.8587923035369771,-0.6811321052549805,-0.22036965756177285,0.0855960882807754,-0.8439847369084758,-0.9231173719291272,0.0632020199976506
FOCVUCIESVLUNU,-1.5144384270311038,-1.7171169844477527,-1.6907814074444278,-1.5553770791042243,-1.157390306697798,-1.1306058459089907,-1.3133539101440672,-0.37453460570876407,-1.176011995941452,-0.3911653995737939,-1.9137972907013818,-1.1231657587975579
FOHHNHSLJDZUGQ,-1.3690275620459833,-1.3074533164456117,0.3790184256555541,-0.1740852358110799,-0.04107349300172464,-0.5910359749327935,-0.16691164135537004,0.2135847079172408,-1.14825805728448,-0.7979226490213507,0.6751086714555102,-0.27816769139494507
FPCCSQOGAWCVBH,-1.1893928449917561,-1.4190152063143133,-0.9104911090862653,-0.951404574618525,-0.6975868418113826,-0.769288157898064,-0.8600613790610857,-0.2901339181741285,-0.9519583929340785,-1.0386082339669567,-1.2641572706694983,-0.6708260006890454
FPIPGXGPPPQFEQ,-1.2000983836018628,-1.6104488516151492,-1.787981895948389,-0.8323524628805372,-0.4723182342090108,-0.6051736908436408,-1.0454759761640064,-0.11207037628436482,-0.4203983751603375,-0.2877072492200965,-0.5310822159709425,-0.42114518917614724
FSQKKOOTNAMONP,-1.0155618695742972,-1.5497674821506204,0.004361010357122117,-0.6351173427621568,-0.14275197215213703,0.015215388036107766,-0.7554839607356902,-0.13208283367016818,-1.0911528602163392,-0.9604242007143484,-0.2753464108089781,-0.49901581025831865
FSVJFNAIGNNGKK,-1.316216505273939,-1.6257399042019838,-1.6288724588188148,-1.3553734322697168,-0.5561063972373592,-0.7497451022334987,-1.1252534322059182,-0.8826776872499578,-0.9684942057524466,-0.9242923527475218,-1.122446494773855,-0.8162541249996386
FTALBRSUTCGOEG,-1.0976206334896883,-1.7097367570590833,1.8016704929911134,-0.4805565110894242,-0.0629146165961193,-0.7776884976402654,-0.34331093706978033,0.36444690073728814,0.21106787459183643,-0.40533599146460186,-0.03878927803465591,-0.096355654834845
FTFRZXFNZVCRSK,-1.2698877064844523,-1.653320897776246,0.37017763688446703,-0.7308275337304316,-0.5352333028016469,-0.9681423325346753,-0.8308438604729134,0.029213841988109973,-0.5036694809329457,-0.9837127367408983,-0.8804450610467984,-0.8284242920574569
FTLDJPRFCGDUFH,-1.4035284715173564,-1.7981551767661001,-1.26071599394269,-1.161964497984679,-0.5870162592796024,-0.8885238238666197,-0.9586582789685929,-1.0503237382471755,-1.2997164629932692,-0.9949477509252975,-1.3060053976800685,-1.1426949383504303
FTSUPYGMFAPCFZ,-1.2575085034609832,-1.5865604030234413,-1.088294912320892,-1.083616929040057,-0.9371778775462655,-0.9450406758224156,-1.4066889987119755,-1.0649263334321628,-1.4974732535807533,-0.8769318413094715,-1.8247181504907137,-1.237011729503271
FUBVWMNBEHXPSU,-1.322843685209623,-1.5435475849570774,-0.5654267490743916,-1.2478193043873411,-0.7262098069600045,-0.7775652639131607,-0.9062755482595346,-0.5040941452949126,-0.998218040639014,-0.9542253574248332,-1.1964481240254012,-0.6973210502379604
FUSNMLFNXJSCDI,-1.304663710624489,-1.7939713382386486,0.6668821644068414,-0.8129607906301205,0.3130890300520187,-0.8100951392174464,-0.5533183960614075,0.9307906863891393,0.03261759212435529,-0.5869590584200968,1.4041102049888368,-0.29875618806381354
FVNFBBAOMBJTST,-1.295381076381546,-1.6362140954131206,-2.087029825702669,-1.5017680899392194,-0.7630061607331151,-0.9015504195927238,-1.1880081542876204,-0.8134395508097934,-1.1930411348190662,-0.8985589209282171,-1.9988804170056311,-0.9165839061506219
FYPMFJGVHOHGLL,-1.3892718065879914,-1.7073887944555306,-0.16677893335527041,-0.6630004845395562,0.06105858279920591,-0.4974435813187126,-0.7217886032513892,-0.04792263886418893,-0.6950908928963939,-0.6707969028060933,0.6340181494205251,-0.3931692843909895
FZSPJBYOKQPKCD,-1.5403844219951393,-1.8019218659660836,-0.5535140995161293,-0.3267169746437484,-0.2874836127755788,-0.7386852368716385,-0.9383696274544882,-0.4438025825775278,-1.3294843951943656,-0.8911396433554262,-0.08025780114171878,-0.7968088641008425
GAGWJHPBXLXJQN,-1.0749300020041477,-1.4825391328704867,-1.5994596823772358,-0.7893988611138787,-0.8270801653904452,-0.7702327158790541,-0.7117532455577041,-0.6207218482538492,-0.8214872953185608,-0.9753570602672027,-1.2521051225579845,-0.5269536060352809
GAOZTHIDHYLHMS,-0.5683609036196736,-0.9587810258795947,-2.887835392387804,-0.4595768182403813,-0.4319536014960792,-0.4951703261506346,0.053366318769616755,-0.5472619897518171,-0.853170916491019,-1.0687374283108213,-0.6616515619733931,-0.2752225487380372
GBABOYUKABKIAF,-0.511232293755463,-0.5455643259086781,-1.1473564345681548,-0.44503859440189175,-0.37011387682884556,-0.4689351013330722,-0.5165530048910769,0.48758025908155034,-0.4306508256411558,-0.8113391919440558,-0.04623043656835352,0.33358479482125963
GBBSUAFBMRNDJC,-1.1857206398029596,-1.6726160515645945,-0.7336435391500244,-0.9909740833726115,-0.8672124742839527,-0.9214381057617269,-0.6252363260323875,-0.12633509596891462,-1.1932394092164365,-1.141354909249717,-1.1462886775417604,-0.8139757129444369
GBXSMTUPTTWBMN,-1.4576877028966486,-1.7787756802073933,-2.2173906283050915,-1.2974307363415516,-0.7112324241248842,-0.7782072591303897,-1.0906592576175547,-1.1012738567868747,-1.3142385471243931,-1.1096493414360702,-1.6714476332362493,-1.0631924701447737
GCKMFJBGXUYNAG,1.492385257796942,1.2810636473947055,-2.3159184278680573,-1.141415378210698,1.0706674684882431,0.6232760079162588,-1.1737371310944524,-0.09995015879186533,-1.4414316749817377,-0.8238611489830262,-1.2513715686669358,-1.028738790125993
GCTFWCDSFPMHHS,-1.35900981798346,-1.58112030873513,-1.9872924445555034,-0.7255001798749195,-0.5451404072869387,-0.8375676943340051,-1.110583816685898,-0.45473897534133667,-1.4729029297044385,-0.3106828072208143,-0.05891373335894,-1.1549303481127462
GCUCIFQCGJIRNT,-1.309652477596283,-1.4960101048435908,-0.40990237376203054,-1.2526990870356787,-0.44793116088179263,-0.6160934344324244,-0.7853035955949634,-0.7197912903571534,-0.706514170654278,-0.8321872334467965,-0.5851654496422485,-0.3767305372542609
GDLBFKVLRPITMI,-1.4636392209520153,-1.8285795882316636,-0.15781548226338143,-1.184806204353185,-0.7501787317705586,-0.9030230262440737,-1.0132507543496734,-0.554868660004742,-1.0894148113430964,-0.9744962017174921,-0.726898633009381,-0.8577869497848123
GDLIGKIOYRNHDA,-1.4097913784730485,-1.7414823628318223,0.5177896438299394,-0.8269360773100285,-0.5827706171488868,-0.84569493043533,-0.9597066321099869,-0.09630510426084908,-1.1015660973935137,-0.7589364241074882,0.18554329351902096,-0.6383781634753434
GECHUMIMRBOMGK,-1.5885829694156055,-1.9231851310780936,-0.5559778850044913,-1.3329847347399368,-0.8000759670248119,-1.0372007325407973,-1.20937474364984,-0.7891347872770264,-1.0817540862963315,-0.8740282484511914,-1.1190967729581733,-1.2178781680071065
GFBKORZTTCHDGY,-1.2328084226104177,-1.5229104060935919,-1.1459216759495168,-0.9694363709237648,-0.9298675500797449,-0.779692293916634,-0.9734063927751206,-0.11347873826558139,-1.1593746815604529,-0.7410912374207859,-1.0454747175858363,-1.0276552115063897
GFMMXOIFOQCCGU,-1.4338106729024522,-1.734456275799851,0.7373224765599944,-0.6996321965943745,-0.20581985006115572,-0.6526937400328786,-0.7058909889248604,0.25632635779737967,-0.9166639505918948,-0.853630598357589,0.46169938020461115,-0.6595586457926275
GFNANZIMVAIWHM,1.6174440847459954,1.5002364879532541,-2.079915252686632,-0.8789504950245669,0.2781594808922514,-0.1081977967885077,-1.1056407373545727,-0.6341053494704554,-1.0485392140710899,-1.0795339507072517,-1.055661769311421,-0.8147482931234804
GFRUPHOKLBPHTQ,-0.7937421895853465,-1.0748137877826056,-1.9968287800986195,-1.0149008916023856,-0.35308442579564686,-0.8000159320663472,-1.0987007209993385,-0.8293588432632714,-1.3702084790282016,-0.967079791049147,-0.6311970707214778,-1.166979482680826
GGALEXMXDMUMDM,-1.3350073417633426,-1.799165465878915,-0.6096674992471329,-0.9709613742529098,-0.5925003862418865,-0.9560379085262034,-1.095797378496688,-0.6754120606699191,-1.0760867609309173,-0.47399479427170677,-1.2461521032987024,-0.8609241487694785
GGUSQTSTQSHJAH,-1.4131651057039656,-1.6111594377111356,-0.5706289054077334,-0.7115221595543424,-0.29996412427960584,-0.8618925430089652,-0.9136820682523914,-0.25180311439821085,-1.33183112334335,-0.7297621555931599,-0.33959933096586287,-1.0352137626589224
GGXKWVWZWMLJEH,-1.3473182262589152,-1.6047105348868453,-0.9478605661561881,-0.6846673571165458,-0.7033832348837767,-0.9063488791556407,-1.0157023150539475,-0.6862378688616427,-0.6844641581815539,-1.0109954356275836,-1.8484207684156622,-0.7735751235351562
GGXMRPUKBWXVHE,1.6004490488140273,1.3391071486759323,-1.8137874569546213,-0.6307546848338607,0.2099635617158768,-0.3555451979178401,-1.0822937544143976,-0.4656249030941402,-1.1675681407354546,-1.0203251838347704,-0.853646276001341,-0.7694017861184049
GHASVSINZRGABV,-1.5251153758244331,-1.8485263060564368,-1.5200396433432937,-1.3087341859327914,-1.1252237857894756,-0.966252786286972,-1.1771149471914966,-1.0830772615041213,-1.4058854570103303,-0.8324345972019999,-1.8897527588589995,-0.8680691795636827
GHOSNRCGJFBJIB,-1.240717131625782,-1.2562569688871799,-0.5661976481351667,-0.5868789084284147,-0.4194106711638053,-0.6989209817768838,-0.6191287004822231,-0.3104764543217633,-0.8979598309406858,-0.992406195303748,-0.08607810271076798,-0.7121893651569094
GHXZTYHSJHQHIJ,-1.4441253568253787,-1.7296157038032434,0.2434183554914199,-0.9674850288627985,-0.4717440850440608,-0.9053159913418451,-0.9277486118610285,0.15019621876972175,-0.7709463038639525,-0.2191957662097149,0.20655860054272424,-0.46333104026800803
GIIZNNXWQWCKIB,-1.3949068693411315,-1.8080183279835624,-1.2358214047528338,-1.0067122304192373,-0.2664058838170306,-0.780731984977642,-1.1614133709535848,-0.5117024592455577,-0.9131393340081386,-0.3684805927422084,-0.4823508243587187,-0.9941143912310845
GIJXKZJWITVLHI,-1.1551766228836704,-1.6268011573665824,-1.2368556124708467,-0.6903918985539413,-0.043781285986231405,-0.6955711907249071,-0.9479024221608459,-0.4799449835779489,-0.8215863125543922,-0.7489440008246183,-0.33519398602444817,-0.8531180859422223
GJJFMKBJSRMPLA,-0.9363842390256055,-1.4737773868714514,-1.6639457665044854,-1.1674620333500982,-0.3957208901800496,-0.8522504859306664,-1.2483335046838393,-0.8187857439229534,-1.0914756266201873,-0.7875563993361865,-1.1522633387416092,-0.9647436052395442
GJPICJJJRGTNOD,-1.3141465312805478,-1.833537763646527,-0.8882328199672602,-1.0516640814177307,-0.6026708598529061,-0.9002317780880351,-0.8002467536544824,-0.4826745129727277,-1.0286454903073907,-1.0855159478933643,-0.9053602271283216,-1.013079234713036
GJQPMPFPNINLKP,-1.5468929509501808,-1.8872865624439914,-1.3765268123317909,-1.490083854588558,-1.0141427558066303,-0.9279323624086171,-1.1117380370725143,-0.673308087095831,-1.2052992080409206,-0.7988976512878548,-1.2627231813266029,-1.1832302593087314
GJSURZIOUXUGAL,-1.6358426612936037,-1.8917931105512995,0.4575302180483207,-1.2040568721287435,-0.6748488859283045,-0.9101550616585365,-1.0802451403095437,-0.22101015193834053,-1.2503744006629622,-0.62566499014473,-0.9137319232160983,-0.9295563892601835
GKCBAIGFKIBETG,-1.4614966747170803,-1.7163600226165387,-0.4678312687012843,-0.7252614677350505,-0.6111294184997543,-0.7831403229321244,-1.055247061266328,-0.6490699891309111,-0.6866782948881587,-0.5412015743593764,-1.096634628499346,-0.8286839077901317
GKIRPKYJQBWNGO,-1.2269145798265897,-1.4719128686763263,-0.21584039367617996,-0.5033635653603326,0.11221287839900287,-0.6578167928133241,-0.6151619632582866,0.661300841897392,-0.21199046616624972,-0.03979117769300444,0.7119347176862943,-0.5762090333189906
GKNPSSNBBWDAGH,-0.512787919022141,-0.32405410330585066,-1.5710779321944652,-0.9723265971237561,-0.07066839099135697,-0.7348711416390377,-1.0649522869808532,-0.7815289888573107,-1.2675498689693452,-0.9360045177323612,-0.9520340771815816,-0.88475786849707
GKTWGGQPFAXNFI,-1.2409152443589695,-1.5616208284992648,-0.15954505011481723,-0.6823125750177462,-0.5032649915743304,-0.7453270782213488,-0.9906710882499912,0.1559681124204239,-0.9401195196481885,-0.8668154828011555,-0.44308633004575554,-0.7869423312360648
GLVAUDGFNGKCSF,-1.111782084099647,-1.7657895278745854,0.2045459009785,-0.7899316600398454,-0.8020267748721038,-1.0222754189206462,-1.0621455831927609,-0.5775403366565447,-0.7569872258718687,-0.7396816960411664,-1.0114216573256352,-0.5747170395458343
GMHKMTDVRCWUDX,-1.0709766963693084,-1.758346005781632,-1.6303273096786173,-1.3966506190494756,-0.8028288706137586,-0.9629907694622215,-1.1619922781744907,-0.9995835839451963,-1.0806093261584049,-1.021937542405649,-1.1652851373597977,-0.7884850243462622
GMRQFYUYWCNGIN,-0.093382591783482,-0.7248968525052228,-2.1718200865904462,-1.0019795803890532,0.06773336525125455,-0.19663544008304829,-0.7597270244850921,-0.12398297306750397,-1.0801603648749538,-0.6348111686049751,0.5357603089289535,-0.8226531983624896
GMVPRGQOIOIIMI,-0.809564541877084,-1.2273247482053222,-2.90335444474125,-1.191009703610684,-0.6564047865429862,-0.46419705822086027,-0.589443285504341,-0.6292174875189309,-1.37807429136818,-0.46758414309993535,-0.6205293613490761,-1.0519645132006656
GMZVRMREEHBGGF,-1.442843291951343,-1.7605564991638711,-2.630590017007601,-1.8046174225763052,-1.2708740127282339,-0.9126524121392664,-1.3610507475762343,-1.5012316821577572,-1.24455037545776,-1.029823152958923,-2.230062444066286,-1.2021142069193504
GNUXVOXXWGNPIV,-1.0752234349336218,-1.8006464551306776,-0.45362155085838285,-0.8950872950494756,-0.4141167426503614,-0.8668464277452851,-0.9188956606901325,-0.4354366523098403,-0.941503818250319,-0.6930747891187987,-0.8331721800380334,-0.6785224729511876
GNXFOGHNGIVQEH,-1.453962034923663,-1.821672712442618,-0.9948545750081268,-1.162065113525013,-0.6325944837312818,-0.7827484870983578,-1.1326105825579145,-1.013999197009929,-0.9973735313802818,-0.9022632925017549,-1.5410901727836757,-0.6961847302804969
GOEMGAFJFRBGGG,-1.4267800630234826,-1.7671913276027689,-0.6762736634319642,-1.0617446117836495,-0.7592989778635104,-0.7676284755767113,-0.9487770137867131,-0.5639426358696763,-0.8737848251946123,-1.027204994676643,-0.8153106752405843,-0.6368035426103238
GOTYRUGSSMKFNF,-1.2065746037503184,-1.5565688577507155,-0.9550003082685643,-1.4182983140534706,-0.799339523703049,-0.7680071138800372,-0.9545159066218271,-0.9240776003644898,-0.7835115532312455,-1.0310784992229367,-1.006194985463439,-0.2240640353979539
GPRBEKHLDVQUJE,-1.1228153538465913,-1.5642378212259878,-1.5473969311963007,-1.3563785777718933,-0.807320919905717,-0.7902091656543961,-0.9478053177228392,-0.0016746306416162522,-0.6691317493436864,-1.0668219339657772,-1.9309574878327385,-0.4468267051739834
GPXLMGHLHQJAGZ,-1.3113692925974574,-1.6057318831491394,-0.894306163264144,-0.9797544968750312,-0.1298871307938011,-0.7642818186490721,-0.530338840241026,0.5119409635214076,-0.9792217912102412,-1.0888303248131297,-0.5285617155559711,-0.4327088558435819
GQGRDYWMOPRROR,-1.123180228241968,-1.4233063822797416,-2.0422312254299237,-1.1925858209880544,-0.18798079846909965,-0.6171997234247634,-0.7260432261738219,-0.4335676947934931,-0.9263535784280243,-0.9031712859568146,-0.8459730381490446,-0.9092345625247953
GSDSWSVVBLHKDQ,-1.0009378804170526,-0.8494875126184247,-1.13495729451541,-0.7045239563056833,-0.8031127995095572,-0.5044567636563486,-0.4382191744569025,-0.14616772029298644,-0.8851734509729065,-1.0872117721535426,-0.8821063536833346,-0.3347499705383331
GSNHKUDZZFZSJB,-1.294475810330099,-1.6397145427281643,-1.7867535969704595,-0.804976264063423,-0.29379177837287074,-0.897066697252213,-0.9864344045643534,-0.5414018832088188,-1.18822683986162,-1.0998834905327968,-0.7933672396679675,-1.1149044889739064
GSNOZLZNQMLSKJ,-1.3740456061601163,-1.8202166004076232,0.01093708794001509,-0.3918144167029714,-0.9090406083412889,-0.9812691260837665,-1.0940013360289986,-0.5772671845314431,-0.46849921161878283,-0.8515404228933238,-1.4624079491259465,-1.0259449006967583
GSVQIUGOUKJHRC,-1.4152396716962055,-1.746043378425956,-1.2975079646283962,-1.1811658233856825,-0.6774726277272033,-0.6914798305857042,-0.9997008915751723,-0.40787856929334204,-0.9206444534690446,-0.8066691008291682,-1.1723594709609513,-0.6982280923840252
GSYQNAMOFFWAPF,-1.0166850801379217,-1.5058464796392304,-1.7917131825942496,-1.1416899522905997,-0.3767232033132476,-0.8018514251231919,-1.0082026000881075,-0.6876717144384028,-0.7357718192340998,-1.0462397251054283,-1.2266100971037044,-0.7780801621162802
GUCKKCMJTSNWCU,-1.3837583729392007,-1.6503701686501355,-2.726101888616689,-1.7130194610253529,-0.9808192847746056,-0.8642753403130164,-1.068506161605015,-1.3068167605150862,-1.4345296400632914,-1.1506144003362735,-2.337594443432334,-1.024636647727412
GUDVQJXODNJRIJ,-1.3369149255978763,-1.5283482565325142,-0.01203029723037635,-0.9524625066144063,-0.7296378428053626,-0.817701839760469,-1.0631375596092871,-0.3727288758454083,-1.0345910212680853,-0.8439022688900562,-0.9622603640438561,-0.594696014173059
GUGOEEXESWIERI,-1.2644623102844577,-1.6731197352963583,-1.465713431151183,-0.8432755552495848,-0.2163769590769202,-0.8130854258060645,-0.9327303667281317,-0.4905202850338347,-1.3537042611196604,-0.6627665247905612,-0.25226413462197783,-0.9808686316406405
GUHPRPJDBZHYCJ,-1.1563633741969037,-1.5708570561658581,0.004624706794438067,-0.9073581167709507,-0.1433016272333144,-0.8302540562963494,-0.5967170466423576,0.5005773944678258,-0.5031042833259888,-0.7204896417178879,-0.3180983185511876,-0.48342488255054805
GUJRSXAPGDDABA,-1.4552457641945058,-1.7577527384813048,-1.318994473018624,-1.1670494213404765,-0.8646250111340176,-0.8953240443475039,-0.9928383183128469,-0.38304192719049057,-1.1790271497435876,-0.9140193356761768,-1.2052150261686803,-0.9276180557616244
GVEAYVLWDAFXET,-0.1716234011953938,-0.42140717763514923,-2.7690503167615588,-1.3055089902517918,0.056640679391029396,-0.09876525159109399,-0.9174194368924222,-0.7176826911676081,-1.4087554543456613,-0.9511665402737682,-1.4011779965829156,-1.0107576592879104
GVJHHUAWPYXKBD,-1.1869735510438126,-1.6667939725895773,-1.1854636579685642,-0.7725619356295709,-0.18933831200618007,-0.37813244927751444,-0.8080932290622216,-0.37795545839863703,-1.359184156805579,-0.7732580364375939,0.38633501147366167,-0.8017598492732382
GWOFUCIGLDBNKM,-1.3125223734406617,-1.597445735979731,0.9877880697029637,-0.39786013722171326,-0.051786184398343746,-0.5834045119139628,-0.8074339802095278,-0.1673509866048747,-0.7246376622601702,-0.7571028092423595,-0.6558589953911372,-0.49702952166568626
GWUSZQUVEVMBPI,-1.0671347984833592,-1.7868602738685624,-0.5828336907912942,-0.9883403114065237,-0.6302305499246603,-0.7672168106498033,-1.0554398036385457,0.136626806136795,-0.6501814658877311,-0.924328377637907,0.2848519766669936,-0.4174456175499478
GXDALQBWZGODGZ,-1.1819313177809039,-1.7028217397959586,0.21202294436161326,-0.7561541046204385,-0.41162586377796884,-0.8774151098056877,-0.7842313115387921,0.1425112051250909,-0.5875169222995761,-0.9001463247102084,-0.1466655741465789,-0.8951527215058906
GXFAIFRPOKBQRV,-1.2758148151642605,-1.6421085555663757,-2.6136462512761076,-1.69360865325189,-1.0985036760354885,-0.8222248670095359,-0.9515529794241264,-1.0508436259164151,-0.6577620099299899,-1.071676529675818,-2.070738474856849,-0.46443936679559866
GYDJEQRTZSCIOI,-1.4333575077903962,-1.6837721037737954,-2.6546731355721,-1.4728520382009238,-0.9855833576106341,-0.8040956299176758,-1.3458908688382292,-1.2914785225980543,-1.6218594827625121,-0.7776587122254028,-1.9103569855065263,-1.3784069351426458
GZHFODJQISUKAY,-1.18547450894453,-1.1245824113036766,-0.7564986734600163,-0.608259608512226,-0.45599794522456144,-0.6594543159731473,-0.80907855227654,-0.4183004856071855,-1.0042715750452926,-0.8723592857764211,-0.5012737666738174,-0.8242520183175038
GZKLJWGUPQBVJQ,-1.200084377223976,-1.4746421262872986,-0.5243725846675676,-0.8577654523234677,-0.5989047204678791,-0.6746395925815314,-0.4239406666476785,-0.22807428454921566,-1.1456292916730015,-0.9328996621295019,-1.1539841663753767,-0.5537654241352998
GZSOSUNBTXMUFQ,-0.7811156996840303,-1.5397532546762853,-1.3866126430977603,-0.8713496556615676,-0.21678540866941845,-0.5789801599310942,-0.48857701212877136,-0.17999027703429765,-0.2269795400989028,-0.8983584993079529,-0.08629122308079118,0.12841404636802858
GZUITABIAKMVPG,-0.8201092871060223,-1.076119770895376,0.07566510938122925,-0.8102027135018922,0.05749452719103315,-0.38659115289245016,-0.2070359089459618,0.6737907370542573,0.006294047475641498,0.04840003908019148,0.7190114456805421,-0.09983770904670254
HAPOVYFOVVWLRS,-1.108240729761456,-1.578504712949548,-2.4704397920862444,-1.5348431623957282,-1.1323855664496767,-0.808556663645927,-1.173885865384006,-1.2350400516981765,-1.2978693734272557,-0.9983237197449557,-1.9820043548920656,-0.9403028306046279
HBBVCKCCQCQCTJ,-1.2571206195358526,-1.647121428422864,-1.1403504701102727,-0.9479617959568034,-0.29144128760280813,-0.4397135631032999,-0.747878317952994,-0.3116167216460092,-0.6945079330801583,-0.5833416207737997,-0.7183911531369628,-0.7759963860257673
HBNPJJILLOYFJU,-0.817943402728192,-1.509315290813553,-0.8055927740327932,-0.35276239631952383,-0.3479305940534902,-0.6319363539589865,-0.6617553371111993,-0.4832229747464478,-1.295980467949913,-0.9929515339515036,-0.4931948138781907,-0.9641855623520547
HBOMLICNUCNMMY,-1.263500946190692,-1.7377694787404487,-1.6573237765812976,-1.3224227500881494,-0.9801675680046917,-0.8762204744867264,-1.2305608881430172,-0.9612803198887891,-1.0367842182185025,-1.0791840293125414,-2.076811218316729,-0.9239397447252501
HBPDKDSFLXWOAE,-1.3974863188895716,-1.8080286656734843,-0.8899179609228307,-1.1943822878721702,-0.9892856700198611,-1.0877060706697725,-1.067106848864093,-1.0305042912678242,-0.9579314116769374,-0.7799593431724112,-1.4549914543805222,-1.1067940884146497
HBUBKKRHXORPQB,-0.8023416727689504,-1.659751780773871,-0.5189242785353625,-0.7016150889091035,-0.4933447775349265,-0.890295141860566,-0.9198418412905565,-0.598499361815337,-0.08716079661530263,-1.0338774078279802,-1.5043041140522728,-0.19729374817985035
HCFDWZZGGLSKEP,-1.283108652615532,-1.7048010395074833,-0.6518294072959043,-0.3283450958132846,-0.37710607502513505,-0.9088994519399027,-1.1460054418774335,-0.8287285317808373,-1.0385358388599157,-0.8362755063353644,-0.7192248024137163,-0.8171330919542804
HCIBTBXNLVOFER,-1.0041243941329476,-1.3359356154961406,-0.07667493749772877,-0.9409451533376163,0.572846112609612,-0.524967198634837,-0.7339603714342721,0.169716289969332,-0.4059405838941986,-0.5154999697383811,0.8664038847256552,-0.23183601330918263
HCRKCZRJWPKOAR,-1.2002998715024111,-1.6616150868772634,-1.7727821172752605,-1.27770601464107,-1.152032051832411,-0.8532282427899516,-0.9575485523574566,-0.5673516793853267,-1.0737765895064977,-1.0128597031396758,-1.4569625726272561,-0.9384197189033878
HCYAFALTSJYZDH,-1.3931889171008494,-1.7237599001747248,0.21667336974761423,-0.947504280087082,-0.5328707521770717,-0.9193564524801972,-1.082279633613759,-0.3105851351813175,-0.8430621246796013,-0.44629217515178676,-0.24057469929103364,-0.3807983173409598
HCYFGRCYSCXKNQ,-1.3051182956890655,-1.6705520331932688,-1.170719610001845,-1.010522558194199,-1.070067016243039,-0.8573943649321757,-0.9407447735880076,-1.0869599536566805,-0.9414962924374726,-0.990628148019107,-1.9193726230291546,-0.8026230947664943
HDACQVRGBOVJII,-1.2999719596363117,-1.6771017836207753,-2.157155821086901,-1.2721082087121491,-0.5786709149549021,-0.6891782464759469,-0.9472082029405402,-0.8905676686954171,-1.2522090659584582,-1.1038161943795013,-1.2506377869672207,-0.9178611099517842
HDDNYFLPWFSBLN,-1.1314369178638475,-1.5958082492135324,-1.502635529764614,-1.1637236085614846,-0.11701563152845053,-0.6767739434735421,-1.0119867230497466,-0.6535045204803924,-0.9564324598108237,-0.7819572336577006,-1.4035123983773465,-1.0134021578825623
HDDSHPAODJUKPD,-1.0005520061382587,-1.7530753206736363,1.221796424816303,-0.9214459878501557,-0.16347295020312472,-0.8302483143106607,-0.7322474965282909,0.25996611712754497,-0.47382292237645807,-0.916449592804802,-0.7988597441424433,-0.5786813508880696
HDOVUKNUBWVHOX,-1.3676787129327497,-1.7425659177668615,-1.215001138330059,-0.8235690436404053,-0.9403328841761304,-0.8733074748225121,-0.9549562649982279,-1.1218248262498225,-1.015424236604258,-1.132275329972903,-2.1280340455227265,-0.8327822680971142
HDWIHXWEUNVBIY,-1.3704160222894306,-1.724653934601102,-1.1397781975931198,-1.1642462978183705,-0.8483270681567978,-0.8498726503651675,-0.7586772721182536,-0.5264816273090982,-1.0400509381995462,-1.0531695482273808,-0.5645591586882612,-0.7732917603585563
HEFNNWSXXWATRW,-1.489311033315728,-1.827365231952223,-1.1600845316072128,-1.0958964606191421,-0.35218548404828326,-0.8279708396367844,-0.9139507123206488,-0.7820134913183894,-1.4062312303131537,-0.7781678526661161,-0.8298794741506499,-1.051332618755653
HEMJJKBWTPKOJG,-1.3347492600176512,-1.804562722764037,-0.9827242958102589,-0.912430225916738,-0.352428526644521,-0.6296066640720915,-0.9448950608428692,-0.587376581118664,-1.1290551123597492,-0.9038725144341891,-0.8297103685848533,-1.109061409571427
HGBLNBBNRORJKI,-1.2512707919664876,-1.631146740753914,-2.8123563669017337,-1.566043149912887,-0.9162569811880585,-0.7750231374300475,-0.6276306254798023,-0.7174972926339482,-1.5005123431553862,-1.199345367401729,-1.8373713076951304,-0.7728819956326226
HHJUWIANJFBDHT,-0.5409272111709391,-0.8045736848795801,-1.4225830849854895,-0.6430363731428597,-0.37452519574518345,-0.46654725097136734,-0.29449845538634,0.1338524372013026,-0.47968975735289626,-0.8887543461072294,-0.30606413979380864,0.2846839639082845
HIFJCPQKFCZDDL,-0.47337083228595433,-0.9557351698713512,-2.659036813357267,-1.2258463044060965,-0.1800798956902016,-0.1826937691445224,-0.8163580199327088,-0.11246893608323379,-1.404734808094457,-0.8585446307663451,-0.798473491857927,-1.0593454481704074
HJLSLZFTEKNLFI,-1.4551013929994943,-1.7153171887942673,-1.6793335036092623,-1.0695788749250665,-1.0774456306953721,-0.6858868065836062,-0.9709685415485036,-0.5217825163021714,-1.0764891782132007,-0.9396082967148729,-1.5463114735819774,-1.2740890631153305
HJMQDJPMQIHLPB,-1.2352420312030787,-1.8353500863148289,0.4139073322757896,-0.7838804323396358,-0.5928502563145897,-0.8318635403998031,-0.9746781714908848,-0.4815783392035814,-0.48897576969264267,-0.9441257853310359,-1.04400186061915,-0.6254047309551202
HJORMJIFDVBMOB,-1.2578368794041324,-1.69626835395315,-1.41499875694043,-1.1931553909656296,-0.6067703916742624,-0.7270639723798884,-1.090611919123986,-0.711464985115191,-1.0766364682399472,-0.8411975209140805,-1.2473166132650426,-0.6651342215516476
HKXBNHCUPKIYDM,-0.08498575003460836,-0.7308707743420644,-1.9679845101466933,-0.929232133148102,0.09860731917801296,-0.1361107193483856,-0.8597468021386134,0.08582108403646549,-0.8272224606361935,-0.3681116789251384,0.8888954665879546,-0.6808039357325094
HLFSDGLLUJUHTE,-1.4256207708863362,-1.712941874513287,-0.687372007756301,-1.1202024912434296,-0.6249292300510503,-1.0442199787347057,-0.7910217494564858,-0.283960930933336,-0.7179299416980328,-0.6957111716138412,-0.9254957366086138,-0.833901982308577
HLVVITIHAZBPKB,-1.2112477521806384,-1.4733588659910966,0.5549313048528316,-0.7115607325504746,0.06848182981952304,-0.6657371265992705,-0.8834315620077688,-0.38095108746402817,-0.43809183492702397,-0.6205425358434624,0.2294214926398589,-0.41540900902816075
HNJJXZKZRAWDPF,-1.3974374011812745,-1.8781664105728186,-0.051926885383429836,-0.7250795129256223,-0.7133971050472363,-1.0438825209404345,-1.0071505048258582,-0.22961310512415112,-0.6300853364517642,-0.7037436913094228,-0.8134998485519078,-0.7851599799105337
HOGVTUZUJGHKPL,-0.7486758272481604,-1.3454622269243928,-0.5785947743279927,-0.6206338530576571,-0.32999474055717176,-0.7784498424369934,-0.9487474693012359,-0.3570550176062285,0.29694749357929406,-0.9928342985740746,-1.0581455444291932,0.2444399731113013
HOMGKSMUEGBAAB,-1.5491132171263324,-1.7702756289363553,-1.9889996717020884,-1.3621160508718975,-1.1560448715493532,-0.937563924282421,-1.1715161672866932,-0.9747663359376684,-1.0869342844752008,-0.6372909908107544,-1.9147809917975407,-1.234739275980182
HPHUVLMMVZITSG,-1.401149267317596,-1.73232316945586,-2.7188422363879314,-1.6739322939461936,-1.1744131942608702,-0.8965634171546532,-1.265068050405674,-1.3511829656400263,-1.3552457917091623,-1.0857589229047802,-2.148177886506145,-1.1225632917779924
HPJKCIUCZWXJDR,-1.4582837636226875,-1.8663645364533803,1.0308009832871678,0.9077428881699217,-0.40298883380936873,-0.8010938018644694,-1.0886124632608,-0.3169728500018277,-0.8694868585584004,-0.6046556533047963,0.0030116828978868112,-0.6341407367853042
HPMRFMKYPGXPEP,-1.4463713663624271,-1.836097466040136,-0.27528960017874193,-1.2686780878613646,-0.8143314539334738,-1.01849775254676,-1.2016336519892885,-0.6953904685646853,-0.30029496783267656,-0.9646632113336642,-1.7183889453704704,-0.722140089153296
HPNSFSBZBAHARI,-0.972203144880746,-1.2659335511552863,-1.6436899558812263,-0.7059799681706376,-0.3771537312131106,0.10178858278725893,-0.8847616727106908,-0.22411064486476576,-0.872722975170167,-0.78659142264373,-0.5554756791565816,-0.2911057240393695
HQFWVSGBVLEQGA,-1.5086766650250412,-1.7446904693976664,-0.950834829394612,-0.3580357570483169,-0.5877872966441473,-0.7556601040228129,-0.9042166901351504,-0.6695394396759854,-0.9890269714844908,-0.6598458153958935,-1.286815516144329,-1.140817212798299
HQMNCQVAMBCHCO,-1.337276259128029,-1.6652967238775815,-0.5321844774630127,-0.6171930706468475,-0.2177529186377958,-0.4161736912834265,-0.8196187300206557,0.3455428323502596,-0.1519738881574241,-0.3038265659103717,-0.12385101741211636,-0.3720583566038944
HRRBJVNMSRJFHQ,-1.2313438449645502,-1.6349046120391668,-0.12573737676093466,-0.9204741007541717,-0.5058329897673117,-0.8700894339150728,-0.7938397949192035,-0.19308501055335603,-0.4069239592021835,-0.7990988630613187,-0.596189854026913,-0.4166209968622014
HRSANNODOVBCST,-1.4669811812111644,-1.8304116623086208,0.20362177165232406,-0.9279051006819516,-0.10193794448186666,-0.844108517656964,-0.8147240015218761,-0.5547490200641242,-0.5992056420474253,-0.6647332283615547,0.21846644675557458,-0.3455761058483984
HSHGZXNAXBPPDL,-1.2602537761867838,-1.5437671635623151,-2.2997872878225953,-1.418117801907909,-0.8858155957269046,-0.7282936177193678,-1.1432518175703195,-0.5749850184892724,-1.2231479307935578,-1.0227634272117394,-2.185065490852392,-0.664064537314198
HSHNITRMYYLLCV,-1.206528669687526,-1.6079985022694894,-0.6391031295239366,-1.3004419255006598,0.18328570627181123,-0.42086026419646705,-0.04063853726970536,-0.2509104772479195,-0.3729637959340676,-0.37112724495227367,-0.05338804034724122,-0.3616010016678047
HSMNQINEKMPTIC,-1.517659013962397,-1.8664057629835917,-0.5830583904884697,-1.4803907421123317,-0.7370883111622826,-0.8760342536157218,-1.1720568987912794,-0.8281761482276587,-0.8857742078640146,-0.7983496014739051,-1.486503293077464,-0.8705387959422142
HSMPDPBYAYSOBC,-1.08296544177482,-1.4763797778984358,0.1670202016886685,-0.903639611210705,-0.2875444956716724,-0.563240455869619,-0.12706863509706792,0.288411329506171,-0.33063321331242645,-0.8043513438714165,0.19082792006155613,-0.03244438303378802
HSRJKNPTNIJEKV,-1.339041715166042,-1.839421987655433,-0.806755882909252,-1.1197030666563559,-0.5317309307336637,-0.9428063830811564,-1.2523523986642222,-1.00795819992241,-0.9379728165179475,-0.8209210123510339,-1.1710553475851724,-0.8343720260096239
HSUGRBWQSSZJOP,-1.0835857364267176,-1.7169360331897665,-0.7268621363681959,-0.888561697152164,-0.4088920769565499,-0.6981229160273572,-0.781875978704647,-0.09546535191215616,-0.817224538336207,-0.9577252507947581,-0.4817660912084927,-0.204884879941379
HTGCJAAPDHZCHL,-1.0045780354456755,-1.4475842459813093,-0.8418600491300606,-1.0131391727515147,-0.5684383131850611,-0.8986799473315739,-0.9041094332368418,-0.3293778686563139,-0.8215873566787188,-1.025530520382008,-1.2165528214285861,-0.7538097624708483
HTQMVQVXFRQIKW,-1.1742955434388294,-1.5617633488617624,-0.16620459619669153,-0.8832381133008459,-0.5784772942265337,-0.778779029653358,-0.5428780588649776,-0.3192300437101381,-0.8835348016020784,-0.9703775864022357,-0.7415177292794527,-0.758491331058283
HUCJFAOMUPXHDK,-1.5453094234436484,-1.8252151086234205,-1.0186574598191007,-1.0349221161105018,-0.583116514418536,-0.933764533979291,-1.1932289709735535,-0.6325501809452887,-1.4486432301180803,-0.7636995491061366,-0.9822380583462302,-1.0725900651261788
HUNIPYLVUPMFCZ,-1.4011146621050512,-1.8129744332275755,-1.0744364704343126,-1.2328289273685828,-0.6454338739729583,-0.9451707574718826,-1.1313263604702266,-1.0550616253821312,-0.47738414631550197,-0.998409887690135,-1.792229774226684,-1.08400479420565
HUNXMJYCHXQEGX,-1.1103127744932424,-1.7994953824024305,-0.2991128669037507,-0.5205185621463773,-0.5739797600729788,-0.8013285149279602,-0.9250663972767705,-0.34186970541012984,-0.48906771107426905,-0.9983513861589821,-0.7615438978593532,-0.25394001232358265
HUPFGZXOMWLGNK,-1.2608344435220522,-1.5823403926283566,0.07684569316827192,-0.2500139260088809,-0.02654759832612493,-0.46828513906855007,-0.2747108654784841,0.017642625817637755,-0.8140369281406881,-0.5059604704812458,0.10272969664770192,-0.5217249017043994
HVFLCNVBZFFHBT,-1.062229830593637,-1.4904387169029718,-2.0822144309890613,-1.4483319242359518,-0.9957927731422759,-0.8200448811625044,-0.8656528350621517,-0.16263153248024725,-1.0501639571382966,-1.1121650056515626,-2.0109004885820423,-0.5824413047060761
HWHLPVGTWGOCJO,-1.2553711209779665,-1.6156118721020454,-1.9576141425882347,-1.1886448978074609,-0.36321254763593974,-0.8500146077295514,-1.1765729803524805,-0.849301519792255,-1.2527436681990514,-0.7670888544221471,-0.8468126295609582,-1.1820134329784406
HWVNEWGKWRGSRK,-0.8389542430914859,-1.609217130961441,-0.5351379660048524,-0.38532589245500265,-0.11600874005219063,-0.2968687375739077,0.7414374482626864,0.2659519811794996,-0.6896337862081958,-0.8734777282043584,0.1795181922681353,-0.52038180909101
HWXIGFIVGWUZAO,-1.3197603499407096,-1.523162558328914,-1.267732739000739,-0.9447780199695317,-1.0929130713328528,-0.8239157280228461,-0.9451667218592661,-1.117594430756379,-0.8506072204352744,-0.9329979512326501,-1.9696002541560422,-0.8098138549101146
HXCNRYXBZNHDNE,-1.080656791099321,-1.5713260923715355,-0.7948470248727049,-0.9082282338612916,-0.6115508295851451,-0.709138278415121,-1.0154971458371644,-0.05529083831370917,-1.1314292900131349,-0.9925946232858744,-1.2549737263462193,-0.852880060232022
HXGBXQDTNZMWGS,-1.078756344972661,-1.51968022753087,-1.0208607383714166,-1.1705026837715509,-0.37344548393812294,-0.7689382092557976,-0.8700122064429389,-0.2613669072524519,-0.975439899051068,-0.8404983738056344,-1.00306454027034,-0.6910067096644986
HXHWSAZORRCQMX,-1.0874866312654266,-1.7380246319973185,0.8334518784632696,-0.9862748120411087,-0.5140242442780073,-0.8083586475041135,-0.7823628884577489,0.3833026063298722,-0.506256902831067,-0.9399718189435453,-0.9173192170338995,-0.7261982664366097
HXQVQGWHFRNKMS,-1.4190110920935464,-1.8268917786220413,-0.5264155763545363,-1.180475599897511,-0.3959082647974179,-0.782325721213451,-1.0498919031055827,-0.17028637223986673,-1.2488998357682066,-0.7493961608958383,-1.021165233773605,-1.0666546600759292
HXYVTAGFYLMHSO,-1.4657792226198096,-1.731996261522091,-2.564986930545598,-0.8517568906118638,-0.9258536069978758,-0.8709616437650636,-1.3544798160883822,-0.8877363243948321,-1.4847518395421704,-0.24199671791247418,-1.1616915463791269,-1.2311112070827992
HYFHYPWGAURHIV,-0.8809839162750837,-1.3776322296138637,-1.8340546074360764,-0.8284510733274824,-0.6198650787021766,-0.5007312929463563,-0.7749671080483461,-0.5718644401822296,-1.1348854603247782,-1.0282535375153123,-0.6746808006078797,-0.44428179632058146
HYPPXZBJBPSRLK,-1.1220507603644534,-1.3076458140925709,-1.4617592457836655,-0.8838938007629997,-0.27556433848658374,-0.7429486481686907,-0.7871384797328257,-0.5052533219077875,-1.286264391702762,-0.8435367174540176,-0.5203481670968632,-0.9898016317855749
HYWYRSMBCFDLJT,-1.363879731310457,-1.8964366716096266,-0.1749680153388148,-1.1513288750981996,-0.5462792885475488,-0.7948111059738505,-1.0914663237543332,-0.1410406217964417,-0.9367804545293299,-0.8789010083824468,0.5533247931127503,-1.1620264808423457
HYYBABOKPJLUIN,-1.5442064845514052,-1.8862441844315985,0.45457224698236487,-0.9805350519551109,-0.03717166028198844,-0.8129179680237505,-0.9009972424370178,-0.2147392564766047,-0.7285609912808481,-0.7288891208271122,-0.33987509774811286,-0.9363294344116869
HZZVJAQRINQKSD,-1.291726846561173,-1.6168038328572796,-2.5650613638102238,-1.377384655079835,-0.8141845090683668,-0.6887314931300687,-0.6691052124936114,-0.46784679682158214,-0.869461263155922,-0.9927642187291212,-1.8525265295642215,-0.7397894516894404
IAIWVQXQOWNYOU,-1.33756261867938,-1.7240749556645094,-0.36558545511932805,-1.468963979451416,-0.7331361791696874,-0.09664479678569476,-0.8403268258331527,0.5134761772263581,-0.27527916310127015,-0.534636815480013,-0.28740630951932994,-0.7184363691745865
IAKHMKGGTNLKSZ,-1.0672067337662425,-1.4502674583056527,-0.4308820149769794,-0.7336443465735285,-0.5842577758175697,-0.5949998146364438,-0.6416109676076706,-0.04617622146015037,-0.3465953644102188,-0.9441748906556731,-0.48746422435689396,0.08989178057568066
IAKOZHOLGAGEJT,-1.3853173262383913,-1.804343180572082,-0.038127358597890786,-0.23751112860766674,0.3089308332432604,-0.5912501418693804,-0.6573146002738772,0.4760412382207896,-0.5757478015941411,-0.0495909440470388,1.4364841852204486,-0.5129215120006321
IANQTJSKSUMEQM,-1.5423740352707793,-1.88583988846257,0.6806061918454887,-0.9579084367284734,0.19862663570923617,-0.7938346918240581,-0.5165884240688452,-0.2428555833946514,-0.34826009063803937,-0.3616690369180697,0.8399730113002069,-0.36313733021902556
IAVUPMFITXYVAF,-1.076687309126528,-1.4997951525786306,-1.424536897532347,-1.1500912355518151,-0.9673714945345524,-0.7732675999138475,-0.8388275467154145,-0.3532968130125551,-1.0511996648436068,-0.9383498666845622,-1.2165263186802233,-0.858011313782724
IBAQFPQHRJAVAV,-1.3142735594672195,-1.673975811121927,-2.81640878192846,-1.5261826148439173,-0.9764528640430484,-1.0313267117924676,-1.4076048548680609,-1.4749378125770356,-1.1347885283468373,-0.8894576870131374,-2.4377584734799838,-1.1856994985817635
ICFJFFQQTFMIBG,-1.5146938619818124,-1.864530300370887,-0.2347723627143686,-1.2678319090660486,-0.5550893255987406,-0.9729941357390193,-1.10079977368467,-0.5801139648415315,-0.9112378356263536,-0.6547397619332072,-0.7342895416613842,-0.8089683739015257
ICKFFNBDFNZJSX,-1.565663563894337,-1.8663067573055452,0.27797414695474165,-0.5066821712244934,-0.5503648885204582,-0.9555549154203828,-1.0785765585191611,-0.17247472497950253,-0.9850392356023219,-0.7753368694605146,-0.24492184946773382,-0.8253559014233789
ICMGLRUYEQNHPF,-1.3170039861245346,-1.7219166013068352,-0.9799375779356118,-1.1754172648231296,-0.9606961469874482,-0.9475053563467288,-1.0427558395517602,-0.7020994293311548,-0.7881495528735868,-1.0138618583459875,-1.5986085567824633,-0.8223931881305314
IDCHQQSVJAAUQQ,-1.428701333031291,-1.8584416173221523,-0.5861084666749199,-0.8633986450119401,-0.6290535725614115,-0.9456227230448587,-1.0127146702408525,-0.37285625334704,-0.7146146573509772,-0.8806885975981386,-1.060921714211547,-0.9008724878853768
IDYZIJYBMGIQMJ,-1.0982848183382292,-0.6765490713582603,-1.1923787089610292,-0.8232741836898334,-0.7764446385850723,-0.6861700625895139,-0.23377047801523848,-0.25496047924787085,-0.8973328999377572,-1.086244368218388,-1.592469269979252,-0.5372636114505212
IEDVJHCEMCRBQM,-1.323372906955867,-1.7819355544922966,0.5154118868776653,-0.7676776940904904,-0.6243859678038456,-0.8169123367431556,-0.9657405808178074,-0.15997734054955737,-0.7898975380563715,-0.8362958978902267,-1.024453695054435,-0.4985265052820531
IEKOTSCYBBDIJC,-1.5299281272874024,-1.7711190238106371,-1.3002539498220382,-0.6931586050266109,-0.4318367804598398,-0.459380163564677,-0.8713066311548399,-0.4153574436309851,-1.221773184675941,-0.9231329320691258,-0.6905875289196112,-0.9127962643899838
IENZQIKPVFGBNW,-1.1050611371383523,-1.6451773142626265,-0.1293226763777638,-1.0217770257709002,-0.5199263352770964,-0.8074074697915379,-0.7061112886683366,0.20055234027282262,-0.2759801197051478,-1.1023737455678664,-1.0001137312911519,-0.44872330357249357
IFFPICMESYHZPQ,-1.3166722269045834,-1.8220015685971505,-0.6517595439860157,-0.775640479446935,-0.16283828501182424,-0.8718276383441657,-0.8670237340072874,-0.06814502643207954,-0.974013849115019,-0.6046665641647258,0.27218947962829126,-0.8469464397773525
IIBYAHWJQTYFKB,-1.4797328424479872,-1.870057338294437,-0.6093211960040075,-0.7151700907766185,-0.3246409121340437,-0.7333713285708215,-0.9662397710399511,-0.4136045776856378,-1.1157248511527533,-0.934212010205072,-0.3643217546985733,-0.9794912796415168
IISBACLAFKSPIT,-1.4107959506957626,-1.8106193195008213,-0.2658505295807728,-0.720879188005509,0.9035477748826596,-0.1954869459693999,-0.9355978823697507,0.3865649402378158,-0.5138269584380574,0.1336680191194463,1.335599913755102,-0.33160601266657397
IJHNSHDBIRRJRN,-1.4018813010441795,-1.834683327790374,-0.583543030001462,-0.5850556199376299,-0.40863449761748133,-0.9524836416340888,-1.0980829421965792,-0.4481171929243773,-1.1512981015224844,-0.6677157256301137,-0.38709473516293164,-0.7796257871352272
IKBKZGMPCYNSLU,-1.330109468470579,-1.7718394715548242,1.4202173365481319,-0.7058501837135647,-0.5927042963288819,-0.6581605014341395,-1.0007626610544509,0.15739615310429372,-0.5166097497784026,-0.4749386286618562,-0.24039175440785152,-0.44339800350441766
IKGXIBQEEMLURG,-0.8555732754119914,-1.5209227143658213,-1.4948811673600944,-0.593853882070393,-0.1923075328086615,-0.48919116090483106,-0.4961652853122269,-0.23256786803286755,-0.39772567688587535,-0.9150950236754797,-0.19961988757359153,0.09333292130950267
IKQCSJBQLWJEPU,-1.539595292074529,-1.8591580047730099,-1.0367387543416606,-1.6341699992634242,-0.4233445125889682,-0.8035838069554075,-1.2411506035756483,-0.8316382787267036,-1.3267771447406496,-0.8989289317916053,-0.9365754045466859,-1.2870386395430884
ILNRQFBVVQUOLP,-0.651497790570838,-1.421943906560871,0.2940805893179703,-0.6676863004704091,-0.21356610195450404,-0.6818576256775515,-0.2988405068233085,0.37227722659737,-0.30170513316756714,-0.972310399524289,0.20835558215724861,-0.4297197661631574
IMSSROKUHAOUJS,0.6437700684267142,0.23472555874946224,-0.8371176226628195,-0.9371784145793374,0.9990807413605383,0.9044768903007399,-0.8891169767306604,0.4512857923126097,-0.8259972935076645,-0.7653535040763932,0.5734592885541449,-0.6565404171301413
IMWZZHHPURKASS,-1.5164804569450834,-1.829238154848603,-1.032738953907973,-1.2388912904856102,-0.4988331304164343,-0.824553745530773,-1.0940584635227335,-0.7821934302453571,-1.102035458019093,-0.8126704628916201,-1.7148910487736218,-0.7798793854847916
IMYZQPCYWPFTAG,-1.0639574848468334,-1.3316119169696379,-2.1999838679091837,-1.23594914691592,-0.26837050213171937,-0.6548121038019519,-1.377583772194265,-1.160432713699127,-1.4821246171635942,-0.627548322223374,-1.2137827869101394,-1.235238761442398
IMZMKUWMOSJXDT,-1.1759682687880026,-1.4260808721479703,-1.0053229614642865,-1.026816028499222,-0.4077441263197051,-0.5337886422347801,0.09846619475396427,0.2332768973626262,-0.42748860720461607,-0.795106499152546,-0.8294478069793532,-0.5719908684592495
INDBQLZJXZLFIT,-1.397614487231147,-1.8570112791434115,1.011804625996118,-0.6633027090935727,-0.47430255415886613,-0.7740204117333128,-0.9873741056897956,0.018915106584203752,-0.25114458316864885,-0.8169830937904573,-0.44469236050425864,-0.03913096071878449
INJOMKTZOLKMBF,-1.5425720308208892,-1.8207817448205683,-0.19709880873760133,-0.7889522281819286,-0.533526131281107,-0.5161310371828601,-0.7718005911562557,-0.27081551224486117,-0.9614552953628186,-0.7425265246336133,-0.6412570698959077,-0.6515816301170202
INWLQCZOYSRPNW,-1.5062541069090674,-1.8102549365489078,-1.417702267392649,-1.3225402576492042,-0.853757079226658,-0.9294984471108416,-1.3140651407601545,-1.0767096298502579,-1.4086072353449637,-0.899481995369437,-1.2285249998659236,-1.0407355214925993
IOVGROKTTNBUGK,-1.3582385867678812,-1.842317413785735,-0.6885428187688676,-1.1767216700668965,-0.10342892075427775,-0.8101801847545766,-1.1026727127914018,-0.18035939677983748,-0.6768885652047103,-0.6255189871907096,-0.5018901655060015,-0.7611862963089213
IOYZYMQFUSNATM,-1.4729644657028256,-1.8103762493820053,-0.8760345982628971,-0.4128113069164671,-0.6776468157326552,-0.9061511729675222,-1.252719973117948,-0.44542454724845304,-0.9783598350840539,-0.6137275113160555,-0.7814559572573145,-1.068690738626458
IPEHBUMCGVEMRF,-1.5737911412684453,-1.9028726766527018,-1.0005161366430635,-0.9829572937380556,-1.0609292127045333,-1.0354630539566667,-1.263779415519629,-1.1113838100896039,-1.2702152029189913,-0.7780934667438892,-1.8554407436561628,-1.000504492782775
IPOKCKJONYRRHP,-1.3372044815541042,-1.8087173494660274,-0.011295201123408405,-1.4390289275599384,-0.5441006761575966,-0.7255773876756244,-1.0080913516942382,-0.26819225357461235,-0.473428347285515,-0.9271823662020449,-0.508119097716477,-0.8381391583849787
IPVQLZZIHOAWMC,-1.2962847124666175,-1.6476410277546265,-2.6538099716914676,-1.3276741653295885,-0.8000970569298136,-0.7094866383799266,-1.0323627847861514,-1.0630858812949653,-1.4641504060815278,-1.1148674792870945,-1.7660469974116204,-1.0203764649422489
IPWKIXLWTCNBKN,-1.4186236334354554,-1.732698563869638,-1.2809886771152736,-0.9600515535292565,-0.8286866352181651,-0.8267008487838112,-1.1982226022005746,-0.4492901569080924,-0.9859309819800849,-0.8673538071989565,-1.1130140305205285,-1.2086909558391674
IQPSEEYGBUAQFF,-0.7275025768228934,-1.7766055877494946,1.5953070287368454,-0.8025232973191586,-0.5974071761186475,-0.8434069520519523,-0.8288785263883292,0.7430372848826902,-0.6234417451178391,-1.0245158549085738,-1.1133225186129985,-0.7909711518789103
IRSCQMHQWWYFCW,-1.3183338169189824,-1.75737599295214,-0.7355473133753018,-1.2345216237806078,-0.8317916382113727,-0.9477605032351912,-1.128977172498521,-0.9071373724674576,-0.8400493242924025,-1.0203793478645027,-1.9126764784336292,-0.5662041225335954
IRYJRGCIQBGHIV,-1.307599831790017,-1.7249948022765502,-2.3035651502812637,-1.3739208067874509,-1.0798929129302948,-0.9495803381476884,-1.260713942732058,-1.2338441788844798,-1.4228632251327333,-0.8284625139156114,-1.9183916506954457,-0.8254046333466754
ISEUFVQQFVOBCY,-1.489735551879471,-1.7840998830341972,0.032011535269878356,-1.3972668358977136,-1.0573706410439467,-1.018908113919976,-1.178368356378188,-1.2140916344463522,-1.2441068699176556,-0.8972644419256668,-1.3323428286567167,-1.1182474016356174
ISWRGOKTTBVCFA,-1.1535613820414856,-1.8966053785794654,-0.2868603945451345,-0.9972388378207437,0.14766027236613655,-0.8504680062014767,-1.0153286019813572,-0.6471082223975635,-0.7581966610515566,-0.6642599329982884,-0.752942568418975,-0.7375770281796444
ITJNARMNRKSWTA,-1.3306781482017411,-1.869342916801386,-0.5473625824594637,-0.9984790489195317,-0.2944728713116378,-0.9376459691694174,-1.1664944467377008,-0.5286283706487113,-0.8634980603551152,-0.8242231667012074,-0.6552809399996534,-0.9818336429750761
IUBSYMUCCVWXPE,-1.4164233306787353,-1.8566710204957249,-0.9384204774635461,-1.0737539289008375,-0.681506408700907,-0.9978954535539555,-1.1162572322219548,-1.0389923299497577,-0.8807188300851783,-0.8231732090178309,-1.2970603033633337,-0.9816127622631128
IUWVALYLNVXWKX,-1.5002254018546342,-1.8223261132273991,-0.25566352747676374,0.03781775661706839,0.06894527712322018,-0.5438660250242723,-1.0853057483179105,-0.6882437108933501,-0.9528478827523025,-0.5018107859634298,-0.8399427367410552,-1.0469145441463084
IVBHGBMCVLDMKU,-1.286377653339474,-1.6525385907752834,-2.4199401175649475,-1.4939678422891975,-0.8498119933437843,-0.8770572933134735,-0.9519776947269339,-0.5168818926382139,-1.2508499435984568,-1.2287920284444174,-1.6564926080869777,-0.8378058616205257
IVQOFBKHQCTVQV,-0.7256225170404097,-0.579657853863217,-1.2964841398488778,-0.7863871659112203,-0.019115356755185775,-0.7168413839964622,-1.023075248384138,-0.7693543423745955,-1.1566691418517272,-0.9037318954815302,-0.8527513285238102,-0.9322146393240262
IVTVGDXNLFLDRM,-0.9160233691731539,-1.4890026107456982,-1.0268281062793472,-1.312436118062261,-0.6011419874840174,-0.6684418954602328,-0.3867400226619153,0.01901170121393747,-0.6963395184114923,-1.135884247162863,-1.2928449527934922,-0.38071147244402553
IVVNZDGDKPTYHK,-1.5661473905422856,-1.846339716699868,0.0825635705884387,-0.812199999798751,-0.8771193233660087,-0.9376534157876671,-1.2084773207087027,-0.8856449759340587,-1.2760585652151903,-0.8150421639430295,-0.6765069593036624,-0.850710912300155
IVYPNXXAYMYVSP,-1.4450893458378011,-1.874564006911644,0.7347875322636737,-0.5531658269996084,-0.005775633393661591,-0.6690011859476365,-0.9111712233471986,-0.7428082058366804,-0.9387216622764322,-0.5696550617563054,-0.5117864661379705,-0.557345805215573
IWUCXVSUMQZMFG,-1.169043916746253,-1.7452433475838731,-1.4527663429111848,-0.8127461612662159,-0.8948028641189321,-0.8922802935473416,-1.15039522915346,-0.9947520893015334,-0.6772999071707537,-1.0380490244604998,-2.02753209917388,-0.6142438678929535
IWVRVEIKCBFZNF,-1.1031261528334675,-1.3203394779788231,0.1890426222194028,-0.6506961333139132,-0.36676835586160905,-0.6498974755210002,-1.0089378324316374,-0.2948094378026316,-1.0202032869296902,-0.8610860115903818,-0.6312380306879479,-0.6030591427893974
IXHBTMCLRNMKHZ,-1.2834158380892025,-1.6598523954703062,-0.27582231479596975,-1.0629349022624701,-0.6317161924011447,-0.6839544739866009,-1.200532919080878,-0.721944396786038,-0.9020469011100635,-0.837020544558559,-1.0325364547573597,-0.7191865940566663
IXORZMNAPKEEDV,0.26705259908763285,-0.022341653149524857,-2.692560881128402,-1.0868537082562062,-0.019565218779996403,-0.1922606546667808,-0.5608742206639612,-0.1653545379831593,-0.732657971701025,-1.0764872452690764,-0.5584755250481257,-0.5306774146864615
IXTMWRCNAAVVAI,-1.4140679071271678,-1.8705049559711324,-1.159940122527566,-1.3186937925113857,-0.839641037600669,-0.9730122983096934,-0.9500022595153577,-0.6653952627146416,-0.8667537611502926,-0.8413159652924027,-1.0745791412415224,-1.12577703291884
IYIKLHRQXLHMJQ,-1.0817753194746618,-1.3685069798272078,-0.3156468086903166,-0.2340157947524151,-0.30976483018008355,-0.4877031608602532,-0.0463059555707236,0.8173382398762111,-0.5413870163207876,-0.8149195065870323,0.6692017619958762,-0.29717156208700124
IZEKFCXSFNUWAM,-0.9739939647676061,-1.4245218333745717,-1.0505503973510026,-0.9136248430169567,-0.7103578689333213,-0.9181647386709832,-0.923628618974494,-0.36798016037509185,0.20923105661665706,-0.900189855214748,-1.8585829524884934,-0.8083307173448646
IZJDOKYDEWTZSO,-1.4507042026441241,-1.87376981900688,-0.13862841032695256,-0.6119351069971413,-0.30017096900257356,-0.9106354180883806,-1.0807210107900465,-0.049024742093389584,-0.39532495749468816,-0.12899952865838646,0.04273328627550883,-0.789897504206262
JAQUASYNZVUNQP,-0.6600090262885514,-1.062496654619886,-0.9653622713176383,-1.3026377409836352,-0.05268344818641601,-0.4450939489416129,-1.3112033494682545,-0.41231331623683387,-1.290159112195872,-0.4754233744319879,-1.1304670304107058,-0.9248396954201548
JARNORYOPMINDY,-1.2416510100596265,-1.766117785910168,-0.7266622779096223,-1.0244451899625353,-0.5716587197306289,-0.8594174258678092,-0.8709942309118276,-0.2314717583992377,-0.8564048626371532,-0.9296935832894543,-0.8900847211962292,-0.4933882748794325
JAUOIFJMECXRGI,-1.1979080373640287,-1.4718114269659255,0.08484400584769249,-0.2963219143428488,-0.25275988064386096,-0.6480130262191753,-0.9535739148018949,0.2527065280796719,-0.7569381221617106,-0.7270274222381111,-0.18039142508068434,-0.15273912502472387
JAYAGJDXJIDEKI,0.06890802653884244,-0.13962184338472367,-2.7119688825692396,-0.39255934283006333,0.02929362750770427,-0.04584315665810318,-0.773844784415163,-0.35423861418858305,-0.6477480485571292,-1.0558995556964148,-0.6821473850407129,-0.03419122830562579
JBDGDEWWOUBZPM,-1.441504663061258,-1.7528571913937747,-0.6520274646444539,-1.068384961908099,-0.456317826462252,-0.79472801747995,-1.027818616708903,-0.25769226296686826,-0.987934710376583,-0.7147568461990732,-0.08683452764708002,-0.7461711590317289
JBIMVDZLSHOPLA,-1.1992594505892857,-1.5351818050535697,-0.612404378308886,-0.8872539284660251,-0.4180370555435312,-0.34014311598834746,-0.5301256190704287,0.05509207262719588,-0.5241382239070513,-0.7312497356670038,-0.34406939521966456,-0.6522098408008445
JBKPUQTUERUYQE,-1.5034464820808282,-1.8959274525628822,0.24391274642280333,-0.8959902902027563,-0.5307842041589907,-0.9936797177729175,-1.2100377580186554,-0.6333117840380402,-0.8336826406051302,-0.4761082068159933,-0.7553635616427439,-0.9174571982208293
JBMKAUGHUNFTOL,-1.2589116872656327,-1.7702214860102354,-1.0526439273090515,-1.4576290435703236,-1.0679123009949825,-0.8344768107218354,-1.0588344791742863,-0.63484107698169,-1.0874090340332732,-1.0637216158257514,-1.119718819187339,-0.9500910203829963
JCCNYMKQOSZNPW,-1.1978654183617756,-1.3568007311241006,-0.3575891149761814,-0.4588846847997583,-0.0794530362409356,-0.5673173839691049,-0.5910859954251401,0.5866442904779674,-1.0966009083855806,-0.8041538511455656,-0.18780536035658518,-0.6027238330566445
JCKYGMPEJWAADB,-1.3959270783707092,-1.5287170510480592,-1.0067084776635777,-0.8844602385053051,-0.5773480745361497,-0.49324634851486393,-0.6640574973361083,-0.23644804831912133,-0.7323125222392031,-0.15360621186966883,-0.6991188612938926,-0.7870764496982587
JFIOVJDNOJYLKP,-1.4450510073429914,-1.748129508215317,1.297431551611561,-0.6712914592603898,0.1321785428629614,-0.5613877638018898,-0.5802692719636903,0.7801768748723127,-0.8215939963315573,-0.47879604853377744,0.8375164469995967,-0.4665182108604859
JFJZZMVDLULRGK,-1.0786890034142738,-1.6088502513468108,-0.2564003928235564,-0.951700029022343,-0.7161466378406736,-0.6858864182963649,-0.8129166512465531,-0.11805293259173077,-0.727437933584113,-0.8167446853625043,-0.06289959097724875,-0.3215322992220197
JFPVXVDWJQMJEE,-1.2205028401305467,-1.6358310736945005,-1.7167833773102976,-1.3707539604886199,-0.7492738718989014,-0.7726499087466773,-1.0085317300760135,-0.09530537249005365,-0.5294833666398092,-1.046541573521588,-1.677490032560176,-0.3072022406806366
JGOAIQNSOGZNBX,-1.260063505417067,-1.3506102564439397,-1.2302668361794273,-0.7829497197606768,-0.18135044584620927,-0.7193500620077786,-0.950863929759602,-0.5903045993361635,-1.1387617036049493,-0.8400004527036495,-0.7489200280518935,-0.9992219316753117
JGPJQFOROWSRRS,-0.9497847715097003,-1.593344037250354,-0.7472067675302486,-0.064819927076323,-0.5738381292079276,-0.8307206297960213,-0.8843040378967044,0.14723166392130643,0.9019261629765881,-1.0404083261879151,-0.6771163470413317,-0.733737280038719
JGSARLDLIJGVTE,-1.3304429536380575,-1.7126004144566298,-2.182942521147907,-1.4808398915029706,-0.6264807851321951,-0.8022537011176495,-0.6024651270827115,-0.598998804924404,-1.1316023371009005,-1.187201558807221,-1.7462787235533324,-0.6651511119925491
JHOHXJYRVSLQCB,-0.26630572595015,-0.6404126049605479,-1.085190337107943,-0.6260994515984364,-0.20619770601723753,-0.4081947924450852,-0.8899043713162752,-0.20114370493590195,-0.5234840812518005,-1.0330980005365336,0.07485862875823801,0.04151183738035316
JIEKMACRVQTPRC,-0.5501890019537522,-1.4135332235958962,0.20747672111965687,-0.49604183447306527,0.08942870121495454,-0.6027366561305894,0.5751981665860004,0.4403724636933948,-0.5059176787710001,-0.7584794042047629,0.7003597398993437,-0.2679282687267155
JIVPVXMEBJLZRO,-1.2724257244754895,-1.678239643910895,-0.6008952361235885,-1.2049757849392047,-0.6857201914236827,-0.779512207784304,-0.917944871695772,-0.4059521776159393,-1.2629440188764822,-0.8804966527000913,-0.20232673052763422,-0.7320551120459271
JIVZKJJQOZQXQB,-1.601800650858699,-1.915263187586871,-0.9000938848506106,-1.2693933127224806,-0.5879515285290458,-1.0980215647537082,-1.2570553272230802,-0.7325289978531072,-1.1082310631818304,-0.7913624048581587,-1.3136521029915957,-1.1299773954668966
JJCFRYNCJDLXIK,-1.1593043607371536,-1.2585514811829366,-0.0693279779900089,-0.8912695533038044,-0.32520933532753277,-0.5276806531151667,-0.9785087956858792,0.3114614700800062,-0.7979060357455695,-0.20349933575,0.24496744009319213,-0.4753599627930343
JKKFKPJIXZFSSB,0.011302733401491271,-0.5802480887845491,-1.313439969951693,-1.2095595813372946,0.4272465679554493,0.10838863289391935,-0.8756929193613511,-0.07765698420066433,-1.3398327286809393,-0.909780070738089,-0.1012961710799544,-1.0865670927119704
JKOQGQFVAUAYPM,-1.5471673043909182,-1.763201808795484,-2.343911081691045,-1.6250603603873885,-1.2409755599863415,-1.0451751215488911,-1.411267743002261,-1.1958014431971644,-1.452808991267058,-0.7473807493140066,-2.21748184601658,-1.4315281983281292
JLGKQTAYUIMGRK,-1.292129360632668,-1.6319117355422221,1.233134328906901,0.8213326396099885,-0.17372156664421187,-0.6577139337424129,-0.47933971625743266,0.8236938944822346,-0.7224752051356969,-0.5672897731308644,0.8731619689596837,-0.5567649326240541
JLICHNCFTLFZJN,-1.2929611001048658,-1.70453033441355,-1.3827300397438942,-1.160576804683547,-0.5045606881012441,-0.7831500822318471,-1.1694272098438683,-0.528617664942716,-1.2172266242540222,-0.37447189456491425,-1.0632595595437517,-1.0649202432482165
JLKIGFTWXXRPMT,-1.5389138059835816,-1.8801644582499881,-0.7631936064805894,-1.418903306374504,-0.8201276620302497,-1.0411069960377468,-1.1282352165807605,-0.6250381372334706,-1.1603618579817983,-1.071984803299471,-1.0720091334255264,-1.2409337308395127
JLRGJRBPOGGCBT,-1.604703277611701,-1.866227935518964,-1.657117765295004,-1.595475296641399,-1.1251649909668475,-1.0661093649078084,-1.2081337579427143,-1.2087509741354538,-1.5651549843289672,-1.0651347493368424,-1.5836106773718983,-1.4908173789797048
JLVHTNZNKOSCNB,-1.0781694110940452,-1.5235130143736137,-0.7177006171215168,-1.0255403571185866,-0.8174686319808759,-0.7467494587918494,-1.1272442202224826,-0.6943676672469398,-1.2469522370418362,-0.878697335393223,-1.4759169618180492,-0.9679331521668779
JMPFSEBWVLAJKM,-1.3871331085249632,-1.7314539701195755,0.48414475753165853,-0.5736363784854375,-0.10985034265134784,-0.4820716358455368,-0.6503612453838492,0.3658306832296696,-0.9113094086066199,-0.8430752383156144,1.8526294352620605,-0.31169543529640814
JNMRHUJNCSQMMB,-1.3741601077872045,-1.9058332231489632,-0.5894695909752086,-1.4001057315663943,-0.8266240806421317,-0.9950786855917921,-0.9835163803144182,-0.3842865924158963,-0.9041686541715661,-0.8165305127803715,-1.0650526767774633,-1.1895213391603943
JNTOCHDNEULJHD,-1.3489111502543552,-1.7730706011111566,-1.0068837412090739,-1.1692361723075926,-0.9720264831242225,-1.0077072494368227,-1.1346494826357012,-0.6746649776471746,-0.7952203001849742,-1.0122011243720306,-1.9559601564669968,-0.7161459586143976
JOAHPSVPXZTVEP,-1.1208036411106959,-1.4933852943656907,-0.6693969637711225,-1.001238813470248,-0.7447262824045127,-0.7394525038334602,-1.1587515531104504,-0.6587259840043796,-1.424388653227757,-0.9393793818584849,-1.718786116672458,-0.8012799692415811
JOATXPAWOHTVSZ,-1.467204324298903,-1.737048687869525,-0.7523338078189297,-1.0407909410808498,-0.8633347161239331,-0.9372533014765325,-1.0143693651945789,-0.7537513380961617,-0.9164484667694943,-0.9337418621058079,-1.0120998175553075,-0.7693091441417867
JOHZPMXAZQZXHR,-1.182140605360516,-1.136147244772041,-1.0456226179418462,-1.0976284890731054,-0.8709389497417701,-0.7826217236478681,-0.7444624664824212,-0.4526701937835901,-0.686605553979593,-1.1014068710013056,-1.8720033728366994,-0.6632814578861698
JQSAYKKFZOSZGJ,-1.2442371217548487,-1.694527641498972,-0.6484692449161822,-0.6856166610888537,-0.6329252454680157,-0.7871271645997877,-0.8670557744026661,0.04722943376019769,-1.0784626826151977,-0.8189433937222164,-0.4823417275923502,-0.8207020445807705
JQSHBVHOMNKWFT,-1.1717232899735817,-1.4796535872956258,0.07181596020754692,-0.6273207474105468,-0.744783196466188,-0.8445113060690117,-1.214888258177055,-0.7951075541547425,-1.0025726360330487,-0.6161773677781713,-1.6138364140536612,-0.5222982622697203
JQXXHWHPUNPDRT,-0.8427483927095114,-1.2873620507905388,-1.2655001928759284,-0.3823929973115509,-0.5605659920400453,-0.5199057018385788,-0.7753704594047182,0.1937919840752702,-0.23206070638586393,-1.0662327590043152,-0.0016980079352097086,0.12002758341072257
JRURYQJSLYLRLN,-1.3889547406305631,-1.66602274825255,-0.543909330278982,-0.8741281509404746,-0.7501886628240149,-0.2765801241999703,-1.0692626969858696,-0.12121036396828551,-0.6863057930880672,-0.7726432667501888,0.05098010614855365,-0.7493538436650455
JRWZLRBJNMZMFE,-1.3376436144327408,-1.841378192544903,-0.7529758364874898,-1.1638380251402418,-0.2925332130517912,-0.7552153241789927,-1.088764162216517,-0.050386163568207826,-0.881770234135621,-0.6829297962640699,-0.3966022866201991,-0.7348514421467918
JSDRRTOADPPCHY,-1.3384414573469172,-1.7389644313500963,-1.5842159834603715,-1.2242886172913963,-0.6515572145632729,-0.7364025529491977,-0.9141079471059705,-0.8725855070686964,-1.275390884109602,-1.119471721788912,-1.0579379727795921,-0.7767408992185565
JSWZEAMFRNKZNL,-1.2066737730062196,-1.7242166372888263,-0.6005260802159331,-0.7788984404579152,-0.7680387644064876,-0.8296753390648497,-1.1700832480557684,-0.39577334368043837,-1.0297664075761657,-1.0521793883575314,-0.9693179574961335,-0.6596695489789104
JTEGQNOMFQHVDC,-1.2273003455044968,-1.7305414315222154,-1.1644382234907276,-1.135868144860345,-0.871833000623028,-0.9170471469504213,-0.9608787756673909,-0.8373759738733518,-0.2993375257947856,-0.9139356446667909,-2.0783040741586456,-0.45215786479277775
JTLXCMOFVBXEKD,-1.3131796022787525,-1.7165879898364425,-1.744637668573437,-0.9906935807021823,-0.6657211515605713,-0.6382636520736388,-1.039874069843369,-0.8876000811308917,-0.592729238051523,-0.9467365454181303,-1.7431298648345395,-0.6625725518935978
JTVPZMFULRWINT,-1.4896003735229093,-1.7839673265644513,-1.2981173385118854,-1.3856511656302446,-1.000794356526451,-0.9410784344278662,-1.1006692541797731,-0.8101666781024341,-1.0842697909250851,-1.0676391507391836,-1.4953495436068116,-1.2277568803304848
JTWOMNBEOCYFNV,-1.3788906607824218,-1.7190245301271712,-2.351782808598983,-1.5848106537287565,-0.870298870666725,-0.925151494700002,-1.0356547428411744,-0.6778653667360468,-1.4854414590287748,-1.2782439397677259,-1.8359855744902418,-0.9060109207767326
JUQLTPCYUFPYKE,-0.8838073365220755,-1.1837337478614554,-0.7658272683211219,-0.4743207882689128,-0.34683093430984197,-0.6282626859943563,-0.6578088889377042,0.631450699292668,-0.9144484791422217,-0.859022709628432,-0.05071322767304608,-0.5585138444391693
JURKNVYFZMSNLP,-1.2773770671810187,-1.0145583837341317,0.790995910921775,-0.7281006071648901,-0.2155973583838082,-0.4192229318759327,-0.906748608673467,0.4169203674563178,-0.7602648120355353,-0.08582618831169345,0.9022877171995503,-0.2759974687385689
JUUFBMODXQKSTD,-1.451354504719632,-1.826441452604212,0.6077708443172531,-0.7455880225416474,-0.4226500172017627,-0.8789298926245228,-0.8807192778564887,0.014603881956411513,-0.5835185183161716,-0.8634002354339649,-0.6256236736435353,-0.7369229066671291
JVGBTTIJPBFLTE,-1.2048756804585086,-1.6087952181176792,-0.875209951347506,-1.331303344058149,-0.5791963950067824,-0.8975742061128429,-0.9571882217479708,-0.17500677445708987,-0.6602811275361872,-1.0044000988140769,-1.570897156550198,-0.5167869503691509
JVJFIQYAHPMBBX,-1.2068574535787975,-1.5558187231137248,-2.475913026067781,-0.6925427355079627,-0.6900443422427949,-0.6608966501818586,-1.0981081028479411,-0.72790173676093,-1.2167226409081375,-0.6328123954326565,-0.94766825479524,-1.0951611064629543
JVVXZOOGOGPDRZ,-1.1340949118419794,-1.5046748947160165,-0.48279217351542164,-0.8082688344955693,0.020257185492570592,-0.4635850367536496,-1.0877337310246225,-0.4774244046656685,-1.5007975460701706,-0.4980202961435414,0.09605987835024656,-0.8286365627973695
JWBOIMRXGHLCPP,-1.532055612902516,-1.7169178059015966,0.19364095167335477,0.2712259403122482,0.35765676093020093,-0.36811932721741164,-0.6423726085549025,0.7962829096968362,-0.8776591470522016,0.053329010303723924,1.9383769910480149,-0.3153611306666307
JWCSIUVGFCSJCK,-1.083466474426926,-1.6979610730502464,-1.6117707035062931,-1.206033489330435,-0.7683188961249539,-0.7897858040328721,-0.8723037753972511,-0.11415595067389056,-1.1053834329574341,-1.1036564167302167,-1.2645574295630362,-0.7062371317768481
JWDYCNIAQWPBHD,-1.4003053245800623,-1.8654176073690714,-0.5710602674379801,-0.56064749662512,-0.368350021747407,-0.8984878300457455,-1.0999777199692429,-0.8597088754787331,-0.8581958249901224,-0.8136330522875123,-0.9405348587943192,-0.8850858428577613
JWHAUXFOSRPERK,-1.305587458511621,-1.7212609476770215,-0.6907090343878598,-1.0139098145900458,-0.41601064546760436,-0.8182028575123947,-1.0948918557305456,-0.4851025528048184,-0.9400113743422019,-1.0114072515210204,-1.1115544283084673,-0.9611416331229679
JWUBBDSIWDLEOM,-0.43820151239132277,-0.8784892587186582,-2.112771008553933,-1.0248807373951014,0.11200332733927958,-0.09301352390804538,-0.8452034130660118,-0.010521920940932024,-1.0811056410628752,-0.5338886452578486,0.37187572162727894,-0.8452142792838104
JWZZKOKVBUJMES,-1.4446197231313274,-1.8137318912485194,-0.9785010852810418,-1.3117892941777762,-0.6276230526548949,-0.8092025897261733,-1.1419301355545128,-0.7963565879327581,-0.9143318652052184,-0.8091783879294749,-0.8266175919313835,-0.8441581893605371
JXDFEQONERDKSS,-1.6119130494229719,-1.929156335977601,-0.6501654729296614,-0.5074327945826794,-1.037503844259546,-1.1385237861430109,-1.336865708109196,-0.9102223367903918,-1.2793728750180617,-0.7517731077989293,-1.574377752701216,-1.1384300911917271
JXLYSJRDGCGARV,-0.5464797272232045,-0.6975974358236003,-1.2833219735582562,-0.5622953910279496,-0.3769365574694308,-0.46258936391502253,-0.39133215973390584,0.17975962522564778,-0.5468218765864725,-0.8963289721863681,-0.2917694711938687,0.22529730658096972
JXTHNDFMNIQAHM,-1.48196532765499,-1.7228716858436484,-2.1845023598394326,-1.319176045313175,-0.9497978211182624,-0.6965899833697242,-1.0532500105719687,-0.6880480902967018,-1.3267785627728912,-0.5964672427379184,-1.7219234953283982,-1.2220412152455429
JYGXADMDTFJGBT,1.7854874253239186,1.8882504426440296,-2.5719646361296866,-1.1320444569295467,0.4699354801314287,0.16245717940645837,-1.2065316794341465,-0.7093928145483648,-1.4584133742457366,-1.0512327208456738,-1.5726918174374345,-0.9589945712152994
JYJFNDQBESEHJQ,-1.3895765127851716,-1.7354863398509721,-2.196760563223307,-1.5437648308704968,-1.0971937837654828,-0.9123769284511019,-1.1763637952708632,-1.2864686622530783,-1.3933115697584286,-0.8865855049444444,-2.0065205700854842,-0.8295545721783135
JYJTVFIEFKZWCJ,-0.7561123695925414,-0.5107877977226921,-1.2841704553562705,-0.7956074457757348,-0.23630437216437714,-0.3176013391967747,0.039947054667141574,-0.23129445043875682,-1.1718487471719379,-1.0203150323798469,-0.9487638828954468,-0.37060458468501617
JZFPYUNJRRFVQU,-1.4900592794454561,-1.8099388460845625,0.32528363010326683,-0.6098156032136584,-0.364400923793203,-0.7341452017873563,-0.7324095261930763,-0.31431075250380897,-0.7868989015385176,-0.9201022177418439,-0.7742751034606246,-0.9471106359703136
JZQKKSLKJUAGIC,-1.407180634202162,-1.8231668683474158,0.40298927793524214,-0.8210005988020302,-0.6472935650288244,-0.7925431312256284,-1.022474295971495,-0.7628556404864645,-0.8127932640522191,-0.8329509563205973,-1.3405409046805774,-0.5588117017926346
JZRWCGZRTZMZEH,-1.1768654296158219,-1.7115231510124325,-0.6204481242961735,-0.6978082705191387,-0.6274444688179701,-0.9050854612750994,-0.9588065221192456,0.004318970915225858,-0.6146928264152243,-0.8496853034015948,-1.0431382879688726,-0.7445072496527595
JZUFKLXOESDKRF,-1.420331850366001,-1.812503220901386,-1.16502234412139,-1.5503214745346316,-1.1571130031583141,-0.9000157718589954,-1.1654262439390581,-0.7558364768573744,-1.1850397519502884,-1.035697348052913,-1.5128150576971977,-1.0432207288471114
JZUTXVTYJDCMDU,-1.1555111204351551,-1.6400938209354212,-0.2699480253526141,-0.8902923019411149,-0.8153107251264553,-0.7022504816256694,-0.8588117178366366,-0.3307722642596264,-0.9502147933308,-0.8116400310812381,-0.5357486130483936,-0.3231702013022069
KBAFPSLPKGSANY,-1.2265805895859765,-1.3705277982608606,-1.1358496346604108,-0.6731812157133101,-0.32250066725862303,-0.6264671959311437,-0.24207973902654414,-0.6087436534779056,-0.9046715353232238,-0.8836486265441642,-0.31325892233745445,-0.8185890757056442
KBDSLGBFQAGHBE,0.07508496802238918,-0.5819956616977898,-2.177639873831394,-0.6955174040334303,-0.109087578812529,-0.3240328979601885,0.16101830172736983,-0.25129579435351995,-0.43963602550592434,-0.8916201839919639,-0.5137597454785914,0.09807774274672823
KBOPZPXVLCULAV,-1.52048241987443,-1.8558525688522332,-0.12447069119341239,-1.4391647866561583,-0.45770799440603493,-0.7825945484801834,-1.006009525916036,-0.5105670765957298,-0.7437310805636466,-0.7385755651564062,-0.8946035775093684,-0.7155246719443453
KBUZBQVCBVDWKX,-1.2543277410781506,-1.6474459412640892,-0.389363487580937,-0.9336489838647999,-0.8582696082183094,-0.8623673403319159,-0.9316052560196669,-0.21185442065635743,-0.7269981034360955,-0.9183314410832771,-1.6524910981930359,-1.049367856498512
KCLANYCVBBTKTO,-1.4230636687729308,-1.7479416365259817,-0.6275890810632758,-0.8036619587195576,-0.573159785912506,-0.6924396268596813,-0.8485595873540204,-0.6057284133081287,-0.6084547183442043,-0.7661632823461623,-1.4138155296430925,-0.9363360337712712
KDLRVYVGXIQJDK,-1.1617629368275544,-1.6495353885354713,-2.735931142278288,-1.1340064547655824,-0.8649114714476037,-0.6913544196532747,-1.0100300754323914,-0.8383603757555206,-1.1157570519285736,-1.076727226753998,-1.7706620159519832,-0.6181921716343013
KEDQCFRVSHYKLR,-1.2288762172109244,-1.6752847489385392,-1.1418900862083214,-1.2356486264220945,-0.6811703628417876,-0.8353333044682971,-0.980815988910281,-0.506673678697255,-1.1080936671716382,-0.8465810381250669,-1.456387344013573,-0.7391412257301824
KEEYRKYKLYARHO,-1.3353129433263642,-1.8389343148690076,0.21927011839148516,-0.7649139760844612,-0.542176392300677,-0.7912709373020557,-0.997158924045779,-0.2732036061902458,-0.9064389642478607,-0.8419984287350434,-0.9155502098080355,-0.5584385771815235
KGFYHTZWPPHNLQ,-1.1417607769830151,-1.56806926015499,-0.9608694068765735,-1.0894744501787805,-0.5584217371295778,-0.6833579880098997,-0.7280464767765783,-0.1361137667747722,-0.42039717196788684,-0.7893725742412405,-1.2356578775733067,-0.2976436582632592
KHOITXIGCFIULA,-1.3852435317410952,-1.8038439373185855,-0.5956361256846943,-0.4071895723779192,0.023272118503152743,-0.7107491678383632,-0.7802862957102779,-0.17137502340634153,-0.7742461645523014,-0.6865561309948912,0.10254521612611249,-0.34585404523008184
KIQQMECNKUGGKA,1.3109916419449412,1.5550611023386292,-2.00737143569026,-1.0682410543832044,1.2432908127603663,1.108464323795261,-0.9583516494072118,0.756279465996428,-0.7953884643896423,-0.7922466858666236,-0.033161099338637444,-0.805359054341099
KJADKKWYZYXHBB,-1.4294476172290576,-1.7729404206022696,-2.4469175098361817,-1.325891007855182,-0.7413969303825575,-0.4994128647530728,-1.0634765552476306,-1.3092370836572533,-1.3140311799238011,-1.0084853863220364,-1.9798615763717438,-1.0564676409837006
KJFMBFZCATUALV,-1.2055576229640539,-1.669849083936676,-0.41729888539490356,-0.7240157821328834,0.6570522375083023,0.018453426875574674,-0.6512241976561844,-0.03354476189357629,-0.4322546093294438,0.0744445770700856,0.927750625868764,0.12936863547078564
KJHKTHWMRKYKJE,-1.3092829841033358,-1.765694757522981,-1.6172347400978762,-1.2421838692530702,-0.5377913082507573,-0.8378774675838763,-0.8874492759004486,-0.9003129657387482,-1.177074873356702,-1.1436781265968166,-1.1049982490130714,-0.8458793070468413
KJHOZAZQWVKILO,-1.5952304347088817,-1.7701078451658658,-2.1037444972129524,-1.591180170368715,-1.2692784302100597,-1.062393109042319,-1.3797453291941764,-1.276202182876434,-1.3173780788950658,-0.8039530471373479,-2.3580581241710217,-1.1872877989634023
KJONHKAYOJNZEC,-1.1118268740748025,-1.796688984979409,-0.09784923797896791,-1.1981923027870802,-0.5088736173724248,-0.7538678196944932,-1.0860472570891475,0.07618420793175261,-0.5077771336038397,-0.9256586238545499,0.6048128729544118,-0.5600386770232624
KLBQZWRITKRQQV,-1.2750054012628589,-1.5664343473401299,0.005709756714394183,-0.9435930174353753,-0.6170574323162413,-0.8721731653537775,-0.9032217231245805,0.17340367460450912,-0.7405851941120716,-0.4082269165803036,-0.052228238469154906,-0.6156375501945434
KLPWJLBORRMFGK,-1.1104955929163738,-1.542037306672197,-1.6771751950925533,-1.215982317416301,-0.9117468335457521,-0.7820744384505772,-1.2931476081784694,-0.9850971811041084,-1.1182797952064387,-1.0275555152547275,-2.010344529605976,-0.8718654521442023
KLSJWNVTNUYHDU,-1.6309062082006809,-1.9410211949698,0.2748799069017804,-1.092618547855447,-1.1334479477456931,-1.1763996583078686,-1.351237393725874,-1.0186958405819975,-1.0522736551919696,-0.8302992677233962,-1.8259937156631716,-1.0269635533626666
KMPWYEUPVWOPIM,-1.2245546163022507,-1.4092653013891212,-0.6029675892001374,-0.7645615522281409,-0.3702998083741002,-0.7521826610915281,-0.660897495833312,-0.33217917507436623,-0.7995909838316763,-0.7377886470805424,-0.9348204690870162,-0.6295183115061421
KNAHARQHSZJURB,-1.078038283186907,-1.8215487986189716,-1.3761484066128564,-1.4746876056052312,-0.959945285135795,-0.9133337377086361,-1.2309173700752676,-0.837367256034106,-1.4699535325866186,-0.862434322252736,-1.336581973530291,-1.0471802343332217
KNHUKKLJHYUCFP,-1.4132389370964882,-1.8029973028522914,-0.6229848755312507,-0.48888420005322697,-0.22506186239290638,-0.724790770711315,-1.1021225910280807,-0.6201548849461961,-1.1801478628637603,-0.8675115860412497,-0.5827424735361811,-1.069310786560234
KORNTPPJEAJQIU,-1.1112908287446237,-1.4779964875004337,-1.2279855057215479,-1.1501461585638841,-0.7621688098946812,-0.7023994292944423,-0.6553875270355424,-0.5879173873148077,-1.3251895077321507,-0.9621341246797374,-1.3835256113957144,-0.7905840601966295
KPJZHOPZRAFDTN,-0.8276500103901442,-1.1797406679298543,-0.4918855199427855,-0.8553464712108824,-0.6044455828534083,-0.5933483194538413,-1.0577967722394,-0.1280243497124456,-0.9269101709893337,-0.9554232149981854,-1.1346885452503528,-0.40067853443630497
KPQZUUQMTUIKBP,-1.451425283253964,-1.7674840920368158,-1.3537714662843134,-0.9818307257511732,-0.8801779234218026,-0.8671313236734558,-1.2354093751213608,-0.5828285109535084,-1.1230511954547207,-0.9193437233294801,-1.2483974665104907,-1.2573548841170918
KPSRODZRAIWAKH,-1.3554363954198207,-1.7197883950676727,-1.1134503015240416,-0.8739375834548438,-0.2493288717311322,-0.7188422797349642,-0.6078814837475577,-0.31190938514201094,-1.0690638610352359,-0.8304570576078352,-0.3076676320851215,-0.7630516349264511
KPYSYYIEGFHWSV,-1.5145521508565127,-1.8030225962021367,-1.2084128947149873,-1.0698710718351527,-0.5167460784872713,-0.7400705583557377,-0.9830504547274679,-0.4364451918201059,-1.5520473320271029,-0.8070174448133882,-0.9592691245546994,-0.908184280554385
KQKPFRSPSRPDEB,-1.430024647059367,-1.819780858993091,-0.6912189455133547,-0.9492064961192727,-0.9790000072477418,-0.8022616238185226,-1.1212823682211885,-0.8234406621086512,-1.3927487904957823,-0.841264912149707,-1.3584619286399864,-1.0639566062059886
KRMDCWKBEZIMAB,-1.3198186707778479,-1.2224834907428488,0.19423837451378761,-0.7659563454711178,-0.2753672391410498,-0.559293878602566,-0.9622719483754711,0.15926799266543826,-0.8990109728588773,-0.17172927302130137,0.6425421223480339,-0.462802582660632
KRVOJOCLBAAKSJ,-1.330052842113239,-1.7332492583357202,-0.35562940909265106,-1.0777149546504892,-0.5114436782613674,-0.8200872388989223,-0.8691405581236,-0.164389897364748,-0.964965609278764,-0.9176198677387866,-0.648082765619729,-0.8024862553999437
KSCFJBIXMNOVSH,-1.1872778717964234,-1.6531986579048628,-1.1601548494634202,-0.7986167403401254,-1.0112253453260551,-0.9409334493977619,-1.052533427643133,-1.0344549215949241,-0.862875343263918,-0.9205404782632033,-1.7965644523246993,-0.7131083578841758
KSMAGQUYOIHWFS,-1.5575873992389941,-1.8639027318511063,-0.08209330767782454,-0.5118538236444455,-0.4952693691487412,-0.7202530458333033,-1.0395047469216707,-0.22780986315453278,-0.9720367010498521,-0.9394709029417465,-1.0316628438940085,-0.9054510835783719
KTEXNACQROZXEV,-0.6879532631652726,-0.8607746423866715,-2.365648852299841,-0.6817667337576437,-0.3118268605394133,-0.03747639157550934,-0.4146631146728115,0.37258065578983857,-0.7032203271197001,-0.5276423485818015,-0.577847221319368,-0.2833692308231836
KTHVBAZBLKXIHZ,-1.220443728924068,-1.4839360430288409,-1.575419171943255,-1.0517676355976697,-0.2836594388341125,-0.7831320534817041,-1.074561146976198,-0.5913436067999162,-1.0866519338528509,-0.8635699377992703,-0.8621475779738688,-0.9921688530986066
KTUFNOKKBVMGRW,-1.2957429784700547,-1.8659597045822314,-0.041880515421617096,-1.046295657955854,-0.8118260062648509,-0.9058244047735848,-0.8056404364350399,-0.1730507422663643,-0.983631334790195,-0.9865956177147499,-0.7641812284056128,-0.837141821575422
KUBONGDXTUOOLM,-1.0339598297302681,-1.64126217202021,0.8348717776793989,-1.0408758125447588,-0.4128812287110518,-0.9629801302062815,-0.8698847005894604,0.45656999192912173,-0.10343863123856231,-0.822599177700772,-0.2951860561766052,-0.9323320844316977
KVHHQGIIZCJATJ,-1.4744866300854087,-1.7784730508881441,-0.8376011702110503,-0.768070592197913,-0.5480398732344129,-0.903014616283086,-1.1147968883942294,-0.596743700732475,-1.3933471043495853,-0.7697569452805894,-0.2258930537981437,-0.883867780719473
KVWDHTXUZHCGIO,-1.1875074494755398,-1.5753087920190365,-0.018709796646721996,-0.9898097603192444,-0.6955843021110286,-0.9978113273674516,-1.04674489135533,0.068948309992776,-0.42510334134839145,-1.004181692254431,-0.5503726166148524,-0.7631772041459454
KWGRBVOPPLSCSI,-1.4032197473298722,-1.8226636196186419,-0.6874163345675265,-1.1065275808040231,-0.5104956037153447,-0.9934490647578291,-1.276636053946653,-0.8040931691032865,-1.0057380517867134,-0.7395453224589705,-0.5901082730725822,-0.8971653957418221
KXGVEGMKQFWNSR,0.32172122110164614,0.032500662519637374,-2.7389600652318253,-1.2781039417844462,0.6588474343562296,0.03522600800426706,-0.8402896998287717,-0.6244363204612033,-1.6214257040182523,-0.8822723561841708,-1.4349490214653442,-1.1875319101935398
KXNPVXPOPUZYGB,-1.383748673644904,-1.679045521724639,-2.186126644951048,-1.353040580046946,-0.9763491127534998,-0.8460290900849599,-0.9809765130684494,-0.8824029033640008,-1.3921468383518991,-1.147008815354281,-1.7753894206103158,-1.021000110248694
KYGZCKSPAKDVKC,-1.1900134218560126,-1.3908057590438054,-0.012751099184201729,-0.9981486285962956,-0.7711630798018522,-0.4375313809848799,-0.7698911009085705,-0.5253248412469598,-0.8602048896364431,-0.9097478024308018,-1.0171091082476231,-0.4240538613709208
KYLIZBIRMBGUOP,-0.6133224720698128,-1.4466803814941473,0.5285889612537044,-0.8169078975224311,0.37883802827655527,-0.712503670435285,-0.6467850385403844,0.6327311927025345,0.5455705996742143,0.27801632615126587,0.8081179393322133,-0.3494886228714595
KYRVNWMVYQXFEU,-0.8640287518866108,-1.6419050158225268,1.267978854531141,-0.8530401302874742,-0.3655190849027412,-0.7911146159882051,-0.5083958433858475,0.6351635345738842,-0.15347664635010577,-0.8677465872536041,-0.652914514055985,-0.34573039541459405
KZNIFHPLKGYRTM,-1.1419715484960113,-1.6215448093251326,0.08070768490287222,-1.1019104230501187,0.2799255960779417,-0.4377011023801681,-0.19848972106139326,0.4767677071074875,-0.054409348291406076,-0.050804660512314255,0.9565007181164761,-0.022436215704657512
LAINPTZBIXYTIZ,-0.7849141939525134,-1.0253002679864833,-0.13774751714510589,-0.37484236204612087,-0.14582811776451618,-0.40032665027082515,-0.18968064487670064,0.9353430426820413,-0.1991874591183683,-0.6772695973871891,1.3753167540707907,0.09608292045572794
LBHIOVVIQHSOQN,-1.5622723810149082,-1.8618038532691443,-0.43535400334880353,-0.9963777060981371,-0.946169203956873,-0.5513745235445984,-1.2074523668077364,-0.9535659870763784,-1.076280468778446,-0.8048925864072427,-1.4383594525459058,-1.2265803408657407
LBOJYSIDWZQNJS,-1.0830815542367043,-1.4433440951983896,0.16931469062421592,-0.8500049930040515,0.11624516985301406,-0.7399907406952846,-0.8527791148613424,-0.36898151931090784,-0.9785537371280613,-0.7520047922953922,0.4073419479549511,-0.4894716734992144
LBXHRAWDUMTPSE,-1.4763545270930747,-1.7890268643846372,-1.4853081577602025,-1.4949297777601813,-0.9834874608379152,-0.8986480579248018,-1.1306942519853,-0.6131005040707868,-1.249881396364643,-1.0951492862496157,-1.093059946996677,-1.2290746561754617
LCFVJGUPQDGYKZ,-1.3973565299013933,-1.7669864239260074,-0.9947044088871612,-0.644573215258618,0.22679344844815155,-0.7799203983631742,-0.7264987880629674,0.33734815800073936,-0.29938008324945603,-0.21544213074421387,-0.4580330262752839,0.14545916708233209
LCTZPQRFOZKZNK,-1.2362931918924023,-1.4381448174262548,-1.0255885042579198,-0.7795070891340121,-0.26367995883890244,-0.7538726009694362,-1.0589791695629573,0.2736096199767326,-1.08753026515698,-0.3213764584985045,-0.1274313582099527,-0.828760365700633
LDMWSLGGVTVJPG,-1.3640602849594836,-1.8586499317642202,-0.44644649551703164,-0.9735643176963011,-0.8270810453490883,-1.0218803751734704,-1.1848074968291549,-0.7999558681537499,-0.5284013734585156,-0.9775173423831711,-1.643831647846138,-1.0963126017265696
LEBVLXFERQHONN,-1.541832579370919,-1.808765450334724,-1.4796200148909953,-1.3074478258486195,-0.741516263853897,-0.9147723062546578,-1.1959466435484185,-0.6422687166605732,-1.3881293908264514,-0.825473291579794,-0.7597356838100733,-1.070049770341322
LEQAKWQJCITZNK,-0.9246586511330397,-1.5104269254863048,-1.3142366531490686,-0.6837537942586503,-0.5060534535418999,-0.5752062444643946,-0.8337452269296771,-0.21119756049781085,-0.4641870245235282,-0.9985942197328805,-0.7337430898585235,0.4052705825411079
LEZWWPYKPKIXLL,-1.5630355368344864,-1.8810334050837987,0.7006908013324036,1.2271509688120414,-0.27489450561643736,-0.7300437230870503,-0.7680420814046194,0.26625677566869854,-1.0239356790949428,-0.7200197653943198,0.11559689915483015,-0.8206561636341994
LHGVFZTZFXWLCP,-1.4364188631086925,-1.8729588369695855,0.0021256411537425887,-1.0693615997558448,-0.09874619086817224,-0.7650721986892084,-1.1560264303615813,-0.6739395890304214,-0.6271462092250824,-0.6832822382003548,-0.34193811361971493,-0.803787992485859
LKBFFDOJUKLQNY,-1.2972392232708598,-1.5971318445444609,-0.3802725913547324,-0.5580300579506446,-0.4731128067629124,-0.47618769587570986,0.16964134326301963,-0.0511820491412064,-0.7095361190710664,-0.9322435713761681,-0.36966589314701015,-0.4709381353221786
LKCWBDHBTVXHDL,-1.3273163851979355,-1.6054671458551386,-2.978656095156918,-1.3885620472394178,-0.5873032138869246,-0.8113835416726355,-1.1084724893969253,-1.0672829857540393,-0.7534130633797604,-1.0654652816524965,-2.2522262717645742,-0.6604708370687374
LKJPYSCBVHEWIU,-1.3252791796634602,-1.6964734102120826,-0.9289574601143193,-0.4786965564957521,-0.4691404892013443,-0.6243992425120269,-0.7253942000194897,-0.32937226764247185,-1.0984147739938064,-1.0384497962106565,0.10639174509932929,-0.8218859563489282
LLJFMFZYVVLQKT,-1.258197775945204,-1.6426461050136014,-1.732505063192046,-1.3257222540342015,-0.9232682348666073,-0.878704119571832,-0.9941795984527222,-0.7762369968093173,-1.3421546825604724,-0.9673555092260803,-0.519099481343831,-1.0905078193112105
LMEKQMALGUDUQG,-1.1676052018439924,-1.7279110979986283,-0.015471796841982978,-0.5745292641531327,-0.8809401093625873,-0.8484639068210502,-0.9398111762439088,-0.13820489314196385,-0.5635605987285889,-0.9296505448205774,-0.8392554482306813,-0.7681561375553482
LMJSLTNSBFUCMU,-1.4235839430932609,-1.7765000612494508,-1.2930287331219226,-1.356850181016107,-1.0877904916192938,-0.7929538227581606,-1.0227264560639697,-0.362243731483534,-1.1415485377579853,-1.0007437376302728,-1.017118525479594,-0.9009542136727372
LMOINURANNBYCM,-1.5146040971941535,-1.843439622943793,-1.0655713185969033,-1.3872336884698162,-0.5940541949286067,-0.8900546424592042,-1.2284959188335982,-0.8187494649240037,-1.0423041694310702,-0.7785662746078816,-0.9027767266846912,-0.9219150354560919
LNEPOXFFQSENCJ,-1.1828881641773772,-1.3635831348718395,-0.9240268391594066,-0.8748472050435087,-0.2377563506293176,-0.7042356783734505,-0.8978409470217621,-0.20318488692558392,-1.092469224379462,-0.8955164904033863,-0.5743960965875385,-0.9845953887551442
LNPDTQAFDNKSHK,-1.2726194455668696,-1.804372571057328,-0.4475940958955634,-0.9330834851347602,-0.269584499298898,-0.7623132616897078,-0.8886972269232294,-0.2608460283524532,-0.7301216788433722,-0.9735995709137816,-0.14813621965078103,-0.6892973600707565
LORDFXWUHHSAQU,-1.30006260530509,-1.6394483317429551,-0.8201848705903458,-0.7532924259094689,-0.3393417415364246,-0.7165878495256373,-0.8335037032137402,-0.6144333450341174,-0.9561666989216904,-0.8673351953343793,-0.7361201449059989,-0.7992010425578604
LOUPRKONTZGTKE,-1.1137932126853045,-1.46360602775797,-0.5963686728216684,-0.8251635612923621,-0.4039912226137072,-0.6349826146757693,-0.5934729171903592,-0.11341749579573374,-0.49979746930355406,-0.7114266669545589,-0.9319541790836285,-0.5382277454580058
LPEPZBJOKDYZAD,-1.5066910044544728,-1.792564113596037,0.3726312989301614,-0.8690718458577981,-0.025615086930866,-0.7327752073530324,-0.7103816646247942,-0.13848458180612813,-0.7107280324098093,-0.778708573568932,-0.13354162608777215,-0.8759071230555188
LPMXVESGRSUGHW,0.603307453408135,0.09226561147569864,-2.748525887284365,-0.827622946282686,0.07583988576274128,-0.07145316886220966,-0.7980280002862632,-0.3217351297540323,-0.8701275469260882,-0.9742502745092563,-0.7121728462378761,-0.3598455739017871
LPQZKKCYTLCDGQ,-1.034245164946936,-1.2835672623135894,-2.0615660204179056,-0.9915974787013316,-0.9313255872563257,-0.7620327799991171,-0.577991780975919,-0.24761891794955976,-0.9791034416482611,-1.1782409462311547,-2.0013330983241753,-0.9817832861980512
LQCLVBQBTUVCEQ,-0.7554499466247989,-0.9091824263694702,-2.6577741966346227,-0.6013187440847583,-0.47464388790853107,-0.6429864962559388,-0.7550656174868512,-0.8120240080529965,-0.6612084004533125,-1.0740498255009883,-0.8936036078625965,0.09072120055223251
LQOLIRLGBULYKD,-1.2272607120496706,-1.6607195655141354,-0.7696950551327121,-0.8406312921771355,-0.4178189343489371,-0.8053248584969854,-0.7607846671162494,0.30079201907197484,-1.0260256964892522,-1.0995725007370338,-0.7743286297414936,-0.6020850584660494
LREQLEBVOXIEOM,-1.5180963559225376,-1.7780866846722045,-2.1301293827776733,-0.8708125464073481,-0.83404295879061,-0.9421352517470626,-1.3261887305499174,-1.4554946232298633,-1.5471693095918309,-0.749087717070952,-1.090592789462058,-1.2556323341713844
LSLYOANBFKQKPT,-1.3999707726591264,-1.8602822349696497,-0.7256061190818687,-1.3205663075679481,-0.2368048484911527,-0.8367507090970772,-1.0501508946932898,-0.09752657605544926,-0.7679065347671227,-0.5639795743310341,-0.33422415085635004,-0.717318334116674
LSNWBKACGXCGAJ,-1.2647081789456465,-1.761744233617112,-0.735828768572931,-0.8309809147546858,-0.7710511750545178,-0.853697284097092,-0.8930304079996945,-0.2891042430235775,-0.749205926577027,-1.052598357637279,-0.7339372153588462,-0.7448134947260519
LSQZJLSUYDQPKJ,-1.3597189016140998,-1.7139785575405784,-2.0990471519193648,-1.4642561046204823,-0.5032744642849261,-0.7742813227337364,-0.7828184694355071,-0.42686057098518254,-1.1035723179924166,-0.9703011964214039,-1.4245911756779874,-0.33234803798785506
LTMHDMANZUZIPE,0.24637307689178894,0.004084790890100263,-2.574158377477878,-0.23446956833245916,0.12751731739702024,0.12316237201731076,-0.7096531873057068,-0.3129875380012282,-0.5808546727129704,-0.946358363340225,-0.2452570009745719,0.014055270827859487
LTRANDSQVZFZDG,-1.2708705159484088,-1.764012103914289,0.5820021091384856,-0.6680658078282192,0.27176211515978904,-0.6621148809998121,-0.7383345949584996,0.10786749934259816,-0.28454136317337547,-0.644684236435541,0.45691439755698476,-0.35408046027418527
LUKBXSAWLPMMSZ,-1.4892269076173137,-1.8390911841891735,0.713110329104206,-1.226132391255837,0.7174199310131849,-0.5597230531303401,-0.7720302847265363,0.6552740408626279,0.217168330336979,0.5263537616045575,0.7876685354440413,-0.49849365829060854
LUZRJRNZXALNLM,-0.8573258290063628,-1.4515277639101307,-1.5579085019552215,-1.0243448788832958,-0.553255198288055,-0.6198676421441227,-0.791581514409231,-0.15251263902379616,-1.1739635566592592,-1.1514000463614897,-0.880070677793417,-0.2857327366919593
LVWZTYCIRDMTEY,-1.196843293146454,-1.8557824480831322,-1.4441136907237133,-1.2224845115533949,-0.8606821011019191,-0.9164082078271963,-1.1264840305532915,-0.7396144092356542,-1.238096280234887,-1.0565474886430397,-1.4785009649834473,-1.1184168019028833
LWAFSWPYPHEXKX,-1.294271267799349,-1.7346244233628352,-0.5947456846974899,-1.2012323609656508,-0.7869124167559721,-0.8670386100942487,-1.2033402823590507,-1.0124562307872051,-1.1081023264425196,-0.9502679982246018,-1.469798600517034,-0.6836382541540442
LWQQLNNNIPYSNX,0.012626245294496408,-0.4405992064765607,-2.297620929024743,-1.0333011905899763,0.1038050353009462,-0.15518440701979574,-0.6814705983976269,0.2508759235490848,-0.7516371555965244,-0.5686982498414073,0.2898278982272484,-0.6911609924787363
LXNHXLLTXMVWPM,-1.3730808199690028,-1.8364601277648052,-1.0163051434361083,-1.0864865477649115,-0.7740315045492083,-0.8680659612773329,-1.2245997302180334,-1.047699372071928,-1.3040455902171784,-0.8356805454676196,-1.3987738920721824,-1.0022423571634134
LZFZMUMEGBBDTC,-1.4516606793650624,-1.788307404130014,-2.1954689894018875,-1.4494059713199932,-0.8061678602867376,-0.8771676596005271,-1.0963821544926216,-1.0064398497683986,-1.3389789589700338,-1.0886663330079522,-1.7758401093332747,-0.9420957601052905
MAEIEVLCKWDQJH,-1.4618568929890607,-1.8273690297828464,-1.210186371389507,-1.3364753135380496,-0.6962089534748918,-0.8842630904985899,-0.9581322812439237,-0.05691295441489559,-1.0732999235275373,-1.059800723497511,-0.3523974333473601,-1.0845852468415051
MAFMQEKGGFWBAB,-1.4667056773925453,-1.7712892675948666,-1.0952669718471724,-0.6788928074491173,-0.8649775998745047,-0.8026494732239545,-1.2074922067905238,-0.664493178702072,-1.1023714107312115,-0.38518460456864884,-1.281227405341761,-0.9994432888452722
MBBZMMPHUWSWHV,-1.2628185464161257,-1.7212362417066185,-2.4113891536558656,-1.4799923169561549,-0.9960655810426133,-1.0033409762089645,-1.4260321821688402,-1.5097251198102846,-1.3681444371433447,-0.8075335473190913,-2.073306581560476,-1.2264692342223413
MBUVEWMHONZEQD,-1.121967755995169,-1.509159334307089,-0.6418996793265953,-0.7127059422037162,-0.4973722506054461,-0.7914103561995111,-0.8107465513191606,0.10906506358260494,-0.9414540544095413,-0.8711175382475576,-0.4359543535845715,-0.6193917291501484
MCMSJVMUSBZUCN,-1.0893773627383618,-1.6221434823610248,0.06459285071535271,-0.8081699747424156,-0.5954796529352894,-0.7314100294981739,-0.4263919559146292,-0.07438443412928487,-0.5902217123715778,-0.9807825071527442,-0.6807287874750432,-0.596604711010073
MDKGKXOCJGEUJW,-1.1763323278598288,-1.6692778494638527,-0.3229045173890437,-0.9832248304970814,-0.2022398305149107,-0.8256945254587744,-0.47247554300815553,0.38467122766805323,-0.5056647991469545,-0.615976582844468,-0.2738948957387955,-0.5061820935661014
MDLAAYDRRZXJIF,-1.2449026549408269,-1.507969756177441,-1.2232078042500643,-0.2323395341837083,-0.13008792319625392,-0.5954861368842511,-0.5576998248283096,0.27561850914177927,-1.22221495023426,-0.7473221151985648,0.11054601361193742,-0.7737947250241768
METKIMKYRPQLGS,-1.484775902208017,-1.8486991053093815,-1.1525121003362961,-1.3236280348948264,-0.6601313885977806,-0.9071052985226669,-1.1039649196440646,-0.9729229797330081,-0.7814626401901019,-0.9940962786204787,-1.5937998392662098,-0.9336265761224174
MEZLKOACVSPNER,-1.507296169476787,-1.8544974353786143,-0.9463887121136072,-1.0455488515927611,-0.6131822187202991,-0.9654947582396034,-1.2477120651639462,-0.796195260420791,-1.1139434302999054,-0.5536399986440136,-0.7598936421912373,-1.0392929578544945
MEZZCSHVIGVWFI,-1.2723507780028154,-1.7509404993619886,0.3330219074186843,-0.9212087297547764,0.3383993892000746,-0.45630707899865486,-0.7834987978726364,0.3771232001427056,-0.258528913995617,-0.6206622143193122,0.5370409201107903,-0.5434194258203722
MFDFERRIHVXMIY,-1.4936311772468043,-1.7380490567205755,-0.7069880816514005,-0.6272784593871135,-0.5702681102083361,-0.7690907216411698,-0.8622525166024642,-0.8917611548119645,-0.7837106170506584,-0.6793450698107146,-1.513417759503622,-1.0891016040469634
MFWNKCLOYSRHCJ,-1.2878911419968084,-1.5378137040234725,-0.7331661212153231,-1.0187523457555328,-0.47299063979043565,-0.9009525631574183,-1.0740688724591267,-0.641020547161153,-0.9610593128391853,-1.050752161574973,-1.0655126139289772,-0.8041925067366609
MFYSYFVPBJMHGN,1.5885953613361954,1.8580016864794744,-2.5530307023443743,-1.2205890280355938,0.33265975580828805,0.1159916843699847,-1.1989043103179655,-0.6047896293189168,-1.4543049022038457,-1.0617926466782257,-1.5435752985950077,-1.0078340887730006
MFZWMTSUNYWVBU,-1.1729479314481592,-1.3546324663762195,0.11962866997439867,-0.8120280675231885,-0.4105394569131564,-0.6955257853611565,-0.6126776066630926,0.48902054450667654,-0.07038715317923128,-0.7226956789173049,-0.08847910531472328,-0.279577063118901
MHWLWQUZZRMNGJ,-1.2425909051107713,-1.3981908741401377,-0.6211647125567715,-0.8828639011808662,-0.6829385071285663,-0.7085803568001509,-0.707756041001437,-0.4342385661759314,-0.7874913569867737,-0.9431993837360819,-1.1499754266432676,-0.564463420905057
MINDHVHHQZYEEK,-1.1008096477075573,-1.5208581137683987,-2.9522095994726323,-0.886926909378896,-0.6827503888042804,-0.6075647593387985,-0.8924489057867856,-1.0019946794728263,-1.1740752639770378,-0.8792245798429078,-1.8143251408166554,-0.6513513824126984
MIQPIUSUKVNLNT,-1.3054710772809095,-1.7220127013986515,0.4583365431640041,-1.0266091409057876,-0.37676923987211947,-0.47137591889991975,-0.8902729318647868,0.7138386010086302,-0.594278609727247,-0.7417011363309743,1.507308492397292,-0.7080470415063911
MJFJKKXQDNNUJF,-1.0622283284518714,-1.4178498005365487,-0.4606078482561733,-0.8874032355712325,-0.509077438858641,-0.7397891609103098,-0.9480074281357203,-0.07464046394139016,-1.2125270354454103,-0.3858018034136867,-0.2343607515441677,-0.7148380800783659
MJIHNNLFOKEZEW,-0.6285890020768887,-1.827681981011455,1.4563511144102375,-0.6367615891038811,-0.45922881818006567,-0.8441975463879662,-0.6846317652494305,0.5171944695463817,-0.7153675537390548,-0.9093312253958354,-0.968021680702176,-0.9861204706596329
MJVAVZPDRWSRRC,-0.995786638930825,-1.1540323058446618,0.7898601108869185,-0.9241948556699788,0.042058200513807494,-0.31746647662271116,-1.0031908820901805,0.346589600906447,-0.15145987255779572,-0.5802710090150855,0.9397249811428049,-0.245434560733171
MKJIEFSOBYUXJB,-0.9497317989592723,-1.3855818889275184,-1.285387699380887,-1.0961874919706265,-0.6288766842342149,-0.684030485881118,-1.1536915204804372,-0.7292140448724056,-1.0196423304432405,-0.8505710040532096,-1.2361108541601253,-0.7496798964648969
MKUXAQIIEYXACX,-1.3048097150797153,-1.7482843764700453,-0.7595888066070087,-1.2681019396627888,-0.9274770035663069,-0.9421574686941249,-1.0958246934093743,-0.9996367759371116,-0.8256221754111612,-0.8905923985436648,-1.9943895639194897,-0.8412686636487865
MKXKFYHWDHIYRV,-1.4799804498854903,-1.8010819072087807,-0.29597759357088665,-0.8853315442709642,-0.5591599579371582,-0.7298290808331451,-0.9714766938488391,-0.00910585324200998,-1.063146572832057,-0.804424710149902,0.4124673064277267,-0.9171896119094147
MKXZASYAUGDDCJ,-0.6594678376116642,-1.240470069477319,-0.8899954669413579,-1.2066170610660012,-0.18910554078035083,-0.6638203130568952,-1.2606676664740193,-0.4717606330495936,-1.3045268387959803,-0.5390432172650738,-1.1045918430103083,-0.9971327600842833
MLDQJTXFUGDVEO,-1.3171893164141133,-1.7959046657017796,0.3639684633723948,-0.7590670723570297,-0.3852054437859974,-0.916993395774455,-0.5233021475843375,-0.030702262797165928,-0.7972561166784227,-0.9662080344813955,-0.06814950905333318,-0.8355242466063733
MLKXDPUZXIRXEP,-0.770968772678839,-0.8600362256865048,0.04308029215799706,-0.4979828974103477,0.049827557511938826,-0.25811865047327415,-0.6164744468042744,0.9763644493342036,-0.7448746973090615,-0.7426225212780019,0.5322610387426028,-0.4940438479984979
MLYYVTUWGNIJIB,-1.1772966086894687,-1.6424227529444868,-1.5004138152377884,-1.2427764210871053,-0.9200491895965054,-0.7760945729308678,-0.9217953885013354,-0.316369892812831,-0.9657999858819395,-1.0727343320612253,-2.0273756990783633,-0.8335546111089132
MMOXZBCLCQITDF,-1.6141590382100386,-1.8893145514982195,-0.7560531786068969,-1.1221749515860022,-0.4927708567036958,-1.0153826969734938,-1.089411939644077,-0.8312328486996143,-1.2377044474429468,-0.6906423855235053,-1.1784842802044262,-1.0953101645474876
MNIPYSSQXLZQLJ,-1.4198940267277311,-1.7132742141571509,-0.09001213725535104,-0.983230841685669,-0.2700179957071974,-0.2673318357736084,-0.7991997281147936,-0.40413322950483493,-1.1932776229517565,-0.8868749951171933,-0.6386880760996655,-0.9000747875357481
MNJNPLVXBISNSX,-1.1587180705471984,-1.4255416809921535,-1.2613168219710233,-0.8397136382112114,-0.08118139882220146,-0.5085770916412634,-0.6632253535295373,-0.1753273295385295,-0.7982290815188886,-0.830943287054147,-0.8983145893809876,-0.7805107832479055
MNJVRJDLRVPLFE,-1.3035524664503846,-1.8199889095427004,-0.41271010010497117,-0.5941147007233311,-0.4208587569520632,-0.6792627535275542,-0.764426270721887,-0.1647742382155637,-0.983548369540455,-0.9241676595652959,-0.12085386039763442,-0.7394478761915302
MNSCVRXKDINXEY,-1.2862976958700014,-1.7541020502664917,-0.303660350575166,-1.189421403151608,-0.8839992591363073,-0.9320242892284933,-1.0513392705471019,-0.4305348362042144,-0.6866752991317878,-1.0816589568794739,-0.7920674404919643,-0.7520736425697383
MOYKHGMNXAOIAT,-1.4392703546421237,-1.698383295091804,-1.9760498601021366,-1.4372405485152784,-0.9002885681802921,-0.3572510611400631,-1.1015311015410996,-0.4770233988041761,-0.8661650685605362,-0.6742074362044604,-0.8376745890946949,-1.0111355130009128
MQJKPEGWNLWLTK,-1.349813090702553,-1.813723400348789,0.015641194456432292,-1.0813900490408572,-0.18824653085674387,-0.9248986410322521,-1.134281466749226,-0.32312241850580986,-0.7392889352824846,-0.582391170308483,0.0046340974860590144,-0.9516177580467977
MQTOSJVFKKJCRP,-0.8276611309509156,-1.177424119825038,-2.982464897200542,-0.7659785681935213,-0.5656498641715111,-0.7106592118744995,-0.99339839459863,-0.9464232454978161,-0.8556176370225477,-1.0175799274761577,-1.218435436056581,-0.15990604174819445
MRBDMNSDAVCSSF,-1.5193655483178683,-1.8888033092510725,-0.20675710241478512,-1.2264442231047639,-0.04062795440748293,-0.8714661413107089,-1.045326915644804,0.23434391066793642,-0.32742205029950217,-0.8748031996171308,-0.23863382044937334,-0.7790789056782699
MROJXXOCABQVEF,-1.5243525859737295,-1.8580629880549957,-0.8432111683951228,-1.4913341851445094,-0.5883447582299236,-0.8432793782188842,-1.0872399339193866,-0.9777605091065542,-1.1499422086489788,-0.8172545057847551,-1.0801578847696753,-0.909559589460227
MTXSIJUGVMTTMU,-1.3333300075016805,-1.8393146328199985,-0.8254291959726097,-0.746638855175446,-0.835701221623459,-1.0607543768263037,-1.3184505772380575,-1.0988688362115164,-1.245554642512706,-0.826538906086854,-1.5508472023190596,-0.9583056819085201
MUHBBHLZPHKTTR,-0.18815808621996513,-0.7104948224973011,-1.0310835136276415,-0.7281151860296692,-0.28040764362753456,-0.45794760513238963,-1.0049188152489275,-0.5153114289109726,-0.5129676772161407,-0.9983660293315555,-0.23108564470981877,-0.031786558915374886
MUQUYTSLDVKIOF,-0.25763988983746794,-0.5230975960284195,-1.167583399185572,-1.0757590571464328,-0.04957192071197497,-0.49397984771689374,-0.8565213372574745,0.6912127646028609,-0.6462298554065489,-0.7505320261545795,-0.7259923190266705,-0.2707759279202709
MUTNCGKQJGXKEM,-1.3324593077884384,-1.679219463503567,-0.02384364463696344,-0.9736473714323517,-0.17438765906487286,-0.5644848068345424,-0.7557112135827834,-0.26077136150915803,-1.1152249985950033,-0.6078666091715439,0.3593664013776453,-0.6856276644945585
MVCOAUNKQVWQHZ,-1.3035244172767833,-1.7366215769841662,-0.25536155293675034,-1.0163396427907723,-0.6640694011624689,-0.7402522664419361,-0.4763600776567281,-0.45132278027818573,-0.3534736229941586,-0.9596191443826675,-0.12810888496827957,-0.7756546926013512
MVFGUOIZUNYYSO,-1.5716436999084065,-1.8784535737823287,-0.6603403988870634,-1.2115230073545815,-0.6673862282123725,-1.0004436053203536,-1.2350612769192906,-0.7189644650460091,-1.1719703824600536,-0.869484067426887,-0.9182731819460854,-0.8907009730653852
MVQVNTPHUGQQHK,-1.6279986222892684,-1.9594931337100718,-0.4262994683318673,-0.7036180097745838,-0.6719860774460262,-0.9817533763919628,-1.2431411497476264,-1.1422601400933128,-1.1037116067597024,-0.4416419972507069,-1.452505397732961,-1.0950756632507566
MWLSOWXNZPKENC,-1.2823411299980236,-1.612720325893758,0.23865869066038128,-0.9627625334732004,-0.27876624826514934,-0.8048024152584525,-0.5814383832153363,0.18717232744690232,0.18132148470650358,-0.7960714585544139,-0.09101253879524565,-0.1822956193552984
MWYHLEQJTQJHSS,-1.3624956009451314,-1.7793568620511837,-0.598972550123305,-0.7699731038595403,-0.7350457146395418,-0.7767030192358947,-0.9685428783387096,-0.3152973376077676,-0.884637081178704,-0.9520008339463328,-0.703332968009989,-0.8590950339398007
MXJWRABVEGLYDG,-1.3633589963671708,-1.842128982874613,-0.6821499762989512,-1.10251470248653,-0.3183215678989366,-0.8455668667361134,-0.8641399019926834,-0.5553223406710434,-0.709904451131838,-0.8173014024191605,-0.6892953328792983,-0.8702183630339234
MXXWOMGUGJBKIW,-1.5285075298318715,-1.7556697211176555,0.29457329153985207,-1.179241675306513,-0.5353613251409183,-0.7770650600359156,-0.9365830382387362,-0.15461099906216308,0.03727996373965145,-0.2558816528723771,-1.2330850415504262,-0.6273169888833943
MYEJFUXQJGHEQK,0.8057929088873899,0.10566208319885945,-2.0368116382208323,-0.18766062086022392,0.31222648407011383,0.2679540304547762,-0.6232845367585922,0.2994570257573007,-0.5779067172291954,-0.8173316296823971,0.16864473627710638,-0.0016454418430910936
MYPYJXKWCTUITO,-0.8887923265808327,-1.4371231902073762,-1.5431321429838185,-0.6549472038057461,-0.43232747007247685,-0.48031898098826226,-0.6213426109176432,-0.29067975581137195,-0.8352876986657003,-1.1608034669593654,-0.5415033655652308,0.3132495390289506
MYSWGUAQZAJSOK,-0.9280247686747899,-0.3495436833421262,-1.1428339509096592,-0.7392091984594097,-0.5303785248508005,-0.5737491720821839,-0.16689378989175033,-0.3423537427551207,-0.6646006136060537,-1.0575501193033905,-1.2563104776955714,-0.21139947106199558
NARHAGIVSFTMIG,-1.1928055549650405,-1.7405859615478234,-0.9109300562625593,-0.9368151712470798,-0.19801611875292746,-0.815116770837516,-0.9972909895090589,-0.6374546881604709,-1.1764467197404196,-0.773276020287532,-0.26071382257585735,-0.688052038894652
NAUWTFJOPJWYOT,-1.4520025341729,-1.7369162376667846,-1.1043511103208075,-0.3984053446382503,-0.4485310867806639,-0.8657541991800333,-0.8851106206773589,-0.34502364049499473,-1.1472885523563567,-0.7070433816702462,-0.6681698067688135,-1.0710315167187705
NBQKINXMPLXUET,-1.224145200249925,-1.7686516267207844,0.3329203189152591,-0.7765943244723288,-0.43964708397972735,-0.8080968848368564,-0.40248900269398336,0.09618211263175713,-0.10266150993574732,-0.8839031067520757,0.29072711035494453,-0.6697767286591342
NBQNWMBBSKPBAY,-1.2260786813793478,-1.6040933669582695,-1.360905792252065,-1.0869383306552969,-0.6858152716256078,-0.6715711752158943,-0.9911507164567356,-0.6360057728766969,-0.7721872210408838,-1.033947306677799,-1.0346257902688354,-0.3438500038225192
NCDNCNXCDXHOMX,-1.1149265823797476,-1.6098344970837,-1.2515031046892353,-0.93435404845158,-0.513544015384573,-0.8035703582387759,-0.5928229820789287,-0.46336552972627004,-0.8321605524677295,-1.0525429026108826,-0.6540501915478086,-0.7165501890278352
NCEXYHBECQHGNR,-1.4267898471798575,-1.8704209819820994,-0.30126178801107945,-1.3741254574704604,-0.7873738440907735,-0.9355813628769698,-0.8808473557968775,-0.45157224692550824,-0.8147567750662464,-1.0050545170680898,-0.6725086746597322,-1.1583253189825988
NCMZQTLCXHGLOK,1.0051321805338136,0.6440906656259401,-2.2954336086928016,-1.0845151102725765,0.8032821036482022,0.9054906399723046,-1.1004899302395723,0.017351805980073673,-1.4537212616469073,-0.8671042083256767,-1.2916314212108095,-1.0299790374856364
NDAUXUAQIAJITI,-1.4418448086016866,-1.8107281822291261,-0.76910859388156,-1.224527132120777,-0.4320499807312392,-0.7589144794194272,-1.1680662054510509,-0.8855685228116135,-0.9508379196993066,-0.7874760450269335,-0.8206206400730751,-0.9081582357572582
NDDAHWYSQHTHNT,-1.3954318570852062,-1.828728179532014,-0.2699714231538706,-1.2803524834406672,-0.7692316615909904,-0.9339154540173511,-0.9912400657739808,-0.22470713538237144,-1.1990704246806634,-1.0448466921621644,-0.3014966286045083,-0.9827493051469998
NDTSRXAMMQDVSW,-1.4007468409088233,-1.8642830446418712,-1.1214069062787575,-1.289178326302911,-0.9548827814424468,-0.8356496389327345,-0.7190552777010286,-0.3153673728226413,-1.1336726898515532,-1.0520196296325184,-0.8945365892500299,-1.034311923562528
NETZHAKZCGBWSS,-0.38016662637274584,-0.982271651274641,-2.0338336365726004,-1.0912901043086238,0.09994307461491421,-0.5723357270211725,-0.9750480288595167,-0.22939665611741442,-0.9729527802617639,-0.13829852124860814,-1.4704088066662886,-0.4510063927104349
NFACJZMKEDPNKN,-1.3830724538537686,-1.6742540915651616,-1.9008313026735468,-1.1187488280262126,-0.7105972917779745,-0.8073249210692306,-1.1381523763011332,-0.8396413653302893,-1.217507085569479,-0.5238978264126085,-1.4004724026280766,-1.1425558028194098
NFBAXHOPROOJAW,-1.1858359845619744,-1.5231630232907376,1.3098881644729743,-1.1130093981068598,-0.025954467559449787,-0.6724028454251918,-0.8875688374758155,0.4743441181557262,0.2581226592167218,-0.38373645695961717,1.5505049498812487,-0.42696146474087615
NFDFQCUYFHCNBW,-1.2660346158304352,-1.6866731280671345,0.3101223931869209,-0.6025504425012054,0.8262069465044641,-0.08174647801791557,-0.7495883870650151,0.8929058903635024,0.240244193585272,0.43105413231880574,1.2699303639430095,-0.019061946681524295
NFHRQQKPEBFUJK,-0.9899214100154399,-1.828737103514476,-0.22666185510956716,-1.0400817178480144,-0.46854658940853944,-0.8395132417591681,-0.7381948200501082,0.02435297959091401,-0.3697378783531857,-1.0454256270592053,-0.2645209279029351,-0.03041382362346559
NFIXBCVWIPOYCD,-1.3274904663299787,-1.7797475070868942,-0.7721139541785857,-0.8000209932973912,-0.1805867051466669,-0.8537843158109726,-0.9267901325600634,-0.2993902671312291,-0.4596903873158034,-0.505636374442884,-0.3667810838968539,-0.9309653378654519
NGBFQHCMQULJNZ,-1.5940784843445988,-1.8975032159141694,-0.8612850715055916,-1.3227045939389952,-1.076337573668936,-1.0450206867277043,-1.072548326184255,-0.8939968426531767,-1.3115702567975167,-1.1000288898797836,-1.2588998689735966,-1.2954748258148423
NGOGFTYYXHNFQH,-1.44122603792169,-1.6746393286035293,-1.418617041513894,-1.1391220767728014,-0.9826108190981417,-0.93570875429673,-1.1177936571618703,-0.9504438811572213,-1.179427068291503,-0.9522794897107882,-1.1092210035040981,-0.9385808480606065
NHUHCSRWZMLRLA,-1.4719202247716967,-1.8804951928950107,-0.4563301583015879,-1.308544169118598,-0.8229614950617049,-0.961767734078891,-1.0553495534285589,-0.5258074292447037,-1.1092449670016458,-0.9239025535743066,-0.9340358820880714,-1.1731118770021942
NHZLNPMOSADWGC,-1.3174530106981264,-1.90139876997023,0.1513362585482084,-1.2387250846525117,-0.6988930111412024,-1.0001218777433276,-1.0776159314849247,-0.4099814708571097,-0.6867570342642279,-0.9201748938419133,-1.0912399339031158,-1.13397578727884
NIJJYAXOARWZEE,-1.446837630417197,-1.7186251717799914,-2.4237230485956234,-1.2171301068223879,-0.8254826584848737,-0.8813640476794433,-1.1233426502112571,-0.8291400612906521,-1.6528562231629462,-0.8349013819756885,-1.4779578406682021,-1.3902459092749107
NITYDPDXAAFEIT,-1.2954515639562183,-1.7429894363586231,-0.665866239847912,-1.100651618293457,-0.6953474768408586,-0.5391392515554178,-0.9130282149029552,-0.8475142002810863,-1.1561457147589735,-1.0623154423582262,-1.2284853576490145,-0.6773214285662401
NJCJBUHJQLFDSW,-0.8807548142498896,-0.6827230255521137,-0.9773404808835495,-0.8883106924237568,-0.7975248163235125,-0.4197539218250334,-0.0585614188142749,-0.10924745644190254,-1.0408499048316844,-1.0319661412580396,-0.8956736980372615,-0.5063261857930117
NJMYODHXAKYRHW,-1.1859457323618638,-1.2378302506703829,-0.4708661743918527,-0.8732258779206126,-0.46791482932951123,-0.6641653553416786,-0.891058907064644,0.2169155431057609,-0.8443440268614695,-0.6144992616344085,-0.3410548992819311,-0.7521792032644581
NKANXQFJJICGDU,-1.2082189984873428,-1.614500072771613,0.059312307588400795,-0.45484547061206543,0.04916581579654808,-0.5581029730683066,-0.6238544722135362,0.40182241872563657,-0.3187105234382103,-0.18052946133416953,0.9331769610057279,-0.296281696895901
NLPRAJRHRHZCQQ,-1.2169521415958249,-1.5066086326911647,-0.9181544408823129,-0.7454757534172661,-0.20332539084343423,-0.7399128855178759,-0.7214773580051689,-0.6308788820283758,-1.1790535287399828,-0.4504896721275623,-0.9262372846405578,-0.554534615184035
NMKSAYKQLCHXDK,-1.338551330609672,-1.810493260294668,-0.47644555404444033,-0.7686530584484179,-0.094364397324911,-0.8578470690578907,-0.9109223201812225,-0.12321660837559331,-0.8459738464415143,-0.6199107690194284,0.15639826516445626,-0.792355717820785
NMUSYJAQQFHJEW,-1.1995692905228794,-1.7512120811018672,-1.564349976634264,-1.1490356722844683,-0.8978799767311892,-0.8440458133419039,-1.070538982951149,-1.18834531573139,-0.7570243539317286,-0.9269893255003561,-2.038680123955019,-0.43883433535949173
NNAIYOXJNVGUOM,-1.4683570001188824,-1.7203066908938105,-1.539582346890569,-0.9719624012134529,-0.7783942387652232,-0.9034848972181628,-0.9146440727560852,-0.2908580332037619,-1.5015063983738253,-0.8471688297075916,-1.1037553955443045,-1.1004253028530238
NNJVILVZKWQKPM,-1.56936807337577,-1.8294193490057182,-0.7361287999126713,-1.2815270959991958,-0.8059312930842103,-0.9782955969012261,-1.1826755339566857,-0.9659867684604622,-1.149490850310824,-0.9177166236814138,-1.3997229501843438,-1.0391658458389097
NNYBQONXHNTVIJ,-0.909435738315909,-1.1849853843396239,-1.1724906138768747,-0.5776124728508046,-0.27065815809659466,-0.2624001944803332,-0.6025072637910933,-0.28811651938450017,-1.0199867302312164,-0.9927719876666965,-0.4533749529433533,-0.4657555546062171
NOIIUHRQUVNIDD,-1.5709973556515193,-1.9101956743072133,0.20342949720124648,-1.1940463626938207,-0.8492084726266388,-0.9726944974451234,-1.2429708024419117,-1.0090124461995154,-0.9644241962497069,-0.6498558281377318,-1.6125077698264207,-1.1318363049448938
NOOCSNJCXJYGPE,-1.4473929036190898,-1.8105425620613291,0.20797563945330985,-0.5748843289036144,-0.4159224410137508,-0.7198285119501645,-0.764104335805533,-0.19770220995180704,-0.8640914694934789,-0.9920960534809345,-0.7933895059203058,-0.9569770874573983
NOSIYYJFMPDDSA,-1.3018776047913971,-1.6407501205427344,0.3038296980194517,-0.7736612957074108,-0.5858882679536958,-0.832610650863215,-0.898365135463917,-0.119155623176082,-0.8948454352814798,-0.8086681767344402,-0.49571247643804817,-0.24012820032061127
NPGNOVNWUSPMDP,-1.2525737410597593,-1.6529837118602273,-2.225957438393569,-1.2562956924952224,-0.8314854926633684,-0.8570452168407015,-0.7666374677529416,-0.8201847450409283,-1.3746801113534985,-1.0842223219569513,-1.5912010258044704,-0.9715999547980678
NPRHVSBSZMAEIN,-1.1542890522778455,-1.4331213925720572,-1.9531531747056325,-1.1091504409414175,-0.1700821643449853,-0.8046496770444642,-1.1029919746848869,-0.7140716071930255,-1.265819428184645,-0.8176793309084405,-0.36296878885572376,-1.1241046839261764
NPUKDXXFDDZOKR,-1.434402808384754,-1.8325338345891324,-0.5701386175234907,0.051237200378999495,-0.34662986010900126,-0.7565330462044233,-0.9321430345816883,-0.5550446734350795,-1.083768108687836,-0.990239485953728,-0.9714338129710042,-1.0748928369770443
NQDJXKOVJZTUJA,-1.018710581809522,-1.5598725004626939,0.14099847336224025,-0.9272005367428557,-0.354867045819652,-0.811203652740705,-0.8611640617077279,-0.2687079458379895,-0.42756655913060215,-1.0550296375170418,-1.0082874016990335,-0.3086504000744542
NQPDXQQQCQDHHW,-0.9547422997057788,-1.833215322725594,1.6427359489168325,-0.03140491558293066,0.03011096020673805,-0.7885839236752983,-0.500669170321937,0.6991229879784306,-0.7909163047406047,-0.8882266796691535,0.20940767513804848,-0.6059902511695979
NRFJZTXWLKPZAV,-1.3492676450102505,-1.6706707965196093,-2.3196228349956933,-1.5377674679082087,-1.0809439606207252,-0.8995272685265943,-1.2070894553647267,-1.198050851824048,-1.049242481594445,-0.9144724222124418,-2.0430499750752964,-0.8904958263328613
NRUKOCRGYNPUPR,-0.7511435208261035,-1.3588794763612022,-0.9786806508586949,-0.7497335056494819,-0.3323964482129483,-0.4953347208493072,-0.4354790099890869,0.005272089620184542,-0.1686720980145742,-0.9419059459859302,-0.01558311583837999,0.36563358502250276
NSKGQURZWSPSBC,-1.3843200170921424,-1.6373616466172891,-2.731134739606462,-1.3871915639561514,-0.5968880768815448,-0.8262579771093445,-1.1970532857618328,-1.2698543764179089,-0.733651844652272,-0.9465681780825848,-2.141346902285979,-0.7996557117763335
NSYZCCDSJNWWJL,-0.5082604769555417,-0.8522414384759035,-2.8593024616890923,-0.7180022839689554,-0.40208192864816106,-0.6154890649456075,-0.8644987348484646,-0.8841693104417063,-0.7959929895326023,-1.153374515206953,-0.9722622016285425,-0.2729305856655409
NTHXOOBQLCIOLC,-1.278471371696501,-1.6635340211041427,-1.5281004210949445,-1.1851390235907027,-0.8037053526104925,-0.7123116056444541,-0.9990334578493528,-0.7760035340171161,-0.8247311749608552,-0.9971343946669584,-1.267859802090152,-0.46974745706173093
NTJOBXMMWNYJFB,-1.2579846008428737,-1.5713139040356061,-1.6485671420581594,-1.3532777234116056,-0.9604021725235499,-0.8443741792963901,-1.1080639284214489,-0.8345148329597526,-1.062411290244809,-1.0474369886503272,-1.4386810542624096,-1.0144840530484496
NUHPODZZKHQQET,-1.0120844336132744,-1.6670543237347162,0.06583617208214089,-1.2284927262448224,-0.6984906650777203,-0.8446823353148303,-1.0822267998115205,-0.6958272511299267,-0.6564009153981661,-0.9684212729513466,-0.6790078320588283,-0.7423276343813302
NVEPPWDVLBMNMB,-1.3656853694321007,-1.6132650560151454,-0.7000935359018349,-1.2238341563343826,-0.8847410278661297,-1.0185072243048214,-1.1344826931543373,-0.4492255659859409,-0.7799631111629098,-0.6883349085955821,-1.2610683270310235,-0.7283556171075025
NWBJYWHLCVSVIJ,-1.486926894326016,-1.9178945650285715,1.2027015639473533,-0.6514420882532008,-0.16617389073503855,-0.9993604022838772,-1.0476964317772657,-0.5526199665827718,0.3533279386643646,-0.862073362986221,-0.8413221936490775,-0.6640111950020245
NWIUTZDMDHAVTP,-1.4583999494757973,-1.7903402538968196,-1.4392316650903563,-1.054704678003811,-0.6565623679988917,-0.9079721956500784,-1.138535894184459,-0.9814934424265467,-0.6645068946423334,-0.8359292635889161,-1.339721685548201,-0.8772141017911377
NWPRCRWQMGIBOT,-1.3075074100963902,-1.6930885489005223,-0.9251168047154745,-0.9126410086266153,-1.0434467769477915,-0.9321145743705841,-0.937661764607745,-1.0487222159759524,-0.7291291183572592,-0.7919400454495314,-1.8557932130479253,-0.9833590972181085
NYMGNSNKLVNMIA,-1.6304104766521925,-1.8947030926944595,0.5825236593741614,-1.1317035144604812,-1.0778060574261183,-1.0019255954421098,-1.2989320908244983,-1.1980269014628873,-1.264541666911893,-0.8351593117798799,-1.5538929598012474,-1.1017243112533925
NYPYHUZRZVSYKL,-1.4062197593868233,-1.7002872109195857,-1.0996373519278415,-1.2980423736552105,-0.5218396713301656,-0.6379374356087214,-0.7366788512513551,-0.15674084265797641,-0.7711481686271091,-0.7695328707836326,-0.7234951538198146,-0.7160081341210801
NZCRJKRKKOLAOJ,-0.7802842269787478,-1.2365302919543508,-0.6139625748207177,-0.1970441081124521,-0.29344767405654065,-0.5275893078218176,-0.4285765282795065,0.5799879750211957,0.042276396120780255,-1.0932875822833872,0.1354306233988428,0.5326618332580293
NZHGWWWHIYHZNX,-1.3587548197435584,-1.7783236810009395,0.1458575330959596,-1.247917699027222,-0.3888789926531256,-0.6582470932006514,-0.8360655561718695,0.01947992753089549,-0.2621594009832432,-0.8151340773331565,-0.47206720971170324,-0.5522494376210271
NZLVRVYNQYGMAB,-1.0328003076121373,-0.9932543192269168,-0.027475475816230485,-0.8176442587617895,-0.42761353909496863,-0.6559874562012196,-0.9448173877039417,0.2751148553553894,-0.7878314115439816,-0.15251543550326196,0.06507449185870683,-0.4174553024365079
NZUPCNDJBJXXRF,-1.4697430099007054,-1.7211937343739034,-2.275967158697589,-1.2641943098846031,-1.0699819351577164,-0.5984822495833282,-1.3352116515936716,-1.3862972696887832,-1.4347936827313954,-0.8979350751878958,-2.0020105532947072,-1.2241729403727102
NZZIMKJIVMHWJC,-1.2510000443966778,-1.6048133381313276,-0.07032386998049883,-1.1930527410889546,0.09111884990154719,-0.7951284771194334,-0.916713697341791,-0.07595284781361522,-0.3950740444115549,-0.496514219283479,0.11509821769028479,-0.9333757617303093
OBKXEAXTFZPCHS,-1.4773010892623315,-1.832657247417456,-1.3211615250560613,-1.231799980299315,-0.005589243749905979,-0.7131141865336954,-1.0821347036599196,-0.5141882939532165,-1.3333746335872771,-0.6052934554458865,-1.0657899232082815,-1.2756619812161714
OBMLHUPNRURLOK,0.3646583797698893,0.17383015008910854,-2.5843809799212694,-1.2754302998417455,0.756417690978476,0.240607468071756,-1.1282717500212698,-0.38127389570228853,-1.4385312937632013,-0.7715545966731744,-1.084581449618971,-1.0691745248008133
OBWGMKKHCLHVIE,-1.3349716450640388,-1.6885270997869264,-0.48641642242439753,-0.9048648936378236,-0.7203473125864154,-0.9065215176323733,-1.041939223216261,-0.13349735773626792,-1.071237369782655,-0.9169898991273249,-0.46160984378617315,-0.8038553143966455
OBZHEBDUNPOCJG,0.6039725104588688,0.3792049267267665,-2.3533984123835943,-1.0177633959971042,0.3326242574933629,0.10418356799911997,-0.88297384301351,0.027365178389899117,-1.3367605690953963,-0.8763889338387021,-0.6295547728524249,-0.952557492164086
OCAPBUJLXMYKEJ,-1.3559739444881949,-1.8124010655419809,0.4923407328801533,0.5637123156151029,-0.009855645491815416,-0.7699969177400846,-0.7559125970164606,-0.003186506349931516,-0.5080957761137701,-0.24553838597905325,0.5162668467924266,-0.5024886916161567
OCJYIGYOJCODJL,-1.4148129128970368,-1.746423438374316,-0.23092298720978213,-0.8808130694829472,-0.38659410871028416,-0.8624798667256565,-0.8216586925439255,0.09346207012150314,-1.1355624212824975,-0.7633447608124001,0.004449521124548222,-0.906748810294369
OCUJLLGVOUDECM,-1.314921126636105,-1.7659518782880488,-1.0621186506664628,-1.0101285769102994,-0.6206743229160251,-0.7668746667852973,-0.8890649488322342,-0.8240102865611563,-0.9361171670027396,-0.9802218397696404,-1.0672773279227517,-0.6368828369277106
ODKNJVUHOIMIIZ,-1.0654730785232447,-1.5993068975825167,-1.9795287252722122,-1.01309909308364,-0.892976760680642,-0.791844922705468,-1.088054610791474,-0.9941069776159052,-1.093178053814678,-0.9498781289506941,-1.8976556431462168,-0.6326239293407866
ODQWQRRAPPTVAG,-1.3450755474506244,-1.669809376729659,0.38656857241828024,-0.6683816659332867,-0.3449234563710496,-0.47599250646521507,-0.8578252022155977,0.17857194367328175,-0.44376020228585866,-0.4589646929576375,0.20157100518003224,-0.3315361184378195
ODUOJXZPIYUATO,-1.3001704081671792,-1.7010123658979355,-1.4171984417920043,-1.0966599474363805,-0.01880147914300465,-0.8311041167324539,-1.003202991756309,-0.7832749777121678,-1.077056965879896,-0.9251698952987946,-1.2824322803887378,-0.9590609307395173
OEBPANQZQGQPHF,-1.371467671391979,-1.7993024283278558,-0.9710806970695965,-1.2462780081851783,-1.028378556552204,-0.9258627975037805,-1.0332846348694917,-0.5336429914736002,-1.1335729190045591,-0.9640676070471487,-1.0967681159019014,-1.1092870307844735
OELFLUMRDSZNSF,-1.2957835564312703,-1.6862859989426218,-1.955043219554092,-1.2930788469844023,-0.3089625725281207,-0.6622556247178404,-0.7964357270775405,-0.6958193619925152,-1.3221229054616663,-0.8848861698592676,-1.1487798469645019,-1.0582366168240367
OEXHQOGQTVQTAT,-1.0337595771986763,-1.4695843560639956,-2.042890696607466,-1.113608501592495,-0.155275154335744,-0.7601638331491393,-0.6837267597511612,-0.8782339420777985,-1.172301941523995,-1.020660633271351,-1.1310155105651307,-1.0508793755209234
OFBIFZUFASYYRE,-1.1059901606045532,-1.5619621357925568,-0.295056864450863,-0.45401717519332063,-0.7599558165129038,-0.724520906631167,-0.7711311505296686,-0.20443331382395633,-0.8879568339749476,-1.1034114418227143,-1.222601269511947,-0.6255166886957709
OFCNXPDARWKPPY,-1.506913635624577,-1.9039488051469164,-0.4630432956064524,-1.046327797858452,-1.0695164842399938,-1.00484913070148,-1.1846817055985759,-1.0583105732388316,-1.012165446316992,-0.8922666541721643,-1.7123650196807068,-0.9309374211013354
OFHHDSQXFXLTKC,-1.4928950790443276,-1.612653842093004,-2.4007640124051717,-0.9834915637644989,-0.8292538820129718,-0.7255343677035037,-1.2046950151146474,-0.6782593886322374,-1.251138248151165,0.22271123629916084,-0.5775587540122749,-1.2007949886739018
OFPXSFXSNFPTHF,-0.9721192528301619,-1.6228394114866127,-0.5619008241985518,-0.744958279790782,0.024271936741049167,-0.5492076898189329,0.14167599713336293,0.061586044018906556,-0.47180180873310146,-0.9033369136252327,-0.39534963145879853,-0.42985576328122044
OFZCIYFFPZCNJE,-1.4714828499067285,-1.7357559101750408,-2.319572950736757,-1.2612779219012535,-0.9228930451347028,-0.5016585666561365,-0.9399096413417128,-1.3401125463954675,-1.527387210848776,-0.892845631453649,-1.8317778177543205,-1.140882264068436
OGAKLTJNUQRZJU,-1.229251868238914,-1.6056266502391559,-1.4886109411435584,-1.0417040590922897,-0.2831347064490748,-0.8659356926343111,-1.0680707839557497,-0.6340569345873226,-1.2097420353081367,-0.5781608479623971,-0.38118963579408277,-1.073484041253244
OGHNVEJMJSYVRP,-1.0509786098046836,-1.6351897868523642,0.4413948337341226,-0.8809279815547626,-0.4549343672445008,-0.7162822612392294,-0.9088847099014039,-0.19113439811841404,-0.48449769273766996,-0.8584657741042301,-0.6458068107123396,-0.20860658015584677
OGJPXUAPXNRGGI,-1.028402065096913,-0.662944081271865,-1.152080933325128,-0.790052605574469,-0.6575832985845522,-0.5646723573837547,-0.35735947444709754,-0.4352598925253121,-1.0517444969537473,-1.0651626005238466,-1.2972834759388778,-0.4893903503506942
OGSPWJRAVKPPFI,-1.464496278643887,-1.7070708515512432,-2.325260402206676,-1.3775569535338947,-1.0358448642462839,-0.9375249789082549,-1.252407267180377,-1.060178530209035,-1.4946253622121497,-0.7510588767438372,-1.7897155006338856,-1.3655639235839274
OGWKCGZFUXNPDA,-0.6066557707954001,-0.77919690287718,-1.4039096553979804,-0.6301992358896414,-0.3464738961606599,-0.44662234529560396,-0.2645238105973123,0.19499576327148796,-0.5095253335474067,-0.8846986871822113,-0.3018485430469242,0.2435747889560089
OHCQJHSOBUTRHG,-0.3531995532647433,-0.7187647517963103,-2.692256530350399,-0.8847660751011978,-0.2555608454859079,-0.43861028154887577,-0.5917698040196921,-0.7216147725359948,-0.8708522146487525,-0.9311653738194525,-0.6617700726220569,-0.31856614231969926
OHKOGUYZJXTSFX,-1.320911214480226,-1.6682853136770923,-2.130706147779818,-1.4726870446479479,-0.4842614923915267,-0.8857714359579147,-0.691997314413287,0.017913685611281087,-1.3618716689781722,-1.1671050373763028,-1.6002557290634776,-0.7014559934822813
OHXPGWPVLFPUSM,0.3431722906677195,0.09068754501593876,-2.714092273216015,-1.4745435767010018,0.1572450181857481,0.041944026029635234,-0.7712626862564894,-0.7688703517812656,-1.6564769138346165,-0.9394280607593366,-1.5686763286469942,-1.1286539973072014
OIGNJSKKLXVSLS,1.8153490732656263,1.7321137170302867,-2.286743129215256,-0.9884031379225535,0.5169826548079881,0.09570901019700748,-1.178240579163623,-0.5533175366598936,-1.2199921801859952,-1.0188501168668882,-1.3312152159079444,-0.8306847321450079
OIPILFWXSMYKGL,-1.365469130517479,-1.657021484976811,-2.3970957927650636,-1.301464415292287,-1.1189857594153154,-0.9379204635362609,-1.2576982010107207,-1.466535484142334,-1.4807600093533124,-0.889658455911148,-2.2468508109968317,-1.30691968243531
OIRDTQYFTABQOQ,-1.119348647348964,-1.7558888463502802,-0.44860512875468606,-0.8097554806593662,-0.48707132886708177,-0.919982291012414,-1.0401861405607191,-0.6922494314813183,-0.04646699308044984,-1.0199429888750755,-1.6434026924490301,-0.15258450636740956
OIRFJRBSRORBCM,-1.4184221205722776,-1.740903145004605,-0.893297610397207,-1.080191021659827,-0.5034336104934733,-0.5714950645876761,-0.8709501086522494,-0.13258369385965602,-1.1366856946134174,-0.6992427829504606,-0.49451721646077695,-0.6606034698646366
OJFSXZCBGQGRNV,-1.4563335671517852,-1.8161103410587964,-0.20479086165252444,0.1387884219158608,-0.45433772668110606,-0.845155310800187,-0.995204928822441,-0.46203121333144387,-1.111396253031155,-0.7363594276941906,-0.324933216238021,-0.6645389963947085
OJGDCBLYJGHCIH,-1.5032844113824921,-1.6952357864331393,-0.6414194250599157,-1.0054963866062252,-0.6549753524906634,-0.9152519710463458,-0.9427185403582268,-0.15388651032997036,-1.2747841753792577,-0.7219536836855882,0.043506696742949755,-0.8852050781407804
OJMMVQQUTAEWLP,-1.1532927024837212,-1.6507014404488145,-2.851840080028271,-1.222014476567981,-0.9323571548484535,-0.7693547859191241,-1.119935874845412,-1.084913406926937,-1.1474534534557175,-1.1168592445583687,-2.024846258497189,-0.7571650116736058
OLBCVFGFOZPWHH,-1.5563471223524663,-1.8268057577826027,0.08399984893166984,-0.6863385885812159,0.16620849830092543,-0.638577386040822,-1.0567980258717444,-0.4430327928633762,-0.8326829660541407,-0.6269290888746673,0.020715194894967162,-0.7745449137129612
OLNTVTPDXPETLC,-1.1759719629251306,-1.6925332003137274,-0.913327112303512,-0.5317331120778626,0.2212651039568815,-0.5000703497179743,-0.6270049196520726,0.1231667320574511,-0.8703036300059339,-0.44128735853695356,0.6062899401769989,-0.46801238614846363
OLOOJGVNMBJLLR,-0.8883847619336281,-1.3738717311715025,-0.23528617037080346,-0.9983212636690253,0.06147227239241879,-0.5338886149572987,0.33270297286251543,0.538322665633026,-0.20085821070592683,-0.2538705311958653,0.1730789731081134,0.26495961636308013
OMFXVFTZEKFJBZ,1.707314246063839,1.6938410232724042,-2.4888392900019705,-1.2434046232415763,0.4704348238051156,0.16197897608680065,-1.20047347350907,-0.5208760578416907,-1.5203417099991408,-1.058982554299203,-1.7737641118743317,-1.1067323459334157
OMZCMEYTWSXEPZ,-1.248715250337174,-1.597916334426352,-0.0701300914333503,-0.8519540053083481,-0.6545640481283128,-0.6756807581707905,-0.5830741707861041,0.045530428747015246,-0.4548482343016823,-0.9573040944791593,-0.8803751213630316,-0.5980388264946318
ONKUMRGIYFNPJW,1.180363181349784,1.2817107316664127,-2.2618295514963247,-1.0176437097317308,1.055768964947559,0.7299123525621638,-0.9213650188921122,0.6603286131065187,-1.1621684899690927,-0.8297224076374481,-0.31370702523460126,-0.4628612328821592
ONWXNHPOAGOMTG,-0.9102843895920123,-1.456342136024814,-1.0946848531372988,-1.0398719402444119,-0.13644758704296944,-0.5359083190078294,-0.8512320633847092,-0.1375589863171819,-0.9397476055345871,-0.9971534387210831,-0.2056930488729792,-0.7329467745811942
OOGJQPCLVADCPB,-1.4010818611961895,-1.7983502349886356,-0.5546173223986544,-0.7981660967985307,-0.024061131138678294,-0.6731473352664853,-0.9085082959672997,-0.20696007282116957,-0.9534194581255577,-0.6952061036241821,0.13649275602072855,-0.8827810261993908
OOUGLTULBSNHNF,-1.3103698569782511,-1.8690157463087596,0.11509309736631715,-0.590395557011064,-0.24703729445933137,-0.8413884917930416,-0.11776138421229686,-0.13315830967173053,-0.43865726774816377,-0.9395659290400391,-0.6577155246309353,-0.7989577563089374
OPNUROKCUBTKLF,-1.4779921714568673,-1.8955815870704722,1.4492920856250302,-0.882396353198585,0.12168557297946041,-0.9614601141611179,-1.014882967655198,-0.002376850281522859,-0.6542175346836568,-0.4941016944485978,0.5952943942966655,-0.634293554561548
OPQRBXUBWHDHPQ,-1.3532073180697177,-1.6597200902678146,0.42078444321617586,-0.6715337981557687,-0.7098545483432182,-0.8133646813607021,-1.1174808702661538,-0.6203815412338818,-0.5320986470625608,-1.0101158707697218,-1.1518950914336106,-0.7762273706829784
OPXLLQIJSORQAM,-0.9879536043875585,-1.7076301019834967,1.025235803543166,-0.9199217639054349,-0.16232457246266346,-0.7474199596391524,-0.755620185442261,0.2885480397524485,-0.4332523920804083,-0.8157420484080896,-0.6770892149446764,-0.5651001973452161
OPZKBPQVWDSATI,-1.379468284577144,-1.758633936923455,-1.4188126788144733,-0.9256337357449554,-0.5749824666749903,-0.5954951974853213,-1.0802748923515808,-0.18573739678170972,-1.0165621238924463,-0.6129982228477455,-0.32061349769760705,-0.8434497012495978
OQDPVLVUJFGPGQ,-1.408231692212957,-1.7831253389201724,0.6692691160487175,-1.075610502155171,-0.8932230768727611,-0.8963717349743878,-1.12958002887615,-0.5230564607107794,-0.7215592734122276,-0.8910903310953869,-1.615530964300678,-0.9099947576815243
ORNBQBCIOKFOEO,0.8932559238611644,0.7257570565582434,-2.3247949151811866,-1.1275860151646189,0.8867353617714648,0.5481996127384665,-1.1377323166108293,-0.059123696048567834,-1.3317585770078355,-0.909442025175136,-1.2083601420520231,-1.0842730561206433
ORRZGUBHBVWWOP,-1.175338231279254,-1.5960259541197843,-2.4426819190335127,-1.5462067756611422,-1.1773097670549886,-0.8086798372003778,-1.2488890744996313,-1.3437816817791803,-1.30447598053998,-0.914314369359578,-2.1048214371202545,-1.0351923841649413
OSUCQKNXQBPLDG,-1.1085265512808036,-1.5455448094171287,-0.18040841058254323,-0.4560618377346432,-0.5307107262126032,-0.7383874979592004,-0.9571051273137348,0.08535123530607218,-0.7908799471069312,-0.9305780164718394,0.671217447828306,-0.8367130890328158
OTGJPAOGHQFBMI,-1.2245078601211041,-1.569195824110198,-0.44498044137789305,-1.1069352744070462,-0.8922727463094275,-0.8446373033519895,-0.8075334446403399,-0.05269904238447844,-0.5363040927782774,-0.8542081452182214,-0.6872526840268011,-0.7021161548823991
OTVAEFIXJLOWRX,-1.4074811857779854,-1.745508775383814,-1.5297064118291142,-1.3429372857772197,-0.7539276429976259,-0.8404866794802618,-1.1056725344719387,-0.774039034557982,-0.9167861411935285,-1.0184853036350048,-1.0964968903825434,-1.0434972861913936
OUDSBRTVNLOZBN,-1.663804424660144,-1.863267914588848,-1.8449869128220273,-1.655097074119306,-1.2755729229552275,-1.127903105435831,-1.270185304578771,-1.355342691337673,-1.5558375149628776,-1.1589161012004277,-1.8631865240033347,-1.522014292177715
OUJTZYPIHDYQMC,-1.0864630699005495,-1.7265146971932772,-0.7702787712792386,-0.7478564608980811,-0.28741639243779393,-0.7733563491066702,-0.2546503179957483,-0.6185145729024804,-1.1287904926923535,-0.9655807954205965,-0.7612097622621508,-0.8392940857495149
OVBPIULPVIDEAO,-1.196889316062905,-1.6994868154994536,-0.8345048145710009,-1.2653528015975222,-0.7223092400560616,-0.9074453379165922,-0.7798553032381005,-0.38315672038533966,-0.4912093851024363,-1.0856194305730296,-1.5442785372555887,-0.27975318438315366
OVCDSSHSILBFBN,-1.3571631271845224,-1.697585150032626,1.0791430732431544,-0.5782162617123896,-0.34417152126749195,-0.6067566951933921,-0.8371224111896867,0.3612317525621699,-0.5557793359825789,-0.8163570908924077,0.25155488717606983,-0.5075845215281727
OVGGLBAWFMIPPY,-1.0733628303234943,-1.7427243699739223,0.29216507602601727,-1.3874870487024145,-0.7697738718370903,-0.784342857623095,-1.0445584505787693,-0.1719819194346468,-0.5767153462861582,-0.8773375886850053,-1.3520290756795224,-0.9803087419485639
OVGORFFCBUIFIA,-1.4180132424754093,-1.794699777764532,-0.9719664577669417,-0.7956824135623768,-0.05223384264555132,-0.815892195637031,-1.142074540761253,-0.6660813422497609,-1.2483247825168649,-0.6314823391465249,0.1578236233121651,-0.9975460039840818
OWQUZNMMYNAXSL,-1.250973434207603,-1.7585892407546018,-1.3269401262513192,-0.997169328877819,-0.36772128522831293,-0.806392452408279,-1.1358147505423137,-0.5854718407542321,-1.14406276800874,-0.6237697391828045,-0.7805052072987825,-1.0646273738482934
OWYLAEYXIQKAOL,-1.3481374045236418,-1.7182872392163175,-0.9944209937103835,-1.201409319359727,-0.8123113844446015,-0.7638300429799193,-1.1523496627090886,-0.6067692404727821,-0.9522484847429662,-0.9190280578968406,-1.4756336145783613,-1.078780291886132
OYHQOLUKZRVURQ,-1.3407780409378822,-1.5786939538960372,-2.4973497836917415,-0.902569300088816,-0.6727864104456848,-0.6837632800453041,-0.7711994387128001,-0.03152225705987634,-1.523038731384102,-0.48270465341172114,-0.5308774651568048,-1.2068378687517427
OYPPVKRFBIWMSX,-1.4290678690419032,-1.7196925667859435,-0.22085397604921794,-0.23155216365037576,-0.3800312650165982,-0.6891501851678475,-0.6760427508234962,0.2100924117502734,-0.7287266252393978,-0.14329108849869798,0.3307148510873952,-0.07574012767650011
OZGNYLLQHRPOBR,-1.4551775969098373,-1.7473541207197352,0.6778578917928624,-0.8951864899427857,-0.11335067338810417,-0.7559070654762468,-0.6152491288790509,0.08046821999439599,-0.5364347980723285,-0.40959035906135177,0.310261577164707,-0.3115405333014365
OZLPUNFFCJDMJD,-1.3731994846178421,-1.647163966067992,-1.1766386938427424,-0.9972702386634019,-0.8730782414257459,-0.9357357572733508,-0.9238650472760996,-0.6932391291780188,-0.7246268445388528,-0.7959884698349571,-1.1303861810256903,-0.9007710098096987
OZVBMTJYIDMWIL,-0.8094447508652369,-1.1959709274588946,-1.5253603705863437,-0.8049194401748686,-0.540381769106398,-0.5409674543361002,-0.6040322017574902,0.2026196748762322,-0.9681055501205365,-1.077095330818871,-0.24581262396117015,-0.06940958918162046
OZWKMVRBQXNZKK,-1.3672394856463341,-1.6201586529001832,-0.4855855336787622,-0.8253308664218288,-0.3651043683198245,-0.6881069239100931,-0.835669806664593,0.023724106424907097,-0.6328297488746746,-0.9207798760245482,-0.6147377688442541,-0.6316175951025256
PAZJSJFMUHDSTF,-1.4861257487065775,-1.8303401998811992,-0.7816606002367306,-1.0180226973470399,-0.6747083222747836,-0.8446347282815703,-1.070630486618458,-0.72669955732605,-0.7204221061488907,-0.6819247343788867,-1.0229319798936567,-0.7214877649324565
PBBGSZCBWVPOOL,-1.3158159486587293,-1.7648931807808887,-0.4594851204700854,-0.5887074437226321,0.31235767430823935,-0.42735730772135816,-0.8448359292310151,0.5018361044607424,-0.6700790548175005,-0.16945082209671988,1.219452187354182,-0.3034968929638451
PBCZLFBEBARBBI,-1.4999933620175883,-1.8639221773847379,-0.5688653750779468,-1.462135294193251,-0.6572777654766142,-1.0046257568843233,-1.166379926687568,-0.7124051168402936,-1.1807197661404603,-0.8351976284961244,-0.8526139292304346,-1.2277692579654609
PBJUNZJWGZTSKL,-1.2380029608832717,-1.4693455280970884,-1.3141652848608452,-0.842617212614932,-0.564545412098632,-0.7766417309558087,-0.6812821367051146,0.45213108354570875,-0.8237303954037879,-0.5166850086898911,-0.9002968781484091,-0.7529713401543857
PBKZPPIHUVSDNM,1.6529275059753308,1.414047905804819,-2.451941160870056,-1.2393141665480834,0.8946663838601785,0.6550934930938896,-1.1043994284165422,0.29999615338731667,-1.3020485232164094,-0.9964762646868925,-1.3215763736055886,-1.0120673029341352
PBMSWVPMRUJMPE,-1.359455849601591,-1.8603973039643382,-0.7386369891574323,-1.4357636179523408,-0.8470402937569697,-0.9701073518344172,-0.8112148029759916,-0.34648891878060806,-1.0726650489978469,-0.9849000292068407,-0.720876771458357,-1.1465297358922444
PCLITLDOTJTVDJ,-1.1796487985473614,-1.844136785280211,-0.5655334308243671,-0.6989688537718991,-0.5648100489934736,-0.9388001661386165,-0.635929170670434,0.2516351287275859,-0.7088997459257915,-0.4821812139650652,-0.4350870009079268,-0.7864016823073872
PCSWXVJAIHCTMO,-1.277200100132755,-1.445288226950099,0.8108771487300203,-0.13833337205235638,-0.0777029624314842,-0.7272544497673004,-0.9130704374850253,0.8758439897258916,-0.3287893545540856,-0.5866857365410941,0.8723977424426576,-0.10211400757095127
PCTRYMLLRKWXGF,-1.3225955806619887,-1.6825124717379842,0.07574574834407533,-0.5609685564685056,-0.7025486514447352,-0.8146870593672515,-1.0534405350216007,-0.38397168430872175,-0.845853626142202,-1.0419360877716657,-1.2372554195389582,-1.003608850678371
PCZOHLXUXFIOCF,0.06853923059326524,-0.376279925545843,-2.579658839718594,-0.5402993881611984,-0.05513724700880474,-0.11692120966763496,-0.7908798403772851,-0.373455643258465,-0.9173260163904768,-0.9503973798805034,-0.1913495836572507,-0.5416874580270284
PDWUPXJEEYOOTR,-1.6565694961741926,-1.8800349153845826,-0.03273967260689126,-1.1016753940775277,-0.525912994319639,-0.9275941515973445,-0.8187830268372261,-0.28974797094340776,-0.9291390762352054,-0.4132789538693049,-0.538427496129037,-0.6975773488561723
PFOLLRNADZZWEX,-1.381600270950894,-1.6556152762713865,-2.107232664587854,-1.225658361000307,-0.6102393801194034,-0.8189839121651263,-0.880756504489689,-0.5544107795317613,-1.1996919556926984,-1.1032847887626687,-1.3781128089801578,-0.5277514539426745
PFTAWBLQPZVEMU,-0.9703097646465484,-1.59546732894512,-0.4132795613348661,-1.0195660957382657,-0.2332073645355234,-0.5938102711013911,-0.7415258764699584,0.01196816286457255,-0.29906598479598967,-0.689439252972016,0.0967049654817418,-0.07805308725271336
PHLBKPHSAVXXEF,-1.3547344319124572,-1.7018853705057093,-0.07997033161427194,-0.7993745393603645,-0.9108716089788979,-0.9922948414274606,-0.9111037773657173,-0.06949603940058414,-0.5170760265969101,-0.9302343479910884,-1.1302949160777647,-0.916385248418793
PHTUQLWOUWZIMZ,-1.221109972409074,-1.0016756730859666,0.711442352274778,-0.6936155337862354,-0.31069430438005996,-0.6581837741781706,-0.8273945747833527,0.31886666335036906,-0.7469310040689335,-0.15771100937036173,0.46029308507944955,-0.38150300883820276
PHVGLTMQBUFIQQ,-1.331340368868408,-1.6237216870982243,0.4395776271171473,-0.84392143455101,-0.1285570999065203,-0.5474302872342127,-1.0097017727440785,0.43831120734954426,-0.7596707427452705,-0.17302807504552847,0.7281213733733508,-0.4395552292187133
PHWBOXQYWZNQIN,-1.2775621753769832,-1.5572089072722661,0.3958937213624174,-0.6353600247650816,-0.46677269061066806,-0.7573325274777807,-1.0996698606092765,0.24696029047371462,-0.8700483081621101,-0.2944838611542541,-0.10754868909347391,-0.7027480345669718
PIJVFDBKTWXHHD,-1.0418026573907242,-1.4954015059162253,-0.8344445319506614,-1.2628090453423575,-0.7543238766971643,-0.8619334055302685,-1.1516569176514904,-0.4584110302192508,-1.1343622466843917,-0.9214167489819998,-1.4126503737923524,-0.8192394149721655
PJDFLNIOAUIZSL,-1.5511475324517732,-1.7813248100853596,-2.4037610937798157,-1.5826089809578705,-0.9896528993614764,-0.6604475464363874,-0.8455621601083094,-1.1187027620086352,-1.1890184206209486,-0.8338615680947231,-2.0733669284602283,-1.2802532756066283
PJSFRIWCGOHTNF,-1.3832874123880992,-1.8620109131271854,-0.8846754989760368,-1.3180367944002842,-0.9639280668318592,-0.9807850163058418,-1.1910813499337776,-0.8382760466844537,-1.2644687399028829,-1.120421086625037,-1.4928257569054884,-1.1957962609599635
PJVWKTKQMONHTI,-0.9829043685487469,-1.4694756462655547,-0.602905696398478,-0.9835230659829513,0.11701255696393348,-0.4733033074372174,-0.10095389952514583,0.049189182842886224,-0.523237193232891,-0.7987395345804502,0.7968649945843733,-0.05282983525499427
PLDUPXSUYLZYBN,-1.3855666020129906,-1.505640075715103,-0.5206243906541892,-1.0730967234483866,-0.731301800123548,-0.9129024456197821,-0.9057603486016995,-0.21757168058547882,-0.9649600324521053,-0.8667714296845508,-1.055602920653437,-0.8454798886201853
PLDZOHPIBZVDLQ,-0.24161722131489072,-0.8793363750914631,-1.3792285757464533,-0.8465047437749206,-0.5262532873678996,-0.5448428476960914,-1.0363673980914199,-0.5670586517556753,-0.8273127283548685,-1.0479791089455512,-0.8173917097763846,-0.4918922121617947
PMATZTZNYRCHOR,-1.1383624731542548,-1.4805507213583273,-2.7396527268123623,-1.1263515708529144,-0.8151229252511205,-0.5917278917284443,-0.61739817380939,-0.9283469704595978,-0.5647640751370886,-1.0789127515521089,-1.6374021344900598,-0.16046223672647833
PMRYVIKBURPHAH,-1.3379733622073036,-1.916415357936449,-0.9360699262017568,-1.0059325925778841,-0.8841199578008985,-1.083620675329351,-1.3187157011934172,-0.6492033215819266,-1.3329792512003236,-0.6371657556767432,-1.4499313062204209,-0.9639036125127335
PNVNVHUZROJLTJ,-1.1162184319202642,-1.624454568458661,-1.5035913509968168,-0.988491855032718,-0.27563802767198736,-0.709072862655146,-1.1690024348481243,-0.6818302184653003,-1.074743975252023,-0.7159516640425116,-0.2615154626285094,-0.9992587429582225
POPFMWWJOGLOIF,1.6415147812244824,0.02617201522329293,-2.671492436913785,-0.809740582096161,0.33736188557735486,0.05296250112078633,-0.8074782170996652,-0.47303422325682043,-1.5328001355737306,-1.1052585955050949,-1.1216012234405586,-0.7024831136116638
POZRVZJJTULAOH,1.2016289236547755,0.39755383115709736,-1.447104830582169,-0.7684176552998084,0.9581372770745982,0.9593160021994235,-1.0174939441817017,0.431604483385225,-0.6109088617665825,-0.8950631228378805,0.14432082862864076,-0.6596597746991083
PPQNQXQZIWHJRB,-1.3247141838580425,-0.9817185267775187,1.1850784794331721,-0.8008979603869459,0.6931555167113795,-0.3697726485218501,-0.3723567701156434,0.19196115455834215,-0.6022145757975587,-0.3474623897158496,1.6917342112089806,0.05315641688415976
PQFRTXSWDXZRRS,-1.4222968732536083,-1.7558984419812136,-1.2490512948012236,-1.1308784410543176,-0.9353066679714142,-0.4659336041337522,-1.1335527448714964,-0.5319784606577902,-0.9773058363522243,-0.9715468985315278,-1.654778206108475,-1.0440204868154417
PROQIPRRNZUXQM,0.27449451728683855,-0.6136073762586943,-1.1237391186201984,-1.057065305552731,0.8048454470999842,0.4693464077972572,-0.7337204457168177,-0.10973403944532523,-1.1986599393977624,-0.6531339964841115,0.04595472711300419,-0.6337299425339589
PSIFNNKUMBGKDQ,-1.3255465017965264,-1.7654972239259599,-0.27667762895312786,-0.45319503414397216,-0.505417897101424,-0.8376105431459375,-0.8059325148990943,0.14243445531885424,-1.04486539522158,-0.929515272317906,-0.1789600294205957,-0.7412272871931608
PTGXAUBQBSGPKF,-1.3434901564678292,-1.8487567556004203,-0.803425522174688,-1.1011835467002107,-0.10977060809124378,-0.7768174794680813,-0.9540832120841403,-0.18989467884140956,-0.7339123647727296,-0.7320860638955529,-0.27554817612538157,-0.8363933772521496
PTKSEFOSCHHMPD,-1.4047769556013032,-1.845306848599802,-0.8024900592891339,-1.1829586114445918,-0.5694749602099922,-0.8802056973203575,-1.044449530546232,-0.7697585122895277,-0.9369825659918187,-1.052786129579218,-1.4725956318058608,-0.8026753753217862
PTOAARAWEBMLNO,-1.049456607395292,-1.6636495249169714,-0.17263700291696277,-0.7200036844678489,-0.4608562576795438,-0.8466392078123998,-0.961757628564688,-0.5024795269218633,-0.06948986307189682,-1.043361152441417,-1.2731368559875007,-0.3710257936428404
PTVWPYVOOKLBCG,-1.2826199097397128,-1.7342927048506824,-1.3007515882100968,-1.4014802071454147,-0.7518287664463379,-1.0222201462921912,-1.3529224904802288,-0.9748003803933994,-0.744593446598867,-0.7639637797174934,-1.6483731773338497,-1.0529636058329457
PUFQVTATUTYEAL,-1.3391005508644251,-1.7527257816532515,-0.14331373975042544,-0.9077680916388617,-0.6308345287217846,-0.8085978672685057,-0.6881291044818841,-0.4501005783192119,-0.9584115079224063,-0.9697829861417588,-1.0889013917260173,-0.8406730063162131
PUXBGTOOZJQSKH,-1.2202824969247819,-1.299549125694917,0.38265840967375375,-0.4700792461812043,-0.001779280709175393,-0.4440531179410211,-0.4884911325226607,0.10836717080188454,-0.8143898998826915,-0.8102156431851658,-0.10483068000829483,-0.20393502232938282
PVLJETXTTWAYEW,-1.06900182904713,-1.6477213639170374,-0.4762800445513101,-0.8751537739301458,-0.42605762036819284,-0.8869124701634352,-0.8866726163206501,0.07958028673266984,-0.9929141528825225,-0.9730273403204623,-1.2168534823570498,-0.8504557529579467
PVNIIMVLHYAWGP,-1.6243679888204254,-1.9308522830901635,-1.0013530913160873,-1.088050670650281,-0.9072694609264078,-0.9736145997922087,-1.0902072041443402,-0.9339801617030463,-1.3211614582999274,-0.7545012693250763,-1.8741147167055372,-1.135826653038016
PWKSKIMOESPYIA,-1.4554355994277797,-1.7988402617694597,-2.414795907083218,-1.5749864728831664,-1.0706852245767209,-0.9564090816251756,-1.3245683829199384,-1.2975622920149967,-1.3768800626283275,-0.9715865437466882,-2.355927321567557,-1.0711856255665075
PYZRQGJRPPTADH,-1.364645442470722,-1.8653425183288421,1.175407548990573,0.038820138681140884,-0.33557592921284496,-0.7318761744166703,-0.879869620438535,-0.0018004360236903523,-0.31545207654941415,-0.7733241517555246,-0.6400702176100137,-0.42851843708215964
PZBPKYOVPCNPJY,-1.5968177088539615,-1.8264235455084095,0.21200441674536005,0.9329395332661699,-0.5580185259350999,-0.6820073006771905,-0.7922687147452594,0.3434731110081142,-0.9862426193551435,-0.6300908079670016,-0.43211785521104096,-0.8205048364979716
PZRHRDRVRGEVNW,-1.2248779691608576,-1.8574420840412424,-0.3964999974555701,-0.798382591464553,-0.6613026042387091,-0.8041791890915875,-0.9938828031837261,-0.8206300122438546,-1.200318637424893,-0.9472002049313697,-1.2538667532985708,-0.4921176406810277
QAGYKUNXZHXKMR,-1.3812855430923805,-1.7476359997274378,-1.484437993531257,-1.2569833638823593,-0.453069871316452,-0.7356249075785355,-0.8759062133092937,-0.7182353703478522,-1.1820960005108936,-1.0235460125253626,-0.47522843646691637,-0.6093580736375372
QAIPRVGONGVQAS,-1.4577407734435621,-1.7391061354360353,-0.7575762827567076,-1.5034568490306686,-0.3700839577925315,-0.4192649311618966,-0.8177123747876613,0.16701650666407716,-0.4860624197008053,-0.6637837162675151,-0.9649142953425734,-0.6088244308693641
QANMHLXAZMSUEX,-1.5073333991464244,-1.8826987297916267,1.126232196057412,-0.6718511728112031,-0.4768467460113399,-0.9986324945744788,-0.9943936484933431,-0.5208539430313267,0.578513423488334,-0.8649785065755007,-1.0472502673143105,-0.5954096619077698
QASFUMOKHFSJGL,0.6273405357113399,-0.060426989129820106,-2.4756151287381054,-0.959547361489637,0.44286863606483945,0.06850401862517615,-1.0679567155102,0.03485133672144246,-1.191285571116703,-0.9339086512522888,-1.3464142913383454,-0.7605869573039462
QAXBVGVYDCAVLV,-1.0060825472013457,-1.4825094269768124,-1.1738504520588384,-1.085954625737788,-0.3869319673277952,-0.8130538225286102,-0.8930940795686426,0.00813622524290095,-0.8057168454909502,-0.4013330310355059,-0.5657661853858814,-0.7242527888262059
QBKSWRVVCFFDOT,-0.8712908916422809,-0.664176522480279,0.2880813051654336,-0.21069977350680058,-0.025078099447279227,0.028363237331284562,-0.09933765002334707,0.5798053098806416,-0.13555586571400338,-0.7397778810732081,1.0794807217989923,0.43342055943298347
QBPFLULOKWLNNW,-1.1913461795313365,-1.3267719089572307,1.0644041878971966,-0.8152562399872463,-0.004363439405988948,-0.118198604080067,-0.7486396020642779,0.5320659945749042,-0.25953129972003625,-0.3889822753823405,1.1763304597352848,-0.08668313617903413
QCDFBFJGMNKBDO,-1.3512021949985178,-1.538182809059291,1.29578881241361,-0.2547991807323889,-0.013417026286952854,-0.43780767221506656,-0.3882781952175153,0.40717359753296156,-0.21050776131791404,-0.030692405879986746,0.8102528439751324,0.07363693421311339
QCHFTSOMWOSFHM,-1.3265153414659587,-1.7223350019394732,-1.990464279069676,-0.5063656644099255,-0.9853163593873351,-0.755675998703982,-1.203730230340217,-0.6901990692170997,-1.2560232787919408,-0.9882693210538688,-1.4674088518601307,-0.968453700355054
QDGZDCVAUDNJFG,-0.6551340096623642,-1.102359784378057,-0.814834320190679,-1.0909207252127746,-0.5425770494332844,-0.8199267500569781,-0.9276268146978375,-0.36321854135269765,0.10478831231902155,-1.026486321529574,-1.5495837148592664,-0.31700431189075046
QDIYJDPBMZUZEH,-1.1089746906618638,-1.3603573400703317,-1.597773820111719,-1.292148430982749,-0.34699562692133,-0.888637014201551,-1.1025459926697423,-0.5199372399958246,-1.2776514726102843,-0.6497253934735302,-0.8941236292489125,-1.0217462098094894
QEVHRUUCFGRFIF,-0.9717231408764896,-1.3613028742332365,-1.1309301696996918,-0.9797881613127661,-0.52809834934924,-0.5881614953649382,-0.5948988676329807,-0.17480422511070273,-0.9401149562764813,-1.0035595266694144,-0.910947696902075,-0.48416230890246786
QFOHBWFCKVYLES,-1.417225563087042,-1.7946295165233046,-0.9060462744273795,-0.693755364021463,0.2592151257907531,-0.15639630244960534,-0.7931733272051193,-0.7762860809616878,-0.7799926309361626,0.15169519258585815,-0.8224361647226497,-1.0621677946562798
QGNJRVVDBSJHIZ,-1.1746963471782208,-1.5457611553229413,-1.7650812844103372,-0.4788449547589212,-0.4233937552533915,-0.5103490138993835,-0.9561554350608719,-0.1365428544159723,-0.4037736688728603,-0.3516747189205745,-0.7072185186557811,-0.5310629427213034
QHGUCRYDKWKLMG,-1.456128962716444,-1.8423176440387323,-0.6898271694940108,-1.2055681786700438,-0.04644393192565236,-0.8051125737665009,-1.2023366138826381,-0.6863682291722147,-0.5745445068028062,-0.3776734910794234,-0.661103692601353,-0.6981585127815884
QJQORSLQNXDVGE,-1.3148785292044782,-1.7250664912479057,0.5429191081542691,-0.8163382322863881,-0.7698689824049646,-0.6902787671323485,-1.037612404999213,-0.47921223759715526,-0.645982619435421,-0.8717507400553393,-0.7401080918210455,-0.6725772368249375
QMGVPVSNSZLJIA,-0.19619109464735288,-0.8606975044287012,-1.9006546588974016,-1.2373569304735188,-0.052377904270663876,-0.436961921825578,-0.98511608577348,0.16611796400869214,-0.6374891745946352,-0.8936164605641271,-1.2892550999501409,-0.4966378912816074
QNJKSUYWBCNWFI,-0.32320858651944107,-0.6247940728770525,-0.7512467390513274,-0.3369186428465861,-0.28602370991305254,-0.3192172615590406,-0.9583809112662723,-0.06133733134353473,0.04782122896720018,-0.9709766260341379,0.23844588796858257,0.21108165702232567
QOVTVIYTBRHADL,-1.4755411164609242,-1.8082929252223705,-1.3572295467625966,-1.2965338564898334,-0.8822808331341718,-0.8175821984602043,-1.0645164325112426,-0.45791064579269036,-0.8792344131010997,-0.8843617984672518,-0.5943024674588099,-0.9786067818717303
QOYHHIBFXOOADH,-1.287548530625491,-1.5950192403033199,-1.0432977523769473,-0.699187867762433,-0.3841293484810411,-0.7804095488498417,-0.7596562057134211,0.33356196037256736,-1.2898841187639265,-0.9154584808769035,-0.21240667898178547,-0.5683481981696538
QPCDCPDFJACHGM,-1.4840682350881444,-1.7319715594988918,-2.5279897285439743,-1.6956071051245538,-1.1557894002019689,-0.9778346126678734,-1.0699795735898006,-1.3160350632362474,-1.337404844486692,-0.9204576917383883,-2.242924963550426,-1.339401726361319
QPFYXYFORQJZEC,-1.4642366779790201,-1.961614446865287,1.8749910823873621,-0.8437766787329034,0.11937800373424379,-0.9529903503209477,-1.0850111821984147,-0.16763904660085324,0.1455747021282144,-0.6159742024804485,0.3116481581125442,-0.6568122127813422
QPGGEKPRGVJKQB,-1.3652448409964442,-1.7533147649544336,-0.2787559476670522,-1.089322254440974,-0.6759078336515462,-0.8770262729355753,-1.1297371720730616,-0.3865678405695434,-0.8921830617267017,-0.8908122820086106,-0.6536430867658362,-0.27855413100993653
QPPBRPIAZZHUNT,-1.5556831303772034,-1.891228408742593,-0.3550416463848931,-1.4275969069759633,-0.991626870635912,-1.0554052151616802,-1.175258493824333,-0.8228063512407883,-1.1584111438325941,-1.0468796976099612,-1.537846938061631,-1.2998583776727717
QQQIECGTIMUVDS,-1.3976253768885682,-1.8210746137314024,-0.45865147059041933,-1.1985932538200725,-0.6377030189802007,-0.9382045290881716,-0.9153399303200506,-0.5799692074218472,-0.8031135401358996,-0.902411692720174,-1.1200914769901502,-0.8442864104792219
QRJJEGAJXVEBNE,-1.5644314245726585,-1.8952877061969808,1.363992402278138,0.5937128185577871,-0.27617537135233267,-0.8080002989803159,-0.7520502426585738,0.6778003344738275,-0.669109871126551,-0.8051725899985007,0.003902703401899988,-0.7191407613663348
QRJOQYLXZPQQMX,0.32026751384333385,0.24658474719798731,-2.6831952989100927,-1.3545478704720084,0.2701461298613628,-0.25644062135704593,-1.0177125812888819,-1.0641838665584915,-1.5938629534128628,-0.9835351374315306,-1.7892279231311223,-1.1858537426528546
QRZAKQDHEVVFRX,-1.309110621204309,-1.7491851795426854,-0.6754696068856971,-1.1670604551967352,0.12138047433570846,-0.7243855724527517,-0.2584967855928967,-0.38460764741905296,-0.8564316817461913,-0.6555500470275349,-0.4202154243923529,-0.7655327038986353
QSAVEGSLJISCDF,-1.0966623098040698,-1.5094884494326282,-1.8156614059279512,-1.008548614592826,-0.3412191657147065,-0.829677295322336,-1.0447945719613423,-1.1126476415644928,-1.1870686762717242,-1.005816061980299,-1.2463672263058732,-0.9719181292160346
QSLMDECMDJKHMQ,-0.8468301387755492,-1.1019908279190693,-0.2915361193050233,-0.7679943376800165,0.009911007738191254,-0.46735455553268157,-1.0455125641574528,-0.164526250055243,-1.1648428525929195,-0.29543066121713635,0.453280033387235,-0.6025994409729619
QSQQPMHPCBLLGX,-1.2990431920416081,-1.8704717096392314,-0.5757502439139656,-0.8847134922055935,-0.18015610245305977,-0.8546853430311179,-1.0971552882643532,-0.4595467695356331,-0.9508033700475202,-0.5351199836742073,-0.3927193979046426,-0.8702233514763008
QTGIAADRBBLJGA,-1.2921615010182093,-1.7767453954151424,-1.093258915394874,-1.2160873767788394,-0.7878390391426819,-0.8861247131368258,-1.0563625288988625,-0.130804478121435,-1.16522652799877,-0.9722891959411266,-1.244042367250614,-0.8579189315141532
QUQPHWDTPGMPEX,-0.9063900837689837,-1.5615365381243695,-1.4908684857985528,-0.8643349944555274,-0.3348097382570047,-0.6128039396195025,-0.7484260576682559,-0.3576739791054844,-0.4223461454990542,-0.9440323275792946,-0.19867459415219488,0.08438251648741513
QVYRGXJJSLMXQH,-1.393507487356039,-1.7964844409038538,-0.6495360800507696,-0.5722841737830858,-0.23243396745833492,-0.6904904055069979,-1.0181126965133722,-0.5868389787545677,-1.0940578354909865,-0.6937127329470038,-0.1555790559874249,-0.9042851308949645
QVZCXCJXTMIDME,-1.3014305006347313,-1.6385422602919464,-1.4468362314906797,-1.088462936881561,-0.8159495151983494,-0.7174104232970494,-0.8871653377631407,-0.7848653676535309,-1.038433255235207,-0.8657460558165634,-1.9739350527409412,-1.0354185917427372
QWAXKHKRTORLEM,-1.3455702366187052,-1.7340373981653707,-1.7338905600160563,-1.2310404748834176,-0.43897005732214434,-0.7119993271866865,-0.82045278823323,-0.578362680509391,-1.023448726959866,-1.0684114877638398,-0.6282898127884614,-0.4703512699427945
QWCJHSGMANYXCW,-1.3860315733373478,-1.8900455665899083,-0.4606645252406215,-1.1068562104442614,-0.7113652081129991,-1.0082611165446598,-1.1026515118533196,-0.47435346257689803,-0.8545389599277469,-1.001346800067877,-1.0370489629313053,-1.133015164979362
QWCRAEMEVRGPNT,-1.2574506813340123,-1.60336816847037,-2.0943165136849626,-1.44555733514886,-0.8440231865730927,-0.8386882302787129,-1.0409100625932712,-0.7673785762361377,-1.0849659053583403,-0.9290465662605569,-1.9875928779330032,-1.0340638965973437
QWGDMFLQWFTERH,-1.4613163689555535,-1.7904963547337491,-0.20807060441853825,-0.9030272159371693,-0.4438438910173634,-0.9309260572477638,-1.017929507275302,0.0009152040782949099,-0.631292684664707,-0.9750007866739594,-0.47333571328258006,-0.5985437480589404
QWZFVMCWPLMLTL,-1.6178351443362564,-1.864408788576577,-0.3119034344719337,-1.0828720671825613,-0.7478273950061332,-0.9197203037140473,-1.1249565042233807,-0.6441062085128352,-1.1768889506270386,-0.6631643611852803,-1.0325155060513742,-1.0493274935975438
QXHHHPZILQDDPS,-1.4068937523915763,-1.8617671360011,0.7994991724834273,1.2163356756079915,-0.3796546208820767,-0.7783188864216133,-0.6451975263921584,0.6651424601182427,-0.8737849875570942,-0.5933048072641355,0.2779039689287179,-0.6957166215356586
QXKHYNVANLEOEG,-1.0872263163954456,-1.5130828079131406,0.09381870072956872,-1.1932215209698496,-0.003286987746397939,-0.6116119892069294,0.07056673995315546,-0.109621189220688,-0.23764737500234676,-0.5361302027914132,0.23028765173424726,-0.00793965534671031
QXRSDHAAWVKZLJ,-0.696717748592996,-1.1191019233597996,-2.284241339988482,-0.5167323864909212,-0.3493721225554701,-0.4949185864516503,0.18313496696782136,-0.1270520011588432,-0.5693518135290518,-0.8757842408887554,-0.18697873324512623,-0.026053236015846932
QYIYFLOTGYLRGG,-1.292297751485376,-1.600483275317255,-1.7440183233478457,-1.3092773331292216,-0.7248881872600101,-0.7181334074533021,-0.8513128715188641,0.12585217006230845,-0.868944530991619,-0.965095924112205,-1.3084982120438047,-0.3432642391679882
QYQDKDWGWDOFFU,-1.109636346808565,-1.6449885216701854,-1.63810405594335,-1.2761740198961593,-0.9514693646246271,-0.7494072670666576,-0.7577989174615136,-0.21587925588092755,-1.07659167618906,-1.0811242891888724,-1.9667361562003816,-0.8149129156103929
QZUDBNBUXVUHMW,-1.4071355840694388,-1.7532533438441318,-0.02846069907483959,-1.0437356706095038,-0.7271185773328676,-0.9882016929498267,-1.022067098239259,-0.045364401734715246,-0.8776240635188156,-1.0415797702061087,-0.4738991804054604,-0.7529720546306156
QZVCTJOXCFMACW,-1.383498073295463,-1.8317476054272213,-0.5114227917873133,-0.9789121854284171,-0.17370871810128605,-0.9104408720589323,-1.0785608730585943,-0.3937775988693814,-0.6422961664194491,-0.7180918639402025,-0.44160691293203147,-0.997384752249066
RAOCRURYZCVHMG,-1.0869973491746174,-1.7764431283842232,0.9201878459446575,-1.0071278540418638,-0.5405059077475268,-0.8141731558599424,-0.6723982250303785,-0.18244322192621934,-0.3239444716297466,-0.9775657032662645,-1.2798602472182163,-0.7043304760892932
RAPZEAPATHNIPO,-0.8836894665953061,-1.433676009273966,-1.060256678972497,-0.8433721569317819,-0.735465778810745,-0.7361406618933592,-0.7723747366310214,0.2028616101698725,-1.0262016758660317,-0.95528428524734,-0.9225364286963839,-0.8904486028277829
RAVIZVQZGXBOQO,-1.169118483609172,-1.5632023775265425,0.6679731142193893,0.14384215101808143,-0.11607913377049343,-0.5384107437316569,-0.266397235262715,0.4965849249385143,-0.6875532850747803,-0.8467196650509079,0.9457483935289344,-0.03687297616092723
RBQOQRRFDPXAGN,-1.2566742409252243,-1.5777413754152894,-1.3216742169277682,-0.4243876463851687,-0.9319293140888513,-0.8424450342325245,-0.7398471707693105,-0.49360107202612824,-0.7797889610491019,-0.9195345893796205,-1.3968004040600264,-0.8239453214081351
RBTBFTRPCNLSDE,-0.9429497858024636,-1.1669134276624562,1.6823499705194427,-0.4966668947420224,-0.19644827399893997,-0.7857787489785439,-0.18637954663799636,0.32309466356734784,0.002585550314847372,-0.4089502324714257,0.33206882866272924,0.20005319140666766
RCIMBBZXSXFZBV,-1.176323451950025,-1.07542804311168,-0.7707447815783263,-0.978591755569802,-0.7937906354287503,-0.8038342300833501,-0.3052737642666715,-0.2942471242950462,-0.5597225609336461,-1.024197420732719,-1.4212417757103208,-0.717173168056363
RCKMWOKWVGPNJF,-1.5774920429479875,-1.7850640911729438,-2.572011450686969,-1.518439024567882,-1.4525638612200638,-1.130131831057931,-1.448151727300866,-1.5634720468572492,-1.551823122937058,-0.9300798092941728,-2.4038737625396793,-1.5143651712692514
RDFCSSHDJSZMTQ,-1.406795542146512,-1.667910569755675,-1.5651905821725982,-1.2735199369068544,-0.8403382333220166,-0.7579324591419474,-1.152251614862809,-0.6613828538699058,-1.1167551990228783,-0.9383361114280571,-0.8932322904009455,-1.1172423167754988
RDOIQAHITMMDAJ,-1.0703148289542548,-1.5912174760899729,-1.3552886137436957,-1.0443065187551506,-0.23187420088240177,-0.7703925135718447,-0.7930280838677066,-0.4198622300437747,-1.2382500444138445,-0.9169842099704613,-0.1594111621457436,-0.8043426000792349
RDXLYGJSWZYTFJ,-0.9837352421824772,-1.6149811807483863,-0.9219620266382893,-1.4006575082345554,-0.9949846937884519,-0.6194236422799733,-0.9611218025584064,0.14783504069389,-0.43123875477151796,-0.8797425044987753,-1.3075773005634066,-0.8389505520767839
REFJWTPEDVJJIY,-1.0492169362894692,-1.474976821836228,-0.02810456175003323,-1.0058382610880252,-0.1362229453273441,-0.42710017535858874,-0.355355684303104,0.5310189575121838,-0.14744847075117187,-0.6548513135408973,0.5124416632935762,0.09423830091817197
REQCZEXYDRLIBE,-1.5605699327174511,-1.8398353758763089,-0.5990491568601315,-1.1989160859477093,-0.8786509861667673,-0.9758074148035012,-1.2489296808769366,-0.9056831072202836,-0.9416723843898098,-0.8494812307602726,-1.4839716831413146,-0.9785059319631937
REYFJDPCWQRWAA,-1.5628662198310281,-1.8863756448573945,-0.611884425106413,-1.1393009347880987,-0.4685347257048663,-1.048727404380379,-1.0922096476778027,-0.34322514726963155,-0.5007146507132176,-0.7979520904982383,-0.721363447061662,-0.9199580827378724
REZGGXNDEMKIQB,-1.2337823011509064,-1.8554483679585494,-0.12129309058673074,-1.0249025107481629,-0.6741955646190179,-0.8863775205227282,-0.7721941134929041,-0.44255607161887417,-0.39667473799081443,-1.0321306234299992,-0.871951626473008,-0.7499226320820016
RFDAIACWWDREDC,0.13732052683119444,-0.43069546116444574,-2.8516352614212486,-1.3876695262629597,0.013897676964564173,-0.2775780961702318,-0.991640825439463,-0.8765634038026732,-1.5250576514667553,-0.9901340324440742,-1.9362193290139251,-1.0654907816425225
RFHAOTPXVQNOHP,-1.4999392363016502,-1.7974380856438503,-0.016903588299943307,0.9636783742004558,-0.7895612715635798,-0.9941934816207403,-0.9271738640665584,-0.4276676767808207,-0.8927929505803278,-1.041294176963731,-0.6305762691291006,-1.0344484042272306
RGCVKNLCSQQDEP,-1.3859494373783452,-1.5566918857055931,0.048985988556484616,-1.0550066779842502,-0.7089057602019684,-0.8948189726523565,-0.9339553249837901,-0.15031002873969324,-1.0654782912489282,-0.7055693071787776,-0.9259056108880698,-0.8277199729067151
RGPDEAGGEXEMMM,-1.2891244713972958,-1.7907745333009006,-0.6547326118255316,-0.9407718351793323,-0.543860754186009,-0.728792681298413,-1.1850839807945728,-0.6488490381560201,-1.1074464214899258,-0.7636162373183156,-0.8602077122069083,-0.8821336929738102
RHAXSHUQNIEUEY,-1.3054162129473035,-1.8694918973175725,0.27449965523010383,-0.9342666339048539,-0.6266286321904604,-0.956531725571854,-1.086278195667322,-0.5054764343685763,-0.45329485085062293,-1.008528094862028,-1.4002198936078347,-0.8780822540537571
RHMXXJGYXNZAPX,-1.1989287500204877,-1.4349359411806444,0.6922308970278149,-0.9795600440046498,-0.06233702861913146,0.04371568984898913,-0.834940190236444,0.33975866466406707,-0.5226539580067384,-0.4713642087460229,1.1250032911481245,-0.19659553592430778
RIKMMFOAQPJVMX,-1.6125423906883174,-1.9514176190246821,-0.3950856610653149,-0.8183599144252112,-0.9052438410558173,-1.0543836991935314,-1.3282484684718057,-1.0631773850466195,-1.2368068000480974,-0.7567711854881114,-1.4439593056969813,-1.155782199618156
RITAVMQDGBJQJZ,-1.1471270572974226,-1.771221385513476,1.3551738521024743,-0.6919119493746149,-0.30782157620337325,-0.8329121066484642,-0.8137122115894015,0.24439292927335377,-0.29728648113966316,-0.8365451496207477,-0.21543089776141763,-0.4202632467048522
RJMIEHBSYVWVIN,-1.18408686688486,-1.7745415409179333,-0.5414357538394173,-1.1736337659564038,-0.40201225699821475,-0.7918316858528092,-0.9191172940465169,-0.13200271628891302,-0.8580215848381484,-0.8190272773520996,-0.33279882810313405,-0.4828942939596179
RJMUSRYZPJIFPJ,-1.4822909349623261,-1.813201002428598,1.49966939470218,-0.9599862441863068,-0.26615942317892843,-0.5075808244947747,-0.9107242550699557,0.31766412593635923,-0.7733860332427145,-0.7390602097062853,1.8710532246877352,-0.7628970508027888
RKLNONIVDFXQRX,-1.1807804720679596,-1.3652964869101192,-1.4389141440704494,-0.9184744378199992,-0.2956112099591118,-0.7480429154226693,-0.7561179635457244,-0.23879809286738293,-1.006197233426724,-0.876932326081941,-0.5256627713443213,-0.9275984929767048
RKUNBYITZUJHSG,-1.0814771997315376,-1.514120074231039,-1.9311897810734646,-1.2170134533427377,-0.34543984395383215,-0.7788526038365553,-0.7660008936577882,-1.0622844350775449,-0.9668603945029659,-1.030612928063512,-1.2430825637645002,-1.0152178768788982
RLAWWYSOJDYHDC,-1.533675797508565,-1.8137833989780252,-2.184034006060563,-1.4606070356667922,-0.8215343856493175,-0.830234482055896,-1.0762404823839746,-0.9576078625768794,-1.3430591482947334,-1.040144561195953,-1.6915242779049573,-0.8897489344107833
RLFWWDJHLFCNIJ,-1.2650702092643415,-1.9178751310528346,-0.5005580034989202,-1.11879158837808,-0.2760238749259,-1.0086057293643704,-1.2407455218682841,-0.7295935484898424,-0.7903591375005325,-0.9340298440738661,-1.2559651353324708,-0.7360945701844503
RLJFTICUTYVZDG,-1.2067273595679464,-1.5850289505684902,-0.13771933451854892,-0.9979678258775994,-0.6483870508160836,-0.8630301747039374,-0.9254102136015812,-0.18293630190510343,-1.032931584682522,-0.7714480058974907,-0.798656598805763,-0.7802447725297806
RMEDXOLNCUSCGS,-1.1098847956210265,-1.3394310195000863,-0.6481401039243112,-0.9331305429452992,-0.6927523549630765,-0.7391958260924253,-0.4785721609093387,0.09450713895753551,-0.7106901370940769,-0.9880997450382403,-1.0189960168941337,-0.6923658874771775
RMHMFHUVIITRHF,-1.108507953325596,-1.7302408143902546,-0.5125340117019497,-1.2347136962288474,-1.0777968953993842,-0.8115389746140828,-0.9821456836901628,-0.5083306253789438,-0.8905877824943769,-1.0256236902465055,-1.2070830473581309,-0.752605171741773
RMMXLENWKUUMAY,-1.1172950989431802,-1.3815117146995277,-0.1760404021875236,-0.17952244549630295,-0.27511885959689014,-0.7362375628179253,-0.3416458631526034,0.27281116555877655,-0.7878644367270499,-0.835716172106901,0.09295844280296879,-0.4766081337177913
RMUCZJUITONUFY,-1.51448580055293,-1.908603585525559,-0.015249506999352277,-1.1635804619657686,-0.4367524124796587,-1.0163753873110468,-1.2220991833259833,-0.6632006488964682,-0.8843583161943063,-0.515980557994276,-0.49732594240821526,-1.0656962345937142
ROBVIMPUHSLWNV,-0.9584868111952783,-1.5739819828947852,-1.429125883561746,-1.332773302000873,-0.46667141415491653,-0.7430078180856214,-0.9051848882284188,-0.6710757094125858,-1.1577329962239449,-0.8665078055505329,-0.8495500617054411,-0.5589988329385492
RONZAEMNMFQXRA,-1.1908056758982097,-1.6003361564456964,-0.09284958507057754,-0.833042720075027,-0.7847924282227563,-0.8207810233352422,-1.1554239529066306,-0.30334032173886066,-1.0605102051734563,-0.8497403406426954,-0.9028956098213234,-0.6945009513348677
RRAFCDWBNXTKKO,-1.4541955709176386,-1.8403901358094705,-0.15955156757422878,-1.069470565805914,-0.21455743791308304,-0.5699983064966617,-1.0035383076720554,-0.2331816605527393,-0.4906636764889181,-0.6022810225556758,-0.26361714042840206,-0.6810113750683234
RRGUKTPIGVIEKM,-1.1754995682676785,-1.6659772754758373,-0.40366703306449964,-0.8369564474382499,-0.4648370373092729,-0.8411507565133787,-1.0019629146929383,-0.24585417683195157,-0.734978146393297,-0.6105220024072494,-0.38276517969444585,-0.8358049272162331
RRKTZKIUPZVBMF,-0.10492494547444772,-0.8216334518281357,-1.992275732291711,-1.037818173825952,-0.34291742004158887,-0.37925949240495455,-0.8971973273134035,0.1223540407642934,-0.6806191639701887,-0.8181947404839642,-1.1215861428130331,-0.1874564367593791
RRZXIRBKKLTSOM,-0.12303412210537991,-0.32351319832244724,-2.4575357469622,0.03185776197484938,-0.19371745185808065,-0.2854537506374524,-0.751764243625641,0.09667524024949671,-0.23958201759607667,-0.9664004708208913,0.11541636992240722,0.0658731993884701
RSEPBGGWRJCQGY,0.3548236116142943,0.13132471774568588,-1.4713283613042831,-0.753212837540752,0.9526089066197114,0.9469924153982086,-0.4923173332043653,0.08370599953317796,-1.3014613211766566,-0.6118826497664236,0.4614980446966758,-0.7608943015140546
RSUVYMGADVXGOU,-1.3942745101110452,-1.810791894680684,0.16657797461670554,-1.1381702691628512,-0.46828904459056664,-0.862391466586803,-1.019890584781819,-0.13412853287782675,-0.6403904322789774,-0.5248135280895443,-0.29952018883290743,-0.8142049003645517
RTGDFNSFWBGLEC,-0.8545817643621731,-1.1861724194970826,-1.867728286831898,-0.7518568118323583,-0.48979653263522627,-0.22075877628026067,-0.9018459892303984,-0.6382516433421686,-0.7774432102515836,-0.83244296764052,-1.2690684534663448,-0.4704609116051416
RTHCYVBBDHJXIQ,-1.3875665155385168,-1.8217705201102512,-0.31980899231461507,-0.3535194975388598,-0.05321280521827978,-0.8023034564258038,-0.940716859035028,-0.273022758882926,-0.6655937562527541,-0.8491883907194719,-0.07571390894917941,-0.9757518039413293
RTRQQBHATOEIAF,-1.1234499270228304,-1.7609676347872933,-1.655077438088865,-1.1099427566040445,-0.6521076017542559,-0.8746889809949722,-1.082828337959973,-0.8524521944071571,-0.6988831720386027,-1.0538830574845577,-1.931486457946355,-0.2636996948939417
RTXOFQZKPXMALH,-1.2130820648507548,-1.5678886418440623,-1.3333253750769432,-1.3303289269085226,-0.8414901017968839,-0.7282190060730076,-0.8499556137066119,0.03752732300703286,-0.4201153489126863,-0.9616391067608011,-1.7010541744928487,-0.2833431507583316
RUDATBOHQWOJDD,0.24411727078914044,-0.06201699190439598,-2.7332725065682357,-1.2854465047030423,0.2543997372518339,0.001425173202049224,-0.8613196326751142,-0.7425267595998192,-1.6666756228495343,-0.8730874441822565,-1.5051797947381582,-1.0904509459340133
RUZYUOTYCVRMRZ,-1.1172556396829936,-1.5946264971511912,-0.2580214625767168,-1.058837232757118,-0.577380559796233,-0.8114977791164457,-0.7113854885071732,0.0050922568840462545,-0.11893226173025359,-1.1136254338033318,-1.1699061100812584,-0.33212765856741516
RVOLLAQWKVFTGE,-1.5018735943995378,-1.8334908836133526,-0.9122250083386656,-1.0611936702385776,-0.6709404885864206,-0.9822876709706425,-1.2441592496071094,-0.9635186481158197,-1.318746145339485,-0.8743484075617184,-1.4370731658843299,-1.1053330362771814
RWTNPBWLLIMQHL,-1.1778941599573767,-1.5846101448183585,-1.7630071529576803,-0.9841703157498327,-0.3187817252498832,-0.8056502809313075,-0.8948915282539784,-0.6204631638899715,-1.4275967259627553,-0.8449978487909099,-0.5173841460352966,-0.9846384460064493
RXPRRQLKFXBCSJ,-0.7501408953815213,-1.3032717377837701,-1.1016215836937238,-0.8127289350367074,-0.384206640854607,-0.5904160049455291,-0.5778101521475533,-0.17822111863177223,-1.0927903254988602,-0.9590505650368046,-0.8229252712204714,-0.6172094020945122
RXQCGGRTAILOIN,-1.5643502110247518,-1.8784284035414829,-0.3260254332747371,-1.1043422155237843,-0.4239173711196903,-0.9920792037581438,-1.2858527622864626,-0.9253184204411017,-1.1358037911923233,-0.6113742384646027,-0.3338377425122366,-1.036152583998554
RXWNCPJZOCPEPQ,-1.0168513795174496,-1.7154710785453322,-0.7658203529356137,-0.7961846966790356,-0.18491748968404365,-0.8593132539919083,-0.7698802820291889,-0.5385947739541701,-0.09714298377527475,-1.1521754984364982,-1.471482269659574,-0.05785545935887367
RXZBMPWDPOLZGW,-0.7794318589645931,-1.191385520978053,-2.669217376482554,-0.7025010537550013,-0.5410083062994693,-0.6700575382304266,-0.8635682535706379,-0.8892847370774339,-0.6707726484044298,-1.0342023509231644,-1.0156294622818272,-0.18926045668243158
RYMZZMVNJRMUDD,0.09961956191545181,-0.6202002638502684,-2.5353752729216326,-0.6572174521300391,-0.011253863262194226,-0.0624397740413019,-0.7374064973141143,-0.385307670237562,-0.8875057227945996,-0.9547784536295192,0.14343332638051956,-0.4664313375766266
RYYVLZVUVIJVGH,-1.3485980409282972,-1.7450980482706218,-0.7646033316420113,-1.0321596150118975,-1.0797625230663617,-0.9789713995841115,-1.1041254480977802,-1.0522426947630135,-0.9246543526112221,-1.0036334193556338,-1.926960597764824,-0.8207064779457605
RZEKVGVHFLEQIL,-1.2404158182975027,-1.7525179624552591,-0.6382858567055971,-0.7326218374940098,-0.400346978799454,-0.876584523633897,-0.7391088180110451,-0.12403576806398774,-0.839858589331723,-0.9508210002296666,-0.3905579665003091,-0.7291984645735399
RZJQGNCSTQAWON,-1.1717275186089717,-1.5006922358473338,-1.1710330903245938,-0.8690863191987488,-0.24942222972281855,-0.5985703802145835,-0.8721412532428958,0.09016843532417004,-0.6734161924376263,-0.8396047898974947,-0.23060474156166788,-0.7576663818884192
RZVAJINKPMORJF,-1.4938116763916205,-1.8752274255202135,-0.07400590818537042,-1.4297298022402987,-0.13866013904566926,-0.8027494207020339,-1.25033714912252,-0.6344933882599162,-0.6527462625532852,-0.18490939048048427,-0.6048030097364728,-0.7450166482199269
SAPNXPWPAUFAJU,-1.3172495565352735,-1.5531161448638728,0.034167167752970136,-0.8389654420493456,-0.5330488618948268,-0.8147050890913002,-0.8563078970250796,-0.009866838080228696,-0.9535738670773617,-0.8612199000476528,0.06503959548119372,-0.6318678557154971
SBDNJUWAMKYJOX,-1.5195731950301017,-1.785473990337617,1.0228029042179383,-0.7488509351324973,-0.009505412112585154,-0.5196509208861565,-0.8176625945332543,0.595970600034522,-0.8933465580517136,-0.8619742084722541,0.32122041841131077,-0.9670251116152841
SBUJHOSQTJFQJX,-1.3400404738241811,-1.6153777313935012,-2.7579008528511526,-1.3400005274771822,-0.547571886831587,-0.835676539786283,-1.227672214689184,-1.1402064857723888,-0.8212320158684032,-0.9288738685918269,-2.1337035183473696,-0.7983253493941017
SCKYRAXSEDYPSA,-1.2749973909452346,-1.7495182294377343,-1.3379196021288804,-1.0890116997482484,-0.2722208474883537,-0.7808608370147064,-1.1745966842739302,-0.6084777595045114,-1.2313498791677553,-0.6731349046463113,-0.5190292385098697,-0.8788622112548995
SDUQYLNIPVEERB,-1.12468695174815,-1.6780021433691246,-1.1709024758223494,-0.7366771066848504,-0.6793935884375559,-0.7747452779727135,-0.9535053697000888,-0.8235651533544055,-0.660737060759776,-0.9676003713185379,-1.4308538749011885,-0.19892351662620011
SECKRCOLJRRGGV,-1.2174640020852672,-1.724041172997922,-1.3535853583603696,-1.11821518669477,-0.9245130963674945,-0.9065571084068876,-0.8673036137382073,-0.48765138813953324,-1.0939942527556692,-1.182902959702746,-1.5062901120244305,-1.054984766365848
SEEPANYCNGTZFQ,-1.617909794556806,-1.9192309786721249,-0.6450239532223506,-1.440360587827136,-1.044155438214856,-1.0783089856999746,-1.2251691641585634,-0.9703985592529321,-1.1968011915073162,-0.9862654942788605,-1.6451513014533399,-1.277341423318996
SFBODOKJTYAUCM,-1.130574952031559,-1.7070614227397223,0.14736885178976936,-0.8113162483583375,0.2525316371365073,-0.6404323294954306,-0.15677702041332214,0.2162467475444772,-0.4701013702829759,-0.7738470361816983,1.1131678016538966,-0.19164770402874304
SFLSHLFXELFNJZ,-1.3824045188161838,-1.777514227091666,-0.7334974285536934,-1.25462085420904,-0.4370685533595317,-0.7088314117819521,-1.1176620054344464,-0.6075737976680327,-0.618826814083507,-0.730975404714476,-0.7214889392978221,-0.653971879974289
SGDBTWWWUNNDEQ,-1.3844977480272815,-1.5210561863522982,-0.9786723080907169,-0.9309389294211685,-0.6308387548616334,-0.7702158735644642,-0.5879608963989884,-0.23852213595171862,-0.5942737746734723,-0.5457171460523189,-0.7990576492940276,-0.6171052935702148
SGOOQMRIPALTEL,-1.051559702623703,-1.5312131559339326,0.31135803012708896,-0.9583662262609112,-0.2526311403350065,-0.6835605394021035,-0.7793214980739936,0.05545252988874611,-0.6050825881864789,-0.9397586721736441,0.1218049679143601,-0.30195539895945006
SGRYPYWGNKJSDL,-1.2175766343864483,-1.4444874767047722,-0.2865926993955813,-1.0529427377252112,-0.3423693207866836,-0.65171225550814,0.042497355294180736,0.013781665387035612,-0.6786207485308211,-0.958467436783641,-0.21985358715842612,-0.14949865967819584
SGTNSNPWRIOYBX,-1.3131267211365647,-1.756636805977542,-1.06944336181186,-0.40748440617505133,-0.521650782694185,-0.7458054920564627,-0.9131568428010052,-0.4245472440571285,-1.2498684786610608,-0.7784348485934737,-0.1964016616310944,-0.9021077684455645
SGUAFYQXFOLMHL,-1.3879360719144769,-1.8219972505945656,-1.1002001151143692,-1.282509238070265,-0.36038773417707975,-0.7350712249857625,-1.1032350962375843,-0.2969461942304286,-0.6681452190851197,-1.026964902467208,-0.4869129244002095,-0.8181642385520075
SHGAZHPCJJPHSC,-1.1634955685970838,-1.5402486402017879,-2.019046338774246,-0.9759094052864763,-0.5252912747944385,-0.5506772047948105,-0.990198677154317,-0.04150697536493935,-0.5953928303907586,-0.3099363427039386,-0.6989905724731483,-0.6549923146261798
SHZKQBHERIJWAO,-1.5391038595168016,-1.84081996865347,-0.46913522033919364,-0.6066416070376408,-0.7373989855854735,-0.7048309296685534,-0.9194744910385023,0.27485472935800975,-0.8765643012808823,-0.6469206232248043,-1.3229832964128407,-0.9948854780098728
SIYLLGKDQZGJHK,-1.3656176435147283,-1.754950863629911,-0.6089684356555647,-0.9843107575383094,-0.39418178645115515,-0.8636757498091232,-0.8773936540868478,-0.49311475637985136,-1.1263369638093441,-0.7422276329563257,-0.2759594760057065,-1.1978545638207434
SJYFDORQYYEJLB,-1.2950134906949802,-1.737052604200004,-0.4431599136862604,-0.6552403810380512,-0.48892241627380756,-0.6126132132724402,-0.8922166268384468,-0.6036492758221697,-0.9007973222835393,-0.9155795258543186,-1.221280367251582,-0.6760520511285996
SKIVFJLNDNKQPD,-1.5259791291935714,-1.8507021207499763,-1.3866182828489466,-1.6417219690794749,-0.9605043515333196,-1.053974033027647,-1.2508049466750382,-1.0558152161611987,-1.400861964323131,-0.9398448258812929,-1.5751820600193422,-1.2698691894225842
SKPLBLUECSEIFO,-1.5303483725873355,-1.8211176981507518,-0.7696167816404836,-0.8760850383073862,-0.4492522580959498,-0.6949733369966783,-0.7796677951112319,-0.7238822159654877,-1.0578479986739535,-0.721013069250999,-1.1753660047407077,-0.6708086114703566
SKVLYVHULOWXTD,-1.357496668972041,-1.8281940849849894,-1.4259126009450105,-1.5109887673553353,-0.879024230790343,-0.8811548340788975,-0.5492090967238074,-0.4999864023611619,-1.1382025994841711,-0.9907336999629417,-1.27875016009171,-1.2019224357556533
SKYSRIRYMSLOIN,-1.0772347121984742,-1.5430377817016907,-1.8003965521872431,-1.002841855987819,-0.41573518489256883,-0.7863732326900974,-1.059617175922705,-1.130963903696503,-1.173826184673543,-0.9424129747750893,-0.6247272922978855,-1.053619687781046
SLVMESMUVMCQIY,-1.2132704076458278,-1.5662639307534059,-0.00554765068565076,-1.0165529246626837,-0.7461527474988984,-0.8356195341973791,-0.9709994553760749,0.29007420366736164,-0.9955317058836991,-0.7861642537534971,-0.3960337764946537,-0.8932332173192808
SLXKOJJOQWFEFD,-1.5181820431802875,-1.7701639135610665,-2.6654108629110147,-1.4650305818030225,-1.0537175511621717,-0.7444375150065665,-1.4017807374478117,-1.1375442160236306,-1.629938651655527,-0.8433547309974446,-1.752296614196721,-1.4000624838199294
SMANXXCATUTDDT,-1.3860940283963996,-1.7092338582443403,-0.6590764514129139,-0.7523576320372126,-0.408399111515871,-0.8241426568790715,-0.7904327627194307,0.5234959325946681,-0.8492763672168322,-0.531463400906532,-0.19235344248752334,-0.8660161331243658
SMEROWZSTRWXGI,0.23835762253963877,-0.0399389068013948,-2.6534908310370993,-1.288203313172167,0.4164237352348888,0.452150092109437,-0.8716247202472246,-0.6132618178833157,-1.6710440072565966,-0.8417279135891786,-1.5233635730061095,-1.1744481878071187
SMTZFNFIKUPEJC,-1.3968146455749348,-1.7410945787926138,-1.7707322511614363,-1.3283518568804125,-0.6818313746923201,-0.8806474001121589,-1.1340944928517454,-0.9549511901072454,-1.0695652005601075,-1.0074040222059644,-2.0683935363726804,-1.1002871137100094
SMYALUSCZJXWHG,-1.0185155605607719,-1.495265002792261,-0.6044606624977925,-0.9779875602736601,-0.5776404617561061,-0.748312148602502,-0.8954384388307151,0.13231291722232527,-1.0095655934145942,-1.0015243641366096,-1.0099314475225079,-0.6763557695531833
SNBUBQHDYVFSQF,-1.1167689704137334,-1.5592287310722917,-1.7994873368879394,-1.1808799480610732,-0.8546939115646052,-0.7324766985846335,-0.8008021398860783,-0.5765855159152717,-1.0879530397436254,-1.125018202369577,-1.9207707551101811,-0.7547738868823769
SNICXCGAKADSCV,-1.4202005712766919,-1.8183468371791731,-0.9747779497015547,-0.8389205731721673,-1.1497291203760374,-1.0509117849028686,-1.2311661059324228,-1.0047686742531277,-1.4350452121480277,-0.8294125727090386,-1.6591060026547912,-1.065955994537177
SNPPWIUOZRMYNY,-1.5561989052249785,-1.8157542749963138,-0.11998084525140937,-0.8811172660059735,-0.4366079938452507,-0.8366487152286719,-0.9340202853623547,-0.22695711962489354,-1.133154409234129,-0.8473774799792412,-0.17193822296659408,-0.9291122653532006
SNTQPLDRUZOSDP,-1.048752162413125,-1.5114061048207443,-1.3666033601292087,-0.5130040263496338,-0.13284796589627057,-0.6854533574987719,-0.8981540912026658,-0.5208555196531472,-1.1545151592282576,-0.8447733705240642,-0.6082655574545227,-0.9773388515054644
SOYKEARSMXGVTM,-1.499545387771658,-1.8193941617836054,-0.30775771881600145,0.035807892822984924,-0.4895508040573801,-0.8821725410940914,-1.0672691386952846,-0.1572533484121165,-1.3565160139437928,-0.6273948762144674,-0.08553418517272157,-0.7551330342654202
SPFYMRJSYKOXGV,-0.9059457683934684,-0.36936347267696434,-1.1670942897103762,-0.8245160752416695,-0.5176657414657784,-0.4819094203124256,-0.22185430490975677,-0.164421672466168,-0.8968697860747183,-1.0259401273485178,-1.061184962633027,-0.40011620179287766
SPIUTQOUKAMGCX,-0.761031801479534,-1.2409126496957399,-1.037033701300804,-0.8892526552202588,-0.4073525368238546,-0.5246158087258324,-0.5265359639599957,-0.2762338420282559,-0.6594988383557658,-0.8376250602449666,-0.6762649352623976,-0.4657533523616211
SPTMROWPYQRZSX,-1.1966913580213974,-1.7336134066108904,-0.6279915863314818,-1.237899114670728,-0.8810180727397046,-0.928789044495233,-1.0042708969734164,-0.3538715137961874,-0.7022571481258486,-1.093696405770881,-0.5794933277635116,-0.8153860703255635
SQVIAVUSQAWMKL,-1.4534338003505685,-1.856799293674341,-0.9381557875436815,-1.2557698537549744,-0.5038081597847293,-0.9105638629938606,-1.2126813665643856,-0.6679624769253757,-0.9634379908252477,-0.7913116016866175,-0.8735182034922313,-0.992394526531297
SRBPKVWITYPHQR,-1.3608884226119706,-1.8247905979838854,-1.3166455548538831,-1.2673074312873198,-0.31889507005321327,-0.8402076600500183,-0.9000346202209965,-0.5950105012592681,-0.7500871455128817,-0.9257224506813153,-1.1546148170831179,-1.0414519305132617
SSOLNOMRVKKSON,-1.4698369796819282,-1.7885025060012336,0.7099658429032476,-0.9399598739847517,-0.44659063390597953,-0.8710294619884285,-1.0520152798728204,-0.33161306112470795,-0.870362408768898,-0.5842491541646853,0.0005465838692161605,-0.5401480305338286
STECJAGHUSJQJN,-1.0891512699790735,-1.5056246256354973,-1.9541145579073436,-1.2065131126622122,-0.4132025761356565,-0.8422522328419922,-0.8483497166895653,-0.9321873044969928,-0.7835429956923275,-0.9959588101690109,-1.4081254911261998,-0.5078723405339305
STJMRWALKKWQGH,-1.5287007677374578,-1.815203481759323,-0.24383614824022826,-0.7648950267937584,-0.5603568083479077,-0.8146113558925668,-1.0472564936252842,-0.27433720005465273,-1.031437588571162,-0.7687233417061644,-0.2731770543884844,-0.8115706081408267
SUBDBMMJDZJVOS,-0.4503708458355409,-1.8575000375964226,1.4506055818981283,-0.8533212438769844,-0.4585738097532643,-0.8507920154314818,-0.8430980919954104,0.6888508831222143,-0.5669509723354217,-0.9758852816392246,-1.0562308172627377,-0.8835063250732447
SUDAHWBOROXANE,-1.3846965430414104,-1.7461536077076316,0.03152190785320689,-0.7152323570339246,-0.44292920546873954,-0.7258491503788345,-0.8486742360716447,-0.18950207126625296,-0.843263822790732,-0.8928055668778028,-0.37617030075823665,-0.6304059783150465
SVEBYYWCXTVYCR,-1.3253295196924193,-1.7596426955398035,-1.0791109157721885,-1.1933564182595222,-0.4603954763795577,-0.5184657139296027,-1.0566820259664818,-0.620809478430525,-0.9659269812886848,-0.9243402752694352,-0.7943827885720707,-0.8543602002405802
SVFXPTLYMIXFRX,-1.2385232555156913,-1.5038539203247239,0.5056435888097573,-0.5295095400695573,0.09670313782819777,-0.4850205638415084,-0.6990624268158733,0.448158891033816,-0.8141215029861727,-0.6758689759262386,0.8841056088612631,-0.2399255016491571
SWLMUYACZKCSHZ,-1.4742031538463045,-1.8570869269332748,0.6040314347964273,1.184775033802633,-0.30540253548589874,-0.7780392537686901,-0.7610066756361837,0.7915039483590367,-1.1579897503317886,-0.5752846802890079,0.7186699354882284,-0.8230642674606343
SWZMSZQQJRKFBP,-0.4547172611135304,-0.7443384382641073,-2.341838159407295,-0.8559031574168808,-0.26884154008923544,-0.2591224962572084,-1.065148581615561,0.07864747951528994,-0.2823774010003881,-0.790512593146406,-1.1901393391181259,-0.37856290505482465
SXYIRMFQILZOAM,-0.5966795126210961,-1.194055441472693,-2.2806193528605103,-0.7951799971168606,-0.10196975665078725,-0.3488530921927442,-0.8464097213385053,-0.5235644003011813,-1.132207353646438,-0.7952094606503293,-0.9303491937695905,-0.5803699843436596
SXYZQZLHAIHKKY,1.434489513502277,0.9504955286591401,-1.7013045779847986,-0.8910133559496525,0.28984059143292484,-0.22477428886516895,-0.9531749311424496,-0.3864173393022092,-1.2379867450021615,-0.996994116816915,-0.6968720463962721,-0.791264425106382
SYLKGLMBLAAGSC,-1.3460958312998077,-1.674327604242565,-1.8523483854052039,-1.3943081006992244,-0.8704671367080576,-0.7673133239100954,-0.8578393489068189,0.2120606885408417,-1.2202899710989468,-1.1374242427810004,-1.6873647735907056,-0.9579990250085952
SYTBZMRGLBWNTM,-1.2048265169440018,-1.6144032204638232,-0.5089882084012852,-0.514387335010274,0.020712986068407407,-0.5241665072228098,-0.39082989101996785,0.04542281249738613,-0.851684953291144,-0.7793098106193651,0.009910470892054874,-0.5647259662428338
SZLZWPPUNLXJEA,-0.9309342993072843,-1.2622524135149773,-1.1199108382301997,-0.9447621259398125,-0.5118869567791475,-0.4719902980319266,-0.4463260661904742,0.2353782553879443,-0.43835699341461665,-1.014635630552793,-0.8250810790276566,-0.28738084649090273
SZRPDCCEHVWOJX,-1.0659384776884822,-1.7800618591660968,0.16257602661435466,-0.9079883835982292,-0.31599304586424937,-0.7638892397664181,-0.5554515134685415,0.009656836904031846,-0.9020321752672088,-0.8851254639979377,-0.964454688821609,-0.9226898190235161
SZWKGOZKRMMLAJ,-1.3178676132519782,-1.672865792373996,-0.22597894517704467,-0.9780632864962522,-0.14258664721072317,-0.5434472760359774,-0.7600545765098019,-0.26277103982256,-1.1296168022778503,-0.6053571736886305,0.325931859019622,-0.6908808829321424
TTWJBBZEZQICBI,-1.4673353121892243,-1.7705089497384416,-0.16877792659442542,-1.0231165242757143,-0.7731256387061478,-0.8490294108559608,-1.059858171703022,-0.4764127363017673,-0.9242649328105793,-0.8796179906826411,-1.057067660227297,-0.8396322949932163
TUEWQXNXQFRUTK,-0.43729167506988104,-0.8282428364844363,-0.917192757858869,-0.6584315952774233,-0.3227503889170143,-0.5120486984869592,-1.0003263548075287,-0.45748919632103924,-0.3698694203600004,-1.023763899698161,-0.05076779182430297,-0.038625674099922354
TUFADSGTJUOBEH,-1.302814248404834,-1.5455225846686522,-0.5717461910331335,-1.1237014307963489,-0.8525035785856397,-0.9640057695929165,-1.3294618339028128,-0.873446359335667,-1.3495875981939414,-0.9180531444318287,-1.8511184320163412,-1.0733904932392746
TUZYXOIXSAXUGO,-0.19372077545538088,-0.4043164781229003,-2.5110156215332724,-0.7151003602365875,-0.0928132198497134,-0.23202947619311265,-0.928778259173698,-0.337464238810302,-1.0503651694210756,-0.9738073887839942,-0.6860060506968345,-0.906071376874694
TVQZAMVBTVNYLA,-1.3265702385080598,-1.7930365397307495,-0.2649689210266266,-0.6745679322700457,-0.45670341091735944,-0.6482525834732902,-0.4871310328255468,-0.4130079416271868,-0.8598697494037649,-0.878793441855679,-0.8947049355054357,-0.4561168351427398
TVURRHSHRRELCG,-1.0459573717349882,-1.5963388556170628,-0.021660221684301872,-0.8548301521331615,-0.09736437708633912,-0.26455521023734907,-0.8960321314773111,0.3358762309969339,-0.8701473287546158,-0.17299329346980674,0.2209527386820766,-0.16443275297356538
TVYLLZQTGLZFBW,-1.1173052223646096,-1.5808714159909425,-1.403166205429288,-1.0689101980284232,-0.20999898353498628,-0.7155382024844833,-1.1183855882109732,-0.684941855544806,-1.1873655928121658,-0.8745986257796898,-0.39422716617858233,-0.9619316243633114
TVZCRIROJQEVOT,-1.2060475370087194,-1.6750587315858625,-1.0743075547433893,-0.8498903835329525,-0.5385156875082886,-0.5911909896368469,-1.042763879805868,-0.6333747206170939,-1.0759204292674676,-1.0635525443857976,-0.8368333832042267,-0.46039930319632116
TXCGAZHTZHNUAI,-1.4843412938773948,-1.8201143309744916,-0.6961784685237323,-0.8311182728849346,-0.2915039226948225,-0.8103757473431118,-0.9294269552902819,-0.7607203214476168,-1.3779360135678123,-0.8327007932292342,-0.5846155139447486,-1.059152302476123
TXUZVZSFRXZGTL,-1.1831972748127884,-1.6289111198382051,-0.005670275327240627,-0.4768345924559295,0.13823703874223622,-0.3522149359161051,-0.6032299470816564,0.4771924020556916,-0.28924055288843276,-0.12129591883963924,0.9750817073791198,-0.2554060418860548
TXVHTIQJNYSSKO,-1.5026864836582585,-1.131675015661187,1.3531202097560373,-0.8015841000202772,0.8147491542020396,-0.17190611050615573,-0.19922414443881836,0.0849328387858729,-0.4171664836343195,-0.2296479354396644,1.919055033311349,0.35029227867986595
TYMRLRRVMHJFTF,-1.6275154518208814,-1.9173924500790132,-1.2479593076011966,-1.524343838807314,-0.9086912038426603,-1.0278543323094862,-1.2563896623244108,-0.9311461010735191,-1.3428750062543535,-0.7457294386045185,-1.3626535453147062,-1.3121586304925097
TYNLGDBUJLVSMA,-1.1688507559251824,-1.405610068624345,-0.5267285917912395,-0.7923447216889397,-0.2878351077764416,-0.3943808248949171,-0.4650220147845357,-0.1760123344257568,-0.5503553013883438,-0.8561637810662547,-0.18321613229109854,-0.26870693729880873
TYQXKHPOXXXCTP,-0.6221328138025258,-0.9284894329824418,-2.8101902275978636,-0.7291215402749092,-0.3587266471746778,-0.6389725183457831,-0.7088533082081234,-0.8640283839105634,-0.7569006969403751,-1.1109897050861213,-0.862438148624554,-0.12070918481292243
TYYBFXNZMFNZJT,-1.3360150086524354,-1.6748536760037493,-1.2137110379560379,-1.0701419975106576,-0.6863860123770422,-0.629933263640894,-0.7442326334938149,-0.4656976774493323,-0.7138993112560452,-1.0088214813716785,-0.855413927351073,-0.5475582026743961
TYZROVQLWOKYKF,-1.2398588270133146,-1.6138717126890127,-1.6230221128104256,-0.9535175029035556,-0.7093005810843025,-0.7707921489648527,-0.8189394311601494,-0.58328685765066,-0.8184160793450818,-0.9278884239421867,-1.6439249125768254,-0.5275997841461977
TZBJGXHYKVUXJN,-1.177179064048569,-1.6835181586925536,0.2199865638752722,-1.122566393476116,0.2976856464344871,-0.22069477786419442,-0.32108279623128033,0.41240167553808127,-0.22434455820589871,-0.0452952637115533,1.0626036008747477,0.00694024822434083
TZFWDZFKRBELIQ,-1.360928544445956,-1.782481376644844,0.17637203212480132,-1.1401433461079347,-0.3731795169181775,-0.6884823658345621,-0.4338788840581598,-0.15597417513246453,-0.8064240627396121,-0.6325286448545496,-0.7324828092967722,-0.39193105393636735
TZJUVVIWVWFLCD,-1.3675386698200656,-1.7792498243369197,-1.0605097798882106,-1.3390706960321068,-1.1047788098029905,-0.9984056985202314,-1.1626398464512928,-0.5267042581805024,-1.0535987534699516,-0.9656110882559046,-1.5159724514032684,-0.9895167927980346
TZRHLKRLEZJVIJ,-1.1313451297108086,-1.7493923996533576,-1.1535789726348549,-0.890333540971292,-0.6252391241642867,-0.8219974062512507,-0.7626284398805883,-0.18627940242585903,-1.1259036986290836,-1.030248470805764,-0.21682169121617184,-0.8442329788093103
TZXKOCQBRNJULO,-1.3409005493439026,-1.8272203919452292,-0.9408200363090432,-1.0961059287190276,-0.7920965942234094,-0.8481266113669952,-1.2513458131763624,-0.8542057568607015,-0.9624513321128787,-0.8424417780061781,-1.2795472477081247,-0.8370730092492347
UBCHPRBFMUDMNC,-0.9888669924189836,-1.1479296684190876,-1.8870199599044613,-1.030426750297659,-0.05441168437937752,-0.5200788601147716,-1.3240995817035908,-1.0397975378745434,-1.2886585621697138,-0.6344374868204301,-1.1669487292869887,-0.9167561512529245
UBPYILGKFZZVDX,-1.223368297271229,-1.6869889550938,0.17735501193619296,-0.8593650059861352,-0.6837521036436335,-0.6393548223299764,-0.8282532472843659,-0.13026811019466428,-0.8795676228651076,-1.026661421461524,-0.5425061749331511,-0.7180509893278114
UBQNRHZMVUUOMG,-1.3881941715106394,-1.8474700803245878,-0.861328716986571,-1.2366785478230953,-0.7202007399634358,-0.6224060429127589,-0.13551583579602428,-0.573207539749033,-0.7487395228380141,-0.8979777067991233,-0.9522162661493718,-0.9308149026509381
UBRKDAVQCKZSPO,-1.144550000710154,-1.676090237921883,-0.6742929257594423,-1.0291856202696856,-0.8993096410051927,-0.7889753078751012,-0.8881153188326238,-0.33661308249782285,-0.936894348922064,-0.9997174327283229,-1.012563931831091,-0.6533095884118079
UCFGDBYHRUNTLO,-0.7085535654120693,-1.0633545958622537,-0.785054247860731,-0.6868004046358387,-0.47543071022374916,-0.4459691885233943,-0.5517804380717112,-0.11785783874796785,-0.5551602178941031,-1.0276848635366926,-0.42861922935547386,-0.03766097049676211
UCHDWCPVSPXUMX,-1.0923293135032217,-1.3651015146911,-0.4361546037819344,-0.11902860169337902,0.2499182256560919,-0.586840645861995,-0.23311152752937273,0.7390533613811795,-0.8592459221963726,-0.7719054017533986,0.8455234697672364,-0.5830870852967907
UCTWMZQNUQWSLP,-1.3182381727478008,-1.7780934455614166,-0.8392790559956438,-1.3431695686419942,-0.6180349800709699,-0.7815844281489274,-1.1938977861718807,-0.7443784404172885,-0.7827577378001487,-0.8010396548643862,-0.8837010078358516,-0.8092729865214564
UDMBCSSLTHHNCD,-1.2088281454285363,-1.6993851441591474,-0.887502594606565,-0.7538178767644604,-0.49144403019179006,-0.8462335386465265,-0.9435568926112154,-0.6233694017601484,-0.18696586705449153,-1.023047951679359,-1.7497262255186252,-0.5173633746524663
UEJJHQNACJXSKW,-1.1437724556992583,-1.6057291176064117,-1.1549941109315294,-1.5206458402971763,-0.7733398925235048,-0.7450140763790534,-0.8874620760195427,-0.9363555149693025,-0.8408875495055568,-0.9799279891518987,-1.0870805167382158,-0.3234194774207572
UEQUQVLFIPOEMF,-1.2326896998128127,-1.6613677193322811,-0.1264317939927035,-0.9997969640710378,-0.7320034296300496,-0.7933975223519845,-1.1488830911720755,-0.29882006470474703,-1.174976259211329,-0.7163000080642471,-0.5554610153956482,-0.6705115272940293
UFLGIAIHIAPJJC,-1.5209310922821715,-1.8843108710293106,-0.29180992911233716,-0.7542603599759254,-0.589726932720838,-1.010712872363653,-1.1862105258866118,-0.6940486728753273,-0.8400660407003883,-0.7578044330409751,-0.7592978052309847,-1.0095712191287003
UGJMXCAKCUNAIE,-1.3773102784557234,-1.6557403488276683,-2.671844297035616,-1.4397376008294482,-0.838026544005341,-0.7536034868205913,-1.2811610670984703,-1.1860986242825031,-1.5949735382130592,-0.8388717490130077,-1.7752522683573,-1.379207463318737
UGTJLJZQQFGTJD,-1.5446804316106606,-1.8248446123976754,1.081287591385328,-0.31956186131282466,-0.3125587955353945,-0.8059488576102332,-0.9142822217740536,-0.12291000320960332,-0.5423283349814557,-0.40091315399472344,0.2266389038177165,-0.5728105515282906
UHDGCWIWMRVCDJ,-1.1465730977824509,-1.747428470573821,-1.4793301246707171,-1.1223979244873332,-0.7102958201305729,-0.8791019742180071,-1.0938064215982366,-0.9823758106186606,-0.6715420557019443,-0.9539562494249072,-1.8795648608459643,-0.24905678229242934
UHWVSEOVJBQKBE,-1.3844086153120099,-1.770611808013813,-1.1066016787751498,-1.3363728668583519,-1.0365091815955578,-0.9140380239660004,-1.318738066334638,-0.8529677011708595,-1.0297935298992167,-0.9307075849181362,-1.7739180749343055,-0.9935673250078565
UIARLYUEJFELEN,-0.7101990400479136,-0.5522530627706229,-0.17170378185811186,-0.42212000623082285,-0.09376520485940062,-0.44359710586750856,-0.5765624730708132,-0.0989717108503276,-0.22123615996841545,-0.8139901776208612,-0.03840177840291611,0.32184989258319296
UIAYVIIHMORPSJ,-1.165420336003705,-1.6214586356064205,-0.7665203971455327,-1.0477618541226181,-0.3148408819160161,-0.6656013286593566,-0.7088673482791746,-0.48002564603798115,-0.7001132071120748,-0.9408996331936452,-0.6187170412319801,-0.5685111507487577
UIEATEWHFDRYRU,-1.5222471138952007,-1.8361426779908612,-0.8126593812098317,-0.9434843219820905,-0.5036344249934994,-0.932849544059428,-0.992585347618449,-0.5799848420970655,-0.9327810755312818,-0.8592512426698097,-0.8560192586959647,-1.0220829893906498
UIKROCXWUNQSPJ,-1.2522615939362287,-1.7335691025093032,-1.4385583237534454,-1.0277668933529638,-0.8880262509345929,-0.8456465745653391,-0.8672810639934103,-1.0487136526013805,-1.212141198973266,-0.9549238414821231,-1.710809104204385,-0.8911652375004672
UJEWTUDSLQGTOA,-1.4585714515787875,-1.7858044297883566,-1.463482677725118,-1.3395813166040311,-0.8455103748589617,-0.9164637816533043,-0.9824958382029085,-0.3205517891399312,-1.0034963549978548,-1.0613003391208768,-1.303092121371802,-1.0757091604303457
UJVLDDZCTMKXJK,1.5497613907329864,1.0671649725931935,-2.333537614393966,-0.9858141858033695,0.707647289470612,0.9127828861036177,-0.9789020965697406,0.31558015714561555,-0.9045456577958366,-0.8152325218100512,-0.9037218687941808,-0.5728971033525939
UKTAZPQNNNJVKR,-0.9846140173032509,-0.8602554645450964,-0.9700890519077869,-0.7372271038571478,-0.08631781966053476,-0.44762730011811586,-0.5434331894963536,-0.6039456674555471,-0.7358534721972295,-0.9938640620453834,-1.1381501908088705,-0.4229878369412197
ULDXWLCXEDXJGE,-1.056487168573229,-1.256708115841068,-0.05906691016046706,-0.7130774758431146,-0.2153715751876409,-0.719570583148784,-0.6357661922862939,-0.2242416847021595,-0.5403424024171284,-1.017583812359558,-0.009493190770274934,-0.2210001453532261
ULFRLSNUDGIQQP,-1.4559280829405483,-1.872791919125171,0.5591048505175136,0.08096442040430656,-0.966815508327945,-0.8919975176243407,-1.1801321189130753,-0.6800892203403472,-1.2023817816787465,-0.8781045638133338,-1.1371930899495633,-0.9446462371044444
ULGZDMOVFRHVEP,-0.6304489700547298,-0.9010364048348225,-2.799430880904965,-0.7349763358532364,-0.3760870621596688,-0.634421968856182,-0.7093588526653366,-0.8385763596261152,-0.6199272196742296,-1.0214304150680227,-0.982102828689603,-0.0634495948587435
ULLNJSBQMBKOJH,-1.2735482863412786,-1.8045888012521558,-1.470064193284105,-1.0693373321056727,-0.15019195027515608,-0.6586603060147584,-0.39634407747380396,-0.5730472219419106,-0.9299033327905458,-0.8206239210573417,-0.9170639828797639,-0.8031128207707852
ULSDMUVEXKOYBU,-1.2202269734073656,-1.5885384076646445,-0.3195352515336619,-0.880405645202444,-0.8913996857589821,-0.7237998636551184,-1.0206185511190073,-0.5936978019289875,-1.0453845976527452,-0.868397109201773,-1.2739665388690924,-0.5604127102192196
UMFJAHHVKNCGLG,-1.5553487469497707,-1.7796649068115453,-1.5071683699237273,-1.375355777470225,-1.16728765656221,-1.032239613724204,-1.3855492644658927,-1.4035026718745967,-1.3571697438330417,-0.6434123625531745,-1.7319254232429977,-1.084949236123298
UNAANXDKBXWMLN,-1.2461580060853383,-1.5893001601371235,-0.7841800450232281,-0.7617528493521476,-0.20179047046791723,-0.6974299617563624,-0.6639401568566291,-0.19605705905094895,-1.415267121603246,-0.5493088540167755,0.19334131962115605,-0.7998613787688476
UNBRKDKAWYKMIV,-0.8683178585684243,-1.1887208258194832,-0.4674805012003507,-0.9417447989034701,-0.5610243590944339,-0.5701618284392844,-1.085055313292928,-0.09827822149526749,-1.0830841732246657,-0.9686503009308065,-1.3297204998013694,-0.4228967187838178
UNFWWIHTNXNPBV,-0.8820580473212588,-1.3446635957533055,-2.4245192461035234,-1.0200549441549858,-0.6470783302607612,-0.7392065793932763,-1.0946856906819926,-1.080945671908454,-0.8824051123370868,-1.0399244319519072,-1.378647704315301,-0.1861650919095332
UOACKFBJUYNSLK,0.1232395711010974,-0.10415841548716138,-1.5221843461224718,-0.8287671429939085,0.9472156227173107,0.9336027195748248,-0.41785133735482116,0.024948328713839025,-1.2815528322857768,-0.5700910448431634,0.40466844508471705,-0.7822334089786732
UOCJDOLVGGIYIQ,-1.2229420712171506,-1.6766025669757014,-1.3722150439161351,-1.2725270907889055,-0.713289476165894,-0.7450078660906695,-0.8310691378263423,0.02518746470020533,-0.7323722056964745,-0.9576618674871983,-1.5260845138444752,-0.5648778419720318
UOWZUVNAGUAEQC,-1.3200911015205394,-1.6758502126004449,-0.5029519744639793,-0.956545922113274,0.019654309733198164,-0.38744021104425946,-0.30979369424973674,0.228121728186546,-0.46411649661868215,-0.7456533571599266,0.28340163236189053,-0.627951458476849
UOZODPSAJZTQNH,-1.3509093162697943,-1.6141742293309334,-2.7269852946853526,-1.3334408959896502,-0.529227620504749,-0.8065368973744439,-1.0857278650881086,-1.0585058757733987,-0.6464432325769672,-0.9417958806976705,-2.056169463292688,-0.5388191923339846
UPSPUYADGBWSHF,-1.3492876379652758,-1.7636967499767864,-0.07419629974281812,-0.7452472104854931,-0.2423982755705282,-0.7109241913074931,-0.9359624053332737,0.19903854424909026,-0.7724525452366938,-0.8233045800992674,-0.6315592521970339,-0.7317759381611763
UQGKUQLKSCSZGY,-0.9751015353072743,-1.2795385801617862,-1.1123896719581448,-0.6385558794130151,-0.5139122699093219,-0.6288193024707901,-0.490094264934531,-0.09013662739125436,-0.7809388391147847,-0.9652900908850903,-0.556226846614067,-0.6599159220078424
URKOMYMAXPYINW,-1.159476804932354,-1.537876254031005,-0.247103924963887,-1.1489093759967521,-0.6332611038818494,-0.9945167978148405,-1.0433368380785155,-0.19921749058239743,-0.777029444632333,-0.834668983941956,-0.8822559685093126,-0.8688147508091193
URWAJWIAIPFPJE,-1.0988135559650485,-1.5130901508386045,-2.744334272076015,-1.1520838300469993,-0.4999321112293569,-0.691256513071193,-1.2003868847476784,-0.7595680141413845,-0.7963288402290123,-1.0564072339638666,-1.744108790836756,-0.6525593019977692
UUQMNUMQCIQDMZ,-1.5941693128695835,-1.9199330801051284,-0.36984799575140076,-0.8410477650688224,-0.9548496921338518,-1.1254037749837011,-1.2788371421735152,-0.8097426688390832,-1.0913972470374977,-0.7638423679379363,-1.0356124119920047,-0.9663314052711369
UUTKICFRNVKFRG,-1.3351242666244008,-1.6152487862180187,-2.8394339723723547,-1.6971669456135885,-1.1529396689184919,-0.6548667891954447,-1.0474111105071926,-1.1495699757269275,-1.215142237601408,-1.125893077014585,-2.2171955151988176,-0.8993410734851013
UUVWYPNAQBNQJQ,-1.0995041487041757,-1.7801168282580837,-0.26018583042906157,-1.1979146183010259,-0.961681405534015,-1.051141278160261,-1.228434539798886,-1.2236799432308785,-1.1346072219670744,-0.7534119369242838,-1.5520584755984,-1.1219318009807837
UVKZSORBKUEBAZ,-1.3654169193983623,-1.7811020025973292,-1.0233299866091976,-1.08291248728877,-0.6548139038192273,-0.9199848101378134,-1.1843673510738228,-0.5345937667804844,-1.2384153995242175,-0.6647627603615789,-0.8196096001165603,-0.9875977729973772
UVTNFZQICZKOEM,-1.3642269004523768,-1.7702356312442042,-1.2722744329421263,-0.7949919074700627,-0.47044410145613447,-0.8635765185253554,-1.0338639127017826,-0.6672565897425403,-1.1848552302761906,-0.9992981828792017,-0.9702386867608642,-0.8698231930531024
UWKQSNNFCGGAFS,-0.8033902692397806,-0.9151551953159481,-1.47272666603123,-0.6147637374109671,-0.1758073749536928,-0.5495093718027222,-0.29379367106833415,0.07135047600107733,-0.3569852370222028,-1.0663916943119436,-0.3284435689980596,0.027653276910851125
UWWDHYUMIORJTA,-1.2463243430854876,-1.7117014670436035,-1.4178723952490213,-1.2165416042951045,-0.597590890375721,-0.6439300280810976,-0.888173198670828,-0.7387066656950844,-1.1095787945717968,-1.1347898057780843,-1.0454395290643186,-0.6918517010318951
UXABARREKCJULM,-1.4553665371200255,-1.802868797747132,-0.2471187888756305,-0.6008509958077096,-0.6777800133010018,-0.8760858902508183,-1.0553752889456187,-0.1944360844675473,-0.4918749144941016,-0.8049245788866415,-1.2688082153763127,-0.6065262645485369
UXOWGYHJODZGMF,-1.3075871471603149,-1.7572573299797196,-1.5859238410053005,-1.0952956998419776,-0.6752933384680792,-0.726502686557673,-0.9488306992713562,-0.770808627681437,-0.9374365581223737,-1.071121814088062,-1.1394647998841352,-0.7281716822946851
UXVSDVSUISWXKD,-1.1037534920202077,-1.5386011491641434,-0.28573669671303675,-0.3596940147598717,-0.5570456429991479,-0.7769068327709501,-0.853268263755477,0.08726671177811311,-0.9194815763914869,-1.0148394909783447,1.0650107695092004,-0.9813074694656849
UXXQOJXBIDBUAC,-1.2242292440141123,-1.6319246232827724,-0.6191741525508585,-1.0831962514392122,-0.8209824641564764,-0.8085401096956796,-0.8348467431038792,-0.4124531410923272,-0.7091019782078858,-1.0694736709331767,-0.6295812844237769,-0.7320686778387865
UYIFTLBWAOGQBI,0.0018881283242974782,-0.5669172262857709,-0.838663567970878,-0.9217458797923042,0.9468400789830207,0.1618565709186392,-0.3850935845046954,0.07516872431092453,-1.0034352764672827,-0.6904019609010963,0.5549682569836856,-0.6931917900672169
UYNVMODNBIQBMV,-1.2779968423752455,-1.736165650084506,-1.2402163041841394,-1.2444112899062418,-0.09854156779569186,-0.8302383836324543,-1.1533810375924562,-0.36025074389183914,-0.9585509998907071,-0.7022569808124943,-1.1155868440332257,-1.019377772660141
UZHSEJADLWPNLE,-0.3447395028096399,-0.8111516066416091,-1.9610513798846605,-1.1075599501571396,0.09638604589927037,-0.44963004751342417,-1.0038719717906455,-0.11396450145267409,-0.715614064754198,-0.599450070580877,-1.4992429773458533,-0.4022843573845766
VABCILAOYCMVPS,-1.0799980499852477,-1.5695468270828878,-0.6669728356714656,-0.973101703679229,-0.2501273615770564,-0.4972120808971796,-0.2650524691141829,0.40541495671487815,-0.4493300496636232,-0.7818812275871025,1.5610216132777102,-0.458499289180361
VACCAVUAMIDAGB,-1.4415755726913508,-1.8884816872649628,-0.6480493753113297,-1.4228533859504795,-0.9640031738836553,-1.0810104114337873,-1.0128597447784777,-0.6113223608525282,-1.040488552929431,-1.020353133564348,-1.2797263505842282,-1.2904598498957203
VAOCPAMSLUNLGC,-1.4747758224683518,-1.7400174435491857,-1.4249712130488876,-1.0847285917429215,-0.9757326690833437,-0.8808201842445964,-1.2188612492724737,-0.6669829456330216,-0.9664023261099046,-0.7107724811635608,-1.6856918175900457,-1.285660018461754
VCKUSRYTPJJLNI,-1.1377349157115715,-1.5752684941518338,-0.786478727297282,-1.1453511661571834,-0.5976695503225732,-0.7669969075312411,-0.8909256092149223,-0.34837721020888257,-0.3763271819334211,-1.1587864026950805,-1.4151109347359643,-0.5506726714920172
VDCRFBBZFHHYGT,-0.8965843160403888,-1.467142505836833,-1.359471227117224,-1.1948212047552138,-0.6837805024093164,-0.8141360111354002,-0.8312008837995705,-0.7108886332963643,-0.33485562163752414,-0.9722022217853197,-1.8747666015138353,0.007124830771405731
VDEUYMSGMPQMIK,-1.4666323581021339,-1.916754465244499,0.026862801950287292,-1.2828668563715107,-0.28933958417818006,-0.9111011523833645,-1.1962981396956585,-0.55905593348759,-0.7762092602377786,-0.5229818922901535,-0.6712367390692942,-0.918754820244555
VDHAWDNDOKGFTD,-1.480090267320184,-1.651689266843426,0.4559958805993809,-0.31898367318444243,-0.09051575245589887,-0.684265265462104,-0.3301876230711715,0.033415441046716406,-0.817095926155633,-0.6820392653897979,0.6754387955993889,-0.3825472227284676
VEMKTZHHVJILDY,-1.1450749429470486,-1.5879053921871225,-1.3142785042803085,-0.8903878671646943,-0.15278615032234483,-0.6043310952729769,-0.2992461125167918,0.03272278216018283,-0.8685356226340561,-0.8312928156042826,0.23632973406845398,-0.8386168678992539
VEQOALNAAJBPNY,-1.2252117332639594,-1.9310570782196037,-0.46480862601002265,-1.1866138107792277,-0.15352574089183596,-0.9939338890477749,-1.2259846661269862,-0.7120547216635598,-0.8517033325639464,-0.8560723075002998,-1.173677337445553,-0.8604122967307695
VFLDPWHFBUODDF,-0.8558979957402654,-1.3986153587675911,0.02887607487934736,-1.2318337865305422,-0.02399308538116411,-0.33601803834877053,-0.664004548629682,0.22500405212820707,0.04681772663474192,-0.5446249054543058,-0.2907311175077796,-0.5454030496023641
VGEREEWJJVICBM,-1.4113821365681367,-1.7486122935928972,-0.6293366977907647,-1.252982391369488,-0.029111520377415573,-0.29882418136548944,-0.9547246002845278,0.05059499870422082,-0.7158575893006609,-0.5340870631815595,0.15773730278667805,-0.6927993654656228
VGGGPCQERPFHOB,-1.3830168754891328,-1.7117125287684964,-1.5664872638584635,-1.1862912113932533,-0.6028647876960216,-0.8390023556680768,-1.1018440066207593,-0.9996753585432125,-1.0701479114602455,-1.0551074870374442,-1.3625495401927459,-0.8260004131993209
VGIGHGMPMUCLIQ,-1.2309900260394828,-1.479841552805452,-0.7868445255399612,-1.029871817073404,-0.6780930596663395,-0.8010358650765401,-0.44348669724766326,0.15252642594717186,-0.7439064305127242,-0.8606290948100379,-0.44809303623320396,-0.7426851928473984
VGKDLMBJGBXTGI,-1.1830402460009153,-1.4965445159115385,0.4581247873075125,-0.6238673623642658,0.03404944195015029,-0.4442360619930201,-0.3835728160458416,0.5196851343705746,-0.8514796944213026,-0.6454861469532294,0.875614104045034,-0.3325650687712399
VGLGVJVUHYTIIU,-1.4264989806250092,-1.792997342591361,-1.4211328995273191,-1.4006582775051168,-1.0969152118121108,-0.7993093633461205,-1.0165529205849655,-0.4793995928232023,-1.0644256438475135,-0.9988807764875989,-1.4158715305198246,-0.9859642031436809
VGZSUPCWNCWDAN,-1.5582859871063295,-1.787688063867613,-1.9624855378612727,-1.6270946988348243,-1.0135388276343413,-0.9922688231220509,-1.1904002689747943,-1.1619291335227657,-1.4810460707889705,-1.0610185264265422,-1.0415115621021882,-1.3970254622701856
VHGCDTVCOLNTBX,-1.3806358538908747,-1.8843301768416805,-0.33302155644493264,-0.2902229710239149,-0.13692907768591944,-0.9099065310437803,-1.1040566077158096,-0.4461423587812638,-0.8077893317101027,-0.8544902790443341,-0.27038128268962547,-1.0055620160974987
VHOGYURTWQBHIL,-1.5198510878816534,-1.8150643228834311,0.3881740816729085,-0.5927169768675279,-0.5116919049901982,-0.8605232100331568,-0.9844231025280159,-0.19718098615028343,-0.6583667636783069,-0.8793677564582127,0.2774744300391558,-0.7845693787958171
VHVPQPYKVGDNFY,-1.2319563917539555,-1.6418518708142782,-0.22021848762787694,0.2999757681167747,-0.6508066134395928,-0.809974234292099,-0.7396953493874474,-0.000515105897286863,-0.41738781523688373,-1.0122702352705368,-0.3199511262164014,-0.477404738472253
VHYCDWMUTMEGQY,-1.4794335517607968,-1.8417654110442714,-1.3440204478020799,-1.1106203064703635,-0.725265059241955,-0.9429083465538833,-1.0595827976270051,-0.9757554346188124,-0.8009172455777488,-0.7545240626630131,-1.5043237567962455,-0.9420391848135522
VJJPUSNTGOMMGY,-0.80647191303698,-1.3389369530487514,-1.3555541782749692,-0.6958051307340322,-0.3536317866032011,-0.4690008832045771,-0.4241273612279343,-0.35115595160666624,-0.4637423633380974,-0.9602602895428115,-0.5055872629897405,0.19747404994853945
VJYFKVYYMZPMAB,-1.4920462405254207,-1.7358120619783952,-1.723059823220662,-0.8666467878418322,-0.6894887766810013,-0.8361955773421981,-1.2264979089308967,-0.5855651050035301,-1.4639938742554286,-0.6163266513127679,-1.1723617779283584,-1.313637604915221
VKYKSIONXSXAKP,-1.379573179228483,-1.3868895634287304,-1.3265030516683292,-1.6639530584164057,-1.251751085916667,-1.031629506061716,-1.4573316674225218,-1.3519116861039546,-1.2679217289424098,-0.7790330676798466,-2.26708203315576,-1.0753092384367595
VLPIATFUUWWMKC,-1.5538929033165712,-1.877962607394466,-0.12258348177393347,-0.8006085361822991,-0.40078494261374464,-0.9216119899298537,-1.1822139681402488,-0.7420426031528565,-0.7549365844978402,-0.8009953186768252,-0.8293967001432654,-0.7330758456096426
VLYWMPOKSSWJAL,-1.435536259094551,-1.8815858254728335,-0.7901110801350478,-1.3259254609725502,-0.8974560747260458,-1.053960737553309,-1.1750912236627078,-0.7201215955997747,-1.0004408965769287,-1.096161132501062,-1.236636415338524,-1.2713360402423481
VNFPBHJOKIVQEB,-1.4282128877641798,-1.7520228477140982,0.1870390246814859,1.0272601423060335,0.16256029732423433,-0.6442550828705319,-0.8398446255624485,0.07087302010187743,-0.9888819343391615,-0.5497064344989522,0.4248943136038223,-0.4443806177536954
VOXZDWNPVJITMN,0.23355939002272527,-0.5878259317909733,-0.9645978506318647,-1.042603041917119,1.017354853370935,0.7380401195814343,-0.9737798007661193,-0.029901353383083848,-1.2305110680236822,-0.5778766727872834,0.6287834005652784,-0.6765032159807751
VPJXQGSRWJZDOB,-1.4517350533011186,-1.7154516757979683,-2.2736066724329644,-1.365532627475173,-1.1664379140033125,-0.594270652781259,-1.1913665119597814,-1.444838289426637,-1.489916348486694,-0.8817138134214165,-2.1779964477121907,-1.3103943813438599
VQHUQHAPWMNBLP,-1.3537668806644163,-1.6690714108900944,-0.35291047447185725,-0.799540436276134,-0.41148561244700466,-0.8143924990344945,-1.0307753002529094,-0.4652218123583223,-1.2613351230874255,-0.8041598117784056,-0.7429540106765765,-0.911556834768187
VRBKIVRKKCLPHA,-1.2532351097563788,-1.7118963968962098,-0.8206484030017889,-0.7592516970434162,-0.7536902268129898,-0.8506981048407463,-0.7367199328142751,-0.12337878106575983,-0.3993069615557915,-0.9953947993958213,-0.9409862052802729,-0.9820917549581738
VRDIULHPQTYCLN,-1.4061506288196504,-1.852430934746308,-0.2069445251820119,-0.5323522507491765,-0.7301905176250526,-0.9876691717604399,-1.0623584596465803,0.057313887990984934,-0.9100299202179001,-0.39994603087736247,-0.5415553497725754,-0.6641199694669031
VREFGVBLTWBCJP,-1.1133835848358962,-1.7265743815675019,-0.20805816793730095,-0.17030229812260994,-0.025323871912046686,-0.8559549505259518,-0.9113099331746608,0.10390094110902873,0.6247873894757655,-0.9304725164878448,-0.09011844642584038,-0.5188226840353013
VRQVVMDWGGWHTJ,-1.3011227498452276,-1.766428076839246,0.6611304630055038,-0.8293655503595085,-0.47239247618269253,-0.8626279762819532,-0.9359937708743985,-0.1415299604437326,-0.7335575251250628,-0.7902384166740667,-0.5126687697110826,-0.4824534081008654
VRYMTAVOXVTQEF,-1.3586990936790801,-1.7221109345358716,-0.8288176676730533,-0.8317687908607719,-0.6304208659700419,-0.7375685679630503,-0.9942014687982588,-0.5863153110398039,-0.9570291920563708,-0.9271003378486886,-1.1161298571954892,-0.7748242800747381
VSBHRRMYCDQLJF,1.0224711310110937,0.8545841283155096,-2.330192080693311,-1.0188273373760142,0.8330920923996247,0.41804265765094584,-1.0723252411529571,-0.221024770595245,-1.3527054795540014,-0.9539770261586156,-0.9987405388725425,-1.0427695670595967
VSQQQLOSPVPRAZ,-1.1397832465919564,-1.5934204099324074,-2.0405559562324225,-0.9910682208973658,-0.7862563861294516,-0.7527187531595568,-1.0487088223436147,-1.0422314986159493,-1.2317871957476794,-0.9820619410107201,-1.747740511058916,-0.6732711965691964
VSWBSWWIRNCQIJ,-1.14895811847081,-1.598323627821471,0.5969894661442131,-0.693958036897664,-0.37200558878929924,-0.7250954267851328,-0.9471984805316491,0.19158604992968709,-1.0686677657365924,-0.7091343153973323,-0.0958787693403124,-0.5361248938953088
VSWPGAIWKHPTKX,-1.1563468363890594,-1.620195332476162,-0.6233176731401264,-1.2775817746085372,-0.9074987136476671,-0.8239402219876202,-1.0419326431256584,-0.21097012143019622,-0.7604567985266264,-1.026771498218721,-1.1855597864853797,-0.7359361672518174
VTJXFTPMFYAJJU,-1.319033233395129,-1.6911593079678018,0.15828852334544052,-0.788190161408747,-0.23993734159688937,-0.3857400084926463,-0.9410713463621586,0.06581905691242242,-0.23541676744602735,-0.4727990567512521,-0.10592767441660443,-0.1862569558049548
VVIAGPKUTFNRDU,-1.284483005814206,-1.5753265934282596,-1.1813874106489968,-1.3378609613983428,-0.6998001354668233,-0.7811832688133313,-0.9828397078474878,-0.08645482164490682,-0.5993502831680323,-1.1040314771940924,-1.5147581967410961,-0.4955128013745028
VVWYOYDLCMFIEM,-1.2417764284627244,-1.4297510613040365,-0.7284189933902522,-0.5005161757116,-0.4314365448885792,-0.6687327756513748,-0.6080057186529619,-0.5676515638322417,-0.9717241949933771,-0.8872117017892788,-0.3991064764739027,-0.8153032920440565
VWLHWLSRQJQWRG,-1.5175469990826709,-1.8184560476462108,-0.12482430020723326,-1.0059748881562474,-0.2548004721859901,-0.8451839105356883,-1.1969910065172535,-0.500614969326683,-0.7407770798508375,-0.4065473078511632,-0.29026123702701295,-0.8528351622665766
VWPOSFSPZNDTMJ,-1.1252150122720344,-1.679258871028616,-0.8294645619410652,-1.0005408416005028,-0.5608234160892827,-0.7371470475143136,-1.123492330497755,-0.8520316768064953,-1.027735148727369,-0.8126549211678431,-1.0066529751280462,-0.5843469462688414
VWQWXZAWFPZJDA,1.781678879620799,1.9551052250051306,-2.720693597033697,-1.2084330419528126,0.6666878246038186,0.13019012803916952,-1.0698503629932705,-0.7161107549219713,-1.484118453640862,-1.077615347605108,-1.6912284370451198,-1.1300336881746287
VWUXBMIQPBEWFH,-0.10976285678747318,-0.9204867986386938,-1.440103606959965,-0.8378056159572789,0.28965023879372703,0.2246583208018128,-0.8265268393117743,-0.012058024328225902,-1.298624324998427,-0.4966064934647101,0.1087294295434809,-0.9576932091468278
VXJABHHJLXLNMP,-1.512906884111279,-1.8151698325115506,-1.1070961487112747,-1.0126210482770657,-0.4330330847910587,-0.7541654767242456,-1.2379394159040609,-1.0538382489394804,-1.195472103067477,-0.8159558031809744,-1.3232549426277869,-1.267806232270002
VXVNYCRICCVPTD,-0.4273534424237779,-0.4731157316950634,-0.8759480195286337,-0.5574085896532043,-0.30216408284434587,-0.46294805618632173,-0.9881616599685449,-0.3905268176957004,-0.2730983107289783,-1.0256791948405337,-0.004004752033138725,0.030682357498143412
VYFYYTLLBUKUHU,-1.5119731181613862,-1.8680842078830449,-0.46486211447957104,-1.2929239702686846,-0.4438372160594517,-0.7103306502106188,-1.1366094371468174,-0.40047289926515584,-0.7044391103776719,-0.6463400395963622,-0.5978865564097704,-0.7993294415223828
VYQNWZOUAUKGHI,-1.4606836038896813,-1.9180348811626924,0.043964197559255645,-1.0459145535749816,0.8320336622585743,-0.6960811782622931,-0.9046769834389141,-0.3295152187739643,0.18448809464218258,-0.0698525876948969,-0.03486548963491278,-0.9357515239483803
VYVKHNNGDFVQGA,-1.2936810902723437,-1.7060757585548787,-1.1235129224787697,-0.7726640702952904,-0.393590878359365,-0.6086789721046557,-0.7428740050661488,-0.6212201707571912,-1.0535289629820195,-0.7380850447732379,-0.9311849320627235,-1.0082577889529474
VZGDMQKNWNREIO,-1.5808746316499873,-1.6964744968801735,-1.6880157047944664,-0.9746154785804821,-0.2329798209168886,-0.7921468882512616,-1.0945124611253492,-0.022216827603964304,-0.835391061342961,0.2553810101117236,-0.31201279119733516,-0.5130326322689921
VZJFGSRCJCXDSG,-1.5258329423329622,-1.722312674421232,-2.487625717050296,-1.1854717202213734,-1.269346692314331,-1.0881935677148267,-1.3764640513482922,-1.1289174928769596,-1.5610265226092936,-0.3416271920404976,-1.23892215964097,-1.3663675644818036
VZYCZNZBPPHOFY,-1.3577088516464715,-1.7146178110329782,-1.1897916929170145,-1.2362523384030712,-1.0131799406605317,-0.9507028428550175,-1.0341867299979441,-0.6386237670469803,-1.2185802142324598,-0.9316077925317705,-1.377994095415435,-1.1233029514415205
WAEXFXRVDQXREF,-1.3999785410748196,-1.809587025012847,-0.8881652879350562,-1.299107881546525,-0.5360478808652274,-0.7227443228732644,-1.2133455764771934,-0.6325608572249679,-0.951447881607858,-0.23889211888116202,-0.5579074547186191,-0.9930508006315802
WAOQONBSWFLFPE,-1.4572745350839431,-1.7337632980127329,-0.9796873006745636,-1.182415354169204,-0.7969085418649711,-0.763869780725144,-1.0814848400560346,-0.2929184311393584,-1.1653936767221413,-0.9468952817873251,-1.1307820011109173,-0.9136132954637625
WAZQAZKAZLXFMK,-1.1370173773430678,-1.6753651161487675,-0.6600539052052202,-0.6753815492460641,-0.45076872207465957,-0.8607929154648831,-0.6751432425431252,-0.001261034527830772,-0.7207328373071971,-0.9962992207522201,-0.48891818897459594,-0.7076414130332229
WBPYTXDJUQJLPQ,-0.514558879431563,-1.0310940793895411,-2.7735568102014647,-0.5857045449679588,-0.2514250354143171,-0.5274089500624526,-0.9847238214201841,-0.614933229593006,-0.5131476520751209,-1.0405443231512561,-0.9087854736897077,-0.05767081088335651
WCDWBPCFGJXFJZ,-1.4538967027016831,-1.7584830170509107,-1.1250367346391328,-1.275682184395847,-1.1568366496252602,-0.7589184095631553,-1.1741063473746562,-0.6379531942937487,-1.0939193926423554,-0.8559518959988924,-1.8107847358916165,-1.1298176562126971
WDDPHFBMKLOVOX,-0.9104590385323125,-1.6797830065005281,-0.06274067781430397,-0.6262322017111673,-0.47912560882728344,-0.8410670666865059,-0.8421028995820615,-0.5351503074572621,0.013968040544441021,-1.0486808410531423,-1.3693996746001473,-0.18491368051103962
WDFKMLRRRCGAKS,-1.4196857143119899,-1.5206413793495015,1.8791669499077837,-0.27831827183988994,0.09488241013241648,-0.4071274180712687,-0.582698252127566,0.38084885573759114,-0.2644815080290161,0.03105873604252919,0.840636079995309,0.024961847284177358
WDJUZGPOPHTGOT,0.26210002331123256,0.059437755045327674,-2.443439139849896,-0.26793170579298775,0.19297300468064585,0.18392477050156467,-0.40438217888335914,-0.22914801809418053,-0.5699341329701273,-0.9438900658786142,-0.28684667639619954,0.03554178403096586
WDQPAMHFFCXSNU,-1.1143193208328703,-1.6641086350294263,1.129547046244131,0.016605945152590344,0.3220954818803878,-0.6625852449803563,-0.5267848285812435,0.3362909361612403,-0.15279363820180655,-0.842844147248686,0.805268555908807,0.2728887743985477
WDZCUPBHRAEYDL,-0.9115232860331148,-1.303509253862796,-1.3026987612763035,-0.36881339963622795,-0.39253821096502695,-0.49501155121334606,-0.7134115014417357,0.3018563878490551,-0.11536179587998656,-1.0507419699551357,0.13107497073751712,0.26133973347647105
WDZVGELJXXEGPV,-1.6082751403075617,-1.8577701943153377,0.9901257028933703,-0.7639631561531807,-0.5358012082108962,-0.4500320804331672,-0.9818780504271927,-0.03131179689340648,-0.7763558978079013,-0.19550728967611627,-0.5251903882561788,-0.8027300287024907
WEQAYVWKMWHEJO,-1.106018379199909,-1.4609029844226078,-1.3773402664270957,-1.067522235219197,-0.7018812095343063,-0.6601479637347489,-0.5416791151541944,-0.41322499781828437,-0.6586235444323959,-0.8256459062234298,-0.9438458187029635,-0.722784551800535
WEUCDJCFJHYFRL,-1.3901666515770073,-1.7233840395235578,-0.8892553566205762,-0.9006978134798804,-0.6400374490200469,-0.9045926959572183,-1.05328926489718,-0.12490518794241272,-1.345934939251804,-0.7707447279542828,-0.48985335538339636,-0.8992780702716627
WEXRUCMBJFQVBZ,-1.10365821513601,-1.689609848327176,-2.493551216506166,-1.513164569834397,-1.205243455883389,-0.8329248004975491,-1.2320637922799136,-1.4165306226970782,-1.5464810606182056,-1.017487671544056,-1.7997769127438272,-1.0912025213088963
WFJIVOKAWHGMBH,-1.4540691581327527,-1.814084253209098,-0.5635164018741421,-0.3335570797494994,-0.11669591989601466,-0.4727934697031744,-1.094980559567236,0.3963114373246589,-1.0168864856013125,0.014287662783614308,0.8377577732264374,-0.6777478820123108
WFNAKBGANONZEQ,-1.4287221294940617,-1.7697802850141615,-0.7150901059735397,-0.9261487372663042,-0.6171953458813014,-0.8727911839824696,-1.0966623202899688,-0.10501880546978112,-1.3289719951424557,-0.6862937860151005,-0.42830241074099296,-0.9191557327963615
WFPIAZLQTJBIFN,-1.2500076308360213,-1.269602565392376,0.06947817767598437,-0.8302974236630929,-0.5334093202505021,-0.7086048242388177,-0.8858290699202594,0.32016715154653896,-0.9009435917148578,-0.5684637201247775,-0.13865938856143922,-0.6961839366837886
WFWLQNSHRPWKFK,-1.3182549198195257,-1.6780502195962015,-1.7067016613075832,-1.133989932137098,-1.080114324787306,-0.8965039822618506,-0.8875922989006644,-1.1105875673465668,-1.0448419443842596,-0.9408662754071929,-1.9815336566061077,-0.8629192387221687
WGQKYBSKWIADBV,-1.5662986467785953,-1.9540164970879612,-0.19475113085340742,-1.1110442732957622,-0.2070036452486071,-0.9749120092231053,-1.1822211689015012,-0.7759677695881267,-0.873029667641466,-0.5165819372924841,-0.5464992743454711,-0.9480622312732674
WGZDBVOTUVNQFP,-1.4035441145385266,-1.794912173919038,0.2738310745413894,-0.811709918008528,-0.586022891321892,-0.8264791204064083,-0.7385796446873605,-0.5655655959736585,-0.7224446174611792,-0.8058995284101348,-0.8316668210164189,-0.8466287011985516
WHBHBVVOGNECLV,1.7191310952253274,1.8779042186929173,-2.4427047346409436,-1.1353546140659085,0.6013305134317417,0.3334379337514428,-1.2053577174745806,-0.43491282121694846,-1.4931180054381559,-0.9914365478603178,-1.4413445807391487,-0.9631950834830214
WHQCHUCQKNIQEC,-1.0638332065545384,-1.2621396561164457,0.33369594562480553,-0.5990514753824667,0.061733422536083854,-0.23270719091064906,0.5547407175918957,1.1142343610963945,0.05380051989912182,-0.6590013112854968,1.8279770893908718,0.078660121103709
WHTVZRBIWZFKQO,-1.4708292714020235,-1.5960088281328362,0.3883949495245737,-0.5215501404507012,-0.596281160899325,-0.8080185605302429,-0.8699143550848225,-0.25761895884323555,-1.1600146972272285,-0.8376624947497316,-0.29157765875593084,-0.7134501431291066
WIGIZIANZCJQQY,-1.2332317361479772,-1.720224539157704,-2.1356172231474293,-1.3858148615635892,-0.9791538796414265,-0.8904318692574464,-1.0029550572520742,-0.9523784578332471,-1.4693914307904028,-1.0402503850524407,-1.6013022490526938,-1.2094575699505385
WIIZWVCIJKGZOK,-1.4300042871671175,-1.7649620170112459,-0.452349632390758,-1.1616533420920705,-0.5638228121831451,-0.5664926063350757,-1.0844777846728921,-0.1873847965593386,-0.7649349428948653,-0.7796727165565759,-0.22053677338852337,-0.8500907322647657
WIKYUJGCLQQFNW,-1.3755020813075736,-1.6625038584179037,0.07036422146313037,-1.0820905529207292,-0.8190013548997719,-0.8835335837263159,-0.940228448745959,-0.05969591754539707,-1.1822742912278819,-0.8427117905802715,-0.5808097967326231,-0.8229343709090036
WJAJPNHVVFWKKL,-1.409230104390635,-1.8370483169800205,-0.22156442381562422,-0.9309098182726506,-0.503278446735653,-0.9009509008927632,-1.0639263517435196,-0.6313701813102143,-0.9106303357277272,-0.8446750122399773,-0.6651354549174463,-0.723694558556083
WJCNZQLZVWNLKY,-0.5941860099648865,-1.534308333101942,1.9254160877547517,-0.7455257550152167,0.3947314981805734,-0.8755479334398621,-0.43688055400356396,-0.058156551948729006,0.5351349000327317,-0.47413165711818583,-0.3707204210499724,-0.25861084198141576
WJFKNYWRSNBZNX,-1.4098520658654672,-1.7389818017493397,1.3708084804284046,-0.8867268580633889,0.1802295475217644,-0.9126996439993211,-0.8748300661904114,-0.10446364728515967,-0.32499707658580235,-0.44195067047730485,0.25092235996817686,-0.34566328143994535
WJJYZXPHLSLMGE,-1.3228770018053542,-1.3202124707215996,-0.0036312362746356236,-0.8307823074159281,-0.16675042207839055,-0.7387301892792725,-0.66167966950632,0.3933494738738462,-0.5553966252866457,-0.47825037410592025,0.34859078866145976,-0.4962793112205658
WJOHZNCJWYWUJD,1.5856626406529954,-0.1784643367015032,-2.2982886710302513,-0.7533678985576459,0.3291480256037092,-0.14603535481948343,-0.8387373826755516,-0.4354016206982273,-1.075518857331737,-1.0918414703962842,-0.5168421495908362,-0.5134693561967265
WKGXYQFOCVYPAC,-1.4287669122297615,-1.7837808853209833,-1.0788434196166083,-1.041786432087732,-0.41535590736814154,-0.40396390521597314,-1.0277966237357372,-0.8699902840434491,-1.027929627477012,-0.7474773808921356,-1.0560915058684597,-0.8030151601280746
WKSAUQYGYAYLPV,-1.2902729716894048,-1.8030162236468077,0.7640011919504203,-0.2360541752305457,-0.12050836954775428,-0.7570025903023527,-0.719598025921213,0.18005728927948092,-0.8281555722606972,-0.843898645469491,-0.27988374418590783,-0.16905054975280578
WMBWREPUVVBILR,-0.9866812943695347,-1.4536277552487369,-0.817887565056162,-1.1055174834832973,-0.2408582347336109,-0.44489407937804926,-0.5880021715071224,-0.006382596968097586,-0.2320666915797653,-0.6875285480083193,-0.17510808536788453,-0.14249444050108437
WMPXPUYPYQKQCX,-1.499146080967503,-1.9009939109341933,-0.6669195150789783,-1.373104321295333,-0.9600032105308625,-0.971688918597541,-1.1804026602670799,-0.7888657957408912,-1.2016672780428441,-1.1503543083894032,-1.3985587613059831,-1.250818807620305
WMWTYOKRWGGJOA,1.5790229356318433,0.9513605467064561,-1.5458395333112163,-0.6017919303199726,0.2559507121756579,-0.23221462772061552,-0.9461107755995448,-0.04061270975447523,-1.0750035615531168,-0.9892812649560525,0.23692051793113025,-0.6256925245792572
WNIDXAKKFOKNEF,-1.527917683783905,-1.8085349114778717,-1.2783431089995605,-1.5130936003900979,-0.9084483633465877,-0.7151914375743412,-1.0154108243841953,-1.0613852256478524,-1.1581996296767056,-1.0149351281715626,-1.4569332906177255,-0.9221499358790746
WNMJYKCGWZFFKR,-1.1511273161316382,-1.607136498506764,-0.44372636936351795,-1.0417553039522847,-0.6894325792758104,-0.7909120453802096,-0.9260887827373243,-0.5418777945943093,-0.5523850582276806,-1.065786136645363,-1.6308975256148892,-0.5672417347153725
WOXKDUGGOYFFRN,-0.8638590191560005,-1.4772894442880966,-0.36615354969975156,-1.0679145658365927,-0.6104951115530325,-0.4714230663731521,-0.7646754603478355,-0.27099291140604653,-0.7222580606002322,-1.0277506140873678,-0.6517446982478872,-0.03516390862323092
WPNJAUFVNXKLIM,-1.4431379912084772,-1.8107291208063585,-1.003912667882346,-1.33364783536829,-1.1225067660300463,-1.0716978331564209,-1.271379003233809,-1.0130789117369923,-1.3279342000198016,-1.1260069172378335,-1.8828831290916026,-1.1243408181776806
WPSYTTKBGAZSCX,-1.5598796078387958,-1.731741210317087,-1.2590355309895669,-0.23394677609109008,-0.6681065040090424,-0.8502240378328318,-1.0443798769970591,-0.22454703321047556,-1.3080696762687996,-0.09083625496602508,-0.02735146582722984,-0.7642438048163894
WPVVMKYQOMJPIN,-1.3897563170003877,-1.641293227287779,-0.581037652852766,-0.7976592554442756,-0.5076210859274395,-0.9616221208952003,-0.9682155741334704,-0.5026736494766105,-0.7369962163895853,-0.7717045919952561,-1.2520700958118844,-0.8011738018163568
WREGKURFCTUGRC,-1.2948930762118067,-1.7653452131955019,-1.442522794853328,-1.1920103021815813,-0.7526531752585572,-0.8890796836845696,-1.0742093858466477,-0.9046161174635587,-0.41649192411245434,-0.9739316538706819,-1.7020620197752436,-0.5605669236496998
WRJPSSPFHGNBMG,-1.2648821424295231,-1.5463547365097268,-2.699007993366464,-1.5473432701256997,-0.8926159353401635,-0.6628692172603246,-1.3667836765810457,-1.3986774150636705,-1.1495024034421453,-0.9679181322383386,-2.3254367180737234,-1.2037604860578157
WSEQXVZVJXJVFP,-1.227628377781941,-1.5661158517290958,-0.7083822645614328,-0.25483255780261876,-0.299040938791046,-0.555556124252686,-0.917368134649969,-0.2931162496009262,-1.1495101960504728,-0.8128737528288998,0.2607499528673836,-0.5472446387067398
WSPOMRSOLSGNFJ,-1.1973683898864107,-1.2744066603266944,0.9107418764132473,-0.5188305559755982,-0.28548525808503966,-0.541847319989843,-0.7509811761117405,0.68282469949733,-0.8343710162146787,-0.380966028646696,0.874780466838338,-0.18134294010243418
WSSJONWNBBTCMG,-1.2347762025855609,-1.6373456373398718,-0.9036369853220962,-0.6465644457051108,0.30518994930988647,-0.20121249775114372,-0.6074590886826956,-0.629723293137548,-0.6761397161117227,-0.6485909146712201,-0.4150950191449891,-0.7521244662636255
WUBBRNOQWQTFEX,-1.547215723416985,-1.8634549722807874,0.04895505579969488,-1.2516788933291911,-0.3973802231511662,-0.7829550350184457,-1.1241614077329265,-0.024881415034283982,-0.8095071070858124,-0.6205962451864782,-0.7151939077171405,-0.8019597556120761
WUKZPHOXUVCQOR,-1.2224508301885506,-1.5048417180398497,-1.3551045269830122,-1.2258692655592232,-0.8123838400649133,-0.752044827946349,-1.068051905374574,-0.5901934847644573,-1.1514982573763741,-1.1104118420086355,-1.3445625582134166,-0.26620884411521917
WUWFMDMBOJLQIV,-0.962774543974166,0.2304325986311537,-0.8673324653656693,0.6324295250390365,-0.4306029928183463,-0.6695916015767125,0.8947061521841516,0.38144853938537865,-0.7754902089175736,-1.076547489830494,-1.1510565146591167,0.10147167577954509
WVVSZNPYNCNODU,-0.8491774301135084,-1.1981942635475744,-0.5681326423029986,-0.9729726332812874,-0.583385003054385,-0.5804355590553888,-1.1059460719265686,-0.18405309267206515,-1.0734076807891773,-0.9703131334970587,-1.3614742788462906,-0.43047266028089504
WWJZWCUNLNYYAU,-1.3054549850836918,-1.764904417625139,0.24836493478910132,-0.20021287065181959,-0.006281863079284643,-0.8964310589735762,-0.7413160689553445,0.21536048641829,-1.0336415037068576,-0.741940673017471,0.1299123305369896,-0.7486257975094229
WWSWYXNVCBLWNZ,-1.0267491605276124,-1.3790163506346176,-2.0420058827433327,-1.0662977534372893,-0.311694069045889,-0.4637091944985085,-0.678513153782984,-0.315315170484845,-0.9298081576726693,-0.8980753166599617,-0.5170772875867361,-0.8568232906469142
WWXBHTZSYYGCSG,-1.2157409863907245,-1.5699501885779807,-0.32986797536340384,-1.3835627304548237,-0.5223473072225556,-0.8238145664635043,-1.0425475025604718,-0.7301662124297856,-0.9814606701381743,-0.6683579454220406,-0.6175786997233348,-0.8556474647937058
WXFIGDLSSYIKKV,-1.49356080482557,-1.8544424278569287,-0.47334781078403854,-1.1746613944716742,-0.21876453242611454,-0.8753895971223038,-1.1748686496281722,-0.6507636012160446,-0.7540194857856221,-0.734943603422624,-0.4847031663553163,-0.7368729486201016
WXNXCEHXYPACJF,-1.474373718354497,-1.7897377882213807,-2.425113252098469,-1.4430856775615,-1.000773635713271,-0.9598198944580408,-0.8537143795885617,-1.4157749173888337,-1.50819060667738,-0.9943619297216434,-2.2490277218023973,-1.0112860163070958
WXNZTHHGJRFXKQ,-1.5882274094770654,-1.8888753060952583,0.2524506060046495,-0.8554531364412707,0.5184692789559292,-0.6301987264418054,-1.039970203550491,-0.23959586021259396,-0.8527593489723617,0.018205319761345144,0.2358605648681204,-0.6632588250393943
WXURHACBFYSXBI,1.6949349541701237,1.4391684938863185,-1.8527074809745157,-0.6757915644577054,0.2644602028479022,-0.34021137417234054,-1.1198770478856694,-0.75098030624223,-1.1831005715329102,-1.0722822754944916,-1.033135429248744,-0.7812969986809635
WYDUSKDSKCASEF,-1.2267878318506755,-1.6002511819674667,-1.9483330851695233,-1.1933776114247745,-0.3229120482926853,-0.8165055394734874,-1.2205432842146011,-0.7848840881662198,-1.2593992752677967,-0.7807548815724691,-0.9238792122020678,-1.1689413823987456
WYJAPUKIYAZSEM,-0.8983171332817832,-1.00327191128352,-0.8493739783141636,-0.9607211541772797,-0.36763032582996347,-0.569798919234616,-0.7385876396601033,-0.0188702880696028,-0.9466040451693516,-0.7937317725720581,-0.6690119171782823,-0.5054246741252151
WYWIFABBXFUGLM,-1.481256741643208,-1.8154212106737204,-0.9980260315714803,-1.1205916762431172,-0.44514533331197514,-0.7574956678810919,-1.176320204718397,-0.467047592570592,-1.2526866472620652,-0.8717097375761315,-0.864725785365023,-0.9596278665703415
WYZDXEKUWRCKOB,0.6175382844736893,0.23178981070483326,-2.546777756585738,-1.3225395679785097,0.7464434234332895,0.26314936679274714,-1.1238996697871948,-0.7654008547294074,-1.583901739345604,-0.7743244878237685,-1.3501532105838976,-1.1375845445980188
WZHJKEUHNJHDLS,-1.0319508709638125,-1.3980755285552966,-0.6223035730395495,-0.9570368116418383,-0.4351398611638607,-0.6517378807230363,-0.9518497260804593,-0.44111328904144487,-1.3249862233820018,-0.9536144803273352,-1.2744911242907955,-0.7847951573634705
WZOZEZRFJCJXNZ,-1.1638265451828034,-1.5443420352032005,-1.613124254093293,-1.2401598844302104,-0.4899921291751139,-0.7201628222867364,-0.776309938593963,0.21179977475122314,-0.9176366014977648,-1.0684311901230346,-1.5255449887846737,-0.4215270994173899
XAGMUUZPGZWTRP,-0.9398702621786469,-0.6910440211035269,-0.6844136779928258,-0.6990782585063043,-0.564862699540624,-0.490478451500838,0.1599252772778369,-0.010005952621418901,-0.7507357390376452,-1.0691294316201716,-0.6250254405886985,0.06875784346504152
XAUDJQYHKZQPEU,-1.228433855496658,-1.748720501469515,-1.6471172748795717,-1.0657783592291978,-0.9178357028828893,-0.8425174643982116,-1.1425968784596814,-1.2021181185056127,-0.8136616607287055,-0.9535187050755458,-1.8241387945683734,-0.5960638778532443
XBHBWNFJWIASRO,-0.9408529200152849,-0.611515459722688,-0.6324442762648824,-0.3667559990905156,-0.45968219082542594,-0.5710604693577426,-0.05863795722568937,-0.086250954430151,-0.7740648026123301,-1.0464009882716416,-1.1035590981695937,-0.21809375109502666
XCTYLCDETUVOIP,-1.327377550115647,-1.664969377255603,-0.2419957845291182,-1.1197508936877796,-0.8140093806623419,-0.923016132234844,-0.9175516041473984,-0.08666169839605907,-1.0364040283830112,-0.8333729583960101,-0.629041908829627,-0.8444575024129704
XDRYMKDFEDOLFX,-1.4859048259810956,-1.8785013076142845,0.029442147730505783,-0.7175510754980472,-0.1501388963112136,-0.8966498775781635,-0.8021910013447626,-0.24195748344775697,-0.24141347819058345,-0.204816451621216,-0.4049856011631008,-0.6139419606202711
XEAQIWGXBXCYFX,-1.1359425758374238,-1.541713365524062,-0.46850452901130607,-0.8534814628784421,0.05715017635428754,-0.5312221157311567,-0.8216569596457445,-0.09350132119779121,-0.23802526394758933,-0.7262628301723076,-0.43695758557059966,-0.5680537188355601
XEDWWPGWIXPVRQ,-1.1990336350628732,-1.466159703956715,-0.12927594247283059,-1.223088623042785,-0.2531755629102069,-0.34599133672716786,-0.7119751515145376,0.29907233102574154,-0.5386604093299336,-0.4197941108891753,0.10743755672861299,-0.30865274821792826
XEEQGYMUWCZPDN,-1.2747168819087304,-1.4958386759796536,-0.05601384292948853,0.1412588887444489,-0.22979455007848906,-0.720797553989515,-0.46473142517679206,-0.18714832833232642,-0.9976335731194794,-0.9514042565286327,0.14851526501434242,-0.42477869245432576
XEFQLINVKFYRCS,-1.4896668305916738,-1.8172725165191226,1.2345248547103909,-0.5869321700083686,0.47087561186467464,-0.45781423158847256,-0.5739399335171946,0.667187060859025,-0.7819115365736158,-0.5158727271640924,0.8491507407595318,-0.5867783558705044
XEYBRNLFEZDVAW,-0.7621398316397655,-1.2103308953334908,-2.841238570856704,-1.2254136736228884,-0.6256622632369717,-0.4499129067622634,-0.5692000141177002,-0.5842301382752001,-1.2363863882224293,-0.4772086662010728,-0.7168282004307088,-1.0595964638661206
XFCLJVABOIYOMF,-1.18084153027161,-1.4756999430452205,0.14147519257117572,-0.5329774567386694,0.04958459672727336,-0.5042256016474156,-0.6662654620474231,0.5581894086964783,-0.25305282215422364,-0.16117950990361363,0.902828213592717,-0.31561991477333395
XFDJYSQDBULQSI,-1.0236014296589095,-1.5636446843035237,-1.823070931424906,-1.1825526603244603,-0.5534062697348067,-0.808416677434645,-1.0850239858857524,-0.498528507793211,-1.0628487363372838,-0.8428011566355129,-1.2340605328128076,-0.8496753340015901
XFOHWECQTFIEIX,-1.4138200045545302,-1.7930491147533316,1.5208982701379272,-0.7450360581542694,0.04160991995986379,-0.3322205463615463,-0.9581888198011137,0.25564133094637165,-0.7445462226816608,-0.4165577323687461,1.6138794137312555,-0.6937392919747345
XFYDIVBRZNQMJC,-1.4139822816047805,-1.7958001106568413,0.5875368941462116,-1.0687946591644786,-0.759445005149703,-0.9699866159325432,-1.0403295314577228,-0.04110022162697219,-0.8358482294297733,-0.6728369930515153,-0.9831791362205176,-0.6311683610249575
XGALLCVXEZPNRQ,-1.1910541816212823,-1.5918211386042227,0.6719580899421624,-0.7857839880744685,-0.7312601324046218,-0.748041474545988,-0.8289600353717188,-0.19336077046934852,-0.5336624103131605,-1.0524979882832555,-0.8366427990648366,-0.7775032984218676
XGLHZTBDUXXHOM,-1.5552459921610127,-1.7851216982185432,1.0561232246042913,0.982984643191095,-0.45538102217047066,-0.8003200791174192,-0.8927930969246142,0.6228924578200054,-0.7119658139967604,-0.6331127045147584,-0.3642565610195364,-0.6130701326142013
XHCADAYNFIFUHF,-0.9915231031062836,-1.5720793503664883,-1.501823567074258,-1.2175049249977161,-0.2965055685807669,-0.6096137756406536,-0.6526114573920604,-0.3983788479570692,-0.5379810941141385,-0.869670727882211,-0.8960286046833826,-0.2155865194378827
XILVEPYQJIOVNB,-1.3722985939914973,-1.657688980985516,-0.04129993654459625,-0.7324789479326955,-0.1868777062609231,-0.7013119137268421,-0.7813279254729953,-0.3545262100112416,-0.8477406743463335,-0.7566715964187609,-0.47144904088115813,-0.9555639102972924
XIQVNETUBQGFHX,-1.0302442970540955,-1.413446225877424,-1.7797178957894233,-0.9823214870600756,-0.25097949443918766,-0.7295987240832564,-1.1172855865939306,-0.850630608538545,-1.2734210824033536,-0.8938132530755436,-0.6334373547006015,-1.1288499245367913
XIURVHNZVLADCM,-1.1794710088132387,-1.5386917949252281,-1.8766127383510225,-1.3851261895320712,-0.6544326455608108,-0.6853139241251756,-0.832730133564275,-0.18820459588165436,-0.8355196621709333,-1.0719865782168414,-1.8625853338272733,-0.5383146251351769
XJGVXQDUIWGIRW,-1.45774858165366,-1.8040839989115027,-0.035966951268546564,-0.9607851868276323,-0.6266576119284307,-0.9520737660157941,-0.9292655571992424,0.10900348791309102,-0.7517897191894777,-0.9751315837846175,-0.37245325019355746,-0.7283980500785165
XKFPYPQQHFEXRZ,-1.5629019253601593,-1.9242410807003008,0.5143263605579244,-1.1932803967680519,-0.4658819192058809,-1.0028122961130133,-1.0228223382911918,-0.5608731063139796,-0.6416002052984698,-0.7260989088590096,-0.8191193512756815,-1.0714100429552535
XKLMZUWKNUAPSZ,-1.3984795080055787,-1.812567112904671,-1.0795361063148736,-1.4437635748607223,-0.7768804328898837,-0.9524642297735644,-1.1129990401734629,-0.7915588715758031,-1.099534289662407,-1.0543854964209194,-1.6482706221041412,-0.9832727805287178
XLMALTXPSGQGBX,-1.1356030794190963,-1.6376312360943204,-1.3473959661130643,-0.6078579193018752,-0.19146898051006184,-0.7679772487511156,-0.977928360567069,-0.5862732601872075,-1.2480063733638158,-0.920144301547898,-0.3672138644413109,-0.9037055030847132
XMAYWYJOQHXEEK,-1.2445128684583384,-1.7111924516643404,-0.5695679204543368,-0.18123993313767497,-0.4564960622951933,-0.7300144475994537,-0.42028625063798,0.12424454343617522,-0.7908591486977743,-0.9919641428478263,-0.8797980749760832,-0.5855349182754438
XMVJITFPVVRMHC,-1.2167452395207392,-1.5576586613885641,-0.10532229379179964,-1.2069557150916914,-0.439525171537706,-0.6446546201291052,-1.061022642978351,-0.08584819849707925,-0.8108023998197087,-0.6102489725917768,0.28934299677831843,-0.7977767928493275
XMXHEBAFVSFQEX,-1.064330073700597,-1.5677779527522366,-0.5778092129872755,-0.5259507788950111,-0.6730503512976216,-0.7352817207457992,-0.6154259128884085,0.0908393773188809,-0.7663988856098225,-0.9225536922911665,-0.9266809642696643,-0.7349232434843851
XNKLLVCARDGLGL,-1.1806325965138444,-1.77175453859951,-1.5839336856625605,-1.3563787654641566,-0.9551628608553946,-0.8089123571387379,-1.127657392588767,-1.1829188365084984,-0.9122994673365424,-0.9704919839759918,-2.1424230512482,-0.7277050479123836
XNMYNYSCEJBRPZ,-1.3753608822408157,-1.7212052572021173,0.1833903060620677,-0.6311768309406088,-0.4794557029877702,-0.7997836757688188,-0.6767404906450322,-0.21106275693591522,-0.7910953056303123,-0.6291823897570955,-0.2564483621199733,-0.5210485694841174
XOFYZVNMUHMLCC,1.6938104783379435,1.7626488976644619,-2.281300524091817,-1.0833444367770422,0.36856521784389124,0.08549502964629029,-1.1488359231433614,-0.4609058215277119,-1.2097118082899652,-1.031354124696656,-1.2949419999829346,-0.848230245789959
XOXHILFPRYWFOD,-1.537090121611401,-1.8788598274566881,-0.6406730197849524,-1.236968478662569,-0.9042571908871327,-1.0456869032186447,-1.1550000835323035,-0.5297536614259674,-1.0851899969670677,-0.9160404879794736,-1.1175523350861947,-1.2174287614335702
XOZLRRYPUKAKMU,-1.228906871692138,-1.8819997116454619,-0.38537450256367634,-1.061252136390947,-0.46007959086435746,-1.0039855739677381,-1.2040068549482408,-0.6476799937975997,-0.9771774223527057,-0.9403710249999813,-1.1164391997932661,-0.870070181801108
XPCFTKFZXHTYIP,-1.2948308028096447,-1.7290149773243593,-1.631906239999373,-1.2137925230888014,-0.48570139812537627,-0.721523232787594,-0.8919905547957643,-0.7337785042910585,-1.1283186498662257,-1.0641763546986813,-1.0556161512318534,-0.5808091045923012
XPCTZQVDEJYUGT,-1.3877177437008974,-1.7784557650265032,-0.7926622599988786,-1.336861510991617,-0.4453223574851115,-0.748257669609265,-1.0434477227910504,-0.6199425994140764,-0.6143302700308338,-0.6138216281556581,-0.9245985850416356,-0.7026914768549579
XPOQHMRABVBWPR,-1.2105023163356468,-1.5393652290919968,-0.13223651629777722,-0.5116205126741268,-0.051884723187585274,-0.5934295160713696,-0.6806421401066078,0.08515225316917813,-0.9774139508749984,-0.8214206032284987,-0.245439338626733,-0.015894456243957283
XQFRJNBWHJMXHO,-1.0719084123793974,-1.619136525240266,-1.933630447540861,-1.126929976957106,-0.8468940135990637,-0.7342312523876038,-1.1004667625761484,-0.7954801698957763,-1.0691630993546144,-0.8961828203369677,-1.8117785055042135,-0.6212471509197605
XQYZDYMELSJDRZ,-1.2038713090628275,-1.7244626039815696,0.9268029408357124,-0.5931934952360369,-0.30847794612399776,-0.645058745395731,-0.46928034913887484,0.19029589126788254,-0.6635540378069215,-0.7269054748488503,-0.1942084669403188,-0.18860532837016258
XQZXYNRDCRIARQ,-1.3661920110258965,-1.7398454101841845,-0.9591839466161847,-1.1696001621963985,-0.8480737877799658,-0.7399089270616784,-1.0227364402143482,-0.7905212062832252,-0.7874329428984146,-1.0131473810729494,-1.0527318364634546,-0.5607645559962541
XRECTZIEBJDKEO,-1.56011335969325,-1.8697961929883213,-1.0606206534186304,-1.173964934614666,-1.1071495357886072,-0.9715592472967434,-1.2264312347484596,-1.1473200400319588,-1.169907732146382,-0.8772413509583116,-1.707050071704663,-0.9174896452762134
XRXDAJYKGWNHTQ,-1.3594003576498617,-1.6652798716085453,0.5901217232233975,-0.93397421299925,-0.24795829026462182,-0.8798210154597269,-1.0359835625320937,-0.35513110289946925,-0.2898309700721349,-0.7992762690577591,-0.9544616417108649,-0.5888768325307449
XSBSKEQEUFOSDD,-1.4601207043533753,-1.6865471383734862,-2.740469949936501,-1.5405934967887733,-1.327923832888076,-1.134293055201247,-1.5467727082143687,-1.233873551662495,-1.5804712041082833,-0.6789746261833279,-2.229267232431816,-1.4890513395796001
XSCGXQMFQXDFCW,-1.3503147533426816,-1.6276348056845442,0.2863261949538025,-0.6659589004706356,-0.6229305028044142,-0.872104108707387,-0.6716996699310342,0.008565316668637067,-0.9446667535440203,-0.8074208243268273,-0.045053231324166096,-0.5110959955653916
XSDQTOBWRPYKKA,-1.5013674348940296,-1.8587899817166027,-0.6587066033909416,-1.2192198968633081,-1.0129635528594303,-0.9163279736202915,-1.0347358274256526,-0.728448710159435,-0.9626255523693958,-0.9228895979556893,-1.5914302122368182,-0.6542509729614838
XSFJVAJPIHIPKU,1.6278671830921487,-0.07143591674285207,-2.365812409260396,-0.606826447901395,0.449862869826265,0.009128273657142114,-0.881511556005065,-0.32596072691992317,-1.3681435823297179,-1.0872807605244803,-1.0981453825537286,-0.5318638834991216
XSTXAVWGXDQKEL,-1.5262684104245852,-1.652776496678954,-1.4481081435526693,-0.8056875678935495,-0.5479874727847294,-0.7084100680880507,-1.085814733300997,-0.1439680258053336,-0.6963788676878185,0.48474164264575037,-0.3222541562405236,-0.42359417517880943
XSVMFMHYUFZWBK,-1.4859595978872269,-1.7790197459709323,-0.8005915868999992,-0.7969927218299803,-0.5767042904982957,-0.9315248688610583,-0.8927072568589285,-0.5612620075630114,-0.980294700017394,-0.8747614123974469,-0.8250606496815653,-0.7618062490682638
XTKDAFGWCDAMPY,-1.374104760560886,-1.6220295766612152,-0.8484747435109155,-0.7051842508959398,-0.5574199926594267,-0.8168150618380258,-1.0848433962910216,-0.12187629300836458,-0.7794695837784513,-0.8186951637037871,-1.2803451749576023,-0.9752021221807837
XUBOMFCQGDBHNK,-0.9792534012059524,-0.7745924600491212,-1.3369648210873164,-0.783051716984225,-0.6407007697778982,-0.5871261175490133,-0.37252587300821227,-0.22395167453158385,-1.0976824315704905,-1.0764538755734268,-1.1123241053791508,-0.21421557669221156
XUFQPHANEAPEMJ,-1.3320101671760436,-1.8021415181794291,-1.2881163145666088,-1.456015245431625,-0.8907913057568515,-0.8745636708447846,-0.9606956938098254,-0.4081362967091495,-0.8155456857433678,-0.5250483856422833,-1.5011532332433448,-1.0686992673077853
XUFXOAAUWZOOIT,-1.0321674625016197,-1.411832480969001,-2.501778246605413,-1.1553386107657726,-0.4086053380315132,-0.6814861824157095,-1.1143322444271226,-0.8195828012760913,-0.59928633805153,-0.9046041028815887,-1.7204426597941758,-0.43967859075232074
XUIIKFGFIJCVMT,-1.3274287309133541,-1.6141927910811267,-0.7082766229784436,-0.9824266408799311,-0.19033021161723823,-0.46653608421417786,-0.34024701333056984,0.4624416364681364,-0.6243471712078018,-0.7839501776696918,0.23033607202794143,-0.5800688426188493
XUKUURHRXDUEBC,-0.9606908287130069,-1.654850371613351,-0.9509430539392216,-0.10962972613249039,-0.10025222162010111,-0.6318975212737156,-0.6205746731356662,0.19852292037401167,-1.1267191380685433,-1.0383576055718393,0.7022584610832253,-0.6068238444078013
XULIXFLCVXWHRF,-1.4750962160024121,-1.7161726989435464,-2.356166508483411,-1.3105131298034367,-1.1492403451961903,-1.0329828552742208,-1.4203486216391887,-1.425657284903057,-1.5530272278989512,-0.6802470598590121,-1.7004577795007296,-1.3537908483840406
XVTVPGKWYHWYAD,-1.290050798251906,-1.8639230414201133,-0.054188220950796596,-0.8003899780480181,-0.5598017630821659,-0.8648898202903544,-1.1343473758546154,-0.6915797630212245,-0.7578527223759515,-0.7819481754077994,-1.2640911610028316,-0.6171386431166801
XWTYSIMOBUGWOL,-1.5009072198509623,-1.8304132433898597,-1.0575008698308743,-1.3636982050463458,-0.5378793793679739,-0.8771151899585325,-1.2320124064873632,-0.8534528448012293,-1.1019376785862252,-0.7293649387714184,-0.8649232402198218,-0.9104788011247874
XWVOEFLBOSSYGM,-1.3875014702630513,-1.7456569744838042,-1.3140204931045647,-1.1854684240842297,-0.9151078034994893,-0.8661245117207701,-1.170417189001354,-1.1290860744218134,-0.9347178199792457,-0.9395997038640234,-1.9445189893293244,-0.9077509088565874
XWXYUMMDTVBTOU,-1.2877856237957208,-1.7327412126711346,-0.7776970436945723,-1.0380853886192751,-0.7975579503543955,-0.8459250529841688,-0.6793081839287233,-0.24840482910250627,-1.0867493536211132,-0.9171946865482383,-0.16851401357194368,-0.7359470948820777
XXANNZJIZQTCBP,-1.1959274644557274,-1.7056057422701714,-0.3129410841758379,-1.2803650170385656,-1.184912536780124,-0.8385498131003735,-1.2850381965988251,-0.9698067565897145,-1.1256368641522831,-0.8073598951108557,-1.1730429975746155,-0.9975661100998661
XXEPPPIWZFICOJ,-1.4614990144577715,-1.8001182337687396,-0.9027223303784614,-1.0314447378315634,-0.48485921455013714,-0.9430334304643542,-1.2000730209387798,-0.7900853402541759,-1.0362962587231133,-0.7714735810721658,-0.9988809902683989,-1.0579290533536265
XXPANQJNYNUNES,-1.2246352611846099,-1.6822251694169528,0.13852024276749264,-0.9934407197588646,-0.42446737120676215,-0.8053212557446408,-1.0572727557449924,-0.43154532877940494,-0.9613318979645379,-0.7122405387726959,-0.3175907941855484,-0.41755451849976144
XXSMGPRMXLTPCZ,-1.421238771041562,-1.57663670470899,0.13861313270338033,-0.5321922318850942,-0.6647810162366686,-0.8161547252646202,-1.0385066416161945,-0.4350990191177155,-1.1304729543552208,-0.9164246138855014,-0.7568868989570751,-0.7741808971132403
XYLJNLCSTIOKRM,-1.4068352109806823,-1.8114177790272037,0.5677227094072467,-0.904272425865897,-0.7961089317613403,-0.9964731863168089,-0.9050290651884396,-0.3076428199213242,-0.7771136828949952,-0.7121817897628911,-0.9698830028023959,-0.2445111187018035
XZNUGFQTQHRASN,-1.2438782039247054,-1.5742376993064784,-2.480595976586595,-1.306580322463316,-0.5092886220144345,-0.8011632486170374,-1.1557292032418482,-0.9818290832938036,-0.6816400730650236,-1.0160676030146925,-1.84970893272218,-0.4064334268245789
XZTYGFHCIAKPGJ,-1.4147024463576658,-1.731860038716623,-0.7973008062249449,-1.0398453022077443,-0.600267363040204,-0.8129344705058129,-0.9425956417561027,-0.9602754350021268,-1.1113478813964088,-0.9054986949513767,-1.23290363804631,-1.0288179777438322
XZWYZXLIPXDOLR,-1.5469167633147076,-1.7574283861112339,-1.4778371821403111,-1.3835239593805302,-1.0435578525653282,-0.9676854004519415,-1.250754923690681,-1.2358621352850199,-1.2672928305626432,-0.7410153781251252,-1.5468201347023924,-0.5434010039072302
YAORIDZYZDUZCM,-1.4402956904762931,-1.7981197858519984,-0.3765421557055059,-1.2357343209738594,-0.3540142200354622,-0.8622213478975308,-1.173390358279186,-0.5745751284472098,-0.5213400318678285,-0.8995651212066766,-1.237772482189796,-0.8278003008027562
YAPQBXQYLJRXSA,-1.3635362830048947,-1.7906319163038353,-0.7884501630660019,-1.2129855682805681,-1.1818714340684284,-0.9751413462642133,-1.1606377266832681,-1.0604337386406053,-0.9527145364711481,-1.0482653328142986,-1.9574416977100644,-0.8537348546502582
YBBLVLTVTVSKRW,-1.5150694832105909,-1.827577990068821,-0.11135939610013451,0.08289996568575039,-0.7034970414098846,-0.8527541560936955,-1.2057907328072845,-0.7311159544055281,-1.2661817146156544,-0.8342411802916408,-0.7667037896218136,-1.1139969326709576
YBCNXCRZPWQOBR,-0.9902467097333518,-1.393945848267902,-2.095264866489898,-1.1129284732879576,-0.4083989562124395,-0.8226873898143687,-0.6164845679350323,-0.6431545506881724,-1.060916762520502,-1.0126703803427644,-1.4003493040471569,-0.7813637774551057
YBJHBAHKTGYVGT,-1.3176663785842888,-1.644898391536112,-2.600048191586441,-1.7020931999772535,-1.129778599285698,-0.6388488614056917,-0.7780456572072372,-0.8022282516263985,-1.4410073361754727,-1.008249853761567,-2.0316684262058375,-1.0825207722531662
YCOYDOIWSSHVCK,-1.3829030122221477,-1.789242095843887,1.395520240808431,-0.11453321569438499,-0.14064414693580488,-0.7419281133636021,-0.7247488887148926,0.24078738091466564,-0.25129211748959085,-0.318361001901451,0.9415121806603168,-0.4845731036833465
YCWSUKQGVSGXJO,-1.3987963857480001,-1.7922154180419443,0.864141402158942,-1.2859104976923046,-0.35392666080033497,-0.19120392326788482,-0.8359652519936146,0.6934267869980955,0.34579566474783574,-0.015725482738211165,0.7040068161899499,-0.6565110821648856
YDDXVAXDYKBWDX,-1.222124003127192,-1.790592175135118,-0.6877997188157541,-1.2626937514057701,-0.9758372982957444,-0.900158957216771,-1.0479171289291984,-0.3180431732328613,-0.9601015930824834,-0.7536942718190062,-1.324571485696194,-0.6639415808985079
YECBIJXISLIIDS,-1.483782704301998,-1.8803496380494997,0.1582240053326576,-0.8394360753983031,-0.46751784825098774,-0.9616782710659919,-1.1212517537655213,-0.5027337774068865,-0.41462485996998044,-0.7765370279329152,-0.689337762201346,-0.9343378924857488
YEEZWCHGZNKEEK,-1.2248540538470818,-1.7013774520287832,-0.9188210338290711,-1.1262855755000887,-0.6171528208511974,-0.7073571767352778,-0.8099575000699962,-0.1709623680814722,-1.263526145763091,-0.973387212505221,0.019015027493625946,-0.7835214096040702
YEHCICAEULNIGD,-0.9534070497557456,-1.3146966412214756,-0.2777157031601018,-0.7783361999381155,-0.4721405991572871,-0.6213279931852284,-0.9996187399633387,-0.10974335078966568,-1.3056645244210963,-0.6556691594654254,-0.6698592445877688,-0.6654537947259672
YEJCDKJIEMIWRQ,-1.2015691273213607,-1.744185322163607,0.09039646753197747,-0.5950305664325317,-0.21542630322367237,-0.7661609664887559,-0.8497601494346482,0.058807238827369206,-0.641239212610414,-0.2629365738052851,0.41978518072059434,-0.19817807280659103
YEZNLOUZAIOMLT,-1.5456180901658203,-1.860598120345837,0.5034494798249192,-0.8220242508651447,-0.036885831142620104,-0.6217342736443681,-0.8958195533368903,0.03238481579568895,-0.9595589095178778,-0.8804496791670224,0.13252463972693626,-0.947706210786932
YFAGHNZHGGCZAX,-1.2679644148256268,-1.6706372269048888,-0.7273091400012412,-0.7241782090244522,-0.40168681049501087,-0.7859058116847824,-0.7009559903959975,0.28651046607510716,-1.0521336989942942,-1.0822022294687286,-0.8112285948648034,-0.5381843201707501
YFGHCGITMMYXAQ,-1.2781623388342538,-1.8119741287603433,-0.31886709484972253,-1.007615693736667,-0.18947115249033958,-0.6999279192193376,-0.9711344590654595,-0.0720059174381229,-0.8404964658529732,-0.5192059517784056,-0.5577452730715969,-0.8151636915810728
YGCODSQDUUUKIV,-1.4298098748551893,-1.831887539350306,1.0777713790653523,-0.7286945737767038,-0.2149367445725626,-0.8091931904635564,-0.34450914722497306,-0.1533701460933243,-0.5247819511399111,-0.44884978217798344,-0.2797169544654336,-0.3470002536633453
YHXISWVBGDMDLQ,-1.587471163217695,-1.8430862473674532,-1.1032725686108997,-1.3659863591875345,-0.9797780001003655,-0.9890640399968685,-1.2801473103187107,-1.1838713225112127,-1.1836914528975606,-0.9321787749856802,-1.8857996639410446,-1.111966543770492
YJGVMLPVUAXIQN,-0.8009352273526777,-1.2109985527382217,-0.7244827382835162,-0.6266758625833765,-0.4045332296169434,-0.4178708304117165,-0.38386312951732904,-0.192830129975227,-0.5252861806337371,-0.8453601560593724,-0.37680963511788385,-0.04685206389899205
YJQPYGGHQPGBLI,-0.9282063372760914,-1.4387717318383078,-0.9472688479273677,-0.6345827844942562,-0.30031219454859687,-0.45979276410480185,-0.4912470846731579,0.426218299647297,-0.525439138441667,-0.8770257099967854,0.3284680289764802,0.32137247150189796
YKGYIDJEEQRWQH,-1.4606850419058237,-1.7445265593980117,-1.213585615664002,-0.6021890722251027,-0.4098087296610942,-0.3872543175265354,-1.0238034640410885,-0.6598937946681139,-0.6985545923192686,-0.44324007253632214,-1.1252093431734105,-0.9587421360962025
YKPUWZUDDOIDPM,-1.430388397621559,-1.7904085287031015,-1.1273154180344618,-1.1557600200384155,-0.49951159828807423,-0.6419046935955046,-1.0283362666975302,-0.4602902074167763,-0.759979607243565,-0.7974201240561394,-0.708219451157719,-0.8932054412423076
YKYBWGJKLYMCFI,-0.4467167630858323,-0.625316860270992,-0.736901896819749,-0.4295247142976218,-0.2317615756765612,-0.30917798656198847,-0.8906307432016154,0.1498224344391952,-0.13661583326688584,-0.9414737518169755,0.3868721131749429,0.20708053617550704
YLJREFDVOIBQDA,-1.4149120700838553,-1.5927389611279474,0.9208285334133637,-0.6284294981534393,-0.24714100388506635,-0.7682132828075959,-0.8541325319646278,-0.12472981286759739,-0.6084514819621785,-0.5169643002359645,0.2911738966750684,-0.5033057917012513
YLUSMKAJIQOXPV,-1.3692795021508937,-1.6008865816813456,-0.49680891684456274,-1.0028811971718072,-0.6939888959872236,-0.8999523222919072,-1.2124689170372345,-0.6411840063518315,-1.2210054957272696,-0.6039745570069961,-0.974725127956371,-0.8828082920687925
YMBXTVYHTMGZDW,-1.0991053752211597,-1.5025480289185629,-1.8643044335342918,-1.3411120628367723,-0.3141519435441109,-0.5281756760196035,-0.6713203677475684,-0.6942905824224836,-1.263128318400038,-0.8784909888762882,-0.8722424042442913,-1.057920138843502
YMTINGFKWWXKFG,-1.2970596385583615,-1.7437230182201326,-0.29800474901021756,-0.17509016687085666,0.22367910720938278,-0.550570331970234,-0.6731418803308438,-0.13999100544549886,-1.1189138090895971,-0.7534140924782029,0.8411381793216937,-0.6192220895899097
YNNUSGIPVFPVBX,-1.2090538592476179,-1.642158711607074,-1.045970432449746,-0.5273022315063193,-0.2190002368201917,-0.7480163097680372,-0.932046551076198,-0.26209635019378713,-1.2441244877808932,-0.804257318039448,0.09386724254561396,-0.9517072286499825
YNVGQYHLRCDXFQ,1.4158357957225938,1.7249325640705864,-1.9883956866431882,-1.0932923412272644,1.343615690879888,1.1806714470635982,-1.1427413196311622,0.6665412654600888,-1.1418787829288872,-0.7654032491686895,0.09006482947607353,-0.9140884291388149
YNZFUWZUGRBMHL,-1.3736367170298045,-1.6105941956800436,-0.20710094655747235,-1.1922936456218325,-0.7618909792336772,-0.9377197050330213,-1.124066285078493,-0.3801756408925493,-0.5945036357672305,-0.7523227154424833,-1.240191362463222,-0.7565711459768659
YOSHYTLCDANDAN,-1.328929068715393,-1.759700865856738,-0.8340066651637787,-1.1078375856166727,-0.5277045210115019,-0.8345029604576585,-0.8770508382677527,-0.011656657261945123,-1.0106862267272907,-1.0769389295499618,0.3328207850417552,-0.6182599400297373
YPELFRMCRYSPKZ,-1.443622949730107,-1.7514027210888263,-0.3770970456232576,-0.9018965639038637,-0.6925456152943811,-0.8233508928234954,-0.8405533256550781,-0.21718808015966107,-1.022745209014428,-1.0040542417770861,-1.1026612561435851,-0.7878966124001869
YPHMISFOHDHNIV,-0.8563237464304763,-1.166647172309666,-2.360082299304669,-1.0756993436005913,-0.62321451520578,-0.5832001586181005,-1.1731937093846314,-1.2623823433164825,-1.0041031821184214,-0.8981038466441891,-1.519189774945235,-0.7552878068188603
YQNQNVDNTFHQSW,-1.212246151344834,-1.7451145828240744,0.2758740547086147,-1.062142413457789,-0.5163517734099998,-0.808667348511757,-0.9038711992098025,0.24360854118596612,-0.49187091544063904,-0.9397428287040404,0.4691665350067139,-0.6884175221352545
YRCWQPVGYLYSOX,-1.3824090345768192,-1.83433256151492,-0.7788122951828382,-1.2739597784563506,-0.42965618521134563,-0.8608553475283123,-1.2730238980860993,-0.8550563513736306,-0.7065802766277895,-0.41104588921852137,-0.8533379705700643,-0.8626585940381508
YRWLZFXJFBZBEY,-1.2023905450031211,-1.7673000348774346,0.6048026296335405,-0.8163205509970973,-0.4644010656196332,-0.7776883049478677,-0.9126875346954952,0.08662388169647836,-0.7305365641262546,-0.8158124585458435,-0.9112006200946711,-0.7765178924491921
YSAUAVHXTIETRK,-1.3650507432354508,-1.6257170422805889,-0.8261071322628797,-1.2598813945921088,-0.9556517972787437,-1.0843329757053337,-1.072769266380122,-0.24542284131180445,-0.4764179722618551,-0.5603304872660665,-1.3107214231240212,-0.6176731954586365
YSEXMKHXIOCEJA,-0.8248984992237269,-1.1302363272784393,-0.6832577709431136,-0.5234928209407198,-0.41871496240926326,-0.623113703348497,-0.4688504685372106,-0.3319469719079219,-1.199051379879677,-0.9484911970041731,-0.9661328351529015,-0.5983593992935006
YSGASDXSLKIKOD,-1.3841538006815044,-1.84684114155785,-0.9052932589179037,-1.1355600640143966,-0.3029512671438153,-0.902101737566001,-1.1016865668127278,-0.6869307085763745,-0.9452725051801043,-0.9830757009374627,-0.8237818310507976,-0.8586081696810185
YSIITVVESCNIPR,-1.3937053731330147,-1.7165812805933602,-1.3161464555860332,-1.3491909628925804,-0.9552023895509358,-0.8926873908459327,-1.236022115818444,-1.016718894896545,-1.1079772762624978,-1.0431370290563589,-1.746839361380083,-0.8227668514670388
YSXKPIUOCJLQIE,-0.7845425509395477,-1.2506391981062002,-1.9603291257118147,-1.2649968226764514,-0.22343580077087627,-0.5919063252622249,-1.178726310730648,-0.5806872021836602,-1.0478392452111536,-0.8056859305600594,-1.0535152616175765,-1.1142161600099068
YUGZHQHSNYIFLG,-1.5084196125387024,-1.6703667561878068,-0.8914003649128959,-1.4170788138714865,-0.5438168156679116,-0.9693646067881259,-1.0253697295165278,-0.9488781301556369,-1.0497560628787543,-0.9065803977417483,-1.3542103675246178,-1.1057383087357637
YVQVOQKFMFRVGR,-1.3690039257213904,-1.68369292030063,-1.4004313288037613,-1.4235536124917765,-0.7371986416140892,-0.293155895161621,-0.9778215763996603,-0.07756838675690227,-0.4562544489289124,-0.6892974772925914,-1.3381563523181335,-0.8425237171711464
YVUQSNJEYSNKRX,-1.2161415416770578,-1.5593949313788456,-0.7910666525236638,-0.5823201339875363,-0.521997685007948,-0.8068521989315548,-0.7692640256612898,0.04171877084514855,-1.1080306130425706,-0.8626099514262129,-0.3294855833550375,-0.7760133166733727
YWJXCIXBAKGUKZ,-0.9032596405014796,-1.497749789202918,-1.6996911537306143,-0.9958772131519693,-0.3884441960406141,-0.44822379426721004,-1.0030664396834084,-0.8530673838392512,-0.7100372126995959,-0.8804948656542588,-0.9615078422108444,-0.13862789540377177
YWPHCCPCQOJSGZ,-1.4698032110477808,-1.8409886579030488,-1.2946026742149006,-1.2333455307268775,-0.6972453312113811,-1.001063386151062,-1.2635317614025632,-0.9989007520207906,-0.9304250230953625,-0.8957701953884114,-1.7248652820976709,-0.8783441800355132
YWXYYJSYQOXTPL,-1.388431855771158,-1.6952363707238027,-2.38201676306452,-1.434401654678878,-0.8797896849319914,-0.4301791740131599,-1.1142567314349048,-0.7177492365496685,-0.9143266011866523,-0.7696590697703504,-1.0587937462874564,-1.019926956727295
YXBQLONCIPUQKO,-1.3272609816570058,-1.7494074664924273,-2.5045319202269885,-0.8761198014515952,-0.896070293674843,-0.7666217349798385,-0.763776357368665,-1.2464330766542695,-1.273749907379722,-0.9638581396860033,-1.5387869563794718,-0.7829864776901306
YXOLAZRVSSWPPT,-1.00577483213764,-1.5125712312525186,0.09173170537512745,-0.9967511165248895,-0.014267909391324161,-0.2784531788382695,-0.4173617465182974,0.5430839639253184,-0.1397802962287132,-0.4812468211206258,0.4738556128787116,0.2629852427828598
YXSLJKQTIDHPOT,-0.9694132362592021,-1.3683223226644656,-0.8979145285742356,-1.01840591948918,-0.53157571189109,-0.6164647455356029,-0.9499352593611934,-0.5450064874801583,-1.0383630296177868,-0.9522984512739305,-0.7844784575102018,-0.7584230220919692
YZOFLYUAQDJWKV,-1.3025097556213305,-1.627186247421551,-0.05870025791223841,-1.0126219154777718,-0.4054324743564936,-0.40412656062171287,-0.9754791299144777,0.044136844239619846,-0.4643132362839171,-0.490897156110367,-0.19757147422893492,-0.24598059453913212
ZAFYATHCZYHLPB,-1.0600819481856618,-1.7855657353332508,0.30517806701126954,-0.6294523045502116,-0.3629242464473252,-0.7782770369235004,-0.5331103854631498,-0.23402213504746677,-0.5766931440482634,-0.9926049743212422,-0.8716270225388574,-0.48388625934458107
ZAHQBPYQBHTECE,-1.1433781412568864,-1.7277245424962362,-0.3856964218715343,-1.1632548338902746,-0.8558784282272434,-0.8905336978389484,-0.9379141228961174,-0.11743644954340648,-0.6251431274706724,-0.978576087975839,-0.4420154886141029,-0.8183833396703755
ZAIPMKNFIOOWCQ,-1.2338074493134434,-1.6265113755485132,-1.7870238286970093,-1.3714087440224536,-0.6891575788705628,-0.7707340334541475,-1.0319440471989363,-0.22160371591920297,-1.0156239755920353,-1.0696566724660626,-1.5087337399901195,-0.45369655988795077
ZBFDAUIVDSSISP,-0.46974335151644486,-1.8386705576160693,0.9411867662845064,-0.8895778750739024,-0.5749110609257796,-0.8553829759810292,-0.8845769953088295,0.43530019113595175,-0.6472866252766553,-1.0037355804086179,-1.2519972208633452,-0.8423323630731536
ZBIAKUMOEKILTF,-1.4193789220988144,-1.7775005954636085,-1.1367886300499002,-0.9879767999713083,-0.609816334830389,-0.8125184716664942,-0.8571889749377372,-0.3377459688073853,-1.4221263730182516,-0.8719618930064734,-0.5643274262903081,-0.9238207643094586
ZBMZVLHSJCTVON,-1.517555892316793,-1.846091278030469,-1.4753562586189195,-1.3112793581193318,-0.9518197037225933,-0.9764840270693109,-1.1671409341828498,-1.0221494112216012,-1.2631078186454539,-0.8410436162533707,-1.1312003144537957,-1.2172341213648779
ZBNZXTGUTAYRHI,-0.8947562120829586,-1.7064118492877305,-0.2555150406767983,-0.899051142096508,-0.6153227609582985,-0.8603820651566267,-0.6268020863770293,0.1205468174357301,-0.6873839784052889,-1.0650609582957742,-1.1766119805487987,-0.9202562020199225
ZBPLOVFIXSTCRZ,-1.4269557357153355,-1.685140292385712,0.168163705865358,-0.8156273294543739,-0.13098844850730876,-0.5447962695863077,-0.5206236707711993,0.47095340039876604,-0.6718309050454823,-0.7028656523050902,0.5677300250909421,-0.5253966771161751
ZCDNRPPFBQDQHR,-0.9977367054268731,-1.2591938217892384,-1.158688265020122,-0.9328647580655235,-0.553948019526744,-0.512488335115345,-0.7226747768472078,-0.028425645130199066,-1.027590600722042,-1.0174092882162118,-0.7825436663873967,-0.507187509526125
ZCGOMHNNNFPNMX,-1.0410580997707362,-0.9697384415258294,-1.6927358112299302,-0.794762380084493,-0.1430588640035214,-0.6671593605808194,-0.8827757010690136,-0.40442746845918637,-1.4491736624856717,-0.868723775562084,-0.9793003512865324,-1.0066159971756428
ZCVMWBYGMWKGHF,-0.6864136773727351,-0.823492610173103,-0.6310328746317225,-0.8379372884968819,-0.32994833166567195,-0.5406827799713965,-0.9780625909814502,0.49678067562996564,-0.4668473311894552,-0.4106693855076027,-0.18561142975618544,-0.3596824373752803
ZDIGNSYAACHWNL,-1.4916325854891785,-1.8121878826450792,-0.49378071294841086,-0.03616502704170721,-0.549454247379233,-0.9022419707805244,-0.8881700870879816,-0.22823535951351395,-1.2285396975399996,-0.6070279423667669,-0.1414882488911176,-0.7105830534737149
ZDXPYRJPNDTMRX,-1.4493401694291437,-1.7827524141111644,-2.5102518432608036,-1.6164129522751802,-0.9645709380435563,-0.5188148739380296,-0.8887185147334178,-1.3474970391182493,-1.4300240898974834,-0.9389529139164394,-2.2311990240513406,-1.1722487485948578
ZEKZLJVOYLTDKK,-0.9632292576541444,-0.6869389797031848,-1.1502161920897276,-0.7505481284064112,-0.6918038045156022,-0.5331896487366784,-0.3345307117356554,-0.39961882027779777,-1.225833458673049,-1.0556645710017123,-1.3234174623313655,-0.5284826951807373
ZEMIJUDPLILVNQ,-1.334224565847671,-1.7141551860741098,-2.0001654280246854,-1.2678335375683603,-0.5151651775899119,-0.8150544991703861,-0.8580042548200487,-0.5563089832316341,-1.1995179800369358,-1.087891213261262,-1.2626864089113807,-0.5009870584039623
ZESRJSPZRDMNHY,1.6330868413417243,1.6676657371305987,-2.311480339935534,-1.2584318745886025,0.7320431879701508,0.6057503320061366,-1.201210380966093,-0.14914312371916805,-1.5203950353459663,-0.9783237144889407,-1.695224554594866,-1.2066273601826234
ZEUITGRIYCTCEM,-1.1610597655063206,-1.6970370762680567,0.3134927756978083,-0.361439538818943,-0.012079930815932283,-0.7780777056832272,-0.6155315399647909,0.3075913615680006,-0.2561620362014601,-0.45413690237402093,0.3877316480909069,-0.3157540330807161
ZEWQUBUPAILYHI,-1.3688461861469612,-1.605333115900108,-0.4677175895851211,-1.026721679390088,-0.8313763439400063,-0.9124393752147761,-0.9101883240013945,-0.12430393764519049,-1.071767502321451,-0.9060034054179589,-0.7606458407901713,-0.8497041049629337
ZFMITUMMTDLWHR,-1.4124623821984224,-1.814164084045177,-0.7681794640895983,-1.2533186890376864,-0.8038397515400563,-0.9687911238971498,-1.282837405935998,-0.5574445408148487,-0.6882595083189964,-0.8893914012643508,-1.702402517387076,-1.081972413961492
ZFRKQXVRDFCRJG,-1.4582025524867472,-1.8825244163431856,1.1549646997963952,-0.595245601094041,0.11527269888439262,-0.7212524897837804,-0.8923542102883812,-0.5223771437014064,-0.7311958690756073,-0.5125402656585354,0.09850902613250852,-0.44240565818254335
ZFXYFBGIUFBOJW,-1.3237629204975552,-1.74540684465059,-0.7220429253351497,-1.0852809899057563,-1.1099652399204,-0.967843043992731,-1.1556603525059215,-1.1162851966920488,-0.9061508691323736,-1.0151754610260095,-1.950780769579132,-0.7554539080969368
ZGUGWUXLJSTTMA,-1.350076890815374,-1.684456088429811,0.664058664411636,-0.8574950536602091,-0.619724924012398,-0.917998253677557,-0.9772951374665912,-0.18283081683652672,-0.9093923999838532,-0.6377436901882642,-0.41216390754982013,-0.44026062705467583
ZGVSETXHNHBTRK,-0.21439830721144273,-0.602503111934148,-2.7326337237445433,-1.0041462309216171,0.06573085113135083,0.07266601015180055,-1.035305810710949,-0.4322679525548797,-0.9752802796526441,-0.9016479698567968,-0.9789352585653056,-0.5799588675585845
ZGXJTSGNIOSYLO,-1.3741845775407426,-1.7268391887203065,-2.5784728727393462,-1.648576955233132,-0.8444079049504875,-0.5330365305982445,-1.3657626240129044,-1.344976025096655,-1.480280133137612,-0.9641776268246587,-2.2021646608433567,-1.350744845375116
ZJJXGWJIGJFDTL,-1.505380688078311,-1.8188301103693176,-1.8827929680303361,-1.362606228218958,-1.158888702896902,-1.060662240599289,-1.0651016561960331,-1.0439282464300967,-1.4662578638539197,-1.160903746880795,-1.5547090183467636,-1.3327973466490297
ZJVFLBOZORBYFE,-1.3248730686630805,-1.7797725191180271,0.23360210194654346,-0.4254320581059953,-0.3565953803589624,-0.7794950298758051,-0.9820402738958561,-0.5930855808099672,-0.9251810760170132,-0.9475542903969882,-0.3554314139269406,-0.7381822430264694
ZKLPARSLTMPFCP,-1.3499601105763241,-1.5241703519253043,-1.2829363944474914,-1.0397071504146052,-0.6665964015211198,-0.7729560895940255,-0.9860790284993077,-0.47421315997967245,-1.4790116425850113,-0.9037409431573378,-1.083285860303623,-1.0530015473929557
ZKMNUMMKYBVTFN,-1.5377752856997389,-1.813942625441865,-1.4124267982597587,-1.3066041147791903,-0.7497181873735215,-0.9221405624278368,-1.2007739163318312,-0.6648545563131636,-1.3818062272804332,-0.8442037553136721,-0.8540525589985539,-1.0642865887544506
ZMEULISFKSVRLQ,0.293240777071817,-0.096601462147029,-2.319144961349607,-1.3963725486585545,0.32247817147643165,0.30035007433306776,-1.132419031986167,-0.5278675170767523,-1.5251670701371394,-0.8153164053607872,-1.3439944564691224,-1.0812219502764342
ZMISODWVFHHWNR,-1.0694345312570888,-1.460422397789472,-1.2081265992066816,-0.9450516205831088,0.06370591595276011,-0.7473220284895102,-1.1359471155404934,-0.6994939698391234,-1.109870260435665,-0.6413288877119622,-0.5940544832313157,-0.8094756760546933
ZNEWHQLOPFWXOF,-1.5157760872534327,-1.806879923877996,-2.2674094235280418,-1.6332978463380574,-0.7478914745608317,-0.7001758919764499,-1.2745813398734112,-1.1556905085725435,-1.4967433793689566,-0.7255567751665173,-2.0746464334167576,-1.5399756386329386
ZNNLBTZKUZBEKO,-1.5065367480420309,-1.8168506739892174,-1.322618808798819,-1.3697655156376616,-0.9117561663232607,-0.9505403014769573,-0.9115496165004242,-0.6403903976719053,-1.4216029215876387,-1.0940895321875121,-0.5746301609065632,-1.255967778519556
ZNRGQMMCGHDTEI,-1.0567036961363157,-1.349738418626112,-0.896880373713305,-0.703206003780778,-0.16101833507102228,-0.5239507949005102,-0.5604290704836871,-0.5588851771852256,-0.8756196899296462,-0.904297025525783,-1.1363976970046146,-0.5937848621083819
ZOCSXAVNDGMNBV,-1.3368143878917467,-1.6508808328535836,0.00946921873727501,0.333762039611483,-0.3862314649554728,-0.7851237934254418,-0.6388186094495099,0.24286354144780076,-0.7594765090453048,-0.8898773192575151,-0.5340593364316274,-0.5992065988231187
ZOWYFYXTIWQBEP,-1.2784654294711228,-1.708640394738008,0.6964805633275994,-0.1253983022648777,-0.3260975144012133,-0.6519602406279815,-0.3298033949662273,0.2183336736585497,-0.6917495200322239,-0.4741279634204002,0.02668244526527088,-0.1922347045940384
ZPAKPRAICRBAOD,-1.2368410971039623,-1.5587073158176676,-0.5891117519564963,-1.1482096457604027,0.11736344840685876,-0.30058944200855137,-0.4036296891093176,0.005642717477424462,-0.6271118689403382,-0.7231600460637146,-0.38461636027744317,-0.7864630411802636
ZPEIMTDSQAKGNT,-1.378737458407095,-1.6870074476305517,0.9064502699428904,-0.7342356960006986,-0.5544623676230213,-0.8501269243662055,-0.8357160870204079,0.07241398816751943,-1.0554959544684785,-0.7306892082372329,0.2478482080493935,-0.44187669674218155
ZPFXAOWNKLFJDN,-1.5169551904615923,-1.7701690491466189,-0.9034059636733411,-0.9084590524551228,-0.4252810567509613,-1.003683748031164,-1.0064343781401555,-0.4564848799857185,-1.0828209135413984,-0.32480231469543386,-0.35465746157836314,-1.1575836569467293
ZQDWXGKKHFNSQK,-1.3571227143544935,-1.6800291449281555,-0.9127605224919693,-0.9361037330539664,-0.560744966751813,-0.8852537434128689,-1.0886127300312263,-0.31680777416507694,-1.3159384949911204,-0.7731942031145055,-0.807937144958942,-0.980327330794055
ZQSIJRDFPHDXIC,-1.1896232457301616,-1.6753258872726127,0.2301401830943302,-1.0791005517105314,0.4729139003311102,-0.22284539637384757,-0.15667986635301984,0.40622067193686334,-0.18483860593634777,0.19747265971207895,1.2188957013345558,0.0015561064359254052
ZRJBHWIHUMBLCN,-0.7626458943062958,-1.3196083527218696,-0.8249128761445842,-1.05434886245229,-0.34499668381345966,-0.3976181233091417,-1.1784266087644866,0.15059612560703076,-1.073049190481241,-0.9084414870910162,-0.8325362651531054,-0.30524100398363224
ZSCDBOWYZJWBIY,-1.4296942484412,-1.7761529962945557,-0.08944598101746434,-0.899475283771797,-0.6216734552569676,-0.9420510092941115,-1.044987294006258,-0.4053890835993707,-0.974910185925056,-0.758172099231447,-0.549622459621976,-0.6446709115629448
ZSJLQEPLLKMAKR,-1.3763213163569152,-1.7449955219165574,-2.5178305347852623,-1.6237056566816437,-1.0206300002765838,-0.8893906388354156,-1.2584397430801764,-1.4462104517475787,-1.1712789287285148,-1.1221388843477136,-2.3041796785366415,-1.146603238895406
ZSKVGTPCRGIANV,-1.168497446174182,-1.3904472656184057,-2.3480488375366537,-1.0967941041524365,-0.9468024878606711,-0.7306784378819284,-0.7638833815749155,-0.5849930178264388,-1.0913034847459642,-0.9844768316853887,-1.3043016547803012,-0.5676854131470153
ZTVIKZXZYLEVOL,-1.025751533504486,-1.3586702071286956,-1.9550442479839953,-1.210190904973393,-0.22109231684018066,-0.8015967407271586,-0.74806303385686,-1.0819389272479922,-1.0421823701850201,-1.0348590065126801,-1.4050927260221877,-0.9752160617396582
ZWPODSUQWXAZNC,-1.09197941184911,-1.5359550760604357,-0.7669244918427742,-0.6461741581113447,-0.23228182259565516,-0.5440882825279506,-1.0326680853401602,-0.32654570540931344,-0.8739124503745099,-0.7428765959855231,-0.25006305518792377,-0.8197250917880157
ZXNRTKGTQJPIJK,-1.332593257153613,-1.7838202629168038,-1.2983605742121824,-1.4203353813337258,-0.5692579153928741,-0.8353569567520436,-1.163772811692659,-0.7977554454792303,-0.8020548738885335,-0.8223939893912808,-1.1064974460147794,-0.9229812866115814
ZXRVKCBLGJOCEE,-1.2863201673341023,-1.6186404921748005,-1.303472528916565,-1.3969676309125603,-1.27335344045736,-0.8675160088854433,-1.1459413914524683,-0.9126600164445429,-0.9610201830669753,-0.8299912766581303,-1.9332624899766808,-0.8639988020562911
ZYGHJZDHTFUPRJ,-1.3264523650416624,-1.7174917575547726,-0.06295049758950778,-1.2952659024957647,0.15018656966744684,-0.7313621988486632,-0.3121554435872219,-0.22153397499419436,-0.21428485176662643,-0.39506454980951033,0.32430985613400753,-0.29387664296431176
ZZHLYYDVIOPZBE,-1.3730493969406279,-1.738642662736729,0.4314832459921031,-0.8175357899472218,-0.5711956177919089,-0.9304250579291616,-0.9323987949971501,-0.252130618095405,-0.9158489742964756,-0.7087076262467549,-0.5609221629907604,-0.35397273975230786
ZZIALNLLNHEQPJ,-1.0304835440581093,-1.3519948446577852,-0.04196133864753672,-1.1964942839941093,0.31388879760101046,-0.26281288987485857,0.3394894737031911,0.44267368117651174,-0.10534112497736224,-0.2681061295061314,0.9964499497099363,-0.017536995757817638
ZZIKIHCNFWXKDY,-1.1606955829471697,-1.4483986634709143,-2.6991632025962327,-0.9819504333898417,-0.7421969935108671,-0.563164935696976,-1.1083889454066658,-0.7664714141446012,-1.1461074955528892,-0.34928306006468524,-1.0612921080742082,-0.9926459886703382
ZZORFUFYDOWNEF,-1.4654826533956447,-1.8585012270151968,-0.7899887501875189,-1.4642217478603277,-0.9688598566146553,-0.9233256981535114,-1.1303986763410632,-0.7843432302633453,-1.2434752889789653,-1.148021921296903,-1.3784765764896973,-1.219163957740959
ZZPKZRHERLGEKA,-1.484548511656545,-1.8418742769031047,-0.6142456288025939,-1.2279225708443324,-0.07665691948786064,-0.7645996089865335,-0.6840193608235648,-0.6454760147842625,-0.894024345847362,-0.7413448395832379,-0.7404693760134488,-0.7845041100322587
ZZUFCTLCJUWOSV,-1.5488818537276152,-1.8750534346036243,-1.1521485889356593,-1.3137252176013698,-0.8153406804825281,-0.9014331601718889,-0.8874629451959087,-0.22377237471547123,-1.035204127261134,-0.9984912890445686,-0.8364506677243948,-1.0737277418361417
ZZVUWRFHKOJYTH,-1.3588835411758953,-1.7831727234922665,-0.7770613476258735,-0.729405217442333,-0.245838272046627,-0.8126263496789337,-1.0674750521974503,-0.7314331803375678,-1.010779253416066,-0.6310860736692545,-0.2687997768180934,-0.924384246197723
ZZZRUAITSXLWBH,-0.4169183785507484,-0.7818303611743592,-0.9228545955448395,-0.7097579658605505,-0.35402368806036855,-0.4137643190882773,-0.917050003909763,-0.39476426450629776,-0.4809996407851551,-1.0277312455879928,-0.06254102324835616,0.23980232092757287
