variant,task,cell,repeat_id,auprc_c0,auroc_c0,log_loss_c0,brier_c0,auprc_d0,auroc_d0,log_loss_d0,brier_d0,auprc_c1,auroc_c1,log_loss_c1,brier_c1,auprc_d1,auroc_d1,log_loss_d1,brier_d1,delta_auprc_c1_minus_c0,delta_auroc_c1_minus_c0,delta_log_loss_c1_minus_c0,delta_brier_c1_minus_c0,delta_auprc_d1_minus_d0,delta_auroc_d1_minus_d0,delta_log_loss_d1_minus_d0,delta_brier_d1_minus_d0,delta_auprc_d1_minus_c1,delta_auroc_d1_minus_c1,delta_log_loss_d1_minus_c1,delta_brier_d1_minus_c1
standardized,NR-AR,HA1E,0,0.5117530973674658,0.7523974749312381,0.3826061119369836,0.1063994280110198,0.5117530973674658,0.7523974749312381,0.20800356582474616,0.053580817052449756,0.5117530973674658,0.7523974749312381,0.3826061115259284,0.10639942784099773,0.5117530973674658,0.7523974749312381,0.20800356565648176,0.05358081708231196,0.0,0.0,-4.110551787839256e-10,-1.7002207142180482e-10,0.0,0.0,-1.6826438020700608e-10,2.9862205763731e-11,0.0,0.0,-0.17460254586944662,-0.05281861075868577
standardized,NR-AR,HA1E,1,0.4689724238324538,0.7399987936157473,0.3832612981013782,0.106579319380223,0.4689724238324538,0.7399987936157473,0.2142612559935563,0.05571380776987195,0.4689724238324538,0.7399987936157473,0.3832612978349047,0.10657931928267954,0.4689724238324538,0.7399987936157473,0.21426125573624524,0.05571380776286532,0.0,0.0,-2.664734544133296e-10,-9.75434483185822e-11,0.0,0.0,-2.5731104469350897e-10,-7.0066341617547325e-12,0.0,0.0,-0.1690000420986595,-0.050865511519814235
standardized,NR-AR,HA1E,2,0.467672108876683,0.7178453614150062,0.38365433782490016,0.10674453003469583,0.467672108876683,0.7178453614150062,0.20739085431100396,0.05327333733354346,0.467672108876683,0.7178453614150062,0.3836543376136495,0.10674452995699697,0.467672108876683,0.7178453614150062,0.20739085407251068,0.05327333730889163,0.0,0.0,-2.1125072802163912e-10,-7.76988695605496e-11,0.0,0.0,-2.384932862309341e-10,-2.46518236379778e-11,0.0,0.0,-0.1762634835411388,-0.053471192648105334
standardized,NR-AR,HA1E,3,0.45671684135468027,0.7319862489595925,0.3809277872148257,0.10564469989098577,0.45671684135468027,0.7319862489595925,0.20574547096278986,0.0529090819307879,0.45671684135468027,0.7319862489595925,0.3809277868758523,0.10564469977009619,0.45671684135468027,0.7319862489595925,0.20574547064267318,0.052909081892985835,0.0,0.0,-3.389733271852435e-10,-1.208895844539981e-10,0.0,0.0,-3.201167053656917e-10,-3.780207535886149e-11,0.0,0.0,-0.17518231623317915,-0.052735617877110355
standardized,NR-AR,HA1E,4,0.45672450501679884,0.6797855006102784,0.3871506370393701,0.10832859835636441,0.45672450501679884,0.6797855006102784,0.21250964167482939,0.0546764409663972,0.45672450501679884,0.6797855006102784,0.38715063679437983,0.10832859827178849,0.45672450501679884,0.6797855006102784,0.21250964141352896,0.05467644093330769,0.0,0.0,-2.449902170020835e-10,-8.457592681754278e-11,0.0,0.0,-2.613003702300887e-10,-3.3089511686235086e-11,0.0,0.0,-0.17464099538085084,-0.05365215733848081
standardized,NR-AR,HA1E,5,0.4433359594959009,0.7134964030378349,0.38021394869279224,0.10523800590638033,0.4433359594959009,0.7134964030378349,0.2160520053953085,0.056590808402122626,0.4433359594959009,0.7134964030378349,0.38021394841962824,0.1052380058104552,0.44532781894970325,0.725434387533959,0.21539891054082094,0.05647202134718261,0.0,0.0,-2.7316399142662817e-10,-9.592512895117977e-11,0.0019918594538023914,0.011937984496124033,-0.0006530948544875459,-0.00011878705494002411,0.0019918594538023914,0.011937984496124033,-0.1648150378788073,-0.048765984463272585
standardized,NR-AR,HA1E,6,0.4327091554338519,0.7314282980783771,0.3807481787105914,0.10547459189853559,0.4327091554338519,0.7314282980783771,0.1997387978363004,0.050305521179140965,0.4327091554338519,0.7314282980783771,0.38074817826801494,0.10547459172779512,0.4327091554338519,0.7314282980783771,0.19973879743315748,0.0503055211165799,0.0,0.0,-4.4257646436562935e-10,-1.7074046620990656e-10,0.0,0.0,-4.0314294125209924e-10,-6.256106188651244e-11,0.0,0.0,-0.18100938083485743,-0.05516907061121523
standardized,NR-AR,HA1E,7,0.4667564967104004,0.7307650379679278,0.3811858087546544,0.10577264148680374,0.4667564967104004,0.7307650379679278,0.20957685559897055,0.05420524809898384,0.4667564967104004,0.7307650379679278,0.38118580841349997,0.10577264136207909,0.4667564967104004,0.7307650379679278,0.20957685530302647,0.05420524807039495,0.0,0.0,-3.4115441582827086e-10,-1.2472465005242127e-10,0.0,0.0,-2.9594410255739945e-10,-2.858889652790353e-11,0.0,0.0,-0.17160895311047353,-0.05156739329168415
standardized,NR-AR,HA1E,8,0.4695903340840374,0.755656454113782,0.37671920253976915,0.10363382867542519,0.4695903340840374,0.755656454113782,0.20049738375275905,0.051553811516468,0.4695903340840374,0.755656454113782,0.37671920225706745,0.10363382856828493,0.4695903340840374,0.755656454113782,0.20049738351494942,0.05155381150009316,0.0,0.0,-2.8270173979549894e-10,-1.0714023557234497e-10,0.0,0.0,-2.3780963864794556e-10,-1.637483412753049e-11,0.0,0.0,-0.176221818742118,-0.052080017068191785
standardized,NR-AR,HA1E,9,0.3926540559617425,0.6763305059957545,0.385802844520321,0.10763409311217087,0.3926540559617425,0.6763305059957545,0.2107551431625899,0.05396143417030935,0.3926540559617425,0.6763305059957545,0.38580284413271676,0.10763409298333719,0.3926540559617425,0.6763305059957545,0.21075514283318428,0.05396143413700455,0.0,0.0,-3.876042153905246e-10,-1.288336715088434e-10,0.0,0.0,-3.2940563610139863e-10,-3.33048061351704e-11,0.0,0.0,-0.17504770129953248,-0.05367265884633264
standardized,NR-AR,HA1E,10,0.45523146759231253,0.6925082712964308,0.38669476407461356,0.10807968013706479,0.45523146759231253,0.6925082712964308,0.21455442318692858,0.05543697047411848,0.45523146759231253,0.6925082712964308,0.3866947639488355,0.10807968010220699,0.45523146759231253,0.6925082712964308,0.21455442294672125,0.05543697046691685,0.0,0.0,-1.2577806574043394e-10,-3.4857799979803874e-11,0.0,0.0,-2.4020734290530753e-10,-7.201646223808922e-12,0.0,0.0,-0.1721403410021143,-0.05264270963529014
standardized,NR-AR,HA1E,11,0.4613997574592542,0.7260341395081873,0.38200026618090843,0.10609692208502393,0.4613997574592542,0.7260341395081873,0.20415316520398297,0.051800621413760864,0.4613997574592542,0.7260341395081873,0.3820002657031257,0.1060969219118417,0.4645244212281616,0.7249030683172359,0.20379878661377115,0.051658912022828296,0.0,0.0,-4.777827800062085e-10,-1.7318221856577054e-10,0.0031246637689075095,-0.0011310711909514382,-0.0003543785902118179,-0.00014170939093256367,0.0031246637689075095,-0.0011310711909514382,-0.17820147908935452,-0.05443800988901341
standardized,NR-AR,HA1E,12,0.41336137984608107,0.7123548266729454,0.3789119139665632,0.10466135305983079,0.41336137984608107,0.7123548266729454,0.20513252811947344,0.052590066939306346,0.41336137984608107,0.7123548266729454,0.378911913752662,0.10466135299052595,0.41336137984608107,0.7123548266729454,0.20513252782473163,0.052590066906503176,0.0,0.0,-2.1390123006170825e-10,-6.930485074718717e-11,0.0,0.0,-2.947417976351119e-10,-3.280317406595401e-11,0.0,0.0,-0.17377938592793035,-0.05207128608402277
standardized,NR-AR,HA1E,13,0.47203080674054637,0.7275125831072727,0.38071028725661143,0.10556762256453915,0.47203080674054637,0.7275125831072727,0.2169247592044507,0.05658467191045161,0.47203080674054637,0.7275125831072727,0.3807102871281931,0.10556762253829732,0.47203080674054637,0.7275125831072727,0.21692475891523283,0.05658467186330035,0.0,0.0,-1.2841834262644626e-10,-2.624185035937643e-11,0.0,0.0,-2.892179218338953e-10,-4.715125789811481e-11,0.0,0.0,-0.1637855282129603,-0.04898295067499696
standardized,NR-AR,HA1E,14,0.4659217594417626,0.7228810273443006,0.38128487380855025,0.10575305139025035,0.4659217594417626,0.7228810273443006,0.20998815272117183,0.054360059768138305,0.4659217594417626,0.7228810273443006,0.3812848735473696,0.10575305129693377,0.4659217594417626,0.7228810273443006,0.2099881525257387,0.05436005975812082,0.0,0.0,-2.6118063267688285e-10,-9.331656836142344e-11,0.0,0.0,-1.954331085851635e-10,-1.0017481288926433e-11,0.0,0.0,-0.17129672102163088,-0.05139299153881296
standardized,NR-AR,HA1E,15,0.4636311924242674,0.72119554086481,0.38302152238303316,0.10646684533188586,0.4636311924242674,0.72119554086481,0.20992215960310917,0.05431473671029431,0.4624371483142449,0.7209216754500994,0.3830804950066566,0.1065173322376963,0.44895434772839427,0.7147792654344501,0.21112694237078306,0.05455892039133894,-0.0011940441100225852,-0.0002738654147105057,5.8972623623454455e-05,5.0486905810445684e-05,-0.014676844695873176,-0.006416275430359941,0.0012047827676738843,0.00024418368104463516,-0.01348280058585059,-0.006142410015649436,-0.17195355263587356,-0.05195841184635734
standardized,NR-AR,HA1E,16,0.47376711993378356,0.6844863775143786,0.3844085215326204,0.10707751516516087,0.47376711993378356,0.6844863775143786,0.21058715389284952,0.053878939341589605,0.47376711993378356,0.6844863775143786,0.38440852125551095,0.10707751505122273,0.47376711993378356,0.6844863775143786,0.21058715364561328,0.05387893933526766,0.0,0.0,-2.771093909892386e-10,-1.1393812004989456e-10,0.0,0.0,-2.4723624258982114e-10,-6.321938805786687e-12,0.0,0.0,-0.1738213676098977,-0.05319857571595508
standardized,NR-AR,HA1E,17,0.4565403966955886,0.709252755043451,0.3833032057075547,0.10656306560018824,0.4565403966955886,0.709252755043451,0.21163958298194202,0.054765669279542885,0.4565403966955886,0.709252755043451,0.3833032055240693,0.10656306553360843,0.4565403966955886,0.709252755043451,0.21163958281984946,0.0547656693009493,0.0,0.0,-1.8348539354562377e-10,-6.657980833324473e-11,0.0,0.0,-1.6209256159527285e-10,2.1406422467951103e-11,0.0,0.0,-0.17166362270421984,-0.051797396232659144
standardized,NR-AR,HA1E,18,0.5583459173308974,0.7627760434152949,0.3770717567220943,0.1038901380798376,0.5583459173308974,0.7627760434152949,0.2039379660319371,0.05238157308099539,0.5583459173308974,0.7627760434152949,0.37707175653516184,0.10389013800867945,0.5583459173308974,0.7627760434152949,0.2039379658136172,0.05238157306517559,0.0,0.0,-1.8693245840140093e-10,-7.115814604219395e-11,0.0,0.0,-2.1831991214860124e-10,-1.5819802412497806e-11,0.0,0.0,-0.17313379072154464,-0.051508564943503865
standardized,NR-AR,HA1E,19,0.4244060622832372,0.7165419431162743,0.38195137810885094,0.10600771200607487,0.4244060622832372,0.7165419431162743,0.20983182815322549,0.05400217468606516,0.4244060622832372,0.7165419431162743,0.381951377798785,0.10600771189406144,0.44258082147275185,0.6993005638059294,0.21039722075099038,0.05395414218574877,0.0,0.0,-3.1006592848825677e-10,-1.1201340410771366e-10,0.0181747591895147,-0.017241379310344862,0.0005653925977648966,-4.8032500316405605e-05,0.0181747591895147,-0.017241379310344862,-0.17155415704779467,-0.05205356970831269
standardized,NR-AR,HEPG2,0,0.5380702267755009,0.8041386474755157,0.3723044104860657,0.10171097477688029,0.5380702267755009,0.8041386474755157,0.18508036948251022,0.049056341636695124,0.5380702267755009,0.8041386474755157,0.37230441071772524,0.10171097487523029,0.5380702267755009,0.8041386474755157,0.1850803696022946,0.04905634164316183,0.0,0.0,2.3165953599857404e-10,9.835000591706944e-11,0.0,0.0,1.1978437131077157e-10,6.466712582087197e-12,0.0,0.0,-0.18722404111543067,-0.05265463323206846
standardized,NR-AR,HEPG2,1,0.428542817036382,0.7535524246746943,0.3744239904985532,0.10269698971359054,0.428542817036382,0.7535524246746943,0.19143394882807227,0.05113250863053402,0.428542817036382,0.7535524246746943,0.3744239905135843,0.10269698971805527,0.428542817036382,0.7535524246746943,0.1914339488772158,0.05113250863312665,0.0,0.0,1.5031187405867285e-11,4.4647452401846975e-12,0.0,0.0,4.914350038021098e-11,2.592621950459062e-12,0.0,0.0,-0.18299004163636856,-0.051564481084928636
standardized,NR-AR,HEPG2,2,0.45872626855109877,0.7183030240383346,0.37876237184661454,0.10448275388306616,0.45872626855109877,0.7183030240383346,0.1863711436058826,0.04892497043865165,0.45872626855109877,0.7183030240383346,0.378762371901617,0.10448275390819577,0.45872626855109877,0.7183030240383346,0.18637114364200444,0.048924970440938555,0.0,0.0,5.500248034806532e-11,2.5129601177731332e-11,0.0,0.0,3.612184995560597e-11,2.2869026117255943e-12,0.0,0.0,-0.19239122825961252,-0.05555778346725722
standardized,NR-AR,HEPG2,3,0.6706921333236664,0.8606050331224626,0.3740758586931192,0.10255017858752771,0.6706921333236664,0.8606050331224626,0.18346236080514186,0.0477454488160031,0.6706921333236664,0.8606050331224626,0.3740758588254601,0.10255017864074756,0.6706921333236664,0.8606050331224626,0.18346236092817306,0.04774544881795527,0.0,0.0,1.323408715947494e-10,5.321983409523057e-11,0.0,0.0,1.2303119079071223e-10,1.9521669003541577e-12,0.0,0.0,-0.19061349789728702,-0.05480472982279229
standardized,NR-AR,HEPG2,4,0.5327604579095947,0.8009947572696611,0.3747527256056339,0.10286590103160029,0.5327604579095947,0.8009947572696611,0.1881476657096593,0.04978012201264694,0.5327604579095947,0.8009947572696611,0.37475272564270495,0.10286590105322062,0.5327604579095947,0.8009947572696611,0.18814766567672653,0.049780121988075784,0.0,0.0,3.707109064166048e-11,2.1620313872539044e-11,0.0,0.0,-3.293276207294582e-11,-2.4571152057450975e-11,0.0,0.0,-0.18660505996597843,-0.05308577906514482
standardized,NR-AR,HEPG2,5,0.5800409045034999,0.8180342936440874,0.3774772435623278,0.10396950625580093,0.5800409045034999,0.8180342936440874,0.18758745519992148,0.04904976980166784,0.5800409045034999,0.8180342936440874,0.37747724375451525,0.10396950634004114,0.5800409045034999,0.8180342936440874,0.18758745524309461,0.049049769793815846,0.0,0.0,1.9218738822601723e-10,8.424022313047174e-11,0.0,0.0,4.3173109531835506e-11,-7.85199891217836e-12,0.0,0.0,-0.18988978851142063,-0.054919736546225305
standardized,NR-AR,HEPG2,6,0.5317314611666769,0.8147521289289713,0.36964794680470975,0.10056218794649238,0.5317314611666769,0.8147521289289713,0.1772822295674407,0.045878430754086374,0.5317314611666769,0.8147521289289713,0.369647946964061,0.10056218801083576,0.5317314611666769,0.8147521289289713,0.17728222962906143,0.045878430757565467,0.0,0.0,1.5935125441401965e-10,6.434338617467005e-11,0.0,0.0,6.162077514915154e-11,3.479096871705778e-12,0.0,0.0,-0.19236571733499958,-0.05468375725327029
standardized,NR-AR,HEPG2,7,0.4422727045335445,0.8054194785218435,0.37310662775717507,0.10204022367681045,0.4422727045335445,0.8054194785218435,0.1735957653292301,0.0445329531092878,0.4422727045335445,0.8054194785218435,0.37310662808395123,0.1020402238110032,0.4422727045335445,0.8054194785218435,0.1735957654794376,0.04453295312223065,0.0,0.0,3.267761838898764e-10,1.3419274302872707e-10,0.0,0.0,1.502075269721459e-10,1.2942853733211024e-11,0.0,0.0,-0.19951086260451362,-0.05750727068877255
standardized,NR-AR,HEPG2,8,0.5841932244366512,0.8015214960003313,0.36968746922572826,0.10049111410585507,0.5841932244366512,0.8015214960003313,0.17939953680292076,0.046663900023298226,0.5841932244366512,0.8015214960003313,0.3696874692843299,0.10049111412854414,0.5841932244366512,0.8015214960003313,0.17939953686632332,0.04666390003039485,0.0,0.0,5.860163465598589e-11,2.268908672053982e-11,0.0,0.0,6.340253322356659e-11,7.096621207347553e-12,0.0,0.0,-0.1902879324180066,-0.0538272140981493
standardized,NR-AR,HEPG2,9,0.5430321267750775,0.8028419662986014,0.37543296211193883,0.10318943293343592,0.5430321267750775,0.8028419662986014,0.1852702275989847,0.048650469936037166,0.5430321267750775,0.8028419662986014,0.37543296257999925,0.10318943311988056,0.5430321267750775,0.8028419662986014,0.18527022790315614,0.048650469989367874,0.0,0.0,4.68060468161724e-10,1.8644464028216844e-10,0.0,0.0,3.0417144913919004e-10,5.333071276258927e-11,0.0,0.0,-0.19016273467684314,-0.05453896313051267
standardized,NR-AR,HEPG2,10,0.4730231958665486,0.7980846055879223,0.3762444822180781,0.10345650030027212,0.4730231958665486,0.7980846055879223,0.18881937010450106,0.05045183548356004,0.4730231958665486,0.7980846055879223,0.3762444822603216,0.1034565003228338,0.4730231958665486,0.7980846055879223,0.18881937010505567,0.05045183547527386,0.0,0.0,4.224350869108662e-11,2.256168307734896e-11,0.0,0.0,5.546174630666201e-13,-8.286166891524616e-12,0.0,0.0,-0.18742511215526594,-0.053004664847559925
standardized,NR-AR,HEPG2,11,0.5296839697221603,0.8065471482855638,0.3738345564364273,0.10234056045989479,0.5296839697221603,0.8065471482855638,0.1876520122527802,0.04976083392967691,0.5296839697221603,0.8065471482855638,0.37383455637947777,0.10234056044041831,0.5296839697221603,0.8065471482855638,0.18765201233171144,0.04976083393096113,0.0,0.0,-5.694955618196218e-11,-1.9476492640890796e-11,0.0,0.0,7.893124487345914e-11,1.2842157892656303e-12,0.0,0.0,-0.18618254404776632,-0.05257972650945717
standardized,NR-AR,HEPG2,12,0.5289932066133136,0.7826446786135798,0.37252102701629414,0.10174384603825186,0.5289932066133136,0.7826446786135798,0.18248433142993464,0.04818526421267718,0.5289932066133136,0.7826446786135798,0.37252102708017387,0.10174384606406321,0.5289932066133136,0.7826446786135798,0.18248433142504034,0.04818526419696777,0.0,0.0,6.38797348351261e-11,2.581133640155997e-11,0.0,0.0,-4.894296079527294e-12,-1.570941710049567e-11,0.0,0.0,-0.19003669565513354,-0.05355858186709543
standardized,NR-AR,HEPG2,13,0.6144049474117945,0.813358808900033,0.3730430638084728,0.10201987377505502,0.6144049474117945,0.813358808900033,0.17927759059344797,0.04648120486749477,0.6144049474117945,0.813358808900033,0.3730430638500342,0.1020198737926328,0.6144049474117945,0.813358808900033,0.1792775906606699,0.046481204877293604,0.0,0.0,4.1561409869217416e-11,1.75777642441588e-11,0.0,0.0,6.722190026842157e-11,9.798829109231023e-12,0.0,0.0,-0.19376547318936432,-0.05553866891533919
standardized,NR-AR,HEPG2,14,0.5897136917889643,0.8203153642145928,0.3723668616587392,0.10179387990091944,0.5897136917889643,0.8203153642145928,0.17903180428425508,0.04699440664533825,0.5897136917889643,0.8203153642145928,0.3723668617718944,0.1017938799494209,0.5897136917889643,0.8203153642145928,0.1790318043316163,0.046994406640309204,0.0,0.0,1.1315515191512304e-10,4.8501455629512693e-11,0.0,0.0,4.736124548099241e-11,-5.029044541915439e-12,0.0,0.0,-0.19333505744027804,-0.05479947330911169
standardized,NR-AR,HEPG2,15,0.5614587174726658,0.7496914271150261,0.37409371668799124,0.10239208405529525,0.5614587174726658,0.7496914271150261,0.17918200139325077,0.046107257656882554,0.5614587174726658,0.7496914271150261,0.37409371678810954,0.10239208409501996,0.5614587174726658,0.7496914271150261,0.1791820014812949,0.04610725766230932,0.0,0.0,1.0011829143508067e-10,3.972471240842879e-11,0.0,0.0,8.804412754415125e-11,5.426763205473861e-12,0.0,0.0,-0.19491171530681464,-0.056284826432710634
standardized,NR-AR,HEPG2,16,0.4739401796011894,0.7775521230512547,0.37606970141248036,0.10344021180696042,0.4739401796011894,0.7775521230512547,0.1904932242080316,0.05066087983006029,0.4739401796011894,0.7775521230512547,0.3760697015570492,0.10344021186206302,0.4739401796011894,0.7775521230512547,0.1904932243481452,0.050660879857624554,0.0,0.0,1.4456886798797087e-10,5.510259470931089e-11,0.0,0.0,1.401135873990711e-10,2.7564260596246726e-11,0.0,0.0,-0.185576477208904,-0.052779332004438476
standardized,NR-AR,HEPG2,17,0.5575217705077138,0.7889760005749997,0.369181455900609,0.10030172699962063,0.5575217705077138,0.7889760005749997,0.17802550288856414,0.04646588414608646,0.5575217705077138,0.7889760005749997,0.36918145591708224,0.10030172700768474,0.5575217705077138,0.7889760005749997,0.17802550295107736,0.046465884141309276,0.0,0.0,1.6473211683631916e-11,8.064091061577017e-12,0.0,0.0,6.25132112741511e-11,-4.777189754889832e-12,0.0,0.0,-0.19115595296600488,-0.05383584286637546
standardized,NR-AR,HEPG2,18,0.5785746386520224,0.8316733207715117,0.37377011764220053,0.1024303755767942,0.5785746386520224,0.8316733207715117,0.17936930319165176,0.046993309263790375,0.5785746386520224,0.8316733207715117,0.3737701178893519,0.10243037567140964,0.5785746386520224,0.8316733207715117,0.17936930333549206,0.04699330927751437,0.0,0.0,2.4715134383512804e-10,9.461545713573827e-11,0.0,0.0,1.4384029523029084e-10,1.3723995551107037e-11,0.0,0.0,-0.19440081455385982,-0.0554370663938953
standardized,NR-AR,HEPG2,19,0.5201738219291867,0.8048690242931263,0.3743379978467215,0.10270517656186559,0.5201738219291867,0.8048690242931263,0.18338167779209247,0.047732303820185305,0.5201738219291867,0.8048690242931263,0.37433799787546274,0.10270517657233466,0.5201738219291867,0.8048690242931263,0.18338167786671913,0.04773230382922265,0.0,0.0,2.8741276025812112e-11,1.0469083933095646e-11,0.0,0.0,7.462664375346151e-11,9.037348647211729e-12,0.0,0.0,-0.19095632000874363,-0.05497287274311202
standardized,NR-AR,HT29,0,0.5061005974221024,0.7328319602928571,0.3845076561520072,0.10712327827090425,0.5061005974221024,0.7328319602928571,0.22283675754276047,0.05828236981865352,0.5061005974221024,0.7328319602928571,0.3845076558776036,0.10712327815243705,0.5061005974221024,0.7328319602928571,0.22283675746183537,0.058282369851062235,0.0,0.0,-2.744035887403129e-10,-1.1846719716324116e-10,0.0,0.0,-8.092509995449859e-11,3.240871321308347e-11,0.0,0.0,-0.16167089841576823,-0.048840908301374816
standardized,NR-AR,HT29,1,0.4159353204217259,0.6652125158739383,0.3845557503703386,0.10693607673584977,0.4159353204217259,0.6652125158739383,0.20983491135273552,0.053778854718482295,0.4159353204217259,0.6652125158739383,0.3845557503739623,0.1069360767357412,0.4159353204217259,0.6652125158739383,0.2098349113480356,0.05377885474867265,0.0,0.0,3.623679134534541e-12,-1.0858258736590187e-13,0.0,0.0,-4.699945987951537e-12,3.019036270979214e-11,0.0,0.0,-0.17472083902592667,-0.05315722198706855
standardized,NR-AR,HT29,2,0.4519159123745148,0.6786959100513155,0.3902860380705974,0.10967249024666541,0.4519159123745148,0.6786959100513155,0.2112099834407354,0.054423010840668605,0.4519159123745148,0.6786959100513155,0.3902860380369847,0.10967249022557427,0.4519159123745148,0.6786959100513155,0.211209983523519,0.054423010878006516,0.0,0.0,-3.361272371549262e-11,-2.1091145496754393e-11,0.0,0.0,8.278360219549086e-11,3.733791470450498e-11,0.0,0.0,-0.17907605451346573,-0.055249479347567756
standardized,NR-AR,HT29,3,0.4745528360412715,0.7320950155999257,0.38095575599376197,0.10547967261588576,0.4745528360412715,0.7320950155999257,0.20862833825118718,0.053703824899155414,0.4745528360412715,0.7320950155999257,0.380955755798245,0.10547967255002835,0.4745528360412715,0.7320950155999257,0.20862833819556453,0.0537038249299428,0.0,0.0,-1.9551699148578905e-10,-6.585742784448456e-11,0.0,0.0,-5.562265648073605e-11,3.078738236572676e-11,0.0,0.0,-0.1723274176026805,-0.05177584762008554
standardized,NR-AR,HT29,4,0.44625490331393525,0.7087805933317951,0.38293137966392166,0.1064154477206977,0.44625490331393525,0.7087805933317951,0.20827216900774065,0.05330353138068646,0.44625490331393525,0.7087805933317951,0.3829313795014495,0.10641544764860691,0.44625490331393525,0.7087805933317951,0.20827216896152617,0.05330353139473061,0.0,0.0,-1.6247210243847122e-10,-7.209080277181812e-11,0.0,0.0,-4.621450444552977e-11,1.4044151952496976e-11,0.0,0.0,-0.1746592105399234,-0.053111916253876304
standardized,NR-AR,HT29,5,0.3811983942597372,0.6965834399466672,0.3850868411618558,0.10734340958285035,0.3811983942597372,0.6965834399466672,0.20657802775835266,0.05309201939222467,0.3811983942597372,0.6965834399466672,0.3850868411424608,0.10734340957457889,0.3811983942597372,0.6965834399466672,0.20657802779609286,0.053092019443110074,0.0,0.0,-1.939501892422868e-11,-8.27145296700138e-12,0.0,0.0,3.774018875191132e-11,5.088540144804199e-11,0.0,0.0,-0.17850881334636792,-0.054251390131468825
standardized,NR-AR,HT29,6,0.5295653384076873,0.7403515209338242,0.38049892150675935,0.10525851678799499,0.5295653384076873,0.7403515209338242,0.20345874895468352,0.05194242386841423,0.5295653384076873,0.7403515209338242,0.38049892134207364,0.10525851672220352,0.5295653384076873,0.7403515209338242,0.20345874889042811,0.05194242387130271,0.0,0.0,-1.6468570951388983e-10,-6.579145284124621e-11,0.0,0.0,-6.425540655108364e-11,2.8884825087338584e-12,0.0,0.0,-0.1770401724516455,-0.05331609285090082
standardized,NR-AR,HT29,7,0.4728053098052496,0.7076104943749755,0.39009039226380215,0.10960305314069711,0.4728053098052496,0.7076104943749755,0.21643947486591916,0.05582623053913632,0.4728053098052496,0.7076104943749755,0.39009039195400774,0.10960305300803945,0.4728053098052496,0.7076104943749755,0.2164394746776992,0.05582623054365121,0.0,0.0,-3.0979443454981494e-10,-1.3265766540815348e-10,0.0,0.0,-1.8821996738971336e-10,4.514878748640427e-12,0.0,0.0,-0.17365091727630852,-0.05377682246438824
standardized,NR-AR,HT29,8,0.45285517069115827,0.711587049745426,0.386533309392954,0.10800303724992286,0.45285517069115827,0.711587049745426,0.21223859031417205,0.05473876803525575,0.45285517069115827,0.711587049745426,0.3865333094604378,0.10800303727526153,0.45285517069115827,0.711587049745426,0.2122385904409138,0.05473876806906871,0.0,0.0,6.748377412435503e-11,2.5338647846595563e-11,0.0,0.0,1.2674174487692368e-10,3.3812964927992793e-11,0.0,0.0,-0.17429471901952395,-0.0532642692061928
standardized,NR-AR,HT29,9,0.46246465182445134,0.6846683333828654,0.38870706655733667,0.10901496337036432,0.46246465182445134,0.6846683333828654,0.2160337718382062,0.05505731492086126,0.46246465182445134,0.6846683333828654,0.3887070666807119,0.10901496341090758,0.46246465182445134,0.6846683333828654,0.21603377186680867,0.055057314927980675,0.0,0.0,1.2337526555938895e-10,4.054325486446686e-11,0.0,0.0,2.8602475943273477e-11,7.1194258821627445e-12,0.0,0.0,-0.17267329481390328,-0.05395764848292689
standardized,NR-AR,HT29,10,0.46356323221150636,0.7339072157969004,0.38238265499548707,0.10614009358766605,0.46356323221150636,0.7339072157969004,0.21064695761530444,0.054754884067531394,0.46356323221150636,0.7339072157969004,0.38238265482325673,0.10614009352327505,0.46356323221150636,0.7339072157969004,0.21064695743052173,0.05475488406524358,0.0,0.0,-1.722303744067233e-10,-6.439098976240842e-11,0.0,0.0,-1.8478268914989826e-10,-2.287811606827006e-12,0.0,0.0,-0.171735697392735,-0.051385209458031475
standardized,NR-AR,HT29,11,0.4231307330959975,0.6947225047756633,0.3792167381030248,0.10471618877302391,0.4231307330959975,0.6947225047756633,0.20188870411338916,0.05119248939154184,0.4231307330959975,0.6947225047756633,0.37921673775329523,0.10471618863480567,0.4231307330959975,0.6947225047756633,0.20188870392920624,0.05119248940285731,0.0,0.0,-3.497296119370219e-10,-1.38218259060352e-10,0.0,0.0,-1.8418290226307478e-10,1.1315480497042785e-11,0.0,0.0,-0.17732803382408896,-0.05352369923194835
standardized,NR-AR,HT29,12,0.4453374936608726,0.7052441343359026,0.3854269832073589,0.10745468714992998,0.4453374936608726,0.7052441343359026,0.20873017919783293,0.053746491531365514,0.4453374936608726,0.7052441343359026,0.3854269833228158,0.10745468718094123,0.4453374936608726,0.7052441343359026,0.20873017936693938,0.05374649160517766,0.0,0.0,1.154569106986969e-10,3.101123802196071e-11,0.0,0.0,1.6910645661560864e-10,7.381214389701185e-11,0.0,0.0,-0.17669680395587645,-0.053708195575763576
standardized,NR-AR,HT29,13,0.5075882520848582,0.7411657624938846,0.38264832957565664,0.10633181993336675,0.5075882520848582,0.7411657624938846,0.21202790460965285,0.05468776801545705,0.5075882520848582,0.7411657624938846,0.38264832933337745,0.10633181983323829,0.5075882520848582,0.7411657624938846,0.21202790444951627,0.05468776802083426,0.0,0.0,-2.4227921890940254e-10,-1.001284555268711e-10,0.0,0.0,-1.60136559568258e-10,5.377220890778744e-12,0.0,0.0,-0.17062042488386117,-0.05164405181240402
standardized,NR-AR,HT29,14,0.46551065247632356,0.7181586140483298,0.3852336561508126,0.10744218219563809,0.46551065247632356,0.7181586140483298,0.21184989013560607,0.05490750603784578,0.46551065247632356,0.7181586140483298,0.38523365583389896,0.10744218206622591,0.46551065247632356,0.7181586140483298,0.21184988996669873,0.05490750604213831,0.0,0.0,-3.169137285929935e-10,-1.294121698691697e-10,0.0,0.0,-1.6890730480945138e-10,4.292532995719966e-12,0.0,0.0,-0.1733837658672002,-0.05253467602408761
standardized,NR-AR,HT29,15,0.42130588770749944,0.6908302675100932,0.3849635586697511,0.10729246254792608,0.42130588770749944,0.6908302675100932,0.21473640597885196,0.055483008483359963,0.42130588770749944,0.6908302675100932,0.3849635583036061,0.10729246239687229,0.42130588770749944,0.6908302675100932,0.2147364057724558,0.055483008480907946,0.0,0.0,-3.6614495879661036e-10,-1.5105380557489668e-10,0.0,0.0,-2.0639616127304806e-10,-2.452024694399313e-12,0.0,0.0,-0.17022715253115034,-0.051809453915964344
standardized,NR-AR,HT29,16,0.4495855842541556,0.6979415535612409,0.38329515395799185,0.10654887820180277,0.4495855842541556,0.6979415535612409,0.20826297512652436,0.05340160755245273,0.4495855842541556,0.6979415535612409,0.38329515363713396,0.10654887807995397,0.4495855842541556,0.6979415535612409,0.20826297491858278,0.05340160754790276,0.0,0.0,-3.2085787360358606e-10,-1.2184880049392888e-10,0.0,0.0,-2.0794161392778677e-10,-4.5499631839973634e-12,0.0,0.0,-0.1750321787185512,-0.05314727053205119
standardized,NR-AR,HT29,17,0.44221850082469405,0.7251209105670932,0.38624529400965907,0.1078574282021765,0.44221850082469405,0.7251209105670932,0.21140006841016193,0.05473402884873892,0.44221850082469405,0.7251209105670932,0.3862452939237385,0.10785742817405689,0.44221850082469405,0.7251209105670932,0.21140006833190278,0.054734028882513594,0.0,0.0,-8.59205040448785e-11,-2.811961219428838e-11,0.0,0.0,-7.825912695658133e-11,3.3774677499209815e-11,0.0,0.0,-0.17484522559183574,-0.05312339929154327
standardized,NR-AR,HT29,18,0.45712284112395113,0.7476341300701486,0.38620145732150457,0.10780625363145539,0.45712284112395113,0.7476341300701486,0.21773802979189788,0.05657912466072732,0.45712284112395113,0.7476341300701486,0.38620145703503567,0.10780625351886552,0.45712284112395113,0.7476341300701486,0.21773802955625374,0.05657912464762068,0.0,0.0,-2.8646885974481507e-10,-1.1258987908657758e-10,0.0,0.0,-2.35644118107281e-10,-1.3106633139914336e-11,0.0,0.0,-0.1684634274787819,-0.05122712887124483
standardized,NR-AR,HT29,19,0.48079078885110765,0.729643559204671,0.3842556503485739,0.10689144904823426,0.48079078885110765,0.729643559204671,0.2075564078330713,0.05309919961497396,0.48079078885110765,0.729643559204671,0.3842556501173073,0.1068914489595596,0.48079078885110765,0.729643559204671,0.2075564076168555,0.053099199603324654,0.0,0.0,-2.3126660586569868e-10,-8.867466760875687e-11,0.0,0.0,-2.1621578971675603e-10,-1.1649306519423419e-11,0.0,0.0,-0.1766992425004518,-0.05379224935623496
standardized,NR-AR,MCF7,0,0.471904758122298,0.7477152959933042,0.37343636082103304,0.10215630528031486,0.471904758122298,0.7477152959933042,0.19870392271175824,0.0509193095141323,0.471904758122298,0.7477152959933042,0.3734363607776282,0.10215630528411221,0.471904758122298,0.7477152959933042,0.19870392258276925,0.0509193094887858,0.0,0.0,-4.3404846383765514e-11,3.797351322276654e-12,0.0,0.0,-1.289889806077582e-10,-2.5346495735600882e-11,0.0,0.0,-0.1747324381948589,-0.0512369957953264
standardized,NR-AR,MCF7,1,0.4095896429326146,0.6836224253692582,0.37072256295208483,0.10094195739150921,0.4095896429326146,0.6836224253692582,0.18417421022735855,0.04581067312047363,0.4095896429326146,0.6836224253692582,0.37072256303896345,0.10094195743801189,0.4095896429326146,0.6836224253692582,0.18417421018766408,0.04581067310775991,0.0,0.0,8.687863761736025e-11,4.6502671158243915e-11,0.0,0.0,-3.9694469933238e-11,-1.271372035427376e-11,0.0,0.0,-0.1865483528512994,-0.05513128433025198
standardized,NR-AR,MCF7,2,0.44893249222467596,0.7152678302369108,0.37194189393106003,0.10150358269878623,0.44893249222467596,0.7152678302369108,0.19089458878803567,0.048496592448320164,0.44893249222467596,0.7152678302369108,0.3719418937955972,0.10150358265767143,0.44893249222467596,0.7152678302369108,0.19089458870693793,0.04849659242635971,0.0,0.0,-1.354627854333046e-10,-4.111481433088926e-11,0.0,0.0,-8.109774518594293e-11,-2.1960459839487355e-11,0.0,0.0,-0.1810473050886593,-0.05300699023131171
standardized,NR-AR,MCF7,3,0.449257142328425,0.724793472645758,0.379537915751733,0.10484788361347289,0.449257142328425,0.724793472645758,0.19534947591928986,0.049994647266346774,0.449257142328425,0.724793472645758,0.3795379156318039,0.10484788357675164,0.449257142328425,0.724793472645758,0.19534947569442848,0.04999464722076025,0.0,0.0,-1.1992908888203146e-10,-3.672124271325572e-11,0.0,0.0,-2.248613795163834e-10,-4.558652760833226e-11,0.0,0.0,-0.18418843993737544,-0.054853236355991396
standardized,NR-AR,MCF7,4,0.4457891145853063,0.73242802291181,0.3712887483771762,0.10118697161677126,0.4457891145853063,0.73242802291181,0.1858940175135182,0.04653759161334607,0.4457891145853063,0.73242802291181,0.37128874854225985,0.10118697170206721,0.4457891145853063,0.73242802291181,0.1858940174890479,0.04653759160850037,0.0,0.0,1.6508368005929698e-10,8.529593698014537e-11,0.0,0.0,-2.4470314663460613e-11,-4.845703005518232e-12,0.0,0.0,-0.18539473105321197,-0.05464938009356683
standardized,NR-AR,MCF7,5,0.49137900283638264,0.7558114372450941,0.3746692861558831,0.10272514225998104,0.49137900283638264,0.7558114372450941,0.19204151074881962,0.04911855575802081,0.49137900283638264,0.7558114372450941,0.374669286066564,0.10272514223514773,0.49137900283638264,0.7558114372450941,0.19204151072257872,0.04911855574884887,0.0,0.0,-8.931905215447955e-11,-2.4833329836937423e-11,0.0,0.0,-2.624089279201769e-11,-9.171938208929476e-12,0.0,0.0,-0.18262777534398528,-0.053606586486298846
standardized,NR-AR,MCF7,6,0.4811823809331499,0.7412365344288524,0.3751610806180583,0.10311282182116306,0.4811823809331499,0.7412365344288524,0.1982406584559303,0.05111250830960943,0.4811823809331499,0.7412365344288524,0.375161080506646,0.10311282178517953,0.4811823809331499,0.7412365344288524,0.19824065824345305,0.051112508252390575,0.0,0.0,-1.1141227940214548e-10,-3.598352449341036e-11,0.0,0.0,-2.1247725801032402e-10,-5.7218851878815255e-11,0.0,0.0,-0.176920422263193,-0.05200031353278896
standardized,NR-AR,MCF7,7,0.4666267074867901,0.7558721652379269,0.3712483762297488,0.10121214937948045,0.4666267074867901,0.7558721652379269,0.18731537649239066,0.04737764736580906,0.4666267074867901,0.7558721652379269,0.3712483760953488,0.10121214932668085,0.4666267074867901,0.7558721652379269,0.1873153763339656,0.04737764731983646,0.0,0.0,-1.3440004664744265e-10,-5.2799578598161646e-11,0.0,0.0,-1.5842508971353199e-10,-4.597259795069419e-11,0.0,0.0,-0.18393299976138322,-0.0538345020068444
standardized,NR-AR,MCF7,8,0.44798910899585065,0.7268537554602074,0.3737610133018875,0.10231995249689785,0.44798910899585065,0.7268537554602074,0.19938428464430175,0.051694372683378474,0.44798910899585065,0.7268537554602074,0.37376101331521705,0.10231995251526882,0.44798910899585065,0.7268537554602074,0.19938428486216395,0.051694372717173476,0.0,0.0,1.3329504167103323e-11,1.837097696189005e-11,0.0,0.0,2.178622171555844e-10,3.3795008458348264e-11,0.0,0.0,-0.17437672845305308,-0.05062557979809533
standardized,NR-AR,MCF7,9,0.5704267385397928,0.7952153702556822,0.3687108994691794,0.10001738296693166,0.5704267385397928,0.7952153702556822,0.17900692772115892,0.044608243811966014,0.5704267385397928,0.7952153702556822,0.3687108992901977,0.10001738290728776,0.5704267385397928,0.7952153702556822,0.17900692751206454,0.04460824376282174,0.0,0.0,-1.7898172943731084e-10,-5.964387594925569e-11,0.0,0.0,-2.0909437237204287e-10,-4.91442716382684e-11,0.0,0.0,-0.18970397177813317,-0.05540913914446603
standardized,NR-AR,MCF7,10,0.4156706125735038,0.7386421819396751,0.371016150087316,0.10111009914793936,0.4156706125735038,0.7386421819396751,0.19142764406158602,0.04847475186601799,0.4156706125735038,0.7386421819396751,0.3710161501251079,0.10111009918185551,0.4156706125735038,0.7386421819396751,0.1914276440946178,0.0484747518655447,0.0,0.0,3.7791914042628604e-11,3.391614489256511e-11,0.0,0.0,3.303176621116677e-11,-4.732880753977042e-13,0.0,0.0,-0.1795885060304901,-0.05263534731631081
standardized,NR-AR,MCF7,11,0.45713802732814734,0.7422737131180825,0.3737637124002412,0.10238842066516499,0.45713802732814734,0.7422737131180825,0.19499432663600266,0.049795664231747694,0.45713802732814734,0.7422737131180825,0.373763712327567,0.10238842064611471,0.45713802732814734,0.7422737131180825,0.19499432644083747,0.04979566419490915,0.0,0.0,-7.267425550239182e-11,-1.9050269695064516e-11,0.0,0.0,-1.9516518401374582e-10,-3.683854193914371e-11,0.0,0.0,-0.1787693858867295,-0.05259275645120557
standardized,NR-AR,MCF7,12,0.523051900059063,0.7900662277162379,0.3634391182709268,0.09775235381566391,0.523051900059063,0.7900662277162379,0.17487752840544563,0.04349878181544587,0.523051900059063,0.7900662277162379,0.3634391183024833,0.09775235384741801,0.523051900059063,0.7900662277162379,0.1748775282505463,0.043498781770814024,0.0,0.0,3.1556601776117074e-11,3.175410767664033e-11,0.0,0.0,-1.5489934057644207e-10,-4.463185029890404e-11,0.0,0.0,-0.18856159005193707,-0.054253572076603994
standardized,NR-AR,MCF7,13,0.39670470129000923,0.7268901378065189,0.3680653767360833,0.09976130432338477,0.39670470129000923,0.7268901378065189,0.1863618897021897,0.04693317148759414,0.39670470129000923,0.7268901378065189,0.36806537671541284,0.09976130432664743,0.39670470129000923,0.7268901378065189,0.1863618895851767,0.04693317145044851,0.0,0.0,-2.0670432032687815e-11,3.262665138059617e-12,0.0,0.0,-1.1701303259670225e-10,-3.714563517887015e-11,0.0,0.0,-0.18170348713023618,-0.05282813287619892
standardized,NR-AR,MCF7,14,0.4767568316519834,0.7568485184387835,0.36686364500912455,0.09915071832967522,0.4767568316519834,0.7568485184387835,0.1891477071424295,0.04843688565997526,0.4767568316519834,0.7568485184387835,0.36686364518254877,0.09915071841658238,0.4767568316519834,0.7568485184387835,0.1891477073105818,0.04843688567943762,0.0,0.0,1.7342420832733295e-10,8.6907164797978e-11,0.0,0.0,1.6815228653932478e-10,1.9462369216238784e-11,0.0,0.0,-0.17771593787196696,-0.05071383273714475
standardized,NR-AR,MCF7,15,0.4572629785221064,0.7136330090451019,0.3721235082849431,0.10151756083719314,0.4572629785221064,0.7136330090451019,0.19338800400454328,0.04928627574966933,0.4572629785221064,0.7136330090451019,0.37212350823166984,0.10151756082486474,0.4576572546296225,0.7182446595305387,0.19314810791424333,0.04918625118252349,0.0,0.0,-5.327328578275114e-11,-1.2328410514683696e-11,0.0003942761075161116,0.004611650485436903,-0.00023989609029994585,-0.00010002456714584551,0.0003942761075161116,0.004611650485436903,-0.17897540031742648,-0.05233130964234125
standardized,NR-AR,MCF7,16,0.46216547616928255,0.7198395790299525,0.37542621384625596,0.10302612634845701,0.46216547616928255,0.7198395790299525,0.19625514162083893,0.049809300385779263,0.46216547616928255,0.7198395790299525,0.37542621365122597,0.10302612627603876,0.46216547616928255,0.7198395790299525,0.19625514135983124,0.04980930033056353,0.0,0.0,-1.9503002546272797e-10,-7.241823529735569e-11,0.0,0.0,-2.6100768768522187e-10,-5.52157333744141e-11,0.0,0.0,-0.17917107229139473,-0.053216825945475235
standardized,NR-AR,MCF7,17,0.4379361325839833,0.73385120832304,0.3787663068074756,0.10455902885830222,0.4379361325839833,0.73385120832304,0.20027727019752573,0.051405934482991425,0.4379361325839833,0.73385120832304,0.37876630661718524,0.10455902878980079,0.4379361325839833,0.73385120832304,0.20027726989406416,0.05140593442262925,0.0,0.0,-1.9029035014384022e-10,-6.850143230430206e-11,0.0,0.0,-3.034615725372447e-10,-6.036216804172767e-11,0.0,0.0,-0.1784890367231211,-0.05315309436717153
standardized,NR-AR,MCF7,18,0.44676786571468446,0.6990927417863453,0.37557542023361445,0.10315616803606145,0.44676786571468446,0.6990927417863453,0.1953662824184467,0.04953761805916052,0.44676786571468446,0.6990927417863453,0.3755754201123692,0.1031561679956354,0.44676786571468446,0.6990927417863453,0.19536628225940156,0.04953761802581218,0.0,0.0,-1.2124524717549435e-10,-4.042604861975718e-11,0.0,0.0,-1.5904514372167e-10,-3.334833797996595e-11,0.0,0.0,-0.1802091378529677,-0.05361854996982322
standardized,NR-AR,MCF7,19,0.41462608107847976,0.7254917440356439,0.37573282394644736,0.10319082914300523,0.41462608107847976,0.7254917440356439,0.19142102693353072,0.04877767154982862,0.41462608107847976,0.7254917440356439,0.3757328238384857,0.10319082910999929,0.41462608107847976,0.7254917440356439,0.1914210267157174,0.04877767150409905,0.0,0.0,-1.0796163962822902e-10,-3.300595907695936e-11,0.0,0.0,-2.1781333403581017e-10,-4.5729571518382527e-11,0.0,0.0,-0.18431179712276835,-0.05441315760590023
standardized,NR-AR-LBD,HA1E,0,0.6654863838675831,0.8703263206388205,0.16202408933326734,0.03925662119862246,0.6654863838675831,0.8703263206388205,0.1299500074158904,0.03136308051708481,0.6654863838675831,0.8703263206388205,0.16202408922995012,0.039256621122412,0.6654863838675831,0.8703263206388205,0.12995000729896644,0.031363080459256856,0.0,0.0,-1.033172297715268e-10,-7.621045322592224e-11,0.0,0.0,-1.169239510767639e-10,-5.7827951802091884e-11,0.0,0.0,-0.03207408193098369,-0.007893540663155148
standardized,NR-AR-LBD,HA1E,1,0.5942838490772486,0.8533086741369507,0.16494094210140572,0.040213904039170315,0.5942838490772486,0.8533086741369507,0.13327848159301248,0.0319685982813817,0.5942838490772486,0.8533086741369507,0.1649409420510739,0.040213903994098174,0.5942838490772486,0.8533086741369507,0.13327848155354613,0.03196859825237726,0.0,0.0,-5.0331808165715586e-11,-4.507213768878415e-11,0.0,0.0,-3.946634130613802e-11,-2.900444190379048e-11,0.0,0.0,-0.03166246049752778,-0.00824530574172092
standardized,NR-AR-LBD,HA1E,2,0.46601422086730926,0.7841630458926607,0.17763933254987296,0.044471977989152214,0.46601422086730926,0.7841630458926607,0.1488811040101674,0.03627955631089271,0.46601422086730926,0.7841630458926607,0.17763933240098667,0.04447197790729133,0.46601422086730926,0.7841630458926607,0.1488811038874899,0.036279556250852565,0.0,0.0,-1.4888628940834537e-10,-8.18608875130522e-11,0.0,0.0,-1.2267749871508471e-10,-6.004014924121393e-11,0.0,0.0,-0.028758228513496763,-0.00819242165643876
standardized,NR-AR-LBD,HA1E,3,0.5460492394455565,0.8269189724906173,0.16643310145554663,0.040729604587551864,0.5460492394455565,0.8269189724906173,0.13415258876186634,0.03244394737327587,0.5460492394455565,0.8269189724906173,0.16643310134335476,0.04072960451848383,0.5460492394455565,0.8269189724906173,0.1341525886801849,0.032443947324586726,0.0,0.0,-1.1219186690780703e-10,-6.906804364548158e-11,0.0,0.0,-8.168143661446692e-11,-4.868915062794521e-11,0.0,0.0,-0.03228051266316988,-0.0082856571938971
standardized,NR-AR-LBD,HA1E,4,0.4907237743437614,0.7818849430491026,0.16933934558662656,0.041475752606207936,0.4907237743437614,0.7818849430491026,0.13983185302824572,0.033735120333244835,0.4907237743437614,0.7818849430491026,0.16933934551307697,0.04147575258584411,0.4907237743437614,0.7818849430491026,0.13983185293358796,0.0337351202882347,0.0,0.0,-7.35495830905819e-11,-2.0363828678870988e-11,0.0,0.0,-9.465776773520673e-11,-4.50101345084164e-11,0.0,0.0,-0.029507492579489,-0.007740632297609407
standardized,NR-AR-LBD,HA1E,5,0.6039845971300342,0.8812882082015889,0.16585116864599617,0.04100876845568171,0.6039845971300342,0.8812882082015889,0.13083347772473894,0.03187211820845064,0.6039845971300342,0.8812882082015889,0.16585116854472215,0.041008768403163,0.6039845971300342,0.8812882082015889,0.13083347765829528,0.03187211818012282,0.0,0.0,-1.0127400584813984e-10,-5.251871576517075e-11,0.0,0.0,-6.64436727859652e-11,-2.8327818563100848e-11,0.0,0.0,-0.035017690886426894,-0.00913665022304018
standardized,NR-AR-LBD,HA1E,6,0.5773627461553026,0.8131200571880625,0.1657450963590727,0.04069644756899624,0.5773627461553026,0.8131200571880625,0.12827263018032667,0.03058488837948122,0.5773627461553026,0.8131200571880625,0.16574509617310568,0.04069644747760626,0.5773627461553026,0.8131200571880625,0.1282726300299765,0.030584888317435055,0.0,0.0,-1.859670306636474e-10,-9.138998308122481e-11,0.0,0.0,-1.5035018230413755e-10,-6.204616057048362e-11,0.0,0.0,-0.0374724661431292,-0.010111559160171204
standardized,NR-AR-LBD,HA1E,7,0.46622424307054217,0.7672693056987174,0.17851866155892002,0.04481983188054924,0.46622424307054217,0.7672693056987174,0.14565520481243957,0.03533509652308225,0.46622424307054217,0.7672693056987174,0.1785186615204069,0.044819831826638235,0.46622424307054217,0.7672693056987174,0.14565520477284627,0.03533509647214422,0.0,0.0,-3.851311769498267e-11,-5.391100829643669e-11,0.0,0.0,-3.959330086011903e-11,-5.093802671329861e-11,0.0,0.0,-0.03286345674756065,-0.009484735354494012
standardized,NR-AR-LBD,HA1E,8,0.4736784262102166,0.8315038064476301,0.17048428637349122,0.04250971035439099,0.4736784262102166,0.8315038064476301,0.13689064203232665,0.033611578178124074,0.4736784262102166,0.8315038064476301,0.17048428645485628,0.04250971036750488,0.4736784262102166,0.8315038064476301,0.13689064200931397,0.03361157815746899,0.0,0.0,8.13650702369273e-11,1.3113888447380262e-11,0.0,0.0,-2.3012666772181943e-11,-2.065508250548298e-11,0.0,0.0,-0.03359364444554229,-0.008898132210035886
standardized,NR-AR-LBD,HA1E,9,0.5940397796642485,0.8210739975978679,0.17599533687213267,0.043306304920549384,0.5940397796642485,0.8210739975978679,0.1477851844187649,0.03542941607605663,0.5940397796642485,0.8210739975978679,0.17599533700520303,0.04330630493582087,0.5940397796642485,0.8210739975978679,0.1477851844602798,0.03542941604502278,0.0,0.0,1.330703547353096e-10,1.5271491016211057e-11,0.0,0.0,4.151488874892806e-11,-3.103384910163598e-11,0.0,0.0,-0.028210152544923244,-0.00787688889079809
standardized,NR-AR-LBD,HA1E,10,0.5349552205980289,0.8300977271072345,0.16914811199362045,0.041761874573777065,0.5349552205980289,0.8300977271072345,0.13926737965191757,0.03451879981034765,0.5349552205980289,0.8300977271072345,0.1691481119413374,0.04176187452723769,0.5349552205980289,0.8300977271072345,0.13926737955927196,0.034518799763548144,0.0,0.0,-5.228306676485772e-11,-4.653937304976985e-11,0.0,0.0,-9.264562172983659e-11,-4.6799513570006114e-11,0.0,0.0,-0.029880732382065445,-0.007243074763689551
standardized,NR-AR-LBD,HA1E,11,0.5652729478071066,0.8743952523850401,0.17267082286567997,0.04362574987507203,0.5652729478071066,0.8743952523850401,0.137041930828663,0.034016392394196494,0.5652729478071066,0.8743952523850401,0.17267082315244295,0.043625749934049066,0.5652729478071066,0.8743952523850401,0.1370419310505659,0.034016392409143184,0.0,0.0,2.8676300223295925e-10,5.89770343673024e-11,0.0,0.0,2.2190289050705304e-10,1.4946684168126724e-11,0.0,0.0,-0.03562889210187707,-0.009609357524905885
standardized,NR-AR-LBD,HA1E,12,0.5468478887876489,0.8098736749346316,0.1698378515476155,0.04153198947447322,0.5468478887876489,0.8098736749346316,0.14346686499336678,0.03396877878877862,0.5468478887876489,0.8098736749346316,0.16983785153635275,0.04153198944590346,0.5468478887876489,0.8098736749346316,0.14346686496159017,0.03396877875405837,0.0,0.0,-1.1262718535576255e-11,-2.856976877296802e-11,0.0,0.0,-3.177661744846461e-11,-3.4720244040942205e-11,0.0,0.0,-0.0263709865747626,-0.007563210691845085
standardized,NR-AR-LBD,HA1E,13,0.5737192983189455,0.804381287700811,0.17524273178751604,0.04311406190722389,0.5737192983189455,0.804381287700811,0.14497618790969172,0.03454903248794326,0.5737192983189455,0.804381287700811,0.17524273170718246,0.043114061844659025,0.5737192983189455,0.804381287700811,0.1449761878363834,0.03454903244391576,0.0,0.0,-8.03335592491905e-11,-6.256486509426118e-11,0.0,0.0,-7.3308292769525e-11,-4.402750872212202e-11,0.0,0.0,-0.03026654387079906,-0.00856502940074327
standardized,NR-AR-LBD,HA1E,14,0.542703930328847,0.8556414018007267,0.1737748141764151,0.042627361428704935,0.542703930328847,0.8556414018007267,0.1501156246958884,0.03666375564342863,0.542703930328847,0.8556414018007267,0.17377481410388285,0.042627361382353256,0.542703930328847,0.8556414018007267,0.15011562466390393,0.036663755601322706,0.0,0.0,-7.25322690797725e-11,-4.6351682214673675e-11,0.0,0.0,-3.19844678520198e-11,-4.21059201394236e-11,0.0,0.0,-0.02365918943997889,-0.005963605781030546
standardized,NR-AR-LBD,HA1E,15,0.5839719162671729,0.8685499768923954,0.16357707099526558,0.04021817502007257,0.5839719162671729,0.8685499768923954,0.12792991267768336,0.031347748780118104,0.5839719162671729,0.8685499768923954,0.16357707090360057,0.04021817494661671,0.5839719162671729,0.8685499768923954,0.1279299125893381,0.031347748722334534,0.0,0.0,-9.16650116922213e-11,-7.345586153229e-11,0.0,0.0,-8.834524223289008e-11,-5.7783565432512065e-11,0.0,0.0,-0.03564715831426245,-0.008870426224282173
standardized,NR-AR-LBD,HA1E,16,0.5390343050409623,0.8135364817011826,0.17273281782437078,0.04287239336947176,0.5390343050409623,0.8135364817011826,0.1433858473681459,0.03568777622819509,0.5390343050409623,0.8135364817011826,0.1727328178472536,0.042872393355344304,0.5390343050409623,0.8135364817011826,0.14338584734513754,0.03568777619727164,0.0,0.0,2.288282618945203e-11,-1.4127454761592162e-11,0.0,0.0,-2.3008400740209822e-11,-3.092344644239908e-11,0.0,0.0,-0.02934697050211609,-0.007184617158072668
standardized,NR-AR-LBD,HA1E,17,0.5516998428818249,0.829435853608725,0.18258759631775795,0.0461458526230976,0.5516998428818249,0.829435853608725,0.1560911753872088,0.03791767625341837,0.5516998428818249,0.829435853608725,0.18258759624358134,0.046145852566428634,0.5516998428818249,0.829435853608725,0.15609117528701044,0.0379176761941998,0.0,0.0,-7.417662317710239e-11,-5.666896257805476e-11,0.0,0.0,-1.0019833018848345e-10,-5.921856477408838e-11,0.0,0.0,-0.0264964209565709,-0.008228176372228838
standardized,NR-AR-LBD,HA1E,18,0.6408938243841679,0.842569712974705,0.1643240502801358,0.0403575762786446,0.6408938243841679,0.842569712974705,0.13667828097814302,0.03392193398425042,0.6408938243841679,0.842569712974705,0.16432405032520309,0.04035757625992297,0.6408938243841679,0.842569712974705,0.136678280998691,0.033921933951182724,0.0,0.0,4.506729434083922e-11,-1.872163118976644e-11,0.0,0.0,2.0547971657514096e-11,-3.306769649769059e-11,0.0,0.0,-0.027645769326512082,-0.006435642308740251
standardized,NR-AR-LBD,HA1E,19,0.5201997223856543,0.7601579387046076,0.17040384118304303,0.04211404435006831,0.5201997223856543,0.7601579387046076,0.1378886214888091,0.03359503748275207,0.5201997223856543,0.7601579387046076,0.17040384110964052,0.042114044279351656,0.5201997223856543,0.7601579387046076,0.13788862146699965,0.03359503744831569,0.0,0.0,-7.340251184650982e-11,-7.071665475422151e-11,0.0,0.0,-2.180944591589906e-11,-3.4436376666890925e-11,0.0,0.0,-0.03251521964264087,-0.008519006831035968
standardized,NR-AR-LBD,HEPG2,0,0.5650271074371717,0.8327348961052665,0.17700861964496215,0.044085734413561,0.5650271074371717,0.8327348961052665,0.1370176552446449,0.03288195557735809,0.5650271074371717,0.8327348961052665,0.1770086194182162,0.04408573438449879,0.5650389115172173,0.8328034832108907,0.1370091557306996,0.03288163944305432,0.0,0.0,-2.2674596089622412e-10,-2.906221444054502e-11,1.1804080045552112e-05,6.85871056241183e-05,-8.499513945295357e-06,-3.1613430376935257e-07,1.1804080045552112e-05,6.85871056241183e-05,-0.03999946368751658,-0.011204094941444465
standardized,NR-AR-LBD,HEPG2,1,0.45502779571423196,0.7934009823000648,0.18360673698861954,0.04627725411728744,0.45502779571423196,0.7934009823000648,0.14710142184573305,0.03575882039867849,0.45502779571423196,0.7934009823000648,0.18360673713066702,0.046277254196572845,0.45502779571423196,0.7934009823000648,0.14710142177789898,0.035758820400462736,0.0,0.0,1.4204749043678078e-10,7.928540185497823e-11,0.0,0.0,-6.783405781529694e-11,1.7842435862114315e-12,0.0,0.0,-0.036505315352768034,-0.010518433796110107
standardized,NR-AR-LBD,HEPG2,2,0.621477069338308,0.8614017954684327,0.17912236963369046,0.04530806738934399,0.621477069338308,0.8614017954684327,0.14000079093128756,0.03352769366759622,0.621477069338308,0.8614017954684327,0.17912236966811404,0.045308067437473766,0.621477069338308,0.8614017954684327,0.14000079085211306,0.03352769367381971,0.0,0.0,3.4423575101527604e-11,4.8129777246996855e-11,0.0,0.0,-7.917449473815452e-11,6.223494636303783e-12,0.0,0.0,-0.039121578816000965,-0.011780373763654052
standardized,NR-AR-LBD,HEPG2,3,0.5670941601224454,0.8542972254083365,0.1819152618448608,0.04600842587649357,0.5670941601224454,0.8542972254083365,0.14508696554750525,0.03496315233438803,0.5695119092927163,0.8561490772601884,0.1819363621414763,0.04606891347849975,0.5670941601224454,0.8542972254083365,0.14508696532050572,0.03496315229747196,0.002417749170270911,0.0018518518518518602,2.1100296615486626e-05,6.0487602006183136e-05,0.0,0.0,-2.2699951640614557e-10,-3.691606395572755e-11,-0.002417749170270911,-0.0018518518518518602,-0.03684939682097056,-0.01110576118102779
standardized,NR-AR-LBD,HEPG2,4,0.5953260592905936,0.8194758761038375,0.1812868412549784,0.04530883006153279,0.5953260592905936,0.8194758761038375,0.14616079769905793,0.034759164477185266,0.5953260592905936,0.8194758761038375,0.1812868411807416,0.045308830082174234,0.5953260592905936,0.8194758761038375,0.14616079755927047,0.034759164459664094,0.0,0.0,-7.423680004059463e-11,2.0641450354519364e-11,0.0,0.0,-1.3978745383447233e-10,-1.752116784992097e-11,0.0,0.0,-0.03512604362147111,-0.010549665622510137
standardized,NR-AR-LBD,HEPG2,5,0.4752619554333067,0.7921817190690931,0.1884594744666711,0.047753749186889884,0.4752619554333067,0.7921817190690931,0.15944514662651682,0.038683086099416716,0.4752619554333067,0.7921817190690931,0.1884594743083771,0.04775374916811938,0.4752619554333067,0.7921817190690931,0.15944514645214317,0.03868308607209396,0.0,0.0,-1.5829400568101447e-10,-1.877050320731044e-11,0.0,0.0,-1.7437364330241677e-10,-2.7322755169478796e-11,0.0,0.0,-0.029014327856233924,-0.009070663096025418
standardized,NR-AR-LBD,HEPG2,6,0.49861871279748565,0.8030822233921864,0.18093154215661844,0.04566929393381357,0.49861871279748565,0.8030822233921864,0.14245541958870364,0.034705845356943696,0.49861871279748565,0.8030822233921864,0.18093154208357148,0.04566929394894857,0.49861871279748565,0.8030822233921864,0.14245541942953083,0.03470584533608625,0.0,0.0,-7.304694071841311e-11,1.5135002973121202e-11,0.0,0.0,-1.5917282769617458e-10,-2.0857440774513236e-11,0.0,0.0,-0.03847612265404067,-0.010963448612862326
standardized,NR-AR-LBD,HEPG2,7,0.5882294172968274,0.8469300782010751,0.18641724936119192,0.04708540397671085,0.5882294172968274,0.8469300782010751,0.15384185411817838,0.03709286152336162,0.5882294172968274,0.8469300782010751,0.18641724944672372,0.04708540405278956,0.5882294172968274,0.8469300782010751,0.15384185410429785,0.037092861538014964,0.0,0.0,8.553178998393918e-11,7.6078715549599e-11,0.0,0.0,-1.3880541160915527e-11,1.4653337571113312e-11,0.0,0.0,-0.032575395342425886,-0.009992542514774602
standardized,NR-AR-LBD,HEPG2,8,0.5369852862848052,0.7871775577944822,0.18449354352166844,0.04632478010261042,0.5369852862848052,0.7871775577944822,0.1478220285298998,0.0351149874761565,0.5369852862848052,0.7871775577944822,0.1844935435809544,0.0463247801790877,0.5369852862848052,0.7871775577944822,0.14782202850307583,0.03511498750294907,0.0,0.0,5.928593171944385e-11,7.647727867654553e-11,0.0,0.0,-2.6823973597878137e-11,2.6792568164069053e-11,0.0,0.0,-0.03667151507787856,-0.011209792676138631
standardized,NR-AR-LBD,HEPG2,9,0.6192375216194803,0.8636638634516622,0.17855418311701404,0.04507204648768631,0.6192375216194803,0.8636638634516622,0.13830603329488705,0.033886616421961974,0.6192375216194803,0.8636638634516622,0.17855418312053062,0.04507204651909054,0.6189921213878743,0.8654656652534639,0.13826438459210943,0.033904793769160314,0.0,0.0,3.516575919348952e-12,3.1404225053766054e-11,-0.0002454002316060411,0.0018018018018017834,-4.1648702777621896e-05,1.8177347198340342e-05,-0.0002454002316060411,0.0018018018018017834,-0.0402897985284212,-0.011167252749930226
standardized,NR-AR-LBD,HEPG2,10,0.5360195253702665,0.7503955863241524,0.18679963124569218,0.04730195660978007,0.5360195253702665,0.7503955863241524,0.1477650388691197,0.03576420834702097,0.5360195253702665,0.7503955863241524,0.18679963115433776,0.047301956619635474,0.5360195253702665,0.7503955863241524,0.14776503876077332,0.035764208335098635,0.0,0.0,-9.13544490055429e-11,9.855410931791652e-12,0.0,0.0,-1.0834642349966117e-10,-1.1922341586201313e-11,0.0,0.0,-0.039034592393564445,-0.011537748284536842
standardized,NR-AR-LBD,HEPG2,11,0.5370262542342445,0.7605422261069676,0.17813284276556435,0.044852345750476585,0.5370262542342445,0.7605422261069676,0.1400524946701577,0.03464560061118033,0.5370262542342445,0.7605422261069676,0.17813284265786777,0.044852345755141285,0.5370262542342445,0.7605422261069676,0.1400524945009197,0.034645600578814564,0.0,0.0,-1.0769658498333001e-10,4.6646943252515175e-12,0.0,0.0,-1.6923799861512379e-10,-3.2365760072039504e-11,0.0,0.0,-0.038080348156948086,-0.010206745176326717
standardized,NR-AR-LBD,HEPG2,12,0.49575082584832747,0.7656782739449468,0.18819507672582297,0.04785546979143358,0.49575082584832747,0.7656782739449468,0.14907317549885482,0.036135743480128324,0.49575082584832747,0.7656782739449468,0.18819507667332208,0.047855469828237726,0.4947536748511765,0.7653310517227248,0.14971771332249192,0.03631824685230011,0.0,0.0,-5.25008980734043e-11,3.680414306650448e-11,-0.0009971509971510085,-0.0003472222222222099,0.0006445378236371258,0.00018250337217178835,-0.0009971509971510085,-0.0003472222222222099,-0.038477363350830164,-0.01153722297593761
standardized,NR-AR-LBD,HEPG2,13,0.5361515844791968,0.8126537678248835,0.17979064260050442,0.045114958382693374,0.5361515844791968,0.8126537678248835,0.14708691754961176,0.03597262670267902,0.5361515844791968,0.8126537678248835,0.17979064248563642,0.045114958373599225,0.5361515844791968,0.8126537678248835,0.14708691743106245,0.03597262667790275,0.0,0.0,-1.1486803175309035e-10,-9.094151820487894e-12,0.0,0.0,-1.185493120337e-10,-2.4776271312365594e-11,0.0,0.0,-0.03270372505457396,-0.009142331695696481
standardized,NR-AR-LBD,HEPG2,14,0.5907857041496815,0.8074546477008028,0.1798296705904159,0.04500630400687851,0.5907857041496815,0.8074546477008028,0.1444943302734814,0.035148195891684234,0.5907857041496815,0.8074546477008028,0.17982967049977522,0.04500630401171428,0.5907857041496815,0.8074546477008028,0.14449433009961685,0.03514819586779061,0.0,0.0,-9.064066719410846e-11,4.835760958332713e-12,0.0,0.0,-1.738645449833598e-10,-2.3893623191106883e-11,0.0,0.0,-0.03533534040015838,-0.009858108143923664
standardized,NR-AR-LBD,HEPG2,15,0.5816824771638043,0.8609399568010732,0.19264494942621296,0.04933551675767417,0.5816824771638043,0.8609399568010732,0.1618275402795751,0.03893201708471762,0.5816824771638043,0.8609399568010732,0.1926449492390792,0.04933551674005082,0.5816824771638043,0.8609399568010732,0.16182754005789873,0.03893201704929692,0.0,0.0,-1.871337751424562e-10,-1.7623345838213565e-11,0.0,0.0,-2.2167636615222363e-10,-3.542070872719627e-11,0.0,0.0,-0.030817409181180457,-0.010403499690753906
standardized,NR-AR-LBD,HEPG2,16,0.5520894409962905,0.858027950310559,0.18594422032837127,0.04756523419481327,0.5520894409962905,0.858027950310559,0.1456906084567154,0.03596143176428015,0.5520894409962905,0.858027950310559,0.18594422015956355,0.0475652341747544,0.5520894409962905,0.858027950310559,0.14569060831115718,0.03596143175110378,0.0,0.0,-1.6880770115079714e-10,-2.005886914902e-11,0.0,0.0,-1.4555817107186896e-10,-1.3176370411427386e-11,0.0,0.0,-0.04025361184840637,-0.011603802423650621
standardized,NR-AR-LBD,HEPG2,17,0.5795106080559045,0.8326302632552632,0.1738159045779944,0.043526992539702325,0.5795106080559045,0.8326302632552632,0.13777023480332057,0.034289319761855216,0.5795106080559045,0.8326302632552632,0.1738159047773038,0.04352699263522557,0.5774204064412352,0.8226302632552633,0.13917421565676527,0.034302545701596895,0.0,0.0,1.9930941341783638e-10,9.552324486961084e-11,-0.0020902016146694623,-0.010000000000000009,0.0014039808534446752,1.322593974168243e-05,-0.0020902016146694623,-0.010000000000000009,-0.03464168912053854,-0.009224446933628672
standardized,NR-AR-LBD,HEPG2,18,0.6007369108066049,0.8397860860085153,0.17668446400564042,0.04380005965593261,0.6007369108066049,0.8397860860085153,0.13791799122760096,0.032748345107175406,0.6007369108066049,0.8397860860085153,0.17668446389372422,0.043800059644751796,0.6007369108066049,0.8397860860085153,0.13791799107496228,0.03274834507235872,0.0,0.0,-1.1191618187744723e-10,-1.1180818076939047e-11,0.0,0.0,-1.526386766981247e-10,-3.481668529869975e-11,0.0,0.0,-0.038766472818761964,-0.011051714572393073
standardized,NR-AR-LBD,HEPG2,19,0.5560456661163024,0.8101672926640067,0.18682079710699606,0.04769951038098694,0.5560456661163024,0.8101672926640067,0.14887663044840194,0.03689974461914418,0.5560456661163024,0.8101672926640067,0.18682079733100537,0.047699510516293515,0.5560456661163024,0.8101672926640067,0.1488766304308132,0.03689974464683071,0.0,0.0,2.2400932775390458e-10,1.3530657982929739e-10,0.0,0.0,-1.7588733247642097e-11,2.7686532927395646e-11,0.0,0.0,-0.03794416690019218,-0.010799765869462801
standardized,NR-AR-LBD,HT29,0,0.6291374458848555,0.8454625839165717,0.1606275057698861,0.038811298141638896,0.6291374458848555,0.8454625839165717,0.1263259802138191,0.030581533235508312,0.6291374458848555,0.8454625839165717,0.16062750546268773,0.03881129804277436,0.6291374458848555,0.8454625839165717,0.12632597987567237,0.030581533146934813,0.0,0.0,-3.0719840005133394e-10,-9.886453530838501e-11,0.0,0.0,-3.3814672728560426e-10,-8.857349784174851e-11,0.0,0.0,-0.03430152558701533,-0.008229764895839547
standardized,NR-AR-LBD,HT29,1,0.5720511950244646,0.8222447308988329,0.1703090562757105,0.04171598630147598,0.5720511950244646,0.8222447308988329,0.1362084182022346,0.03223327305562535,0.5720511950244646,0.8222447308988329,0.1703090560394153,0.041715986228027954,0.5720511950244646,0.8222447308988329,0.13620841792852553,0.03223327297352772,0.0,0.0,-2.3629521117563e-10,-7.344802890885127e-11,0.0,0.0,-2.7370904431833764e-10,-8.209763285860206e-11,0.0,0.0,-0.03410063811088973,-0.009482713254500234
standardized,NR-AR-LBD,HT29,2,0.582623303085633,0.8567084848163418,0.16623287601694048,0.04077292434146319,0.582623303085633,0.8567084848163418,0.13238797455603585,0.03171373302067399,0.582623303085633,0.8567084848163418,0.16623287583055146,0.04077292426483765,0.582623303085633,0.8567084848163418,0.13238797436547478,0.03171373294660994,0.0,0.0,-1.8638901533307717e-10,-7.662554341036909e-11,0.0,0.0,-1.9056108496728897e-10,-7.406404933796296e-11,0.0,0.0,-0.033844901465076696,-0.009059191318227704
standardized,NR-AR-LBD,HT29,3,0.5265895831885782,0.7522907680540337,0.1669465966567742,0.0406574723654592,0.5265895831885782,0.7522907680540337,0.13415926291377608,0.03236523523225001,0.5265895831885782,0.7522907680540337,0.1669465963545106,0.04065747225851392,0.5265895831885782,0.7522907680540337,0.1341592626456402,0.03236523515611124,0.0,0.0,-3.02263611362541e-10,-1.0694527416421629e-10,0.0,0.0,-2.6813587183927013e-10,-7.613877445189488e-11,0.0,0.0,-0.032787333708870374,-0.008292237102402686
standardized,NR-AR-LBD,HT29,4,0.5044755691147202,0.778445659371603,0.1685129729981651,0.04103680994549344,0.5044755691147202,0.778445659371603,0.13499304608585724,0.03201831495214069,0.5044755691147202,0.778445659371603,0.16851297279205468,0.04103680986812468,0.5044755691147202,0.778445659371603,0.1349930458626882,0.03201831486800773,0.0,0.0,-2.0611044537766078e-10,-7.73687607036333e-11,0.0,0.0,-2.2316903325325654e-10,-8.413297489240357e-11,0.0,0.0,-0.03351992692936645,-0.00901849500011696
standardized,NR-AR-LBD,HT29,5,0.5474944785249155,0.8365305951871946,0.16734850709755525,0.041315177699746006,0.5474944785249155,0.8365305951871946,0.13100028760635732,0.032601062458998895,0.5474944785249155,0.8365305951871946,0.16734850685303151,0.04131517762321378,0.5474944785249155,0.8365305951871946,0.13100028735845037,0.03260106238648497,0.0,0.0,-2.4452375124717206e-10,-7.653222777737057e-11,0.0,0.0,-2.4790695885013037e-10,-7.251393235874204e-11,0.0,0.0,-0.03634821949458113,-0.008714115236728815
standardized,NR-AR-LBD,HT29,6,0.578327265114629,0.7644943245045435,0.1605996982649862,0.038657053584595,0.578327265114629,0.7644943245045435,0.12658980845129356,0.03099880291380862,0.578327265114629,0.7644943245045435,0.1605996981032481,0.03865705351022316,0.578327265114629,0.7644943245045435,0.12658980822323282,0.030998802825268394,0.0,0.0,-1.617381284457764e-10,-7.437184063041614e-11,0.0,0.0,-2.2806071475756085e-10,-8.854022515158987e-11,0.0,0.0,-0.034009889880015264,-0.007658250684954763
standardized,NR-AR-LBD,HT29,7,0.5215109001504946,0.8280550878811749,0.16515483501006417,0.04020333099338359,0.5215109001504946,0.8280550878811749,0.13126320217967166,0.03133970625878085,0.5215109001504946,0.8280550878811749,0.16515483470207243,0.04020333090044052,0.5215109001504946,0.8280550878811749,0.1312632018612169,0.03133970617062704,0.0,0.0,-3.079917654247311e-10,-9.294306574370026e-11,0.0,0.0,-3.1845476533565175e-10,-8.815381341564788e-11,0.0,0.0,-0.0338916328408555,-0.008863624729813483
standardized,NR-AR-LBD,HT29,8,0.586013228479287,0.8633659251092652,0.15846252714975612,0.03777594512549044,0.586013228479287,0.8633659251092652,0.12429730559287804,0.02983966592268698,0.586013228479287,0.8633659251092652,0.158462526934979,0.03777594505942798,0.5870864715941968,0.8637456719447082,0.1242329523241303,0.029837612032910556,0.0,0.0,-2.1477713774142871e-10,-6.60624659143405e-11,0.001073243114909772,0.00037974683544304,-6.435326874774106e-05,-2.0538897764266205e-06,0.001073243114909772,0.00037974683544304,-0.0342295746108487,-0.007938333026517422
standardized,NR-AR-LBD,HT29,9,0.6706773720627506,0.8878496607988815,0.16935199474446172,0.04193499232415692,0.6706773720627506,0.8878496607988815,0.1362471095765738,0.032664808978435864,0.6706773720627506,0.8878496607988815,0.1693519945066247,0.041934992259907475,0.6706773720627506,0.8878496607988815,0.13624710934474601,0.032664808927906755,0.0,0.0,-2.3783703062552063e-10,-6.424945298011409e-11,0.0,0.0,-2.3182779168573476e-10,-5.052911145053685e-11,0.0,0.0,-0.03310488516187867,-0.00927018333200072
standardized,NR-AR-LBD,HT29,10,0.5947199534863032,0.8633143659519857,0.16102898444602387,0.03900730963129855,0.5947199534863032,0.8633143659519857,0.12458688621584495,0.030247229707720518,0.5947199534863032,0.8633143659519857,0.1610289841498708,0.03900730953893257,0.5947199534863032,0.8633143659519857,0.12458688589971079,0.030247229620893067,0.0,0.0,-2.9615309649067003e-10,-9.236598499939853e-11,0.0,0.0,-3.161341799451378e-10,-8.682745286647808e-11,0.0,0.0,-0.03644209825016,-0.0087600799180395
standardized,NR-AR-LBD,HT29,11,0.5968209833499881,0.8560158856053519,0.17084984917666388,0.04193924662249015,0.5968209833499881,0.8560158856053519,0.14088566657051527,0.03379579105995279,0.5968209833499881,0.8560158856053519,0.17084984896014482,0.041939246537281316,0.5968209833499881,0.8560158856053519,0.1408856663008043,0.03379579096535734,0.0,0.0,-2.1651906934039288e-10,-8.52088344327484e-11,0.0,0.0,-2.697109896532268e-10,-9.459544605960879e-11,0.0,0.0,-0.029964182659340532,-0.008143455571923974
standardized,NR-AR-LBD,HT29,12,0.5983819722030083,0.8525782330092389,0.16315003768411263,0.03959453354226058,0.5983819722030083,0.8525782330092389,0.13072115133610557,0.031559842710084524,0.5983819722030083,0.8525782330092389,0.16315003746796766,0.03959453345259425,0.5983819722030083,0.8525782330092389,0.13072115112283725,0.031559842633142446,0.0,0.0,-2.1614498524336056e-10,-8.966632714102473e-11,0.0,0.0,-2.132683085687148e-10,-7.694207770914119e-11,0.0,0.0,-0.0324288863451304,-0.008034690819451806
standardized,NR-AR-LBD,HT29,13,0.538431455621134,0.8512517923576894,0.16683549701408457,0.041259550474026054,0.538431455621134,0.8512517923576894,0.12791044641467178,0.031025329705035454,0.538431455621134,0.8512517923576894,0.1668354967917463,0.041259550385321406,0.538431455621134,0.8512517923576894,0.12791044616846609,0.031025329609326434,0.0,0.0,-2.2233823671058417e-10,-8.870464918153686e-11,0.0,0.0,-2.4620571137390356e-10,-9.570901432498502e-11,0.0,0.0,-0.03892505062328024,-0.010234220775994967
standardized,NR-AR-LBD,HT29,14,0.5451119459512646,0.8624100265005147,0.16617905072896494,0.040847298132271344,0.5451119459512646,0.8624100265005147,0.13628799990253462,0.033886505385579295,0.5451119459512646,0.8624100265005147,0.16617905047470677,0.04084729803908633,0.5451119459512646,0.8624100265005147,0.1362879995880669,0.033886505286795425,0.0,0.0,-2.542581700737401e-10,-9.318501456578865e-11,0.0,0.0,-3.1446772963406033e-10,-9.878387136064148e-11,0.0,0.0,-0.029891050886639875,-0.006960792752290901
standardized,NR-AR-LBD,HT29,15,0.5857129235512757,0.8650664061713289,0.15842287313667094,0.038053096384905005,0.5857129235512757,0.8650664061713289,0.12264340078079239,0.02980903882578273,0.5857129235512757,0.8650664061713289,0.15842287291897747,0.03805309629117111,0.5857129235512757,0.8650664061713289,0.12264340055407992,0.029809038737124482,0.0,0.0,-2.1769345215361114e-10,-9.373389495137552e-11,0.0,0.0,-2.267124654675712e-10,-8.865824671633327e-11,0.0,0.0,-0.03577947236489754,-0.008244057554046632
standardized,NR-AR-LBD,HT29,16,0.5617460827422486,0.8547238697216276,0.16092752851706763,0.03906281586660339,0.5617460827422486,0.8547238697216276,0.12423993590524914,0.02997317987761116,0.5617460827422486,0.8547238697216276,0.16092752818289763,0.039062815765317706,0.5638955107081152,0.8547238697216276,0.12395992660398936,0.029839524140930506,0.0,0.0,-3.3417000833146916e-10,-1.0128568400658011e-10,0.0021494279658665905,0.0,-0.0002800093012597704,-0.00013365573668065525,0.0021494279658665905,0.0,-0.03696760157890827,-0.0092232916243872
standardized,NR-AR-LBD,HT29,17,0.4472126873565152,0.8012361562584708,0.16678620363199945,0.040681744195510836,0.4472126873565152,0.8012361562584708,0.1345020650350609,0.03273527722757334,0.4472126873565152,0.8012361562584708,0.16678620336357236,0.04068174410344834,0.4472126873565152,0.8012361562584708,0.13450206472665427,0.032735277133874315,0.0,0.0,-2.6842708056307176e-10,-9.206249235171882e-11,0.0,0.0,-3.0840664466680324e-10,-9.369902909117655e-11,0.0,0.0,-0.032284138636918105,-0.007946466969574026
standardized,NR-AR-LBD,HT29,18,0.49355351911564477,0.8258321039192058,0.16299742454627605,0.0394413302223642,0.49355351911564477,0.8258321039192058,0.1255980893823431,0.029950445997262386,0.49443838674687546,0.8278591309462329,0.162571717055546,0.039371772115043065,0.49827636370539735,0.8220821039192059,0.12594514013533148,0.02984200267280952,0.0008848676312307235,0.0020270270270270397,-0.0004257074907300706,-6.955810732114028e-05,0.004722844589752573,-0.003749999999999987,0.000347050752988376,-0.00010844332445286847,0.0038379769585218495,-0.005777027027027026,-0.036626576920214524,-0.009529769442233544
standardized,NR-AR-LBD,HT29,19,0.5331761289745275,0.8285550823769826,0.17509899632404902,0.043545479649169,0.5331761289745275,0.8285550823769826,0.14406303381963578,0.03548266697459079,0.5331761289745275,0.8285550823769826,0.17509899600546364,0.04354547953813396,0.5331761289745275,0.8285550823769826,0.14406303347892507,0.03548266686736964,0.0,0.0,-3.185853914011716e-10,-1.1103504088394445e-10,0.0,0.0,-3.4071071242092187e-10,-1.0722115001415843e-10,0.0,0.0,-0.031035962526538563,-0.008062812670764318
standardized,NR-AR-LBD,MCF7,0,0.5516414141375403,0.8153778268669925,0.15880029863734452,0.03754080347099767,0.5516414141375403,0.8153778268669925,0.12612719774275102,0.02896976357825063,0.5516414141375403,0.8153778268669925,0.15880029856011127,0.03754080345754657,0.5516414141375403,0.8153778268669925,0.12612719765239772,0.028969763572908425,0.0,0.0,-7.723325590180962e-11,-1.3451097874428442e-11,0.0,0.0,-9.035331649531741e-11,-5.3422051504714575e-12,0.0,0.0,-0.03267310090771354,-0.008571039884638148
standardized,NR-AR-LBD,MCF7,1,0.5221045092254233,0.8096895328684589,0.1516000481903689,0.03571313530635787,0.5221045092254233,0.8096895328684589,0.1138800604930871,0.027313407665393342,0.5221045092254233,0.8096895328684589,0.15160004808204142,0.03571313527371468,0.5330504910260354,0.8127161377012634,0.1113340241803272,0.026849575075872194,0.0,0.0,-1.0832746366595814e-10,-3.2643184683101013e-11,0.010945981800612204,0.0030266048328045025,-0.0025460363127599085,-0.0004638325895211421,0.010945981800612204,0.0030266048328045025,-0.04026602390171422,-0.008863560197842488
standardized,NR-AR-LBD,MCF7,2,0.6155257998441804,0.8720804163091135,0.1421904440548373,0.0325033015616736,0.6155257998441804,0.8720804163091135,0.10684804617713839,0.025047678040718547,0.6155257998441804,0.8720804163091135,0.14219044399166075,0.03250330154782337,0.6266497249177816,0.877804924359203,0.10434547424257665,0.024607323444121233,0.0,0.0,-6.317652512244365e-11,-1.385023207234326e-11,0.011123925073601137,0.005724508050089483,-0.0025025719345617412,-0.00044035459659731523,0.011123925073601137,0.005724508050089483,-0.03784496974908411,-0.007895978103702135
standardized,NR-AR-LBD,MCF7,3,0.5474409352151983,0.8215381180327187,0.14690011462770466,0.03379025937149059,0.5474409352151983,0.8215381180327187,0.11133064254074018,0.026066818373751587,0.5474409352151983,0.8215381180327187,0.14690011456607896,0.03379025935837481,0.5474409352151983,0.8215381180327187,0.1113306424260863,0.026066818352979127,0.0,0.0,-6.162569343715063e-11,-1.3115779989858468e-11,0.0,0.0,-1.1465388638498553e-10,-2.0772457712259217e-11,0.0,0.0,-0.03556947213999268,-0.007723441005395684
standardized,NR-AR-LBD,MCF7,4,0.5207767719878127,0.8538546413429013,0.14796619269354477,0.03439596423010503,0.5207767719878127,0.8538546413429013,0.11109392964374562,0.02599622250117354,0.5207767719878127,0.8538546413429013,0.14796619260167027,0.03439596421371928,0.5300624862735269,0.8637556314419113,0.11023097592090803,0.02597838503620331,0.0,0.0,-9.187451077696807e-11,-1.6385758028203413e-11,0.009285714285714286,0.009900990099009887,-0.0008629537228376033,-1.783746497023078e-05,0.009285714285714286,0.009900990099009887,-0.037735216680762226,-0.008417579177515972
standardized,NR-AR-LBD,MCF7,5,0.6310171560218297,0.8509333711307455,0.14768165186591534,0.034404804295850425,0.6310171560218297,0.8509333711307455,0.11111483310319584,0.025991464544137345,0.6465318398772126,0.8516986772531945,0.1470922603146468,0.034103124429977774,0.632467124277621,0.8509934311908054,0.11104713847244756,0.025973971806907126,0.01551468385538297,0.0007653061224490055,-0.0005893915512685366,-0.00030167986587265397,0.0014499682557913118,6.006006006002984e-05,-6.769463074826898e-05,-1.749273723022013e-05,-0.01406471559959166,-0.0007052460623889756,-0.03604512184219923,-0.008129152623070648
standardized,NR-AR-LBD,MCF7,6,0.572588258096012,0.8198151724796766,0.14395353360841362,0.03287606369852556,0.572588258096012,0.8198151724796766,0.1146946984744073,0.028182441096871763,0.572588258096012,0.8198151724796766,0.14395353347418852,0.03287606366020355,0.5775912516695864,0.8222346623496325,0.10954326065765378,0.02635614956483176,0.0,0.0,-1.3422509770322221e-10,-3.832200806686004e-11,0.005002993573574277,0.002419489869955904,-0.005151437816753518,-0.0018262915320400044,0.005002993573574277,0.002419489869955904,-0.034410272816534734,-0.00651991409537179
standardized,NR-AR-LBD,MCF7,7,0.5540144195472747,0.8427671590659367,0.14468889669956214,0.033158250782215244,0.5540144195472747,0.8427671590659367,0.11097723202311136,0.025933707279360414,0.5540144195472747,0.8427671590659367,0.14468889657244297,0.03315825075275691,0.5540144195472747,0.8427671590659367,0.11097723182826291,0.02593370724605707,0.0,0.0,-1.271191790719328e-10,-2.945833021961164e-11,0.0,0.0,-1.9484845126260807e-10,-3.330334376328015e-11,0.0,0.0,-0.03371166474418004,-0.007224543506699844
standardized,NR-AR-LBD,MCF7,8,0.6267782997699772,0.8533374908334957,0.15319574204096192,0.03590174868204062,0.6267782997699772,0.8533374908334957,0.12135989058319077,0.028727363317129866,0.6267782997699772,0.8533374908334957,0.15319574192948252,0.035901748652171966,0.6310977071198066,0.8542591498196709,0.12143728234810162,0.028673493874532153,0.0,0.0,-1.1147942846623238e-10,-2.986865546561468e-11,0.0043194073498294076,0.0009216589861751112,7.739176491085714e-05,-5.3869442597713825e-05,0.0043194073498294076,0.0009216589861751112,-0.0317584595813809,-0.0072282547776398145
standardized,NR-AR-LBD,MCF7,9,0.559799105576918,0.8474852590417867,0.15126334599288893,0.03554658184677845,0.559799105576918,0.8474852590417867,0.11553085120487268,0.027257130229043098,0.559799105576918,0.8474852590417867,0.15126334587760565,0.03554658181620424,0.559799105576918,0.8474852590417867,0.11553085103464396,0.027257130193315538,0.0,0.0,-1.1528328569543334e-10,-3.057420497332153e-11,0.0,0.0,-1.7022872556005098e-10,-3.572755598313382e-11,0.0,0.0,-0.03573249484296169,-0.0082894516228887
standardized,NR-AR-LBD,MCF7,10,0.5691851984861704,0.8673551658837481,0.1438104417313208,0.03331220932593932,0.5691851984861704,0.8673551658837481,0.10547957494427092,0.02483363592091397,0.5691851984861704,0.8673551658837481,0.14381044164389267,0.033312209302152784,0.5691851984861704,0.8673551658837481,0.10547957479964873,0.02483363589054586,0.0,0.0,-8.742812862561066e-11,-2.3786534547598492e-11,0.0,0.0,-1.4462217534649824e-10,-3.036811080381341e-11,0.0,0.0,-0.03833086684424394,-0.008478573411606925
standardized,NR-AR-LBD,MCF7,11,0.6907167066919888,0.8742507814015303,0.14593743101725132,0.03360699579547127,0.6907167066919888,0.8742507814015303,0.10502154592033013,0.024088954392637276,0.6909109715115342,0.873752525297893,0.14602453570194687,0.03363728407898915,0.6922330421961141,0.8760445033746244,0.10488642040794997,0.024161638743795327,0.00019426481954538667,-0.0004982561036372734,8.710468469553811e-05,3.0288283517880545e-05,0.001516335504125288,0.0017937219730941756,-0.00013512551238017422,7.268435115804859e-05,0.0013220706845799013,0.002291978076731449,-0.041138115293996885,-0.009475645335193829
standardized,NR-AR-LBD,MCF7,12,0.5799548934830756,0.8082469846519039,0.14930748336282634,0.03437558178942554,0.5799548934830756,0.8082469846519039,0.11482486593615895,0.027382817320136938,0.5799548934830756,0.8082469846519039,0.14930748332638805,0.034375581786656076,0.5824977298835273,0.8115244838418343,0.11188285276620322,0.02663992747170906,0.0,0.0,-3.643833290656318e-11,-2.769470763830384e-12,0.002542836400451631,0.0032774991899302995,-0.002942013169955722,-0.0007428898484278783,0.002542836400451631,0.0032774991899302995,-0.03742463056018481,-0.007735654314947009
standardized,NR-AR-LBD,MCF7,13,0.5330246013613501,0.7642668453248105,0.15108392668082674,0.035296256917806024,0.5330246013613501,0.7642668453248105,0.11416554917567238,0.026597996191719632,0.5330246013613501,0.7642668453248105,0.15108392660480763,0.035296256899926395,0.5330246013613501,0.7642668453248105,0.11416554906249965,0.02659799616920862,0.0,0.0,-7.601910489984931e-11,-1.7879629027328648e-11,0.0,0.0,-1.1317273507227554e-10,-2.2511012498505066e-11,0.0,0.0,-0.03691837754230797,-0.008698260730717776
standardized,NR-AR-LBD,MCF7,14,0.7055986142964046,0.8677380429810487,0.1434386209133893,0.03261998134341186,0.7055986142964046,0.8677380429810487,0.10728234842164715,0.02488135690072404,0.7055986142964046,0.8677380429810487,0.14343862083151582,0.032619981322626654,0.705687839017868,0.8695055742010294,0.10721466226896206,0.02487299048786085,0.0,0.0,-8.187349964661195e-11,-2.0785208623697038e-11,8.92247214634212e-05,0.0017675312199807668,-6.768615268508832e-05,-8.366412863191827e-06,8.92247214634212e-05,0.0017675312199807668,-0.03622395856255374,-0.007746990834765805
standardized,NR-AR-LBD,MCF7,15,0.5152598719500139,0.8008686017290122,0.14972686193541004,0.03468776567308411,0.5152598719500139,0.8008686017290122,0.1152966739942578,0.026567291968454365,0.5152598719500139,0.8008686017290122,0.14972686185026987,0.03468776565584346,0.5218918852444359,0.8084486610585364,0.1143174991624891,0.026217795368318152,0.0,0.0,-8.514017268979046e-11,-1.7240656818851008e-11,0.006632013294422023,0.007580059329524147,-0.0009791748317687227,-0.0003494966001362128,0.006632013294422023,0.007580059329524147,-0.03540936268778078,-0.008469970287525302
standardized,NR-AR-LBD,MCF7,16,0.61256361377339,0.8457579220022478,0.15256661971040417,0.03541476265286728,0.61256361377339,0.8457579220022478,0.12571125497346983,0.02967318517761844,0.61256361377339,0.8457579220022478,0.15256661960894405,0.03541476262926167,0.6125658533593155,0.8458149020592278,0.12570805794396858,0.029672603811794797,0.0,0.0,-1.0146013751377581e-10,-2.360560011349655e-11,2.239585925445375e-06,5.698005698007158e-05,-3.197029501234017e-06,-5.813658236396291e-07,2.239585925445375e-06,5.698005698007158e-05,-0.026858561664975456,-0.005742158817466879
standardized,NR-AR-LBD,MCF7,17,0.5752464464542426,0.802692552299509,0.14927272071958841,0.03406974673901194,0.5752464464542426,0.802692552299509,0.1169117116042188,0.02695364689025076,0.5752464464542426,0.802692552299509,0.14927272061589153,0.03406974671446148,0.581819170021201,0.8107468509420428,0.11585483982059208,0.026745340418970847,0.0,0.0,-1.0369688441258518e-10,-2.4550467214723427e-11,0.006572723566958405,0.00805429864253393,-0.0010568717836267338,-0.00020830647127991002,0.006572723566958405,0.00805429864253393,-0.03341788079529946,-0.0073244062954906305
standardized,NR-AR-LBD,MCF7,18,0.5460308756035239,0.8047270877299703,0.15058410170531727,0.03531736092836573,0.5460308756035239,0.8047270877299703,0.1096766062396404,0.025533177419913743,0.5460308756035239,0.8047270877299703,0.15058410162123823,0.03531736090507963,0.5489699345791326,0.8013533484868871,0.11025521199978443,0.02572613873931307,0.0,0.0,-8.407904095175667e-11,-2.3286100131469924e-11,0.002939058975608555,-0.0033737392430831957,0.0005786057601440409,0.0001929613193993235,0.002939058975608555,-0.0033737392430831957,-0.040328889621453805,-0.009591222165766562
standardized,NR-AR-LBD,MCF7,19,0.5996963325406639,0.8557993139941914,0.14715490157049355,0.03424156114831385,0.5996963325406639,0.8557993139941914,0.11569101009466679,0.027588859982332882,0.5996963325406639,0.8557993139941914,0.147154901450458,0.0342415611193075,0.5996963325406639,0.8557993139941914,0.11569100989786563,0.02758885994207294,0.0,0.0,-1.200355176367296e-10,-2.9006352875171615e-11,0.0,0.0,-1.9680116564169126e-10,-4.025993947942563e-11,0.0,0.0,-0.031463891552592396,-0.006652701177234555
standardized,NR-AhR,HA1E,0,0.5079235626142793,0.8087680866914931,0.3794643564676792,0.11477930656343802,0.5079235626142793,0.8087680866914931,0.30522657886888277,0.08977303092813382,0.5079235626142793,0.8087680866914931,0.3794643558316138,0.11477930627590145,0.5079235626142793,0.8087680866914931,0.30522657835960754,0.08977303072925116,0.0,0.0,-6.360653670434147e-10,-2.8753655567648193e-10,0.0,0.0,-5.092752553004232e-10,-1.9888266311607338e-10,0.0,0.0,-0.07423777747200629,-0.025006275546650296
standardized,NR-AhR,HA1E,1,0.5114201189533534,0.8048540081087502,0.3730093307449306,0.1120459050487576,0.5114201189533534,0.8048540081087502,0.28779192882716514,0.08327531644409868,0.5114201189533534,0.8048540081087502,0.37300933045579376,0.11204590490804218,0.5109244678835172,0.8045616104479315,0.2879746553434409,0.08330727959366487,0.0,0.0,-2.8913685889975225e-10,-1.4071541987181745e-10,-0.0004956510698362005,-0.00029239766081872175,0.00018272651627579962,3.196314956618595e-05,-0.0004956510698362005,-0.00029239766081872175,-0.08503467511235284,-0.02873862531437732
standardized,NR-AhR,HA1E,2,0.5204426009641354,0.8225932786162049,0.37558169407434966,0.11302478497683421,0.5204426009641354,0.8225932786162049,0.29275805423622964,0.0856087719789918,0.5204426009641354,0.8225932786162049,0.3755816936717526,0.11302478477349451,0.5204426009641354,0.8225932786162049,0.29275805392362936,0.08560877186220761,0.0,0.0,-4.025970556931213e-10,-2.033396895306794e-10,0.0,0.0,-3.126003123021803e-10,-1.1678419759020288e-10,0.0,0.0,-0.08282363974812328,-0.027416012911286907
standardized,NR-AhR,HA1E,3,0.51754750002438,0.813613976222683,0.37341506391904195,0.11242568043033144,0.51754750002438,0.813613976222683,0.2936449695100312,0.08591334549014815,0.51754750002438,0.813613976222683,0.3734150635316523,0.11242568024690422,0.51754750002438,0.813613976222683,0.29364496918150607,0.08591334535018129,0.0,0.0,-3.8738958707540407e-10,-1.8342719565467292e-10,0.0,0.0,-3.2852508491387765e-10,-1.399668700385881e-10,0.0,0.0,-0.07977009435014623,-0.026512334896722944
standardized,NR-AhR,HA1E,4,0.5123381041682298,0.8088099606604789,0.37204231229077783,0.11215247108874851,0.5123381041682298,0.8088099606604789,0.29012490483230907,0.08401310686722144,0.5123381041682298,0.8088099606604789,0.37204231182253134,0.11215247087522502,0.5123381041682298,0.8088099606604789,0.29012490451036177,0.08401310673883669,0.0,0.0,-4.682465304384209e-10,-2.1352348222869467e-10,0.0,0.0,-3.219473077020751e-10,-1.283847389510484e-10,0.0,0.0,-0.08191740731216957,-0.028139364136388335
standardized,NR-AhR,HA1E,5,0.5514718092816182,0.8241899174932387,0.3662904819082508,0.10910455179303732,0.5514718092816182,0.8241899174932387,0.28670057546600747,0.08376299249039923,0.5535097906800648,0.8242938675971889,0.3662686860261192,0.10909391519156782,0.5514718092816182,0.8241899174932387,0.28670057504151286,0.08376299233339082,0.0020379813984465088,0.00010395010395010118,-2.1795882131681043e-05,-1.0636601469529716e-05,0.0,0.0,-4.244946560927332e-10,-1.5700840072518928e-10,-0.0020379813984465088,-0.00010395010395010118,-0.0795681109846063,-0.02533092285817698
standardized,NR-AhR,HA1E,6,0.5337362238819505,0.8250002312571615,0.36784567592510353,0.10977438099100692,0.5337362238819505,0.8250002312571615,0.28874968610061363,0.0838921094384353,0.5337362238819505,0.8250002312571615,0.36784567559582226,0.10977438083313082,0.5337362238819505,0.8250002312571615,0.28874968573522974,0.08389210930430309,0.0,0.0,-3.292813022248708e-10,-1.5787608997896995e-10,0.0,0.0,-3.653839120154601e-10,-1.3413219562830038e-10,0.0,0.0,-0.07909598986059256,-0.025882271528827723
standardized,NR-AhR,HA1E,7,0.5416292490126464,0.825468032360779,0.37394465691315937,0.11207203088741238,0.5416292490126464,0.825468032360779,0.2941241477984664,0.08560518222164863,0.5416292490126464,0.825468032360779,0.3739446573321709,0.11207203103273697,0.5416292490126464,0.825468032360779,0.2941241480039642,0.08560518222489519,0.0,0.0,4.190116142943623e-10,1.453245829230454e-10,0.0,0.0,2.05497796557097e-10,3.246550250857183e-12,0.0,0.0,-0.07982050932820672,-0.026466848807841788
standardized,NR-AhR,HA1E,8,0.5249473653036716,0.8236997610835104,0.3718696524022862,0.11152682428321778,0.5249473653036716,0.8236997610835104,0.29084125368396646,0.08432981144191071,0.5249473653036716,0.8236997610835104,0.3718696518409003,0.11152682402719791,0.5249473653036716,0.8236997610835104,0.2908412532179711,0.08432981129762443,0.0,0.0,-5.613858600206356e-10,-2.560198691936577e-10,0.0,0.0,-4.659953145580431e-10,-1.442862773703979e-10,0.0,0.0,-0.08102839862292924,-0.027197012729573495
standardized,NR-AhR,HA1E,9,0.5520507334496653,0.8493148361310112,0.37224255087346314,0.11186360231780354,0.5520507334496653,0.8493148361310112,0.2834162591645458,0.08153762505842492,0.5520507334496653,0.8493148361310112,0.37224255065854245,0.11186360218991598,0.5520507334496653,0.8493148361310112,0.2834162589053882,0.08153762495109053,0.0,0.0,-2.1492071455853078e-10,-1.2788756165171833e-10,0.0,0.0,-2.59157634241447e-10,-1.0733439553822776e-10,0.0,0.0,-0.08882629175315429,-0.030325977238825453
standardized,NR-AhR,HA1E,10,0.4950163957481533,0.8057243827763664,0.3722312227338112,0.11154420673497696,0.4950163957481533,0.8057243827763664,0.2834872429899239,0.08205615139152515,0.4950163957481533,0.8057243827763664,0.3722312224259064,0.11154420657744953,0.4950163957481533,0.8057243827763664,0.2834872426889726,0.0820561512484425,0.0,0.0,-3.079048127574424e-10,-1.5752744386698935e-10,0.0,0.0,-3.009512750118404e-10,-1.4308264989493225e-10,0.0,0.0,-0.08874397973693382,-0.029488055329007022
standardized,NR-AhR,HA1E,11,0.5221773302207033,0.8123131550012536,0.3755157915821659,0.11318688921968156,0.5221773302207033,0.8123131550012536,0.3046241842093048,0.08996917592430875,0.5221773302207033,0.8123131550012536,0.3755157915357689,0.11318688918768846,0.5221773302207033,0.8123131550012536,0.3046241838812584,0.08996917578195766,0.0,0.0,-4.6396975150742036e-11,-3.199310538715139e-11,0.0,0.0,-3.2804639560346516e-10,-1.423510892495372e-10,0.0,0.0,-0.07089160765451054,-0.023217713405730794
standardized,NR-AhR,HA1E,12,0.5036001553110563,0.8130244092761698,0.377139269319997,0.11386620848700009,0.5036001553110563,0.8130244092761698,0.2932688695301935,0.08592019670222724,0.5035188377729367,0.8130244092761698,0.3770512849666603,0.11380764239794441,0.5034683478927091,0.8123994092761698,0.293116512410567,0.08576597734650124,-8.13175381195852e-05,-2.2204460492503132e-17,-8.798435333674526e-05,-5.856608905568661e-05,-0.0001318074183471074,-0.0006249999999999867,-0.0001523571196264839,-0.000154219355725993,-5.048988022752221e-05,-0.0006249999999999645,-0.08393477255609327,-0.028041665051443176
standardized,NR-AhR,HA1E,13,0.5473167294804314,0.8245081908102385,0.36768852455489387,0.1097571475204335,0.5473167294804314,0.8245081908102385,0.2838721190236924,0.08241061915682327,0.5473167294804314,0.8245081908102385,0.36768852450107203,0.10975714747231491,0.5473167294804314,0.8245081908102385,0.28387211890345065,0.08241061907002459,0.0,0.0,-5.382185808144868e-11,-4.811858411724046e-11,0.0,0.0,-1.2024176099245665e-10,-8.679867380401162e-11,0.0,0.0,-0.0838164055976214,-0.02734652840229034
standardized,NR-AhR,HA1E,14,0.5421365606046604,0.8168894264014094,0.3723123767245883,0.11192992242110708,0.5421365606046604,0.8168894264014094,0.28943249630489953,0.08427802922791654,0.5421365606046604,0.8168894264014094,0.37231237662090794,0.11192992233559165,0.5421365606046604,0.8168894264014094,0.28943249636966384,0.08427802920368786,0.0,0.0,-1.0368031988505778e-10,-8.551545027657425e-11,0.0,0.0,6.476425506996009e-11,-2.422868156104485e-11,0.0,0.0,-0.08287988025124415,-0.027651893131903776
standardized,NR-AhR,HA1E,15,0.5628984702271556,0.8292747195457011,0.3699524428601184,0.11085708428085224,0.5628984702271556,0.8292747195457011,0.28382897369219534,0.08265999409523264,0.5624053558218156,0.8292178043493437,0.37023715748080066,0.11095240247355824,0.5628984702271556,0.8292747195457011,0.2838289734485199,0.08265999398252993,-0.0004931144053399005,-5.691519635742104e-05,0.00028471462068223595,9.531819270599817e-05,0.0,0.0,-2.436754575896316e-10,-1.1270270411367634e-10,0.0004931144053399005,5.691519635742104e-05,-0.08640818403228077,-0.028292408491028303
standardized,NR-AhR,HA1E,16,0.5352526413259481,0.8172106825873264,0.3726428674888177,0.11188726424946023,0.5352526413259481,0.8172106825873264,0.285089207988397,0.0825811535885523,0.5352526413259481,0.8172106825873264,0.3726428671428739,0.11188726408085663,0.5352526413259481,0.8172106825873264,0.2850892076473931,0.08258115343494914,0.0,0.0,-3.4594376252528035e-10,-1.6860359497439248e-10,0.0,0.0,-3.4100387513724685e-10,-1.536031482562983e-10,0.0,0.0,-0.0875536594954808,-0.02930611064590749
standardized,NR-AhR,HA1E,17,0.52173022393623,0.8076869866822305,0.37250688695386786,0.1118370240616243,0.52173022393623,0.8076869866822305,0.2936514932021259,0.08583338696214962,0.52173022393623,0.8076869866822305,0.37250688672230237,0.11183702394354256,0.52173022393623,0.8076869866822305,0.2936514929161298,0.08583338684100136,0.0,0.0,-2.3156544459723706e-10,-1.180817443824367e-10,0.0,0.0,-2.859961156786994e-10,-1.211482580920631e-10,0.0,0.0,-0.07885539380617262,-0.026003637102541187
standardized,NR-AhR,HA1E,18,0.5327789172544707,0.8177279287177115,0.37365536695417034,0.11250619681488065,0.5327789172544707,0.8177279287177115,0.29794113683941875,0.08730392937874124,0.5327789172544707,0.8177279287177115,0.373655366500696,0.11250619659052301,0.5323676357766367,0.8169182121185212,0.29805128654511015,0.0873273180723807,0.0,0.0,-4.5347430255304743e-10,-2.243576463500929e-10,-0.00041128147783386915,-0.0008097165991902911,0.00011014970569140914,2.3388693639464497e-05,-0.00041128147783386915,-0.0008097165991902911,-0.07560407995558587,-0.025178878518142312
standardized,NR-AhR,HA1E,19,0.4854865918191306,0.8168942279503666,0.37137274266184866,0.11182407779256087,0.4854865918191306,0.8168942279503666,0.2911077493816028,0.08511787945122597,0.4854865918191306,0.8168942279503666,0.3713727424394594,0.1118240776973674,0.4754632231901514,0.812588944193028,0.2919518515901335,0.08542432269851996,0.0,0.0,-2.2238929586748668e-10,-9.519347532460642e-11,-0.010023368628979179,-0.0043052837573385625,0.0008441022085307448,0.0003064432472939957,-0.010023368628979179,-0.0043052837573385625,-0.07942089084932588,-0.026399754998847436
standardized,NR-AhR,HEPG2,0,0.4627508677979611,0.764337268051748,0.3685707609788458,0.11063671595364685,0.4627508677979611,0.764337268051748,0.267785597797129,0.07517953137441653,0.4635670041881844,0.7648706013850812,0.3687449218917897,0.11070301007018615,0.46684131211641644,0.7650959270755451,0.267406856483989,0.07495756798953229,0.000816136390223332,0.000533333333333319,0.00017416091294393256,6.629411653927553e-05,0.004090444318455377,0.0007586590237971036,-0.00037874131314005743,-0.0002219633848842377,0.0032743079282320452,0.00022532569046378458,-0.10133806540780073,-0.03574544208065385
standardized,NR-AhR,HEPG2,1,0.49853177232665924,0.778632194918481,0.3765058166240084,0.11384786181605633,0.49853177232665924,0.778632194918481,0.2742331032245279,0.07750260473457331,0.49853177232665924,0.778632194918481,0.3765058159983868,0.11384786156083995,0.5036407633581697,0.7863741304023519,0.2725977411329884,0.07704608287524198,0.0,0.0,-6.256216211752985e-10,-2.55216378586276e-10,0.005108991031510341,0.007741935483870988,-0.0016353620915394774,-0.00045652185933132695,0.005108991031510341,0.007741935483870988,-0.10390807486539835,-0.03680177868559797
standardized,NR-AhR,HEPG2,2,0.48406643412484873,0.7875028979707259,0.38501123754251954,0.11713068625898929,0.48406643412484873,0.7875028979707259,0.2869122686813649,0.08132062672740456,0.48406643412484873,0.7875028979707259,0.38501123743789967,0.11713068626624949,0.48406643412484873,0.7875028979707259,0.28691226794444835,0.08132062650154148,0.0,0.0,-1.0461983501741656e-10,7.260214651694241e-12,0.0,0.0,-7.369165055948201e-10,-2.258630893425817e-10,0.0,0.0,-0.09809896949345134,-0.035810059764708024
standardized,NR-AhR,HEPG2,3,0.39230291644328297,0.7663525853230654,0.37630300101306796,0.11381301432511641,0.39230291644328297,0.7663525853230654,0.27713638925677386,0.07856322554951285,0.39230291644328297,0.7663525853230654,0.37630300040339204,0.11381301408690034,0.39230291644328297,0.7663525853230654,0.2771363885045407,0.07856322529552125,0.0,0.0,-6.096758986551265e-10,-2.382160857461457e-10,0.0,0.0,-7.522331590958942e-10,-2.5399160274997e-10,0.0,0.0,-0.09916661189885137,-0.03524978879137909
standardized,NR-AhR,HEPG2,4,0.4862155077219453,0.8031696300202492,0.3818022776752926,0.1164208877221696,0.4862155077219453,0.8031696300202492,0.2970343042543963,0.08533334885319038,0.4862155077219453,0.8031696300202492,0.3818022772852855,0.11642088759457678,0.4940498625384916,0.8124800695806889,0.2905870900762897,0.08368342334466582,0.0,0.0,-3.9000710438941157e-10,-1.2759283907204377e-10,0.007834354816546351,0.009310439560439577,-0.0064472141781066585,-0.0016499255085245662,0.007834354816546351,0.009310439560439577,-0.0912151872089958,-0.032737464249910954
standardized,NR-AhR,HEPG2,5,0.45204733646710815,0.7735750077808901,0.38421066975147633,0.11683805854365137,0.45204733646710815,0.7735750077808901,0.2986675607349889,0.08549003920058955,0.45204733646710815,0.7735750077808901,0.3842106693800476,0.11683805839887045,0.4666397471026814,0.7770035792094616,0.2962872685469787,0.0846058638706878,0.0,0.0,-3.7142878772655764e-10,-1.447809178101167e-10,0.014592410635573216,0.0034285714285714254,-0.0023802921880102133,-0.0008841753299017457,0.014592410635573216,0.0034285714285714254,-0.08792340083306889,-0.03223219452818264
standardized,NR-AhR,HEPG2,6,0.4399456809299451,0.7647347192782157,0.38095808540848375,0.1158181685967673,0.4399456809299451,0.7647347192782157,0.27960046340396394,0.07924839060337593,0.4399456809299451,0.7647347192782157,0.3809580848253955,0.11581816837340997,0.45185283649854907,0.7662397360006237,0.2788884290836631,0.07896215635978476,0.0,0.0,-5.830882443547125e-10,-2.2335733818046322e-10,0.0119071555686039,0.0015050167224080146,-0.0007120343203008472,-0.00028623424359115746,0.0119071555686039,0.0015050167224080146,-0.10206965574173239,-0.03685601201362519
standardized,NR-AhR,HEPG2,7,0.5154364183974807,0.7944155444918602,0.36950494701437836,0.11103678916111714,0.5154364183974807,0.7944155444918602,0.2684120216571374,0.07569212267259194,0.5154364183974807,0.7944155444918602,0.3695049463641699,0.11103678889266125,0.521785624746687,0.7938307491702229,0.2678574960350514,0.07552097782494582,0.0,0.0,-6.502084204385028e-10,-2.6845590750390614e-10,0.006349206349206349,-0.0005847953216374213,-0.0005545256220860328,-0.0001711448476461222,0.006349206349206349,-0.0005847953216374213,-0.10164745032911855,-0.035515811067715425
standardized,NR-AhR,HEPG2,8,0.5087102392369214,0.79629553620942,0.3738846855318153,0.11273323686634928,0.5087102392369214,0.79629553620942,0.27526264739165424,0.07813293406170155,0.5087102392369214,0.79629553620942,0.37388468502205147,0.11273323667789352,0.5100908229351386,0.7983388054401891,0.2753517652245316,0.07813268029548717,0.0,0.0,-5.097638533513304e-10,-1.884557676579135e-10,0.0013805836982172747,0.002043269230769229,8.91178328773834e-05,-2.537662143753394e-07,0.0013805836982172747,0.002043269230769229,-0.09853291979751984,-0.03460055638240635
standardized,NR-AhR,HEPG2,9,0.5334189547929808,0.7996006986372262,0.381184457311512,0.11585981538648729,0.5334189547929808,0.7996006986372262,0.30301371552245804,0.08777019462735544,0.5334189547929808,0.7996006986372262,0.38118445662223754,0.11585981511708403,0.5390056624044951,0.8067450918783935,0.30013901199622783,0.08706997846662534,0.0,0.0,-6.892744708331122e-10,-2.6940324415747343e-10,0.00558670761151423,0.007144393241167402,-0.0028747035262302266,-0.000700216160730098,0.00558670761151423,0.007144393241167402,-0.08104544462600971,-0.028789836650458693
standardized,NR-AhR,HEPG2,10,0.4778753564684547,0.7669237558891652,0.38974699884587993,0.11929097649277162,0.4778753564684547,0.7669237558891652,0.300687012465834,0.08629906454046997,0.4768176126709899,0.7698083712737807,0.3896809768836714,0.11933650884861347,0.4757180584115902,0.7686545251199345,0.3009532750719287,0.08650875243694447,-0.0010577437974648384,0.0028846153846153965,-6.602196220855117e-05,4.553235584184579e-05,-0.002157298056864465,0.0017307692307692245,0.0002662626060946638,0.0002096878964744947,-0.0010995542593996265,-0.001153846153846172,-0.0887277018117427,-0.032827756411669004
standardized,NR-AhR,HEPG2,11,0.4476921273137909,0.7617779733494019,0.3864628538669114,0.11793709248098208,0.4476921273137909,0.7617779733494019,0.2847668192120293,0.08065628254416597,0.4476921273137909,0.7617779733494019,0.3864628536487852,0.11793709240608825,0.4476921273137909,0.7617779733494019,0.2847668186777089,0.08065628233359942,0.0,0.0,-2.1812622819084026e-10,-7.489381614877999e-11,0.0,0.0,-5.343202991170415e-10,-2.105665364293685e-10,0.0,0.0,-0.10169603497107627,-0.037280810072488825
standardized,NR-AhR,HEPG2,12,0.4875871683532133,0.7809261197255472,0.38048125582854697,0.11549193814662288,0.4875871683532133,0.7809261197255472,0.29492167390523727,0.0837340629126281,0.49430576580735164,0.7818126445482422,0.3803260957790665,0.11541576357124457,0.5070738872016799,0.7803506052504862,0.29339288411146713,0.0826388017871971,0.006718597454138264,0.0008865248226950451,-0.00015516004948051831,-7.617457537831551e-05,0.019486718848466544,-0.0005755144750610563,-0.0015287897937701854,-0.0010952611254309865,0.01276812139432828,-0.0014620392977561015,-0.08693321166759937,-0.03277696178404745
standardized,NR-AhR,HEPG2,13,0.526959921306988,0.7991473107027784,0.3734647542887154,0.11229049575097405,0.526959921306988,0.7991473107027784,0.26866813687655594,0.07532787462698172,0.5285472228942896,0.8009654925209603,0.37273984731390336,0.11199604421595585,0.526959921306988,0.7991473107027784,0.2686681358590488,0.07532787430950363,0.0015873015873015817,0.0018181818181818078,-0.0007249069748120007,-0.0002944515350182059,0.0,0.0,-1.017507139655649e-09,-3.174780875692118e-10,-0.0015873015873015817,-0.0018181818181818078,-0.10407171145485457,-0.03666816990645223
standardized,NR-AhR,HEPG2,14,0.44501302953030997,0.7782218710737789,0.38244810752658315,0.11627494568737662,0.44501302953030997,0.7782218710737789,0.2882114855423105,0.08197530247843446,0.44501302953030997,0.7782218710737789,0.38244810724910716,0.11627494556561335,0.44501302953030997,0.7782218710737789,0.28821148503074456,0.0819753023248285,0.0,0.0,-2.774759533252791e-10,-1.217632661365542e-10,0.0,0.0,-5.115660006715928e-10,-1.5360594601832034e-10,0.0,0.0,-0.09423662221836265,-0.03429964324078484
standardized,NR-AhR,HEPG2,15,0.44534067152128876,0.7799156399643266,0.38186015815051744,0.11573657534413102,0.44534067152128876,0.7799156399643266,0.2748784203629533,0.07757027466652841,0.44534067152128876,0.7799156399643266,0.3818152800990197,0.11571573452016229,0.44808819944151335,0.7806299256786122,0.27376336446889915,0.0772213923706406,0.0,0.0,-4.487805149770985e-05,-2.084082396872633e-05,0.0027475279202246127,0.0007142857142857339,-0.0011150558940541011,-0.0003488822958878118,0.0027475279202246127,0.0007142857142857339,-0.10805191563012055,-0.03849434214952169
standardized,NR-AhR,HEPG2,16,0.5004023710277198,0.7969566105006044,0.3767097310929932,0.11402248321403732,0.5004023710277198,0.7969566105006044,0.28430755203627267,0.08087661721371706,0.5004023710277198,0.7969566105006044,0.3767097303538014,0.11402248292113937,0.5173224903696437,0.8034923628388361,0.27934147981573926,0.07911172173963332,0.0,0.0,-7.391918410704079e-10,-2.928979614402749e-10,0.016920119341923945,0.006535752338231648,-0.004966072220533485,-0.001764895474083729,0.016920119341923945,0.006535752338231648,-0.09736825053806215,-0.03491076118150603
standardized,NR-AhR,HEPG2,17,0.42325293605269965,0.7700935875302188,0.37781031179383484,0.11460396570643441,0.42325293605269965,0.7700935875302188,0.2766974984291976,0.07841372195884913,0.42694843986730263,0.7710763885130199,0.37741597753289524,0.11442455510919555,0.42325293605269965,0.7700935875302188,0.27669749747693395,0.07841372168058672,0.0036955038146030627,0.0009828009828009687,-0.00039433426093962167,-0.00017941059723883824,0.0,0.0,-9.522636790215699e-10,-2.782624103359055e-10,-0.0036955038146030627,-0.0009828009828009687,-0.10071848005596133,-0.03601083342860885
standardized,NR-AhR,HEPG2,18,0.5177894844491566,0.7929210235867314,0.3813524266074051,0.11591130013976761,0.5177894844491566,0.7929210235867314,0.2800145217768261,0.07925279286029326,0.5146526838973853,0.793093437379835,0.3815081742934828,0.11603811028043816,0.5293027578930987,0.7947134059616381,0.2788536846566945,0.07878677396181635,-0.003136800551771457,0.00017241379310346528,0.00015574768607776735,0.00012681014067057183,0.011513273443941995,0.0017923823749066425,-0.001160837120131597,-0.0004660188984769081,0.014650073995713452,0.0016199685818031773,-0.10265448963678832,-0.03725133631862182
standardized,NR-AhR,HEPG2,19,0.49059272837669027,0.7790485030266214,0.38752065333935043,0.11807196313872495,0.49059272837669027,0.7790485030266214,0.3019474585245301,0.08685123518279012,0.4927931994204123,0.7808132089089744,0.38727544084494453,0.1179985899324836,0.49059272837669027,0.7790485030266214,0.301947457790693,0.08685123496666979,0.0022004710437219855,0.001764705882352935,-0.00024521249440589976,-7.33732062413367e-05,0.0,0.0,-7.338370799914173e-10,-2.1612032163886852e-10,-0.0022004710437219855,-0.001764705882352935,-0.08532798305425156,-0.031147354965813816
standardized,NR-AhR,HT29,0,0.47676634636114923,0.8010497491783738,0.37582530646906787,0.11339859920643666,0.47676634636114923,0.8010497491783738,0.29591527578194615,0.08624073151007798,0.47676634636114923,0.8010497491783738,0.3758253062916931,0.11339859911198405,0.47676634636114923,0.8010497491783738,0.2959152756430283,0.0862407314680723,0.0,0.0,-1.7737475932477765e-10,-9.445262350027406e-11,0.0,0.0,-1.389178549970893e-10,-4.200568226586654e-11,0.0,0.0,-0.07991003064866481,-0.02715786764391175
standardized,NR-AhR,HT29,1,0.4607341262172679,0.796883716165631,0.3807646940372547,0.11550776492793682,0.4607341262172679,0.796883716165631,0.30709575995579375,0.09008360710851746,0.4607341262172679,0.796883716165631,0.3807646937594541,0.11550776480520315,0.4607341262172679,0.796883716165631,0.30709575969524716,0.09008360703484233,0.0,0.0,-2.77800560333219e-10,-1.2273367044901562e-10,0.0,0.0,-2.6054661761421014e-10,-7.367514098799433e-11,0.0,0.0,-0.073668934064207,-0.025424157770360833
standardized,NR-AhR,HT29,2,0.48073378300303027,0.7992378693547473,0.3701432058316282,0.11080654504251071,0.48073378300303027,0.7992378693547473,0.2855524647441957,0.08236380889591527,0.48073378300303027,0.7992378693547473,0.3701432056050963,0.11080654492535405,0.48073378300303027,0.7992378693547473,0.2855524644918642,0.08236380883398768,0.0,0.0,-2.2653184883481003e-10,-1.1715665104716778e-10,0.0,0.0,-2.523315167923812e-10,-6.192757973089159e-11,0.0,0.0,-0.0845907411132321,-0.028442736091366362
standardized,NR-AhR,HT29,3,0.47382958495367616,0.798246989754231,0.37567695556774977,0.11321483881868985,0.47382958495367616,0.798246989754231,0.2899267259682506,0.08489322594259316,0.47382958495367616,0.798246989754231,0.3756769557470927,0.11321483889921033,0.47382958495367616,0.798246989754231,0.2899267260934615,0.08489322595962476,0.0,0.0,1.7934292939614238e-10,8.052048194873152e-11,0.0,0.0,1.2521090275718905e-10,1.7031615007212508e-11,0.0,0.0,-0.08575022965363122,-0.028321612939585582
standardized,NR-AhR,HT29,4,0.4912906616412268,0.8109450418764368,0.3613140162745823,0.10761456591674996,0.4912906616412268,0.8109450418764368,0.26869717017355876,0.07697801636701103,0.4912906616412268,0.8109450418764368,0.3613140163424429,0.10761456594431584,0.4912906616412268,0.8109450418764368,0.26869717000892485,0.07697801632686926,0.0,0.0,6.786059492114305e-11,2.7565877358526337e-11,0.0,0.0,-1.6463396201871204e-10,-4.014175242206264e-11,0.0,0.0,-0.09261684633351806,-0.030636549617446572
standardized,NR-AhR,HT29,5,0.44368936023195094,0.7968659682186197,0.37359303919652215,0.11242545391394618,0.44368936023195094,0.7968659682186197,0.27683176268623877,0.07942902441135512,0.44368936023195094,0.7968659682186197,0.3735930391260526,0.11242545387329594,0.44368936023195094,0.7968659682186197,0.2768317626008487,0.07942902438496105,0.0,0.0,-7.046956351786094e-11,-4.065023595511974e-11,0.0,0.0,-8.539001727925211e-11,-2.639407026272522e-11,0.0,0.0,-0.09676127652520387,-0.03299642948833491
standardized,NR-AhR,HT29,6,0.5115804116557239,0.8045834678295851,0.3703943546226605,0.11115284580316254,0.5115804116557239,0.8045834678295851,0.28316871832740664,0.08206017317557034,0.5115804116557239,0.8045834678295851,0.3703943545965135,0.11115284579792391,0.5115804116557239,0.8045834678295851,0.28316871816360795,0.0820601731540079,0.0,0.0,-2.614705119086125e-11,-5.238631750614786e-12,0.0,0.0,-1.6379866907278995e-10,-2.1562443497380457e-11,0.0,0.0,-0.08722563643290551,-0.029092672643916007
standardized,NR-AhR,HT29,7,0.4379658972099484,0.8032948893652744,0.37476628148665175,0.11289932817835806,0.4379658972099484,0.8032948893652744,0.2823191204978944,0.08167606668081376,0.4379658972099484,0.8032948893652744,0.3747662815063463,0.11289932818931217,0.4379658972099484,0.8032948893652744,0.2823191203720749,0.08167606664746521,0.0,0.0,1.969457930073304e-11,1.0954104290306077e-11,0.0,0.0,-1.2581957142820954e-10,-3.334855447345575e-11,0.0,0.0,-0.0924471611342714,-0.03122326154184697
standardized,NR-AhR,HT29,8,0.48135788994439344,0.7971202244322193,0.37256913076864906,0.11217878490051023,0.48135788994439344,0.7971202244322193,0.2804939412122548,0.08024640170113792,0.48135788994439344,0.7971202244322193,0.372569130842443,0.11217878491801585,0.48135788994439344,0.7971202244322193,0.2804939412210622,0.08024640171511457,0.0,0.0,7.379390432049604e-11,1.750561084978841e-11,0.0,0.0,8.807377049890875e-12,1.3976647617042203e-11,0.0,0.0,-0.09207518962138077,-0.031932383202901274
standardized,NR-AhR,HT29,9,0.48583170829603856,0.8047032116370483,0.3724990049338513,0.11210322708301038,0.48583170829603856,0.8047032116370483,0.285595346957824,0.08324810954360483,0.48583170829603856,0.8047032116370483,0.37249900473352937,0.11210322698917996,0.48583170829603856,0.8047032116370483,0.2855953467915135,0.08324810950285302,0.0,0.0,-2.0032193681629452e-10,-9.383040733279558e-11,0.0,0.0,-1.66310532012659e-10,-4.0751796381854887e-11,0.0,0.0,-0.08690365794201586,-0.028855117486326926
standardized,NR-AhR,HT29,10,0.4862854364341377,0.8086860997166708,0.3721665688287513,0.11182919937969313,0.4862854364341377,0.8086860997166708,0.281273785993327,0.08126918681846958,0.4862854364341377,0.8086860997166708,0.37216656898394784,0.11182919945756901,0.4862854364341377,0.8086860997166708,0.2812737861653319,0.08126918688465984,0.0,0.0,1.551965556068069e-10,7.787588351959584e-11,0.0,0.0,1.7200491586599754e-10,6.61902643805945e-11,0.0,0.0,-0.09089278281861599,-0.03056001257290919
standardized,NR-AhR,HT29,11,0.4489451027451582,0.8039085380673893,0.37018089935157084,0.11133735096952876,0.4489451027451582,0.8039085380673893,0.28030824894666645,0.0812411495191491,0.4489451027451582,0.8039085380673893,0.3701808989612113,0.11133735079229548,0.4489451027451582,0.8039085380673893,0.2803082487905165,0.08124114947308114,0.0,0.0,-3.903595224841183e-10,-1.7723329193142234e-10,0.0,0.0,-1.5614989301582227e-10,-4.6067967496288274e-11,0.0,0.0,-0.08987265017069475,-0.030096201319214345
standardized,NR-AhR,HT29,12,0.476516635110989,0.8044719836700992,0.3686962331276381,0.11022950690963129,0.476516635110989,0.8044719836700992,0.27436045820460314,0.07867078498849214,0.476516635110989,0.8044719836700992,0.36869623333357204,0.11022950700100562,0.476516635110989,0.8044719836700992,0.2743604584079934,0.07867078507070134,0.0,0.0,2.0593392546786048e-10,9.137434420214419e-11,0.0,0.0,2.033903157006023e-10,8.22092019459042e-11,0.0,0.0,-0.09433577492557861,-0.03155872193030429
standardized,NR-AhR,HT29,13,0.47866851771978797,0.8088089096336553,0.36982633470648263,0.11108676701977975,0.47866851771978797,0.8088089096336553,0.2813059700152059,0.08171915884310905,0.47866851771978797,0.8088089096336553,0.36982633478646737,0.11108676706016145,0.47866851771978797,0.8088089096336553,0.28130596995426627,0.08171915882353316,0.0,0.0,7.998475215487133e-11,4.038169798548097e-11,0.0,0.0,-6.093966442577425e-11,-1.9575890908285488e-11,0.0,0.0,-0.08852036483220112,-0.029367608236628307
standardized,NR-AhR,HT29,14,0.49629277563365565,0.8244306731558524,0.3671636398291712,0.11015094189160053,0.49629277563365565,0.8244306731558524,0.2752228709617134,0.07892502883557875,0.49629277563365565,0.8244306731558524,0.3671636401068079,0.11015094199949652,0.49629277563365565,0.8244306731558524,0.2752228710595634,0.07892502884979125,0.0,0.0,2.7763664700586333e-10,1.0789597826299512e-10,0.0,0.0,9.785005028462024e-11,1.4212488130826983e-11,0.0,0.0,-0.0919407690472445,-0.031225913149705277
standardized,NR-AhR,HT29,15,0.5217620115034016,0.8223293706395399,0.37022222679251265,0.11058801644375153,0.5217620115034016,0.8223293706395399,0.28013251338696704,0.0801587974056472,0.5217620115034016,0.8223293706395399,0.37022222679110584,0.11058801644271928,0.5217620115034016,0.8223293706395399,0.28013251338952777,0.08015879741130895,0.0,0.0,-1.4068191056537671e-12,-1.0322770416237858e-12,0.0,0.0,2.560751610758416e-12,5.6617377452994335e-12,0.0,0.0,-0.09008971340157805,-0.030429219031410326
standardized,NR-AhR,HT29,16,0.4972016087786383,0.8109520079439344,0.37021384857966333,0.11105915717587604,0.4972016087786383,0.8109520079439344,0.2831017883916488,0.08175937097391141,0.4972016087786383,0.8109520079439344,0.3702138484684566,0.11105915711777463,0.4972016087786383,0.8109520079439344,0.28310178820371834,0.08175937090079351,0.0,0.0,-1.1120671050690589e-10,-5.8101409794453216e-11,0.0,0.0,-1.8793047118492722e-10,-7.311790062303203e-11,0.0,0.0,-0.08711206026473829,-0.02929978621698113
standardized,NR-AhR,HT29,17,0.49564237073400336,0.8063814665286746,0.3692360178562014,0.11068975438642523,0.49564237073400336,0.8063814665286746,0.27938011804137536,0.08069721753370832,0.49564237073400336,0.8063814665286746,0.3692360176131889,0.1106897542613432,0.4977995705086774,0.8067525240425892,0.27957936835450153,0.08065976822787937,0.0,0.0,-2.4301252121716745e-10,-1.2508203361960569e-10,0.0021571997746740457,0.00037105751391466326,0.00019925031312619245,-3.744930582894324e-05,0.0021571997746740457,0.00037105751391466326,-0.08965664925868733,-0.030029986033463813
standardized,NR-AhR,HT29,18,0.4304205642579982,0.7794837976172366,0.3668188256608317,0.10991012018998725,0.4304205642579982,0.7794837976172366,0.2777081740792958,0.07999768963993564,0.42940150089127443,0.7803887749928023,0.3664970580357367,0.10974181255123912,0.4304205642579982,0.7794837976172366,0.27770817405264714,0.07999768964793977,-0.001019063366723838,0.0009049773755656299,-0.000321767625094993,-0.00016830763874814414,0.0,0.0,-2.6648733220113742e-11,8.004127916017011e-12,0.001019063366723838,-0.0009049773755656299,-0.08878888398308955,-0.029744122903299343
standardized,NR-AhR,HT29,19,0.49771706832733614,0.8121749629605205,0.37175976676874006,0.1119666792495373,0.49771706832733614,0.8121749629605205,0.28928797666596573,0.08405536405298362,0.49771706832733614,0.8121749629605205,0.3717597669061551,0.11196667931979745,0.49771706832733614,0.8121749629605205,0.2892879767790461,0.08405536413245521,0.0,0.0,1.374149904975752e-10,7.026015880207126e-11,0.0,0.0,1.1308041170110528e-10,7.947157099064129e-11,0.0,0.0,-0.08247179012710892,-0.027911315187342255
standardized,NR-AhR,MCF7,0,0.5032540463982179,0.8190531330519617,0.34910533310594394,0.10245850720898417,0.5032540463982179,0.8190531330519617,0.2536250287792029,0.07199458458479155,0.5032540463982179,0.8190531330519617,0.34910533306123626,0.10245850719128599,0.5032540463982179,0.8190531330519617,0.25362502857120367,0.07199458453175392,0.0,0.0,-4.470771530762363e-11,-1.7698173482294522e-11,0.0,0.0,-2.079992567072253e-10,-5.303763955799568e-11,0.0,0.0,-0.09548030449003259,-0.030463922659532083
standardized,NR-AhR,MCF7,1,0.4747334979228784,0.8213143083665756,0.35436273638106175,0.10466483115958554,0.4747334979228784,0.8213143083665756,0.25946392024156506,0.07458524355776605,0.4747334979228784,0.8213143083665756,0.35436273628691267,0.10466483111723526,0.4747334979228784,0.8213143083665756,0.2594639200759811,0.0745852435202372,0.0,0.0,-9.414906632088105e-11,-4.235027883936482e-11,0.0,0.0,-1.655839576564233e-10,-3.7528853635837577e-11,0.0,0.0,-0.09489881621093156,-0.03007958759699806
standardized,NR-AhR,MCF7,2,0.4524630698718542,0.7947188531049959,0.35615890886609225,0.10563511014580687,0.4524630698718542,0.7947188531049959,0.2588112473632683,0.0732354679661863,0.4524630698718542,0.7947188531049959,0.3561589089159991,0.10563511016930724,0.4524630698718542,0.7947188531049959,0.25881124721926063,0.0732354679325466,0.0,0.0,4.9906834220792006e-11,2.3500382195784653e-11,0.0,0.0,-1.4400772796463457e-10,-3.3639707686106134e-11,0.0,0.0,-0.09734766169673852,-0.03239964223676065
standardized,NR-AhR,MCF7,3,0.46607340273539205,0.8206753994790518,0.35162548892377443,0.10398829180262033,0.46607340273539205,0.8206753994790518,0.25810466925049547,0.07399425901982885,0.46607340273539205,0.8206753994790518,0.35162548884822364,0.10398829176404793,0.46606446062352214,0.8207353036324065,0.2580902390720966,0.07399082221773204,0.0,0.0,-7.555083225696535e-11,-3.857239805338253e-11,-8.94211186983629e-06,5.990415335463961e-05,-1.4430178398811e-05,-3.4368020968206236e-06,-8.94211186983629e-06,5.990415335463961e-05,-0.09353524977612696,-0.029997469546315898
standardized,NR-AhR,MCF7,4,0.47592936590922186,0.8105743533581459,0.36221112384228193,0.10799113679495695,0.47592936590922186,0.8105743533581459,0.2699523392808498,0.0770186368618859,0.47592936590922186,0.8105743533581459,0.3622111237510553,0.10799113677166672,0.47592936590922186,0.8105743533581459,0.2699523390602074,0.07701863681033465,0.0,0.0,-9.122670396877197e-11,-2.3290230855010918e-11,0.0,0.0,-2.2064235438712386e-10,-5.1551239665936774e-11,0.0,0.0,-0.09225878469084785,-0.030972499961332067
standardized,NR-AhR,MCF7,5,0.4650291139125624,0.8080300364436651,0.3544264218259955,0.10434071789795196,0.4650291139125624,0.8080300364436651,0.2555664723005694,0.07231906518332606,0.4650291139125624,0.8080300364436651,0.3544264216744118,0.10434071783122882,0.4650291139125624,0.8080300364436651,0.2555664720447227,0.07231906512374753,0.0,0.0,-1.515837122489927e-10,-6.672313812572383e-11,0.0,0.0,-2.5584664387068303e-10,-5.95785462631504e-11,0.0,0.0,-0.09885994962968905,-0.03202165270748129
standardized,NR-AhR,MCF7,6,0.47919250785910006,0.8075470983040948,0.36469517300424376,0.10883963784839708,0.47919250785910006,0.8075470983040948,0.2765669058026149,0.07998361420486025,0.47919250785910006,0.8075470983040948,0.36469517288156755,0.10883963779983785,0.47919250785910006,0.8075470983040948,0.2765669056238077,0.07998361416730956,0.0,0.0,-1.2267621363193372e-10,-4.855920665569613e-11,0.0,0.0,-1.7880721903118513e-10,-3.755067923272293e-11,0.0,0.0,-0.08812826725775984,-0.02885602363252828
standardized,NR-AhR,MCF7,7,0.47893860341812233,0.8257836832454336,0.3519493962562451,0.10369288898775952,0.47893860341812233,0.8257836832454336,0.2529524588056343,0.07168780589404326,0.44070267268219154,0.8240254414871918,0.3504788653017255,0.10322541288195575,0.47893860341812233,0.8257836832454336,0.2529524586673214,0.07168780586567694,-0.038235930735930734,-0.0017582417582417743,-0.0014705309545195665,-0.0004674761058037741,0.0,0.0,-1.3831282785758958e-10,-2.8366319015926677e-11,0.038235930735930734,0.0017582417582417743,-0.09752640663440407,-0.03153760701627881
standardized,NR-AhR,MCF7,8,0.4930280075200514,0.8252554128240366,0.3510525901191286,0.10342522102482021,0.4930280075200514,0.8252554128240366,0.2548498054161305,0.07293622004331354,0.4930280075200514,0.8252554128240366,0.35105259013172185,0.10342522103922,0.4930280075200514,0.8252554128240366,0.2548498052608359,0.07293622001257272,0.0,0.0,1.2593248666092904e-11,1.4399800796205398e-11,0.0,0.0,-1.5529464381103253e-10,-3.07408251631891e-11,0.0,0.0,-0.09620278487088593,-0.03048900102664729
standardized,NR-AhR,MCF7,9,0.44361072263666107,0.7890591099172449,0.361032593266731,0.10706765011109484,0.44361072263666107,0.7890591099172449,0.26289233327171735,0.07458307129154045,0.44361072263666107,0.7890591099172449,0.36103259318283265,0.10706765008041445,0.44361072263666107,0.7890591099172449,0.26289233306460746,0.07458307124696525,0.0,0.0,-8.38983105211355e-11,-3.0680391560622413e-11,0.0,0.0,-2.0710985704219809e-10,-4.457519353628925e-11,0.0,0.0,-0.09814026011822519,-0.03248457883344922
standardized,NR-AhR,MCF7,10,0.4665574698471627,0.8154715946802428,0.3583454003286676,0.10640001431400022,0.4665574698471627,0.8154715946802428,0.26052983242345207,0.0747217856775407,0.4665574698471627,0.8154715946802428,0.3583454003234178,0.10640001431461155,0.4665574698471627,0.8154715946802428,0.26052983228193005,0.07472178564855944,0.0,0.0,-5.249778389782023e-12,6.113332062795962e-13,0.0,0.0,-1.4152203298145593e-10,-2.8981259059257525e-11,0.0,0.0,-0.09781556804148772,-0.03167822866605209
standardized,NR-AhR,MCF7,11,0.4655318444310921,0.8057418249050128,0.3562446627551381,0.10558984948306402,0.4655318444310921,0.8057418249050128,0.26311931301814334,0.07539007676864488,0.4655318444310921,0.8057418249050128,0.3562446626207798,0.10558984942682928,0.4655318444310921,0.8057418249050128,0.2631193127911195,0.07539007671420482,0.0,0.0,-1.3435828005725626e-10,-5.623473908755727e-11,0.0,0.0,-2.270238053103668e-10,-5.444006634380827e-11,0.0,0.0,-0.09312534982966028,-0.030199772712624452
standardized,NR-AhR,MCF7,12,0.4700755468439848,0.8064856845881726,0.35972999278187995,0.1072734341470207,0.4700755468439848,0.8064856845881726,0.27098382904496926,0.07814896852943254,0.4700755468439848,0.8064856845881726,0.3597299927106298,0.10727343411383314,0.4700755468439848,0.8064856845881726,0.27098382885315414,0.07814896847731916,0.0,0.0,-7.125020573539587e-11,-3.318754993042461e-11,0.0,0.0,-1.9181513599697552e-10,-5.211338582888914e-11,0.0,0.0,-0.0887461638574756,-0.029124465636513996
standardized,NR-AhR,MCF7,13,0.4789977892444181,0.8205229524877142,0.3561720646141513,0.10546009081669816,0.4789977892444181,0.8205229524877142,0.26433244216611096,0.07562045977158433,0.4789977892444181,0.8205229524877142,0.35617206463070306,0.10546009081915338,0.4789977892444181,0.8205229524877142,0.2643324420613408,0.07562045974587439,0.0,0.0,1.655172665593341e-11,2.4552165855951102e-12,0.0,0.0,-1.0477014811272056e-10,-2.5709938344942174e-11,0.0,0.0,-0.09183962256936218,-0.02983963107327899
standardized,NR-AhR,MCF7,14,0.4879836541671326,0.8271845886698064,0.3550874502687544,0.10482643682484152,0.4879836541671326,0.8271845886698064,0.2626712072470948,0.07523781526635115,0.4879836541671326,0.8271845886698064,0.3550874501667503,0.10482643678245282,0.4879836541671326,0.8271845886698064,0.26267120702857555,0.07523781521519615,0.0,0.0,-1.0200410516247871e-10,-4.2388678678229044e-11,0.0,0.0,-2.1851931930605418e-10,-5.115499412955415e-11,0.0,0.0,-0.09241624313817479,-0.029588621567256678
standardized,NR-AhR,MCF7,15,0.4478840420153018,0.800973584075761,0.3586659605824388,0.10682545367193233,0.4478840420153018,0.800973584075761,0.26245182917345167,0.07478294260355894,0.4478840420153018,0.800973584075761,0.35866596044186605,0.10682545361018894,0.4478840420153018,0.800973584075761,0.2624518289381877,0.07478294255335581,0.0,0.0,-1.4057274233536531e-10,-6.174337152664577e-11,0.0,0.0,-2.3526400827478253e-10,-5.0203130541603966e-11,0.0,0.0,-0.09621413150367839,-0.03204251105683313
standardized,NR-AhR,MCF7,16,0.4814415144967361,0.8120617014553841,0.35708905831909216,0.10568311757623464,0.4814415144967361,0.8120617014553841,0.27200425199186035,0.07919931083107998,0.4814415144967361,0.8120617014553841,0.3570890582692712,0.10568311755531554,0.4814415144967361,0.8120617014553841,0.27200425175476356,0.07919931077626521,0.0,0.0,-4.982100287875824e-11,-2.091908868351311e-11,0.0,0.0,-2.370968033016396e-10,-5.4814773553513166e-11,0.0,0.0,-0.0850848065145076,-0.026483806779050333
standardized,NR-AhR,MCF7,17,0.47930161229967394,0.8132675496376501,0.35964047656370396,0.10739881796467765,0.47930161229967394,0.8132675496376501,0.2760793043417892,0.08076844696740684,0.47930161229967394,0.8132675496376501,0.3596404765510728,0.10739881795814901,0.47930161229967394,0.8132675496376501,0.2760793041741292,0.08076844692649068,0.0,0.0,-1.2631184986844347e-11,-6.528658169635549e-12,0.0,0.0,-1.6765998034351527e-10,-4.0916156573977955e-11,0.0,0.0,-0.08356117237694358,-0.026630371031658318
standardized,NR-AhR,MCF7,18,0.4680857790792635,0.818935889576703,0.3530416756458539,0.10436871126706442,0.4680857790792635,0.818935889576703,0.25558632021173133,0.07277231278684956,0.4680857790792635,0.818935889576703,0.35304167562479577,0.10436871125988353,0.4680857790792635,0.818935889576703,0.2555863200692519,0.07277231275104654,0.0,0.0,-2.1058110810656672e-11,-7.180880889912089e-12,0.0,0.0,-1.4247941160228094e-10,-3.580302859740314e-11,0.0,0.0,-0.09745535555554387,-0.031596398508837
standardized,NR-AhR,MCF7,19,0.47663931113851854,0.8160031686621088,0.359755349388836,0.10718001679812932,0.47663931113851854,0.8160031686621088,0.27858297914193764,0.08121343047538734,0.4760771746809935,0.8158575375941476,0.35977521519684214,0.10719039976465372,0.46673580257869823,0.8161002560407494,0.27871939481994984,0.08129819622196646,-0.0005621364575250642,-0.00014563106796117165,1.9865808006147566e-05,1.0382966524405401e-05,-0.009903508559820307,9.70873786407811e-05,0.00013641567801218058,8.47657465791185e-05,-0.009341372102295242,0.00024271844660195274,-0.08105582037689232,-0.02589220354268726
standardized,NR-Aromatase,HA1E,0,0.34499433823911474,0.7214600954943686,0.4929737425904765,0.15517864338018325,0.34499433823911474,0.7214600954943686,0.25452161504467496,0.06886904207392276,0.350977965027832,0.7195234757760589,0.49240977061413327,0.1549022351207733,0.3525288375330789,0.7223403771845096,0.25370778355668083,0.0686554881456796,0.005983626788717255,-0.0019366197183098288,-0.0005639719763432472,-0.0002764082594099382,0.007534499293964126,0.0008802816901408717,-0.0008138314879941544,-0.00021355392824317227,0.0015508725052468697,0.0028169014084507005,-0.23870198705745244,-0.08624674697509371
standardized,NR-Aromatase,HA1E,1,0.38458454419487853,0.7415980545801105,0.4980341726395811,0.1576799978668188,0.38458454419487853,0.7415980545801105,0.2766312098365303,0.07606326992872084,0.3809493401125367,0.744892280483032,0.49776924605161305,0.15762184197726598,0.37845396464242587,0.7517580395227041,0.27484828695262387,0.07584117584718335,-0.003635204082341803,0.0032942259029215435,-0.000264926587968084,-5.815588955280781e-05,-0.006130579552452653,0.010159984942593625,-0.0017829228839063792,-0.0002220940815374925,-0.0024953754701108498,0.0068657590396720815,-0.22292095909898918,-0.08178066613008264
standardized,NR-Aromatase,HA1E,2,0.388273440994498,0.7663930376755876,0.4918783947412454,0.154804485007445,0.388273440994498,0.7663930376755876,0.24787664888525152,0.06671561109283546,0.40371561791195604,0.7765429623095239,0.4889084344106426,0.15352008956601154,0.388273440994498,0.7663930376755876,0.2478766480707701,0.06671561098039047,0.015442176917458061,0.01014992463393627,-0.002969960330602872,-0.0012843954414334558,0.0,0.0,-8.144814489519092e-10,-1.1244497832851862e-10,-0.015442176917458061,-0.01014992463393627,-0.2410317863398724,-0.0868044785856211
standardized,NR-Aromatase,HA1E,3,0.36309675545493414,0.7348314991868343,0.4908418598650249,0.15428319379243008,0.36309675545493414,0.7348314991868343,0.26561670567457024,0.0728819863930905,0.3769465911501353,0.7433282312129782,0.48956951471886406,0.15375373310417545,0.39632605062588083,0.7559091870870702,0.26121351021710165,0.07165077985301097,0.013849835695201162,0.008496732026143783,-0.0012723451461607472,-0.000529460688254646,0.0332292951709467,0.021077687900235918,-0.004403195457468606,-0.0012312065400795422,0.019379459475745535,0.012580955874092137,-0.22835600450176247,-0.08210295325116446
standardized,NR-Aromatase,HA1E,4,0.39112633595918844,0.7613002436430142,0.4902326535105132,0.15386714518896497,0.39112633595918844,0.7613002436430142,0.250597789876743,0.06788992735926841,0.39853233306356234,0.7649758542381294,0.4902956050612456,0.1540013082231955,0.39112633595918844,0.7613002436430142,0.2505977890293769,0.06788992727671704,0.007405997104373885,0.0036756105951152307,6.295155073243741e-05,0.00013416303423052778,0.0,0.0,-8.473661439190039e-10,-8.255136435542099e-11,-0.007405997104373885,-0.0036756105951152307,-0.23969781603186874,-0.08611138094647845
standardized,NR-Aromatase,HA1E,5,0.43023743105565604,0.7574748702745561,0.4904707312159083,0.1539179897460395,0.43023743105565604,0.7574748702745561,0.2520581543655226,0.06832257606835157,0.43396348241187466,0.7632447210970386,0.4893663857928711,0.15342658710099927,0.3474062025826365,0.7461315866924665,0.2544888700832092,0.06910870677408905,0.0037260513562186403,0.005769850822482403,-0.0011043454230372008,-0.0004914026450402286,-0.08283122847301953,-0.011343283582089558,0.0024307157176866323,0.0007861307057374825,-0.08655727982923818,-0.01711313440457196,-0.23487751570966192,-0.08431788032691023
standardized,NR-Aromatase,HA1E,6,0.3673751452176214,0.7442652226780332,0.4920343536020123,0.15484646646489836,0.3673751452176214,0.7442652226780332,0.2572553661072929,0.07003719356879046,0.39722380832258486,0.7771557171055404,0.4884318925458434,0.1533425715605925,0.36365797280137596,0.7498207782335887,0.2573345879278336,0.07028567682753725,0.02984866310496346,0.032890494427507175,-0.0036024610561689154,-0.001503894904305858,-0.0037171724162453844,0.005555555555555558,7.922182054069804e-05,0.0002484832587467872,-0.03356583552120884,-0.027334938871951618,-0.2310973046180098,-0.08305689473305525
standardized,NR-Aromatase,HA1E,7,0.37524278272885553,0.7383106302932113,0.4902482584540889,0.15397934975259506,0.37524278272885553,0.7383106302932113,0.2616883898524258,0.07134449239386324,0.377223837465831,0.7560065631829516,0.4892695073418908,0.15352667075427168,0.38108734998699323,0.7511400909089314,0.2604469769966766,0.07109982767645484,0.0019810547369754406,0.01769593288974025,-0.0009787511121981396,-0.00045267899832338585,0.005844567258137656,0.012829460615720123,-0.001241412855749169,-0.0002446647174084118,0.0038635125211622157,-0.004866472274020128,-0.22882253034521413,-0.08242684307781685
standardized,NR-Aromatase,HA1E,8,0.37346726624571197,0.7480096249878292,0.4965359874988544,0.1568646065851277,0.37346726624571197,0.7480096249878292,0.269584735991171,0.0739876938089249,0.3892106829660401,0.7537839777396826,0.4924377848657685,0.15516710086572796,0.4041242676188979,0.763615867484828,0.2620448328708808,0.07173640830147285,0.015743416720328106,0.005774352751853407,-0.0040982026330858455,-0.0016975057193997333,0.03065700137318598,0.015606242496998778,-0.007539903120290137,-0.002251285507452043,0.014913584652857869,0.009831889745145372,-0.23039295199488774,-0.0834306925642551
standardized,NR-Aromatase,HA1E,9,0.3638857759354694,0.7141641012296784,0.493968625578476,0.15563750599227616,0.3638857759354694,0.7141641012296784,0.255961134297885,0.06854479579382891,0.37042787470346183,0.7264603975259747,0.4940662906202141,0.15569462908763956,0.3741260014158633,0.7291195193260133,0.2510739217424684,0.0671178985063888,0.006542098767992466,0.012296296296296316,9.76650417381597e-05,5.7123095363392776e-05,0.010240225480393883,0.014955418096334893,-0.0048872125554165645,-0.0014268972874401,0.0036981267124014173,0.0026591218000385775,-0.24299236887774572,-0.08857673058125075
standardized,NR-Aromatase,HA1E,10,0.3360607080130993,0.7577917200381634,0.4874850883271521,0.1526136082054017,0.3360607080130993,0.7577917200381634,0.24766010779368824,0.06681358805583583,0.39228453107870703,0.792310970201485,0.4861570914769514,0.1520811590918089,0.3360607080130993,0.7577917200381634,0.24766010652866588,0.0668135878451731,0.05622382306560778,0.03451925016332156,-0.001327996850200741,-0.0005324491135928255,0.0,0.0,-1.2650223368826374e-09,-2.106627219888857e-10,-0.05622382306560778,-0.03451925016332156,-0.23849698494828547,-0.08526757124663578
standardized,NR-Aromatase,HA1E,11,0.3813990324694195,0.7388815596770703,0.4983848851140957,0.15772325036576187,0.3813990324694195,0.7388815596770703,0.2724199900781926,0.07438338177440804,0.3821819420519691,0.7484622516132692,0.4963288507834516,0.15693995603680716,0.3496752683438944,0.7384052177408046,0.2725518123151363,0.0746265421668673,0.0007829095825496735,0.009580691936199015,-0.002056034330644074,-0.0007832943289547145,-0.031723764125525064,-0.0004763419362656007,0.0001318222369436406,0.000243160392459274,-0.03250667370807474,-0.010057033872464616,-0.22377703846831531,-0.08231341386993984
standardized,NR-Aromatase,HA1E,12,0.37965628868754103,0.7434903970736049,0.48832092252726883,0.1530148728861212,0.37965628868754103,0.7434903970736049,0.248163394636423,0.06687451125727459,0.37965628868754103,0.7434903970736049,0.48832092146030587,0.1530148724153168,0.37207929442415205,0.751171826852101,0.2470081119636948,0.06670041074311468,0.0,0.0,-1.0669629513238022e-09,-4.708043621626246e-10,-0.007576994263388953,0.007681429778496218,-0.0011552826727282306,-0.00017410051415990975,-0.007576994263388953,0.007681429778496218,-0.24131280949661105,-0.08631446167220214
standardized,NR-Aromatase,HA1E,13,0.41986514774531936,0.7735937207345455,0.49005022093539685,0.1537851902030088,0.41986514774531936,0.7735937207345455,0.24046627038304388,0.06395283516442933,0.42018471632898285,0.7740768125219851,0.4900241818196071,0.15377261582681373,0.4196483171951698,0.775995840263849,0.239921884116627,0.0639196669410941,0.00031956858366350983,0.0004830917874396157,-2.6039115789722177e-05,-1.2574376195056968e-05,-0.00021683055014953823,0.0024021195293036255,-0.0005443862664168908,-3.3168223335240667e-05,-0.000536399133813048,0.0019190277418640101,-0.25010229770298015,-0.08985294888571967
standardized,NR-Aromatase,HA1E,14,0.4031304989055785,0.7634391688406853,0.4849200772941802,0.15141996372251942,0.4031304989055785,0.7634391688406853,0.2480184655498256,0.0672303504030771,0.4077945620169435,0.7871673156938322,0.4825452565113057,0.15040149595278549,0.45420553062807506,0.7967123041374664,0.24026999327484672,0.06534531615181859,0.004664063111364913,0.02372814685314688,-0.0023748207828744317,-0.0010184677697339384,0.051075031722496556,0.03327313529678111,-0.007748472274978951,-0.001885034251258498,0.04641096861113164,0.009544988443634227,-0.24227526323645904,-0.0850561798009669
standardized,NR-Aromatase,HA1E,15,0.3363942511119913,0.7224620471555935,0.49813955085730016,0.15762365735233225,0.3363942511119913,0.7224620471555935,0.25879707833413373,0.06988866585041735,0.3443323195005026,0.7346386214890306,0.49530715028376077,0.1564216090229878,0.34196439544879575,0.7333864169034926,0.2576778844983136,0.06983331662069757,0.007938068388511322,0.012176574333437062,-0.0028324005735393732,-0.0012020483293444684,0.005570144336804484,0.010924369747899166,-0.0011191938358201426,-5.534922971977968e-05,-0.002367924051706838,-0.001252204585537897,-0.23762926578544716,-0.0865882924022902
standardized,NR-Aromatase,HA1E,16,0.43064693481020766,0.7744914686697775,0.4901210263576151,0.15372573973126094,0.43064693481020766,0.7744914686697775,0.257979584981205,0.07009948508189841,0.43755780172107467,0.7784914686697775,0.4904487454844114,0.15398810789211106,0.43064693481020766,0.7744914686697775,0.2579795836738471,0.07009948487332467,0.00691086691086693,0.0040000000000000036,0.000327719126796322,0.0002623681608501238,0.0,0.0,-1.3073578331024294e-09,-2.0857373606020246e-10,-0.00691086691086693,-0.0040000000000000036,-0.23246916181056426,-0.08388862301878638
standardized,NR-Aromatase,HA1E,17,0.45838848650341213,0.7860357598381225,0.48999756378961956,0.15371579611588726,0.45838848650341213,0.7860357598381225,0.2485946876267962,0.0668584260319809,0.46184772041245303,0.8059609312030407,0.48603702742276866,0.15202933376409045,0.45080208204896766,0.797962850050651,0.2453174766028973,0.06611679122747217,0.0034592339090409375,0.019925171364918292,-0.00396053636685092,-0.001686462351796808,-0.007586404454444429,0.011927090212528668,-0.0032772110238988906,-0.000741634804508727,-0.011045638363485367,-0.007998081152389624,-0.24071955081987134,-0.08591254253661827
standardized,NR-Aromatase,HA1E,18,0.3884100266626629,0.7499639545489255,0.4889151106910064,0.15326686005797657,0.3884100266626629,0.7499639545489255,0.25396541700211445,0.06934922074121015,0.3994211098075203,0.7599574092116812,0.4877508740091219,0.15281655176322712,0.3869303189395791,0.7539721765427589,0.25356965439391715,0.06920491962610759,0.011011083144857459,0.009993454662755719,-0.001164236681884423,-0.00045030829474946855,-0.0014797077230837784,0.004008221993833527,-0.00039576260819729203,-0.00014430111510255889,-0.012490790867941238,-0.005985232668922191,-0.2341812196152048,-0.08361163213711953
standardized,NR-Aromatase,HA1E,19,0.3634617110038839,0.7156244102634256,0.49444249744028124,0.15571072632735666,0.3634617110038839,0.7156244102634256,0.25792379332393534,0.06985558945583689,0.36590360224732316,0.7176744102634256,0.49519564166031965,0.15611240339207572,0.3627371866423038,0.7391539372057815,0.2537377339347724,0.0689687473441251,0.0024418912434392205,0.0020499999999999963,0.0007531442200383931,0.0004016770647190471,-0.0007245243615801422,0.023529526942355904,-0.004186059389162939,-0.0008868421117117845,-0.0031664156050193624,0.021479526942355907,-0.2414579077255473,-0.0871436560479506
standardized,NR-Aromatase,HEPG2,0,0.35971191139948905,0.7251722756755979,0.5048090133217156,0.16064093879959268,0.35971191139948905,0.7251722756755979,0.2832466071888581,0.0782813672870182,0.37540392303901615,0.7256571241604464,0.5031228127689552,0.15993915810083587,0.36376358498979444,0.7324175188045621,0.2813564804565423,0.07779177832204329,0.01569201163952714,0.00048484848484846576,-0.0016862005527604417,-0.0007017806987568154,0.004051673590305382,0.007245243128964063,-0.0018901267323157833,-0.0004895889649749019,-0.011640338049221755,0.006760394644115597,-0.22176633231241283,-0.08214737977879256
standardized,NR-Aromatase,HEPG2,1,0.3582563944666181,0.742736366443263,0.5030839658186702,0.15980026035426817,0.3582563944666181,0.742736366443263,0.26863341404309216,0.07286542431481308,0.36178932805937225,0.7487969725038691,0.5036183063987955,0.16000066196834634,0.3466602894601013,0.7487849474918441,0.2691601026342888,0.07328505857454906,0.003532933592754128,0.006060606060606077,0.0005343405801252921,0.00020040161407815503,-0.011596105006516876,0.006048581048581058,0.0005266885911966723,0.0004196342597359751,-0.015129038599271005,-1.2025012025018711e-05,-0.23445820376450666,-0.08671560339379729
standardized,NR-Aromatase,HEPG2,2,0.3306438744339244,0.6943057676895822,0.5112680501734618,0.16361444716250756,0.3306438744339244,0.6943057676895822,0.2737941859302969,0.07459739387433054,0.3370025300652096,0.7088891010229155,0.5110408690664221,0.16353439250646223,0.3618616339079302,0.7262777859694742,0.26737406779064476,0.07309339152097521,0.00635865563128517,0.014583333333333327,-0.00022718110703974227,-8.005465604531415e-05,0.031217759474005784,0.031972018279892114,-0.006420118139652192,-0.0015040023533553256,0.024859103842720616,0.017388684946558784,-0.24366680127577728,-0.09044100098548705
standardized,NR-Aromatase,HEPG2,3,0.34139377761077483,0.7190858958957251,0.5007845991703872,0.1587848201352358,0.34139377761077483,0.7190858958957251,0.28228447011755636,0.0779709828825292,0.35181201756313396,0.7251016749884273,0.4984602699014995,0.15775730637079755,0.35600818519023314,0.7307229767635752,0.2793669867563279,0.07719981401730731,0.010418239952359142,0.006015779092702167,-0.0023243292688877814,-0.0010275137644382482,0.014614407579458344,0.011637080867850091,-0.00291748336122854,-0.0007711688652218801,0.004196167627099201,0.005621301775147925,-0.21909328314517165,-0.08055749235349023
standardized,NR-Aromatase,HEPG2,4,0.3379316804128506,0.6895116275904181,0.5118022272008314,0.16376781203023055,0.3379316804128506,0.6895116275904181,0.28336834450586046,0.07767215901468158,0.3374713926188032,0.682511627590418,0.512590143077241,0.1641368132545871,0.3401591324083204,0.6813896116752987,0.2821358983306279,0.07714700284155854,-0.00046028779404738707,-0.007000000000000006,0.000787915876409695,0.0003690012243565299,0.002227451995469798,-0.008122015915119341,-0.001232446175232521,-0.0005251561731230439,0.002687739789517185,-0.0011220159151193343,-0.23045424474661313,-0.08698981041302854
standardized,NR-Aromatase,HEPG2,5,0.31268332812171523,0.6850648832918121,0.509250391402872,0.16262387960897237,0.31268332812171523,0.6850648832918121,0.28150975760310254,0.07687556335069952,0.33848826191212994,0.7027519581217442,0.5072623382407853,0.16176972266762424,0.33825837685465865,0.7013914139040571,0.2784611643016196,0.07589992965083894,0.02580493379041473,0.01768707482993197,-0.0019880531620868336,-0.0008541569413481387,0.025575048732943473,0.016326530612244892,-0.003048593301482938,-0.0009756336998605813,-0.00022988505747125742,-0.0013605442176870763,-0.22880117393916563,-0.08586979301678531
standardized,NR-Aromatase,HEPG2,6,0.3742227437729483,0.7243768186837393,0.5031881520403942,0.15978848877527665,0.3742227437729483,0.7243768186837393,0.28476960623660375,0.07901690750051088,0.38324298692631836,0.7268158430739831,0.500870721332466,0.15871914672683082,0.3818153427280429,0.7360774989558481,0.2839501536816702,0.07885246134249715,0.009020243153370088,0.0024390243902439046,-0.002317430707928192,-0.0010693420484458038,0.007592598955094637,0.011700680272108865,-0.0008194525549335751,-0.00016444615801373825,-0.0014276441982754517,0.00926165588186496,-0.2169205676507958,-0.0798666853843337
standardized,NR-Aromatase,HEPG2,7,0.33239544364611917,0.7319817156666535,0.5101023221373931,0.16302428549442202,0.33239544364611917,0.7319817156666535,0.27743714912682194,0.07663476212828857,0.3332199493358023,0.7329478992415327,0.5098355966467165,0.1629167426029759,0.33419636288654103,0.7322232615603732,0.2772468699220272,0.07661069600644349,0.0008245056896831638,0.0009661835748792314,-0.00026672549067653374,-0.00010754289144611629,0.001800919240421839,0.00024154589371980784,-0.00019027920479474658,-2.406612184507606e-05,0.0009764135507386751,-0.0007246376811594236,-0.2325887267246894,-0.08630604659653242
standardized,NR-Aromatase,HEPG2,8,0.3179302661765022,0.7309598618435829,0.5041744202632175,0.16022907311009785,0.3179302661765022,0.7309598618435829,0.2721006083680876,0.0745334408506531,0.31471538613325656,0.7328402037239247,0.5042840809574859,0.1602793395844147,0.3267868044761911,0.7289082183965905,0.26569044834063066,0.07171102480646484,-0.0032148800432456937,0.0018803418803418736,0.00010966069426839863,5.0266474316867924e-05,0.008856538299688809,-0.0020516434469922463,-0.006410160027456957,-0.002822416044188261,0.012071418342934504,-0.00393198532733412,-0.23859363261685526,-0.08856831477794987
standardized,NR-Aromatase,HEPG2,9,0.3731390019664373,0.7267960403985249,0.5017451939073854,0.1591083813059719,0.3731390019664373,0.7267960403985249,0.2797979997167244,0.07736875616333921,0.354278657064933,0.7233988027155729,0.5001041151880081,0.15857248591266293,0.3977139456105982,0.7489699534420031,0.27560749100411736,0.07648824735110041,-0.0188603449015043,-0.00339723768295197,-0.0016410787193771425,-0.0005358953933089994,0.024574943644160907,0.022173913043478287,-0.004190508712607038,-0.0008805088122388005,0.04343528854566521,0.025571150726430257,-0.22449662418389082,-0.08208423856156251
standardized,NR-Aromatase,HEPG2,10,0.3524286522366339,0.7072921153066642,0.5130752104349975,0.16446247145595838,0.3524286522366339,0.7072921153066642,0.31358722377822595,0.08838666297179418,0.3530493012173649,0.7050968668369061,0.5137150425977055,0.16476716290027135,0.36547255753430596,0.7189157676165912,0.3080479172151792,0.0870840837610333,0.0006206489807309423,-0.002195248469758315,0.0006398321627079983,0.00030469144431298777,0.013043905297672066,0.01162365230992679,-0.005539306563046775,-0.0013025792107608917,0.012423256316941123,0.013818900779685107,-0.20566712538252627,-0.07768307913923807
standardized,NR-Aromatase,HEPG2,11,0.35256443420561945,0.7237501019574233,0.506824267233819,0.16158174443873605,0.35256443420561945,0.7237501019574233,0.2758252551234672,0.07579937429022318,0.3386755453167306,0.7176525409818135,0.5073380943576549,0.16185016844350347,0.3369601875038118,0.7115549800062038,0.2799669874138736,0.07688176088907041,-0.013888888888888885,-0.0060975609756097615,0.0005138271238358527,0.00026842400476740914,-0.015604246701807666,-0.012195121951219523,0.004141732290406408,0.0010823865988472097,-0.0017153578129187829,-0.0060975609756097615,-0.22737110694378124,-0.08496840755443306
standardized,NR-Aromatase,HEPG2,12,0.3224323808391498,0.7143527002015102,0.5131102093713142,0.16449390794767374,0.3224323808391498,0.7143527002015102,0.28782545588067987,0.07944032374983842,0.3016581941376728,0.7081450019323292,0.5157105240349404,0.16569479786853,0.34652268741117853,0.7391450367429138,0.2846272956293549,0.07888029131975542,-0.020774186701476995,-0.0062076982691811056,0.002600314663626091,0.001200889920856274,0.024090306572028663,0.024792336541403514,-0.0031981602513249828,-0.0005600324300830031,0.044864493273505654,0.03100003481058462,-0.23108322840558548,-0.08681450654877458
standardized,NR-Aromatase,HEPG2,13,0.3464068564724423,0.726454977533925,0.51268554511511,0.1642577601210917,0.3464068564724423,0.726454977533925,0.29728763672473785,0.08283855149444776,0.33140876146053727,0.7212466442005916,0.5144397397089616,0.1651220530166738,0.3464068564724423,0.726454977533925,0.29728763566950345,0.08283855134746099,-0.014998095011905011,-0.005208333333333326,0.0017541945938515436,0.0008642928955820917,0.0,0.0,-1.0552343943093233e-09,-1.469867713654871e-10,0.014998095011905011,0.005208333333333326,-0.2171521040394581,-0.0822835016692128
standardized,NR-Aromatase,HEPG2,14,0.3610227258214511,0.7096344158256639,0.507432878249827,0.16185264175142366,0.3610227258214511,0.7096344158256639,0.2781174153258125,0.07573976826225168,0.37359777960174745,0.7132583474495956,0.5068469746936843,0.16159417982109078,0.39035828501740255,0.7025756535331723,0.2769546718412323,0.07497898353811909,0.01257505378029634,0.003623931623931642,-0.0005859035561427084,-0.0002584619303328928,0.029335559195951467,-0.007058762292491583,-0.0011627434845802253,-0.0007607847241325932,0.016760505415655123,-0.010682693916423226,-0.22989230285245205,-0.0866151962829717
standardized,NR-Aromatase,HEPG2,15,0.3259474886092165,0.7568631493937322,0.5089640985817919,0.16263066281006866,0.3259474886092165,0.7568631493937322,0.28878771506838863,0.07987186447173034,0.3482401969487333,0.7657003586960578,0.5097092871371359,0.16278080084980467,0.3259474886092165,0.7568631493937322,0.2887877133280089,0.07987186417994567,0.022292708339516847,0.008837209302325566,0.0007451885553439563,0.00015013803973600303,0.0,0.0,-1.7403797125670195e-09,-2.91784660322314e-10,-0.022292708339516847,-0.008837209302325566,-0.22092157380912694,-0.08290893666985898
standardized,NR-Aromatase,HEPG2,16,0.36736650039980623,0.717207618089971,0.5091064345232518,0.162708556981264,0.36736650039980623,0.717207618089971,0.28676269351658135,0.07907045963213591,0.3825211679013626,0.7204008954008955,0.5065187673894299,0.16156572361046426,0.39217338547971253,0.7238282218870454,0.283448099135205,0.07837161567497637,0.015154667501556297,0.0031932773109243804,-0.0025876671338218027,-0.001142833370799723,0.024806885079906284,0.006620603797074365,-0.0033145943813763347,-0.0006988439571595312,0.009652217578349987,0.003427326486149984,-0.22307066825422495,-0.0831941079354879
standardized,NR-Aromatase,HEPG2,17,0.42453790545877296,0.7479719908216202,0.5007904761006848,0.15884129693107002,0.42453790545877296,0.7479719908216202,0.27630017624163516,0.0758400960415631,0.42453790545877296,0.7479719908216202,0.5007904755917754,0.15884129671810626,0.432678256335966,0.752733895583525,0.27545091939260885,0.07590927448869489,0.0,0.0,-5.089095922450326e-10,-2.129637410863694e-10,0.00814035087719298,0.004761904761904745,-0.0008492568490263309,6.917844713178468e-05,0.00814035087719298,0.004761904761904745,-0.22533955619916646,-0.08293202222941139
standardized,NR-Aromatase,HEPG2,18,0.3342545006383836,0.7016958414966545,0.5089557812928357,0.16245537284354464,0.3342545006383836,0.7016958414966545,0.28537691387641095,0.07865029538038779,0.33996531352314346,0.7053543780820204,0.507408316656952,0.16175391277137385,0.3369656382701647,0.7044832979426475,0.2842062835989831,0.07841808482380637,0.005710812884759875,0.003658536585365857,-0.0015474646358836885,-0.0007014600721708009,0.0027111376317810907,0.0027874564459930305,-0.00117063027742787,-0.00023221055658142613,-0.002999675252978784,-0.0008710801393728262,-0.22320203305796887,-0.08333582794756747
standardized,NR-Aromatase,HEPG2,19,0.29937866671595,0.6691198393338477,0.5053516254159354,0.16090636445891138,0.29937866671595,0.6691198393338477,0.2644217305102479,0.070949517947119,0.3056838998351666,0.6741927451082173,0.5047994873970125,0.16071525229219616,0.30821513376633713,0.6864836130064397,0.2644396159046124,0.07106496866715499,0.006305233119216627,0.005072905774369673,-0.0005521380189228209,-0.00019111216671521825,0.00883646705038715,0.017363773672592054,1.7885394364525186e-05,0.000115450720035995,0.0025312339311705234,0.012290867898222379,-0.24035987149240007,-0.08965028362504116
standardized,NR-Aromatase,HT29,0,0.3575366297978598,0.7445217141787042,0.4937910230315084,0.15564891186133054,0.3575366297978598,0.7445217141787042,0.2582786563039331,0.07034134835639971,0.3616213797455995,0.7522931646282821,0.4935290434827955,0.15552859173730857,0.3575366297978598,0.7445217141787042,0.2582786558312896,0.07034134827180585,0.004084749947739702,0.007771450449578032,-0.0002619795487128762,-0.00012032012402197201,0.0,0.0,-4.726435021140674e-10,-8.459386108272681e-11,-0.004084749947739702,-0.007771450449578032,-0.2352503876515059,-0.08518724346550272
standardized,NR-Aromatase,HT29,1,0.35475316961719944,0.7289177980933745,0.49102713135864934,0.15441457157981983,0.35475316961719944,0.7289177980933745,0.25782272711031473,0.0698418227148773,0.3930470462052579,0.7482109043383056,0.48693551082513337,0.15269276830425033,0.3670113958774167,0.7284642833541455,0.2551995450903795,0.06862372284417015,0.038293876588058454,0.01929310624493108,-0.004091620533515983,-0.0017218032755695,0.012258226260217308,-0.0004535147392290328,-0.002623182019935183,-0.0012180998707071525,-0.026035650327841144,-0.019746620984160114,-0.23173596573475388,-0.08406904546008018
standardized,NR-Aromatase,HT29,2,0.37420723071711987,0.7343842940181968,0.49107811813084823,0.1544053741093162,0.37420723071711987,0.7343842940181968,0.25033224642848856,0.06745030827817769,0.39624091355197966,0.7541383211701831,0.48793788239104396,0.15309015163698775,0.396796784778824,0.7521393785802847,0.2469103388404882,0.06647568570656778,0.022033682834859826,0.019754027151986354,-0.003140235739804298,-0.0013152224723284533,0.0225895540617042,0.01775508456208792,-0.0034219075880003334,-0.0009746225716099038,0.0005558712268443732,-0.0019989425898984336,-0.2410275435505557,-0.08661446593041996
standardized,NR-Aromatase,HT29,3,0.37797529281202735,0.7464788179723756,0.4924492301805964,0.15503460082428058,0.37797529281202735,0.7464788179723756,0.25701859586840814,0.06984787209130632,0.3768491025537948,0.7471367127092178,0.4928836989637392,0.15519109292535743,0.38051313872296577,0.7510893472974034,0.2555874819312287,0.06944400438611005,-0.0011261902582325844,0.0006578947368421018,0.00043446878314276074,0.00015649210107683277,0.0025378459109383577,0.0046105293250278566,-0.0014311139371794457,-0.00040386770519627304,0.0036640361691709423,0.003952634588185755,-0.23729621703251053,-0.08574708853924737
standardized,NR-Aromatase,HT29,4,0.3448315553870106,0.7187833571456412,0.49479071527135476,0.1560306505296708,0.3448315553870106,0.7187833571456412,0.26833143970991313,0.07310693906305463,0.31721630362337744,0.7190789236481042,0.49575929752620507,0.15649388412741072,0.32307710142243096,0.7195715344855427,0.26868179339802173,0.0732954582209942,-0.027615251763633154,0.0002955665024630294,0.0009685822548503142,0.0004632335977399149,-0.021754453964579666,0.0007881773399014858,0.00035035368810859004,0.00018851915793956787,0.005860797799053486,0.0004926108374384564,-0.22707750412818334,-0.0831984259064165
standardized,NR-Aromatase,HT29,5,0.38047916033359247,0.7156195881066572,0.49367039082758674,0.15570235059637394,0.38047916033359247,0.7156195881066572,0.25849718532476756,0.0699235317718117,0.39438660828387195,0.7259355556640039,0.49147613721338185,0.15479998997184666,0.3839953893786635,0.721507033994103,0.2581670319165835,0.06998917063592128,0.013907447950279466,0.010315967557346872,-0.002194253614204922,-0.0009023606245272819,0.003516229045071079,0.005887445887445919,-0.00033015340818409733,6.563886410957675e-05,-0.010391218905208388,-0.004428521669900954,-0.23330910529679832,-0.08481081933592538
standardized,NR-Aromatase,HT29,6,0.34716595305504705,0.7419986224915037,0.4919428978570111,0.15473848938260165,0.34716595305504705,0.7419986224915037,0.2610917876450368,0.07114355549346563,0.34716595305504705,0.7419986224915037,0.4919428970398636,0.1547384890098969,0.3634676763366745,0.7520670219443082,0.25939149416604007,0.07079206308716673,0.0,0.0,-8.171474608076323e-10,-3.7270476704875933e-10,0.016301723281627423,0.010068399452804378,-0.0017002934789967171,-0.00035149240629889775,0.016301723281627423,0.010068399452804378,-0.23255140287382353,-0.08394642592273013
standardized,NR-Aromatase,HT29,7,0.36715394481448166,0.7214668844509184,0.4957702423998148,0.15664550587608886,0.36715394481448166,0.7214668844509184,0.2536812784984271,0.06785644702441157,0.3505347762947808,0.7153948969704802,0.49599243279878014,0.15619576164703292,0.3732960115811029,0.7197141457967713,0.2526331633266601,0.06749124541932874,-0.016619168519700855,-0.006071987480438201,0.00022219039896529403,-0.0004497442290559206,0.006142066766621279,-0.0017527386541471123,-0.0010481151717669722,-0.0003652016050828308,0.022761235286322134,0.004319248826291089,-0.24335926947212005,-0.08870451622770417
standardized,NR-Aromatase,HT29,8,0.3518678386681513,0.7258308345222628,0.49630418072338733,0.15684474092990702,0.3518678386681513,0.7258308345222628,0.26947893971592807,0.07355065984427962,0.3767591061894639,0.7352842323197379,0.49523026469897546,0.15648245071576042,0.3657037234474455,0.7286739717771648,0.2657637455810463,0.07241806394822004,0.02489126752131261,0.009453397797475182,-0.0010739160244117806,-0.0003622902141465989,0.013835884779294183,0.0028431372549019727,-0.0037151941348817384,-0.0011325958960595837,-0.011055382742018427,-0.00661026054257321,-0.22946651911792912,-0.08406438676754038
standardized,NR-Aromatase,HT29,9,0.3641677118694353,0.7394627785051279,0.4901600754178884,0.15405641634743789,0.3641677118694353,0.7394627785051279,0.2588106341653001,0.07062830423140831,0.3645882789566691,0.7394627785051279,0.4899292259173921,0.15393985389953999,0.3641677118694353,0.7394627785051279,0.25881063339467564,0.07062830408107164,0.0004205670872337586,0.0,-0.00023084950049635512,-0.00011656244789790549,0.0,0.0,-7.70624414281329e-10,-1.5033667088992787e-10,-0.0004205670872337586,0.0,-0.23111859252271644,-0.08331154981846836
standardized,NR-Aromatase,HT29,10,0.35412752505964235,0.7133083137758193,0.4939357593156425,0.15567670498036731,0.35412752505964235,0.7133083137758193,0.26139749652118666,0.07083007621482104,0.3562927628864085,0.7236024314228782,0.49440494179628036,0.15595514652339088,0.4000309267398997,0.7334999514064814,0.2565853965350198,0.06958904204148636,0.0021652378267661755,0.010294117647058832,0.0004691824806379974,0.0002784415430235387,0.045903401680257375,0.020191637630662073,-0.004812099986166868,-0.0012410341733346847,0.0437381638534912,0.009897519983603243,-0.2378195452612606,-0.08636610448190449
standardized,NR-Aromatase,HT29,11,0.4454744460831157,0.7886830070938687,0.48157430267631074,0.1498658285462103,0.4454744460831157,0.7886830070938687,0.24052077129803656,0.06449921339457132,0.4476950786492142,0.7975837636581767,0.4825016193255071,0.15031840053181797,0.4454744460831157,0.7886830070938687,0.24052077073820782,0.0644992133123842,0.002220632566098435,0.008900756564307976,0.0009273166491963414,0.0004525719856076693,0.0,0.0,-5.598287444730232e-10,-8.218712793661709e-11,-0.002220632566098435,-0.008900756564307976,-0.24198084858729932,-0.08581918721943378
standardized,NR-Aromatase,HT29,12,0.324355939751075,0.6826361295272318,0.49385953028558793,0.15557988256502117,0.324355939751075,0.6826361295272318,0.24370183068701853,0.06478641973388347,0.3315459130586061,0.6852540487328288,0.4933541597774968,0.15535311791229725,0.33169087539226955,0.6877187579994872,0.2429615276822549,0.06464616238233356,0.007189973307531061,0.0026179192055969303,-0.0005053705080911297,-0.00022676465272392644,0.007334935641194573,0.005082628472255335,-0.0007403030047636483,-0.00014025735154991754,0.00014496233366351197,0.002464709266658405,-0.250392632095242,-0.09070695552996369
standardized,NR-Aromatase,HT29,13,0.3655731315280944,0.7435542025461063,0.492106969009626,0.15482561427038544,0.3655731315280944,0.7435542025461063,0.2554715682756775,0.0693274439808374,0.39700764858447685,0.7366174576989136,0.4904121975984289,0.15416201994738632,0.36066744944849927,0.7297975887894925,0.25733312662719104,0.06951395503393816,0.031434517056382456,-0.0069367448471926215,-0.0016947714111970713,-0.0006635943229991226,-0.004905682079595119,-0.013756613756613767,0.0018615583515135092,0.0001865110531007505,-0.03634019913597757,-0.006819868909421145,-0.23307907097123787,-0.08464806491344816
standardized,NR-Aromatase,HT29,14,0.3937606237273637,0.7247823353027247,0.4978337695489895,0.15756048517329005,0.3937606237273637,0.7247823353027247,0.2616676670230177,0.07043203410472637,0.36989036149259424,0.7384987481867062,0.4975585068876329,0.15755835314126068,0.36836794993774896,0.7322712553588256,0.26179707414943254,0.07085388656334057,-0.02387026223476938,0.013716412883981644,-0.00027526266135661224,-2.1320320293727323e-06,-0.025392673789614694,0.0074889200561009785,0.00012940712641485997,0.0004218524586142025,-0.0015224115548453155,-0.006227492827880665,-0.23576143273820033,-0.08670446657792011
standardized,NR-Aromatase,HT29,15,0.3720924788135703,0.7221503819809233,0.4957229455048092,0.15661483470181853,0.3720924788135703,0.7221503819809233,0.2681464806356241,0.0728495565707355,0.38647302582200577,0.7435821713057089,0.4910569317555609,0.15479033450269486,0.38518266293025394,0.7313087618014423,0.2654719129373721,0.07215279065262373,0.014380547008435407,0.021431789324785643,-0.004666013749248387,-0.0018245001991236964,0.013090184116683579,0.009158379820519058,-0.002674567698251973,-0.0006967659181117761,-0.0012903628917518284,-0.012273409504266586,-0.22558501881818876,-0.08263754385007113
standardized,NR-Aromatase,HT29,16,0.37282824453440716,0.7473800513574289,0.4920699553973411,0.15484421910390783,0.37282824453440716,0.7473800513574289,0.2610305954056944,0.07046262713502334,0.3845474396807579,0.7556177990112349,0.4912994345856062,0.1544904783977426,0.37531140749795056,0.7574378767437213,0.25795154842714585,0.06953362092084173,0.011719195146350725,0.00823774765380605,-0.0007705208117348428,-0.0003537407061652342,0.002483162963543395,0.01005782538629254,-0.0030790469785485276,-0.0009290062141816116,-0.00923603218280733,0.0018200777324864914,-0.23334788615846036,-0.08495685747690086
standardized,NR-Aromatase,HT29,17,0.4254962580306261,0.7650688335293861,0.49417231617448126,0.15592198454978218,0.4254962580306261,0.7650688335293861,0.2533308543001089,0.06806463367310582,0.4312564861301992,0.7724529655011064,0.49317768277338053,0.1554592856253579,0.43020985727132943,0.7728457384783256,0.2510343559806235,0.06758674362299093,0.005760228099573062,0.007384131971720343,-0.0009946334011007752,-0.00046269892442423187,0.004713599240703315,0.007776904948939523,-0.0022964983194853294,-0.00047789005011488194,-0.001046628858869747,0.00039277297721918014,-0.24214332679275694,-0.087872542002367
standardized,NR-Aromatase,HT29,18,0.37788431386595567,0.7342347406140739,0.4933057317994519,0.15545115131149173,0.37788431386595567,0.7342347406140739,0.2538024595062086,0.06860822352497857,0.37788431386595567,0.7342347406140739,0.4933057311565053,0.15545115102481633,0.39047314290112006,0.744888149704983,0.25199621164622077,0.06823185134610314,0.0,0.0,-6.429467291901858e-10,-2.866754000852012e-10,0.012588829035164378,0.010653409090909083,-0.0018062478599878084,-0.000376372178875424,0.012588829035164378,0.010653409090909083,-0.2413095195102845,-0.08721929967871318
standardized,NR-Aromatase,HT29,19,0.3904151134168323,0.7475253171213408,0.4891371616797919,0.15359358588236033,0.3904151134168323,0.7475253171213408,0.2529677811073626,0.06883918708747606,0.38109949193541454,0.7465585243512693,0.4908151567278911,0.15441481657616302,0.40219725101765996,0.7492552082347936,0.25162475986781524,0.06846854382750336,-0.00931562148141778,-0.0009667927700714784,0.0016779950480992234,0.0008212306938026881,0.011782137600827669,0.001729891113452764,-0.0013430212395473984,-0.0003706432599727111,0.021097759082245447,0.0026966838835242425,-0.23919039686007587,-0.08594627274865967
standardized,NR-Aromatase,MCF7,0,0.4149990423035784,0.7819354294466999,0.471435835878541,0.14569002361029337,0.4149990423035784,0.7819354294466999,0.24052621343383945,0.06512527465626113,0.41948386362596013,0.7805510646258529,0.4707076827898636,0.14537116640428496,0.4656123291706974,0.8032915475093347,0.22745873061397398,0.061770622278069474,0.00448482132238171,-0.0013843648208469173,-0.0007281530886773635,-0.00031885720600840497,0.050613286867119044,0.021356118062634887,-0.013067482819865523,-0.003354652378191647,0.04612846554473733,0.022740482883481804,-0.24324895217588968,-0.08360054412621548
standardized,NR-Aromatase,MCF7,1,0.432686289313953,0.7760462231616607,0.47405447210692414,0.14705080861722186,0.432686289313953,0.7760462231616607,0.2284975564666431,0.06099082690276778,0.44504961352211386,0.7774137445291821,0.4724954303403832,0.14635961181825408,0.45881973572631374,0.7799167970322346,0.22545409472283334,0.060213011142009776,0.012363324208160886,0.0013675213675213627,-0.001559041766540914,-0.0006911967989677859,0.02613344641236077,0.003870573870573879,-0.0030434617438097667,-0.0007778157607580049,0.013770122204199885,0.0025030525030525163,-0.24704133561754987,-0.08614660067624431
standardized,NR-Aromatase,MCF7,2,0.39127562848050407,0.7716465036208234,0.47197000526506017,0.1461528812665865,0.39127562848050407,0.7716465036208234,0.2486437161913646,0.06771652880557166,0.38470230933097554,0.7688424804571538,0.4714209651227802,0.14599979610621,0.3994416747836442,0.7741804402724071,0.247522471128079,0.067423556844421,-0.006573319149528523,-0.002804023163669611,-0.0005490401422799773,-0.00015308516037648156,0.008166046303140084,0.0025339366515837016,-0.001121245063285603,-0.0002929719611506593,0.014739365452668607,0.0053379598152533125,-0.22389849399470121,-0.07857623926178903
standardized,NR-Aromatase,MCF7,3,0.41721822130233327,0.7665586037881471,0.4724850098063361,0.14628721314915294,0.41721822130233327,0.7665586037881471,0.229040013098827,0.061000174751531785,0.4271704720638739,0.7691552784547729,0.47107016427834913,0.14571912052389982,0.460031864008074,0.7920590866638905,0.22211814956823323,0.05903631640293193,0.009952250761540559,0.002596674666625898,-0.0014148455279869299,-0.0005680926252531249,0.04281364270574075,0.025500482875743358,-0.006921863530593764,-0.001963858348599856,0.032861391944200194,0.02290380820911746,-0.24895201471011594,-0.08668280412096789
standardized,NR-Aromatase,MCF7,4,0.41753415455850923,0.770953899305729,0.47158865193560634,0.1458565165843523,0.41753415455850923,0.770953899305729,0.25001580667559403,0.06858696467044029,0.42248771750770386,0.7734891105733347,0.4706356928381442,0.1454170776238013,0.4261177482386332,0.775179251418405,0.24811538333420985,0.06815122115474956,0.004953562949194579,0.002535211267605653,-0.0009529590974620584,-0.0004394389605510196,0.008583593680123892,0.004225352112676073,-0.0019004233413841998,-0.0004357435156907369,0.003630030730929312,0.0016901408450704202,-0.2225203095039344,-0.07726585646905174
standardized,NR-Aromatase,MCF7,5,0.41318547713488096,0.7691947471748206,0.4680099549552191,0.14414694866025074,0.41318547713488096,0.7691947471748206,0.2387075285335103,0.06505201521776642,0.42413568942937746,0.7733853294836437,0.46745431493362793,0.1439042574124773,0.46361371851757716,0.7864236437578441,0.23203943767794377,0.06313135768952416,0.01095021229449653,0.004190582308823165,-0.0005556400215911527,-0.0002426912477733856,0.050428241382696214,0.017228896583023602,-0.006668090855566522,-0.0019206575282422727,0.03947802908819969,0.013038314274200435,-0.23541487725568416,-0.08077289972295318
standardized,NR-Aromatase,MCF7,6,0.3795173610478602,0.7596296246568672,0.47156355704853786,0.14575444843402813,0.3795173610478602,0.7596296246568672,0.2319274046536206,0.061822148320574956,0.43079116284011887,0.7899794933368004,0.4700085872117189,0.14516722849078134,0.4112801035729217,0.7773881448950737,0.22614855118578564,0.060384002193607136,0.051273801792258655,0.030349868679933147,-0.0015549698368189867,-0.0005872199432467862,0.0317627425250615,0.017758520238206454,-0.0057788534678349605,-0.0014381461269678208,-0.019511059267197157,-0.01259134844172669,-0.24386003602593317,-0.08478322629717419
standardized,NR-Aromatase,MCF7,7,0.35361633529074604,0.7620434210865904,0.47113154554556685,0.1455455926091284,0.35361633529074604,0.7620434210865904,0.23421687809089406,0.06254500185004995,0.35940135126080736,0.7604094341584858,0.46924232767881274,0.14478375405502839,0.35512604217054977,0.7633592105602747,0.23388023079456627,0.062468168324480856,0.005785015970061336,-0.0016339869281045694,-0.0018892178667540781,-0.0007618385540999695,0.0015097068798037628,0.0013157894736842036,-0.00033664729632780775,-7.683352556909634e-05,-0.004275309090257573,0.0029497764017887727,-0.23536209688424653,-0.08231558573054755
standardized,NR-Aromatase,MCF7,8,0.4118607282490034,0.7648550587084916,0.4738021157948671,0.14681604879528237,0.4118607282490034,0.7648550587084916,0.257176250895906,0.06984332560111538,0.42493538665485586,0.7628847467741942,0.47265114796514907,0.14632479598169365,0.42023832956380797,0.7603140375829687,0.25466562942252563,0.0689096003292485,0.013074658405852379,-0.0019703119342975085,-0.0011509678297180748,-0.0004912528135887107,0.008377601314804506,-0.004541021125522948,-0.0025106214733803867,-0.0009337252718668879,-0.004697057091047873,-0.00257070919122544,-0.21798551854262344,-0.07741519565244517
standardized,NR-Aromatase,MCF7,9,0.4241451454195525,0.7883878175213148,0.47536484442732674,0.1474018152926914,0.4241451454195525,0.7883878175213148,0.22628781082364843,0.06034500625034637,0.4287483200227271,0.7883878175213148,0.4753296815683977,0.14738398682938425,0.44842639732652023,0.8106627701176446,0.21912152342924798,0.05838143141404044,0.0046031746031745865,0.0,-3.51628589290387e-05,-1.7828463307156816e-05,0.024281251906967727,0.022274952596329813,-0.007166287394400455,-0.0019635748363059325,0.01967807730379314,0.022274952596329813,-0.2562081581391497,-0.0890025554153438
standardized,NR-Aromatase,MCF7,10,0.46500123655489534,0.7993931538949848,0.4730772191285618,0.14644052354270962,0.46500123655489534,0.7993931538949848,0.22398282359299443,0.05981120339524968,0.47452887028076923,0.7988615924331908,0.47138106648380695,0.1457180944080629,0.5001479063142654,0.8247041660629103,0.21818458719398662,0.05835686952226057,0.009527633725873997,-0.0005315614617940057,-0.0016961526447549446,-0.0007224291346467126,0.0351466697593702,0.02531101216792555,-0.005798236399007761,-0.0014543338729891178,0.0256190360334962,0.025842573629719555,-0.2531964792898203,-0.08736122488580236
standardized,NR-Aromatase,MCF7,11,0.4204004785557397,0.7692230566183282,0.4691748475183116,0.14461944888418196,0.4204004785557397,0.7692230566183282,0.23256725711754203,0.06227493863513257,0.4394540805646579,0.7763325770434136,0.4652160915400806,0.1430240255650749,0.4534689951438281,0.7877520790919135,0.222339127536467,0.05907983718680689,0.019053602008918195,0.007109520425085458,-0.00395875597823101,-0.0015954233191070532,0.03306851658808845,0.018529022473585365,-0.010228129581075052,-0.0031951014483256753,0.014014914579170257,0.011419502048499907,-0.2428769640036137,-0.08394418837826802
standardized,NR-Aromatase,MCF7,12,0.3728797775503515,0.7502386954226697,0.478024796408827,0.14878182006147095,0.3728797775503515,0.7502386954226697,0.24150718724885226,0.06498481527568542,0.3728797775503515,0.7502386954226697,0.4780247959276408,0.1487818198517384,0.3728797775503515,0.7502386954226697,0.24150718665589643,0.06498481516562589,0.0,0.0,-4.811862241993481e-10,-2.097325368932701e-10,0.0,0.0,-5.929558233308541e-10,-1.100595406478e-10,0.0,0.0,-0.23651760927174434,-0.08379700468611254
standardized,NR-Aromatase,MCF7,13,0.3986764305967515,0.7607579363958477,0.4718382956226194,0.14585478201478858,0.3986764305967515,0.7607579363958477,0.2301730145874883,0.0612850027213094,0.4136301835000985,0.7653464897002253,0.4688954350663737,0.14469339479508456,0.4376966376769138,0.7900026757602194,0.2232416003758566,0.05939743221183776,0.01495375290334695,0.004588553304377662,-0.0029428605562456965,-0.001161387219704013,0.03902020708016231,0.029244739364371754,-0.006931414211631642,-0.0018875705094716423,0.024066454176815362,0.02465618605999409,-0.2456538346905171,-0.0852959625832468
standardized,NR-Aromatase,MCF7,14,0.43659417725061533,0.7638082199039425,0.47458007844070427,0.1471989338955256,0.43659417725061533,0.7638082199039425,0.22573313498086187,0.05972519252994113,0.43722207291155335,0.7640138603269742,0.47441895046530097,0.14712841782693853,0.45854613515419756,0.790967724836994,0.2221831767258013,0.058880991789720935,0.000627895660938027,0.0002056404230317277,-0.00016112797540330793,-7.051606858710091e-05,0.02195195790358222,0.02715950493305146,-0.00354995825506057,-0.0008442007402201899,0.021324062242644194,0.026953864510019732,-0.2522357737394997,-0.08824742603721758
standardized,NR-Aromatase,MCF7,15,0.4244948910122748,0.7588434470773913,0.47291800707101483,0.14642507826231305,0.4244948910122748,0.7588434470773913,0.23222079992702596,0.06177045666222845,0.4460895101765561,0.7636811747796574,0.4711097188310468,0.14570641423863,0.4208035901595505,0.7766988157524322,0.23191957597468874,0.061942324953948955,0.021594619164281348,0.004837727702266115,-0.0018082882399680588,-0.0007186640236830355,-0.003691300852724344,0.01785536867504083,-0.00030122395233720957,0.00017186829172051167,-0.025285920017005692,0.013017640972774714,-0.23919014285635803,-0.08376408928468104
standardized,NR-Aromatase,MCF7,16,0.39591778099289654,0.7682440550965849,0.47118705660798776,0.14561724962113515,0.39591778099289654,0.7682440550965849,0.22448336572728125,0.059456489941602145,0.4096862374812881,0.7746453185810331,0.4687284183093056,0.1446297123627791,0.4124419599424244,0.7711701188957575,0.22139480700942346,0.058512157149297625,0.013768456488391511,0.00640126348444825,-0.002458638298682092,-0.0009875372583560526,0.016524178949527835,0.0029260637991726625,-0.0030885587178577424,-0.0009443327923045087,0.002755722461136323,-0.003475199685275587,-0.24733361129988216,-0.08611755521348148
standardized,NR-Aromatase,MCF7,17,0.4073292797167383,0.754965663811342,0.47015549412757807,0.14509647003299847,0.4073292797167383,0.754965663811342,0.23175813139243523,0.061794359709551806,0.4067452753773691,0.7552947464933657,0.47012805849176215,0.14513164445115445,0.41008705195089223,0.7594843977211863,0.2307663376811187,0.06159704395172818,-0.0005840043393692152,0.00032908268202385126,-2.7435635815920012e-05,3.5174418155964335e-05,0.002757772234153977,0.004518733909844297,-0.000991793711316541,-0.00019731575782362538,0.003341776573523192,0.004189651227820446,-0.23936172081064347,-0.08353460049942626
standardized,NR-Aromatase,MCF7,18,0.38364844622560124,0.7455615058533024,0.4824050708591848,0.15081202269062807,0.38364844622560124,0.7455615058533024,0.25048430427676893,0.06799627878513453,0.419860499021221,0.7839232038188736,0.47820173728035675,0.14902454408618432,0.38318210614546144,0.7448694643308109,0.250704343255895,0.0680677435725956,0.03621205279561977,0.03836169796557123,-0.004203333578828128,-0.0017874786044437235,-0.0004663400801397821,-0.0006920415224913601,0.0002200389791261026,7.146478746105772e-05,-0.03667839287575956,-0.03905373948806259,-0.22749739402446165,-0.08095680051358875
standardized,NR-Aromatase,MCF7,19,0.4168228417865255,0.7616905174778434,0.4721235449086702,0.14591264606279716,0.4168228417865255,0.7616905174778434,0.23205776855641727,0.062016058901620805,0.4168228417865255,0.7616905174778434,0.47212354446066074,0.1459126458630433,0.4615203723012068,0.7744225688428223,0.2269984264982369,0.06035456087181816,0.0,0.0,-4.4800950727008625e-10,-1.9975385234793919e-10,0.04469753051468127,0.012732051364978857,-0.005059342058180349,-0.0016614980298026382,0.04469753051468127,0.012732051364978857,-0.24512511796242387,-0.08555808499122515
standardized,NR-ER,HA1E,0,0.42267110166925426,0.6926074508726061,0.5937906941066372,0.20273134103404228,0.42267110166925426,0.6926074508726061,0.4171745083194721,0.12705997037279737,0.42267110166925426,0.6926074508726061,0.5937906940995223,0.20273134098707687,0.42267110166925426,0.6926074508726061,0.4171745078849486,0.12705997022416168,0.0,0.0,-7.114908662231301e-12,-4.696541489046524e-11,0.0,0.0,-4.345234838609713e-10,-1.486356732138816e-10,0.0,0.0,-0.17661618621457378,-0.07567137076291516
standardized,NR-ER,HA1E,1,0.4270656153436942,0.680593504342115,0.5989125547387278,0.2050062645997694,0.4270656153436942,0.680593504342115,0.42483088161427807,0.12923009224702936,0.4270656153436942,0.680593504342115,0.5989125552867838,0.20500626481007403,0.4270656153436942,0.680593504342115,0.4248308816608546,0.1292300922397299,0.0,0.0,5.480560227866249e-10,2.1030464036897457e-10,0.0,0.0,4.657652041828442e-11,-7.299438831154248e-12,0.0,0.0,-0.17408167362592927,-0.07577617257034412
standardized,NR-ER,HA1E,2,0.388707102891691,0.6559788822012952,0.5911574449995235,0.20137937090548413,0.388707102891691,0.6559788822012952,0.4137362317460817,0.1251100237914831,0.388707102891691,0.6559788822012952,0.5911574452069728,0.20137937096229547,0.388707102891691,0.6559788822012952,0.41373623175113927,0.12511002374876595,0.0,0.0,2.0744923556748064e-10,5.681137227320221e-11,0.0,0.0,5.0575765797589155e-12,-4.2717157588967326e-11,0.0,0.0,-0.17742121345583337,-0.07626934721352957
standardized,NR-ER,HA1E,3,0.44455618336028185,0.6946227374927101,0.5921359621819756,0.2020360486792802,0.44455618336028185,0.6946227374927101,0.41224820731125683,0.12468424970074402,0.44455618336028185,0.6946227374927101,0.5921359625100279,0.2020360487758875,0.44455618336028185,0.6946227374927101,0.4122482069243388,0.1246842495467001,0.0,0.0,3.2805225202992006e-10,9.660722222193385e-11,0.0,0.0,-3.86917997641234e-10,-1.54043897082623e-10,0.0,0.0,-0.1798877555856891,-0.07735179922918736
standardized,NR-ER,HA1E,4,0.4194994011816041,0.6789687443234806,0.5937998424590434,0.20278268322217677,0.4194994011816041,0.6789687443234806,0.40970580833302295,0.12366219618551988,0.4194994011816041,0.6789687443234806,0.5937998424743111,0.2027826832034209,0.4194994011816041,0.6789687443234806,0.40970580776408017,0.12366219598788868,0.0,0.0,1.5267698216803184e-11,-1.8755841324491485e-11,0.0,0.0,-5.68942826184582e-10,-1.9763121139604322e-10,0.0,0.0,-0.1840940347102309,-0.07912048721553225
standardized,NR-ER,HA1E,5,0.4377499461387984,0.7241968838680728,0.5858323633311961,0.19908451154368167,0.4377499461387984,0.7241968838680728,0.395461106195868,0.11841036539345132,0.4377499461387984,0.7241968838680728,0.5858323630382843,0.19908451135581,0.4377499461387984,0.7241968838680728,0.39546110593410366,0.11841036533118385,0.0,0.0,-2.929118281258525e-10,-1.8787169042688845e-10,0.0,0.0,-2.6176432132984927e-10,-6.226746895876545e-11,0.0,0.0,-0.19037125710418068,-0.08067414602462615
standardized,NR-ER,HA1E,6,0.4300821582923258,0.6817525086165102,0.5972232816410972,0.20433545405082482,0.4300821582923258,0.6817525086165102,0.4172941057843061,0.12676294431991428,0.4300821582923258,0.6817525086165102,0.5972232818765089,0.20433545417608112,0.4300821582923258,0.6817525086165102,0.41729410609253115,0.12676294441540767,0.0,0.0,2.354116679370577e-10,1.252563053277811e-10,0.0,0.0,3.082250676911258e-10,9.549340485026647e-11,0.0,0.0,-0.17992917578397769,-0.07757250976067345
standardized,NR-ER,HA1E,7,0.467160942272052,0.7019874357635321,0.5904456041265808,0.20120249856339445,0.467160942272052,0.7019874357635321,0.41237273616151066,0.12497062770551615,0.4696748617871867,0.7028403142283507,0.5904005867725192,0.2011373318720468,0.467160942272052,0.7019874357635321,0.41237273616652625,0.12497062766309903,0.002513919515134777,0.0008528784648187404,-4.5017354061527295e-05,-6.516669134764008e-05,0.0,0.0,5.015676762809562e-12,-4.241713091879262e-11,-0.002513919515134777,-0.0008528784648187404,-0.17802785060599288,-0.0761667042089478
standardized,NR-ER,HA1E,8,0.4511427389944685,0.6885402600550907,0.5929104853479067,0.202382658604522,0.4511427389944685,0.6885402600550907,0.4170340954005046,0.12699600073055442,0.4511427389944685,0.6885402600550907,0.5929104852067707,0.20238265850445405,0.4511427389944685,0.6885402600550907,0.41703409476678255,0.12699600047816334,0.0,0.0,-1.411360139869089e-10,-1.0006793171868367e-10,0.0,0.0,-6.337220304075685e-10,-2.5239109968655524e-10,0.0,0.0,-0.1758763904399881,-0.07538665802629074
standardized,NR-ER,HA1E,9,0.4326928073492403,0.6842455379985504,0.5935574378535139,0.20256327186214212,0.4326928073492403,0.6842455379985504,0.42393162650518273,0.12917757835355811,0.4326928073492403,0.6842455379985504,0.5935574373476882,0.20256327160937096,0.4326928073492403,0.6842455379985504,0.4239316259426708,0.1291775781226651,0.0,0.0,-5.058256702383801e-10,-2.5277119286570837e-10,0.0,0.0,-5.625118482122104e-10,-2.3089303802237283e-10,0.0,0.0,-0.1696258114050174,-0.07338569348670587
standardized,NR-ER,HA1E,10,0.4122094836978099,0.6694492301027033,0.5926142218127773,0.2021116463614943,0.4122094836978099,0.6694492301027033,0.41196315174193804,0.12438036124083636,0.4122094836978099,0.6694492301027033,0.5926142215304366,0.2021116462247326,0.4122094836978099,0.6694492301027033,0.4119631511905637,0.12438036102680632,0.0,0.0,-2.8234061755227915e-10,-1.3676172416765554e-10,0.0,0.0,-5.513743350782363e-10,-2.1403003813702525e-10,0.0,0.0,-0.18065107033987302,-0.07773128519792627
standardized,NR-ER,HA1E,11,0.43807550879569,0.6890709225331125,0.5933922081961536,0.20261985963101456,0.43807550879569,0.6890709225331125,0.4077485620168548,0.12297252256882603,0.4396237146023826,0.6888954839366213,0.5934342328342522,0.20264132449893196,0.43807550879569,0.6890709225331125,0.407748561599756,0.12297252242312204,0.0015482058066926152,-0.00017543859649125083,4.202463809859225e-05,2.146486791740898e-05,0.0,0.0,-4.170988554541566e-10,-1.4570400996838373e-10,-0.0015482058066926152,0.00017543859649125083,-0.18568567123449622,-0.07966880207580992
standardized,NR-ER,HA1E,12,0.4425896948283903,0.6946611710853274,0.5960405799593091,0.20371127758035779,0.4425896948283903,0.6946611710853274,0.40624516218813234,0.12219052187513654,0.4425896948283903,0.6946611710853274,0.5960405801298616,0.20371127763141866,0.4425896948283903,0.6946611710853274,0.40624516211903694,0.12219052180304721,0.0,0.0,1.7055239442953506e-10,5.1060905503774734e-11,0.0,0.0,-6.909540717359164e-11,-7.208933727742562e-11,0.0,0.0,-0.1897954180108246,-0.08152075582837148
standardized,NR-ER,HA1E,13,0.456618920902453,0.694707720295337,0.5906887046639362,0.20125138604811776,0.456618920902453,0.694707720295337,0.42262397879625935,0.12892446876137795,0.456618920902453,0.694707720295337,0.5906887047868612,0.20125138609756635,0.456618920902453,0.694707720295337,0.422623978912451,0.12892446875551813,0.0,0.0,1.2292491469167998e-10,4.944856746291748e-11,0.0,0.0,1.1619167850085432e-10,-5.859815410680369e-12,0.0,0.0,-0.16806472587441007,-0.07232691734204819
standardized,NR-ER,HA1E,14,0.4473967764946131,0.6944583236875326,0.5923195300033822,0.2019593915508131,0.4473967764946131,0.6944583236875326,0.42150942177755857,0.12819179657519603,0.4473967764946131,0.6944583236875326,0.5923195300305796,0.20195939150018988,0.4473967764946131,0.6944583236875326,0.4215094219791108,0.12819179665119515,0.0,0.0,2.719737768330788e-11,-5.062327224081287e-11,0.0,0.0,2.0155224156326312e-10,7.599915696765436e-11,0.0,0.0,-0.17081010805146885,-0.07376759484899469
standardized,NR-ER,HA1E,15,0.371279789374816,0.6610600645631655,0.5964816904136698,0.20392597673826401,0.371279789374816,0.6610600645631655,0.404623461134923,0.12150657719723634,0.3722777165201768,0.6606500872669165,0.5965974487635411,0.20398153884174156,0.371279789374816,0.6610600645631655,0.4046234605972659,0.12150657705400662,0.000997927145360855,-0.00040997729624889787,0.00011575834987138655,5.5562103477513336e-05,0.0,0.0,-5.376571521331641e-10,-1.4322971975122556e-10,-0.000997927145360855,0.00040997729624889787,-0.19197398816627528,-0.0824749617877349
standardized,NR-ER,HA1E,16,0.4091510081868967,0.6770609299016896,0.595200950553852,0.2034185034273713,0.4091510081868967,0.6770609299016896,0.4066380369341335,0.12251822107393304,0.4091510081868967,0.6770609299016896,0.5952009508722114,0.20341850354736662,0.4091510081868967,0.6770609299016896,0.4066380370772097,0.12251822104790858,0.0,0.0,3.183592722777462e-10,1.1999530813433522e-10,0.0,0.0,1.4307625084697407e-10,-2.602446591559726e-11,0.0,0.0,-0.18856291379500162,-0.08090028249945805
standardized,NR-ER,HA1E,17,0.4458004749081141,0.6842408055980883,0.5944348283135708,0.20315352772405007,0.4458004749081141,0.6842408055980883,0.42231555177099905,0.12841571624757206,0.4458004749081141,0.6842408055980883,0.5944348275174661,0.2031535273254336,0.4458004749081141,0.6842408055980883,0.4223155512501983,0.12841571607751479,0.0,0.0,-7.96104604461334e-10,-3.9861646761174543e-10,0.0,0.0,-5.208007802792736e-10,-1.7005727936947324e-10,0.0,0.0,-0.1721192762672678,-0.07473781124791881
standardized,NR-ER,HA1E,18,0.42916866206348636,0.6881030947873692,0.5861178990334159,0.19924365790124382,0.42916866206348636,0.6881030947873692,0.3993135371788063,0.11970251048432382,0.42916866206348636,0.6881030947873692,0.5861178988309609,0.19924365778422817,0.42916866206348636,0.6881030947873692,0.39931353688609245,0.11970251034945942,0.0,0.0,-2.0245498610904632e-10,-1.17015636069695e-10,0.0,0.0,-2.927138975650223e-10,-1.3486438910081944e-10,0.0,0.0,-0.1868043619448685,-0.07954114743476874
standardized,NR-ER,HA1E,19,0.4250676061886847,0.6817954513240309,0.5879761054713869,0.19994014332092314,0.4250676061886847,0.6817954513240309,0.40931893100245337,0.12391060139378421,0.4250676061886847,0.6817954513240309,0.5879761060211003,0.19994014352889922,0.4250676061886847,0.6817954513240309,0.40931893133408986,0.12391060154085809,0.0,0.0,5.497132971044039e-10,2.0797607525047112e-10,0.0,0.0,3.316364627359292e-10,1.4707388917845065e-10,0.0,0.0,-0.1786571746870104,-0.07602954198804111
standardized,NR-ER,HEPG2,0,0.4674332382444059,0.7295690439828371,0.5989080417427957,0.20521899733423532,0.4674332382444059,0.7295690439828371,0.41110142586414666,0.12565364071628676,0.4674332382444059,0.7295690439828371,0.5989080421692214,0.2052189975419524,0.4674332382444059,0.7295690439828371,0.41110142578927966,0.12565364064502824,0.0,0.0,4.264257835728813e-10,2.077170879744017e-10,0.0,0.0,-7.486700148717773e-11,-7.125853795919568e-11,0.0,0.0,-0.18780661637994175,-0.07956535689692415
standardized,NR-ER,HEPG2,1,0.49206514851657046,0.7343043137522542,0.6027377870947339,0.20713381734218853,0.49206514851657046,0.7343043137522542,0.4153409349123588,0.12698477824816887,0.49206514851657046,0.7343043137522542,0.6027377871798555,0.20713381739617284,0.49206514851657046,0.7343043137522542,0.4153409346032239,0.12698477811714232,0.0,0.0,8.512157645412799e-11,5.398430591441184e-11,0.0,0.0,-3.091348732553456e-10,-1.3102654794483471e-10,0.0,0.0,-0.18739685257663155,-0.0801490392790305
standardized,NR-ER,HEPG2,2,0.4784258394250303,0.7112790821645857,0.5977398267409414,0.2046567197335764,0.4784258394250303,0.7112790821645857,0.4149338534159071,0.12716326235446768,0.4784258394250303,0.7112790821645857,0.5977398269357105,0.20465671983957376,0.4784258394250303,0.7112790821645857,0.41493385336743555,0.12716326230058056,0.0,0.0,1.9476913415417129e-10,1.0599736643968072e-10,0.0,0.0,-4.84715378945566e-11,-5.388708923526053e-11,0.0,0.0,-0.18280597356827494,-0.0774934575389932
standardized,NR-ER,HEPG2,3,0.46510376093028666,0.721755243653584,0.5985199185679895,0.20514811398559166,0.46510376093028666,0.721755243653584,0.4232565724359896,0.13052822866972652,0.46510376093028666,0.721755243653584,0.598519918432024,0.20514811393923624,0.46510376093028666,0.721755243653584,0.42325657256321836,0.13052822871364808,0.0,0.0,-1.3596546111216412e-10,-4.635542505404544e-11,0.0,0.0,1.2722872755333015e-10,4.3921560832771434e-11,0.0,0.0,-0.1752633458688057,-0.07461988522558813
standardized,NR-ER,HEPG2,4,0.4756772967920929,0.7205325238962617,0.6005349586512536,0.2060175992380425,0.4756772967920929,0.7205325238962617,0.4175686711181382,0.1284454831262508,0.4756772967920929,0.7205325238962617,0.6005349583167517,0.20601759910378661,0.4756772967920929,0.7205325238962617,0.41756867089024696,0.12844548305413017,0.0,0.0,-3.3450184844241446e-10,-1.3425589528992533e-10,0.0,0.0,-2.2789123921285182e-10,-7.21206122600293e-11,0.0,0.0,-0.18296628742650478,-0.07757211604965644
standardized,NR-ER,HEPG2,5,0.47422190502084016,0.7127036915079392,0.603078721665776,0.20723137659435778,0.47422190502084016,0.7127036915079392,0.42137767216291727,0.1289459744884341,0.47422190502084016,0.7127036915079392,0.603078722209205,0.20723137687016258,0.47422190502084016,0.7127036915079392,0.42137767211047816,0.12894597444681288,0.0,0.0,5.434289906958156e-10,2.7580478456634693e-10,0.0,0.0,-5.2439086406508294e-11,-4.162122868578422e-11,0.0,0.0,-0.1817010500987268,-0.07828540242334966
standardized,NR-ER,HEPG2,6,0.44021663568224695,0.7173827031955324,0.5981029298391224,0.20479076934578963,0.44021663568224695,0.7173827031955324,0.40554855365561016,0.12345125019209886,0.44021663568224695,0.7173827031955324,0.5981029301758871,0.20479076951082856,0.44021663568224695,0.7173827031955324,0.405548553513653,0.12345125011959199,0.0,0.0,3.36764682806745e-10,1.6503894362251969e-10,0.0,0.0,-1.4195720154930314e-10,-7.250686995252664e-11,0.0,0.0,-0.19255437666223418,-0.08133951939123657
standardized,NR-ER,HEPG2,7,0.4705375336836172,0.7097461035327208,0.5970380136628164,0.20417408045024876,0.4705375336836172,0.7097461035327208,0.41969357569806365,0.1289383230147377,0.4705375336836172,0.7097461035327208,0.5970380138270613,0.2041740805512456,0.4705375336836172,0.7097461035327208,0.4196935757227373,0.12893832302044445,0.0,0.0,1.6424497317757413e-10,1.0099685532338754e-10,0.0,0.0,2.4673663112650957e-11,5.706718431142122e-12,0.0,0.0,-0.17734443810432404,-0.07523575753080118
standardized,NR-ER,HEPG2,8,0.4656931839079494,0.7164139195361868,0.6000908182827448,0.20592082071266077,0.4656931839079494,0.7164139195361868,0.4315997410598197,0.13422139905813427,0.4656931839079494,0.7164139195361868,0.6000908186911147,0.20592082091726613,0.4656931839079494,0.7164139195361868,0.43159974105006177,0.13422139902423547,0.0,0.0,4.083698712520345e-10,2.0460531602317645e-10,0.0,0.0,-9.757894492423702e-12,-3.389880043336291e-11,0.0,0.0,-0.16849107764105292,-0.07169942189303065
standardized,NR-ER,HEPG2,9,0.4847242306931414,0.7311877087446629,0.5938805150658936,0.20288956166429442,0.4847242306931414,0.7311877087446629,0.4189284339841562,0.12872645495059995,0.4847242306931414,0.7311877087446629,0.5938805148101463,0.20288956155274077,0.4847242306931414,0.7311877087446629,0.41892843357248244,0.128726454804863,0.0,0.0,-2.5574740103451175e-10,-1.1155364409987101e-10,0.0,0.0,-4.1167362851979305e-10,-1.4573695028552436e-10,0.0,0.0,-0.17495208123766365,-0.07416310674787777
standardized,NR-ER,HEPG2,10,0.47447545870308544,0.7182055164213871,0.5986573004438108,0.204815638193563,0.47447545870308544,0.7182055164213871,0.4228589359462623,0.12995325535586016,0.47447545870308544,0.7182055164213871,0.5986573005987114,0.20481563829106086,0.47447545870308544,0.7182055164213871,0.4228589355459544,0.1299532552251596,0.0,0.0,1.5490055904621158e-10,9.749785978563353e-11,0.0,0.0,-4.0030787573641644e-10,-1.3070057258701696e-10,0.0,0.0,-0.175798365052757,-0.07486238306590129
standardized,NR-ER,HEPG2,11,0.47388484004786136,0.7200719686283537,0.5987656210592702,0.20530854954378014,0.47388484004786136,0.7200719686283537,0.42421718455781854,0.13083443298611278,0.47388484004786136,0.7200719686283537,0.5987656210542034,0.20530854954596905,0.47388484004786136,0.7200719686283537,0.42421718436446054,0.13083443291302452,0.0,0.0,-5.066813635323797e-12,2.1889434709265743e-12,0.0,0.0,-1.93358007383182e-10,-7.308824379048673e-11,0.0,0.0,-0.17454843668974282,-0.07447411663294452
standardized,NR-ER,HEPG2,12,0.4535355497563927,0.7111977079858118,0.6016804797910569,0.2066433267987713,0.4535355497563927,0.7111977079858118,0.41199871675653404,0.12633306326507532,0.4535355497563927,0.7111977079858118,0.6016804796224606,0.20664332673857685,0.4535355497563927,0.7111977079858118,0.4119987167008873,0.12633306321473223,0.0,0.0,-1.68596336891369e-10,-6.019440501603412e-11,0.0,0.0,-5.564680938263678e-11,-5.034309080720334e-11,0.0,0.0,-0.18968176292157332,-0.08031026352384463
standardized,NR-ER,HEPG2,13,0.5034730931874535,0.7453324188844547,0.600423683325526,0.2059399064229607,0.5034730931874535,0.7453324188844547,0.40425253358756263,0.12250653407644993,0.5034730931874535,0.7453324188844547,0.6004236834378858,0.2059399064808629,0.5034730931874535,0.7453324188844547,0.40425253370988645,0.1225065340634498,0.0,0.0,1.1235987695812356e-10,5.790218859935692e-11,0.0,0.0,1.2232389545729915e-10,-1.3000125975715094e-11,0.0,0.0,-0.19617114972799937,-0.0834333724174131
standardized,NR-ER,HEPG2,14,0.4984330024110732,0.7373568917145783,0.5925451320891402,0.20233006306249374,0.4984330024110732,0.7373568917145783,0.40869159098124347,0.1253636993915358,0.4984330024110732,0.7373568917145783,0.5925451324041767,0.2023300632084688,0.4984330024110732,0.7373568917145783,0.40869159083093376,0.12536369932111788,0.0,0.0,3.15036596809648e-10,1.4597504316427035e-10,0.0,0.0,-1.503097535326958e-10,-7.041790206496756e-11,0.0,0.0,-0.18385354157324302,-0.07696636388735092
standardized,NR-ER,HEPG2,15,0.47994577065495825,0.7211752751443321,0.5936544926093348,0.20284233358842937,0.47994577065495825,0.7211752751443321,0.4049849028066553,0.12314229389616486,0.47994577065495825,0.7211752751443321,0.5936544941161038,0.20284233431198576,0.47994577065495825,0.7211752751443321,0.40498490403518395,0.12314229422121474,0.0,0.0,1.5067690428693936e-09,7.235563648233522e-10,0.0,0.0,1.228528601071588e-09,3.250498786799838e-10,0.0,0.0,-0.18866959008092,-0.079700040090771
standardized,NR-ER,HEPG2,16,0.4923247002924434,0.7340481340399121,0.5998925989893075,0.20574246510162436,0.4923247002924434,0.7340481340399121,0.433443214909203,0.13384836689633914,0.4923247002924434,0.7340481340399121,0.5998925990645154,0.20574246514704603,0.4923247002924434,0.7340481340399121,0.43344321502503025,0.13384836690088933,0.0,0.0,7.520792877357963e-11,4.542166642806933e-11,0.0,0.0,1.1582723669079087e-10,4.550188004159849e-12,0.0,0.0,-0.16644938403948523,-0.0718940982461567
standardized,NR-ER,HEPG2,17,0.4896443632355993,0.7260268669864745,0.5977133912141358,0.20465127418199094,0.4896443632355993,0.7260268669864745,0.41725601160656467,0.12822063166376194,0.4896443632355993,0.7260268669864745,0.597713391805333,0.20465127447064974,0.4896443632355993,0.7260268669864745,0.4172560118478622,0.1282206317301843,0.0,0.0,5.911970912819697e-10,2.886587746608882e-10,0.0,0.0,2.4129758191548943e-10,6.64223481772197e-11,0.0,0.0,-0.1804573799574707,-0.07643064274046542
standardized,NR-ER,HEPG2,18,0.48007070797030876,0.7372030889175316,0.5949459852567268,0.20345081648979005,0.48007070797030876,0.7372030889175316,0.4043713520083517,0.12269621863259048,0.48007070797030876,0.7372030889175316,0.5949459848933031,0.20345081631467865,0.48007070797030876,0.7372030889175316,0.4043702921429924,0.12269631003310826,0.0,0.0,-3.6342375775433313e-10,-1.7511139205339532e-10,0.0,0.0,-1.059865359298584e-06,9.140051778488977e-08,0.0,0.0,-0.1905756927503107,-0.0807545062815704
standardized,NR-ER,HEPG2,19,0.4885237447776337,0.7282127572713712,0.5982395152167664,0.20488964779535684,0.4885237447776337,0.7282127572713712,0.4182815162335105,0.12868532742129132,0.4885237447776337,0.7282127572713712,0.5982395154384879,0.20488964791418524,0.4885237447776337,0.7282127572713712,0.4182815161744152,0.1286853274060987,0.0,0.0,2.2172137459364195e-10,1.1882841377541808e-10,0.0,0.0,-5.909532863057621e-11,-1.5192633262550716e-11,0.0,0.0,-0.1799579992640727,-0.07620432050808656
standardized,NR-ER,HT29,0,0.417556234928238,0.6736157310202182,0.5951828353638524,0.2032878546599881,0.417556234928238,0.6736157310202182,0.4137864995502783,0.12429426712033873,0.417556234928238,0.6736157310202182,0.5951828337280503,0.20328785392223175,0.417556234928238,0.6736157310202182,0.41378649885847113,0.12429426707272373,0.0,0.0,-1.6358021381890354e-09,-7.377563504551432e-10,0.0,0.0,-6.918071226991173e-10,-4.761500360661586e-11,0.0,0.0,-0.1813963348695791,-0.07899358684950805
standardized,NR-ER,HT29,1,0.4017015252114085,0.668215721642439,0.5940438823692225,0.20278184274994765,0.4017015252114085,0.668215721642439,0.40777535360128087,0.1224445837038104,0.4017015252114085,0.668215721642439,0.5940438808746076,0.2027818420876087,0.4017015252114085,0.668215721642439,0.4077753526246252,0.12244458360125918,0.0,0.0,-1.4946148541028493e-09,-6.623389503523925e-10,0.0,0.0,-9.766556674506432e-10,-1.0255120919122618e-10,0.0,0.0,-0.18626852824998236,-0.08033725848634951
standardized,NR-ER,HT29,2,0.4060785377892798,0.6737632014157412,0.5910135147845577,0.20134069210248356,0.4060785377892798,0.6737632014157412,0.4076463285207472,0.12240668385629631,0.4060785377892798,0.6737632014157412,0.5910135130037912,0.20134069128792192,0.4060785377892798,0.6737632014157412,0.4076463276986571,0.12240668375581625,0.0,0.0,-1.780766445413917e-09,-8.145616792187837e-10,0.0,0.0,-8.220900737931913e-10,-1.0048007148544258e-10,0.0,0.0,-0.1833671853051341,-0.07893400753210567
standardized,NR-ER,HT29,3,0.4419098123148874,0.6920078987697001,0.5988067669875632,0.20506987216981187,0.4419098123148874,0.6920078987697001,0.4025188949589363,0.1198705266449364,0.4419098123148874,0.6920078987697001,0.5988067662233204,0.20506987183047212,0.4419098123148874,0.6920078987697001,0.40251889452477113,0.11987052669330626,0.0,0.0,-7.642427579668265e-10,-3.3933975074340594e-10,0.0,0.0,-4.341651593797735e-10,4.8369869221076554e-11,0.0,0.0,-0.1962878716985494,-0.08519934513716586
standardized,NR-ER,HT29,4,0.42885531773657004,0.6875397274628007,0.5913637446861324,0.20143974391488711,0.42885531773657004,0.6875397274628007,0.39828681169433505,0.11787954218606367,0.42885531773657004,0.6875397274628007,0.5913637431371138,0.2014397431667556,0.42885531773657004,0.6875397274628007,0.39828681121810194,0.11787954216204548,0.0,0.0,-1.549018580071504e-09,-7.481315400514887e-10,0.0,0.0,-4.762330862995156e-10,-2.401818188779714e-11,0.0,0.0,-0.1930769319190119,-0.08356020100471014
standardized,NR-ER,HT29,5,0.4507402736753979,0.6914076845381205,0.5930898448416727,0.2023225005189159,0.4507402736753979,0.6914076845381205,0.42404775695345165,0.12929817359729118,0.4507402736753979,0.6914076845381205,0.5930898439692216,0.20232250015567313,0.4507402736753979,0.6914076845381205,0.4240477563065553,0.12929817356546996,0.0,0.0,-8.724510891511272e-10,-3.632427858502041e-10,0.0,0.0,-6.46896403111441e-10,-3.182122065847892e-11,0.0,0.0,-0.16904208766266632,-0.07302432659020316
standardized,NR-ER,HT29,6,0.4304825325119513,0.6837941555184146,0.5919284057330139,0.20174856302113336,0.4304825325119513,0.6837941555184146,0.4195439242786062,0.1268826738837495,0.4304825325119513,0.6837941555184146,0.5919284043119712,0.201748562371345,0.4304825325119513,0.6837941555184146,0.41954392361680126,0.12688267380838938,0.0,0.0,-1.4210426169114498e-09,-6.497883342504451e-10,0.0,0.0,-6.61804988588699e-10,-7.53601209213528e-11,0.0,0.0,-0.17238448069517004,-0.07486588856295565
standardized,NR-ER,HT29,7,0.41326737116800694,0.6824443791110457,0.589481296763173,0.2006066081433091,0.41326737116800694,0.6824443791110457,0.4007347706568424,0.11981403373363411,0.41326737116800694,0.6824443791110457,0.5894812956233497,0.20060660764884136,0.41326737116800694,0.6824443791110457,0.4007347699291256,0.11981403367943111,0.0,0.0,-1.1398231913872791e-09,-4.944677500784422e-10,0.0,0.0,-7.277166758079545e-10,-5.420299209468738e-11,0.0,0.0,-0.18874652569422407,-0.08079257396941023
standardized,NR-ER,HT29,8,0.4188138979563152,0.6699703340039693,0.5938553584380304,0.2028166091787343,0.4188138979563152,0.6699703340039693,0.41545648077901126,0.12584624208283565,0.4154472162591419,0.6714263619597061,0.5933565546489218,0.20260184318324254,0.4188138979563152,0.6699703340039693,0.4154564801834705,0.1258462420561887,-0.0033666816971732903,0.0014560279557367384,-0.0004988037891086261,-0.00021476599549172804,0.0,0.0,-5.955407278435132e-10,-2.6646981843292393e-11,0.0033666816971732903,-0.0014560279557367384,-0.17790007446545125,-0.07675560112705386
standardized,NR-ER,HT29,9,0.43579077220657503,0.6849644381356577,0.5921325850527427,0.20190279356978583,0.43579077220657503,0.6849644381356577,0.40421862739722564,0.12121144694316754,0.43579077220657503,0.6849644381356577,0.592132583750622,0.20190279299209127,0.43579077220657503,0.6849644381356577,0.40421862665054026,0.12121144689079917,0.0,0.0,-1.302120611335056e-09,-5.776945699587088e-10,0.0,0.0,-7.466853357840364e-10,-5.236837907762748e-11,0.0,0.0,-0.1879139571000817,-0.08069134610129207
standardized,NR-ER,HT29,10,0.4603484548901745,0.6850597471959163,0.588257985909968,0.20011972564717267,0.4603484548901745,0.6850597471959163,0.42230081722377666,0.12852706498033176,0.4603484548901745,0.6850597471959163,0.5882579836595966,0.20011972460725697,0.4603484548901745,0.6850597471959163,0.42230081631316896,0.12852706487848298,0.0,0.0,-2.25037146694973e-09,-1.0399157035489991e-09,0.0,0.0,-9.106076448439637e-10,-1.0184878218577609e-10,0.0,0.0,-0.16595716734642751,-0.07159265972877402
standardized,NR-ER,HT29,11,0.42393661910195996,0.6709908415277943,0.5911092961733942,0.2014262953800107,0.42393661910195996,0.6709908415277943,0.4245452327078483,0.12858084515254461,0.42393661910195996,0.6709908415277943,0.5911092945591844,0.2014262946279337,0.42393661910195996,0.6709908415277943,0.42454523183413595,0.12858084506814124,0.0,0.0,-1.6142097658544685e-09,-7.520769396140991e-10,0.0,0.0,-8.737122803026409e-10,-8.440339260840091e-11,0.0,0.0,-0.16656406272504842,-0.07284544955979248
standardized,NR-ER,HT29,12,0.3950549524603807,0.6484524378872021,0.5954572877266646,0.20347584101158334,0.3950549524603807,0.6484524378872021,0.41408941908862024,0.12417539894428105,0.3950549524603807,0.6484524378872021,0.5954572863801019,0.20347584040963915,0.3950549524603807,0.6484524378872021,0.41408941836185137,0.12417539887499811,0.0,0.0,-1.3465627057840379e-09,-6.019441889382193e-10,0.0,0.0,-7.2676878959399e-10,-6.928294327135376e-11,0.0,0.0,-0.1813678680182505,-0.07930044153464104
standardized,NR-ER,HT29,13,0.4229871136841802,0.6747604154597616,0.5956662832058283,0.20350143087608114,0.4229871136841802,0.6747604154597616,0.41883703099001357,0.12646506678836805,0.4229871136841802,0.6747604154597616,0.5956662816120059,0.2035014301671874,0.4229871136841802,0.6747604154597616,0.41883703018105906,0.12646506671404859,0.0,0.0,-1.5938224295908298e-09,-7.088937381549699e-10,0.0,0.0,-8.0895452558849e-10,-7.431948945146871e-11,0.0,0.0,-0.17682925143094677,-0.07703636345313881
standardized,NR-ER,HT29,14,0.4264447726615489,0.668613689909639,0.5956524844802139,0.20338603738975114,0.4264447726615489,0.668613689909639,0.42337235225314906,0.1278669893844523,0.4264447726615489,0.668613689909639,0.5956524833197342,0.20338603689532553,0.4264447726615489,0.668613689909639,0.42337235161093634,0.12786698940131722,0.0,0.0,-1.160479690121008e-09,-4.944256393191182e-10,0.0,0.0,-6.422127052374549e-10,1.686491502006504e-11,0.0,0.0,-0.17228013170879786,-0.0755190474940083
standardized,NR-ER,HT29,15,0.3862238494163901,0.6587430733748952,0.5976967068868143,0.20443211953147755,0.3862238494163901,0.6587430733748952,0.41764245409154704,0.12595430471492616,0.3862238494163901,0.6587430733748952,0.5976967050907008,0.20443211872472516,0.3862238494163901,0.6587430733748952,0.4176424531304034,0.1259543046088448,0.0,0.0,-1.79611348016806e-09,-8.067524259747216e-10,0.0,0.0,-9.611436979639621e-10,-1.0608136313816629e-10,0.0,0.0,-0.18005425196029753,-0.07847781411588034
standardized,NR-ER,HT29,16,0.41146163552567555,0.6567763772175537,0.5981365880790943,0.20476163195851643,0.41146163552567555,0.6567763772175537,0.4201775995856881,0.12687388730965057,0.41146163552567555,0.6567763772175537,0.5981365873159399,0.20476163162898234,0.41146163552567555,0.6567763772175537,0.42017759909896285,0.12687388729340807,0.0,0.0,-7.631543841313259e-10,-3.295341166609234e-10,0.0,0.0,-4.867252267892752e-10,-1.6242499012442123e-11,0.0,0.0,-0.17795898821697703,-0.07788774433557424
standardized,NR-ER,HT29,17,0.4054599293725542,0.662364482175941,0.59980079482844,0.20549936578767225,0.4054599293725542,0.662364482175941,0.4136795552435245,0.12443769878280149,0.4054599293725542,0.662364482175941,0.5998007932498829,0.20549936507126806,0.4054599293725542,0.662364482175941,0.4136795543785077,0.1244376986710738,0.0,0.0,-1.5785571738646809e-09,-7.164041748719541e-10,0.0,0.0,-8.650168692447835e-10,-1.1172767711009612e-10,0.0,0.0,-0.18612123887137516,-0.08106166640019427
standardized,NR-ER,HT29,18,0.3684336890950498,0.6484587904018042,0.5968714391849784,0.2041367368751094,0.3684336890950498,0.6484587904018042,0.4102285771067365,0.12286277995267078,0.3684336890950498,0.6484587904018042,0.5968714384343689,0.20413673653501183,0.3684336890950498,0.6484587904018042,0.4102285766510995,0.12286277998715459,0.0,0.0,-7.506095744957975e-10,-3.4009756122443946e-10,0.0,0.0,-4.556369836983265e-10,3.4483782496153025e-11,0.0,0.0,-0.18664286178326933,-0.08127395654785725
standardized,NR-ER,HT29,19,0.44185538513407724,0.6817891394776971,0.5947195051138954,0.20302395874945028,0.44185538513407724,0.6817891394776971,0.42152849265037007,0.12623028970719422,0.44185538513407724,0.6817891394776971,0.5947195032642105,0.2030239579100354,0.44185538513407724,0.6817891394776971,0.42152849168240325,0.12623028961371435,0.0,0.0,-1.84968471650393e-09,-8.394148431900561e-10,0.0,0.0,-9.679668844242428e-10,-9.347985718832774e-11,0.0,0.0,-0.17319101158180739,-0.07679366829632109
standardized,NR-ER,MCF7,0,0.4114380603784881,0.6650159939672798,0.5784575384178113,0.195394747035964,0.4114380603784881,0.6650159939672798,0.3793800576212855,0.11069022625147087,0.4114380603784881,0.6650159939672798,0.5784575381588825,0.19539474687665176,0.41140328454607433,0.664820075599933,0.3793665028002651,0.11069009806166892,0.0,0.0,-2.589289449517196e-10,-1.593122578302797e-10,-3.477583241382476e-05,-0.00019591836734691447,-1.3554821020411722e-05,-1.281898019650507e-07,-3.477583241382476e-05,-0.00019591836734691447,-0.19909103535861733,-0.08470464881498284
standardized,NR-ER,MCF7,1,0.3664068897041056,0.6501106461734756,0.5783698239118833,0.19593298019376593,0.3664068897041056,0.6501106461734756,0.39512205361519476,0.1177989556749861,0.3664068897041056,0.6501106461734756,0.5783698236610337,0.19593298007014756,0.3664068897041056,0.6501106461734756,0.3951220533116746,0.1177989556339174,0.0,0.0,-2.5084949673015443e-10,-1.2361835444174573e-10,0.0,0.0,-3.035201645573693e-10,-4.106871509534926e-11,0.0,0.0,-0.18324777034935918,-0.07813402443623017
standardized,NR-ER,MCF7,2,0.37689942770060136,0.6495412591952248,0.5733919652479684,0.19337370852900054,0.37689942770060136,0.6495412591952248,0.37768692299691,0.11068926848228589,0.37689942770060136,0.6495412591952248,0.5733919652425262,0.1933737085111919,0.37689942770060136,0.6495412591952248,0.37768692280526295,0.11068926844966809,0.0,0.0,-5.44215783548907e-12,-1.7808648999917408e-11,0.0,0.0,-1.9164704267993217e-10,-3.261780012753235e-11,0.0,0.0,-0.19570504243726333,-0.0826844400615238
standardized,NR-ER,MCF7,3,0.43627649572559857,0.6922048855742404,0.5727853864901009,0.19309036009296707,0.43627649572559857,0.6922048855742404,0.37159691115602345,0.10868816780858495,0.43627649572559857,0.6922048855742404,0.5727853861661811,0.19309035990428208,0.43627649572559857,0.6922048855742404,0.3715969108521551,0.10868816775321855,0.0,0.0,-3.239196466608973e-10,-1.8868501761026835e-10,0.0,0.0,-3.0386830829343124e-10,-5.536638925107695e-11,0.0,0.0,-0.20118847531402612,-0.08440219215106351
standardized,NR-ER,MCF7,4,0.41497651934999996,0.6661845178603316,0.5766548038305069,0.1949192450827943,0.41497651934999996,0.6661845178603316,0.3886960689888483,0.1148629863018616,0.41497651934999996,0.6661845178603316,0.5766548035007315,0.19491924492243154,0.4179922009959456,0.6681859223547136,0.38880805713593863,0.11484857111492867,0.0,0.0,-3.2977556241320374e-10,-1.6036278416287076e-10,0.003015681645945589,0.002001404494382042,0.00011198814709035831,-1.4415186932917323e-05,0.003015681645945589,0.002001404494382042,-0.18784674636479276,-0.08007067380750285
standardized,NR-ER,MCF7,5,0.4269257850625263,0.6796718104968649,0.5758378830173803,0.19450912696104705,0.4269257850625263,0.6796718104968649,0.3824310315267295,0.11275686918278068,0.4269257850625263,0.6796718104968649,0.5758378828236534,0.19450912685824945,0.4269257850625263,0.6796718104968649,0.3824310313188338,0.11275686913313746,0.0,0.0,-1.9372681236973222e-10,-1.0279762596709929e-10,0.0,0.0,-2.0789573396129413e-10,-4.9643214539152326e-11,0.0,0.0,-0.19340685150481957,-0.08175225772511197
standardized,NR-ER,MCF7,6,0.42480668572255026,0.6853387431581328,0.5790413082565398,0.19616005073107773,0.42480668572255026,0.6853387431581328,0.38144551237111385,0.1126480302537189,0.42480668572255026,0.6853387431581328,0.5790413077572272,0.19616005047494006,0.42480668572255026,0.6853387431581328,0.38144551200981003,0.11264803017872713,0.0,0.0,-4.993125246599562e-10,-2.561376610810129e-10,0.0,0.0,-3.6130383129773237e-10,-7.499176557512755e-11,0.0,0.0,-0.19759579574741717,-0.08351202029621294
standardized,NR-ER,MCF7,7,0.39858041456967497,0.6704829637241659,0.5732225699837626,0.19332538505652166,0.39858041456967497,0.6704829637241659,0.38690900414545704,0.11410789962296426,0.39858041456967497,0.6704829637241659,0.5732225695367844,0.1933253848183087,0.39858041456967497,0.6704829637241659,0.38690900378957577,0.11410789952942528,0.0,0.0,-4.469782322047422e-10,-2.382129660194465e-10,0.0,0.0,-3.5588129110308844e-10,-9.353897101327391e-11,0.0,0.0,-0.18631356574720864,-0.07921748528888341
standardized,NR-ER,MCF7,8,0.37702741428332354,0.6507952446905187,0.5742596462918115,0.1939814229115827,0.37702741428332354,0.6507952446905187,0.3812593744589415,0.11214141016411808,0.37753439079035417,0.652041997937272,0.5735667710937058,0.19364556996913868,0.37702741428332354,0.6507952446905187,0.38125937404012805,0.11214141005869918,0.0005069765070306431,0.0012467532467532294,-0.0006928751981056802,-0.00033585294244402043,0.0,0.0,-4.1881342838223645e-10,-1.0541890971271783e-10,-0.0005069765070306431,-0.0012467532467532294,-0.19230739705357772,-0.08150415991043951
standardized,NR-ER,MCF7,9,0.3948207109264108,0.6579477460344296,0.5760042734195211,0.19471878071916376,0.3948207109264108,0.6579477460344296,0.38797879182532713,0.11445994462710649,0.3948207109264108,0.6579477460344296,0.5760042731107466,0.19471878056711817,0.3948207109264108,0.6579477460344296,0.3879787914065719,0.11445994455270529,0.0,0.0,-3.087744726570918e-10,-1.5204559278281237e-10,0.0,0.0,-4.1875529710466707e-10,-7.440120186608112e-11,0.0,0.0,-0.1880254817041748,-0.08025883601441289
standardized,NR-ER,MCF7,10,0.3738343726645323,0.6592970049920519,0.575712985849657,0.19443749668337,0.3738343726645323,0.6592970049920519,0.3805955336070001,0.11174696005698799,0.3738343726645323,0.6592970049920519,0.5757129856262341,0.19443749654376735,0.3738343726645323,0.6592970049920519,0.38059553340216634,0.11174695999768894,0.0,0.0,-2.2342288019672195e-10,-1.3960261835421762e-10,0.0,0.0,-2.0483378326829892e-10,-5.929905455559492e-11,0.0,0.0,-0.1951174522240678,-0.08269053654607843
standardized,NR-ER,MCF7,11,0.40669787725052303,0.6574487948696094,0.5762361878139993,0.19479979026609057,0.40669787725052303,0.6574487948696094,0.3880112105070644,0.11417622235803507,0.40669787725052303,0.6574487948696094,0.5762361875759441,0.1947997901328905,0.40669787725052303,0.6574487948696094,0.38801121027307445,0.11417622233930466,0.0,0.0,-2.380553310032951e-10,-1.3320006209127655e-10,0.0,0.0,-2.3398997184287394e-10,-1.8730386686094393e-11,0.0,0.0,-0.1882249773028696,-0.08062356779358584
standardized,NR-ER,MCF7,12,0.37755986122846563,0.6548338479476461,0.5810488388286477,0.19708744549455295,0.37755986122846563,0.6548338479476461,0.3830661053130706,0.11271545464438208,0.37942667827627863,0.6548875536404496,0.5810803690730486,0.1970774637695179,0.37755986122846563,0.6548338479476461,0.3830661049187029,0.11271545456638159,0.0018668170478130075,5.370569280342963e-05,3.153024440090135e-05,-9.981725035046462e-06,0.0,0.0,-3.9436768295431077e-10,-7.80005005029949e-11,-0.0018668170478130075,-5.370569280342963e-05,-0.1980142641543457,-0.08436200920313632
standardized,NR-ER,MCF7,13,0.37899228587146944,0.6329455212087665,0.5833778651107433,0.19804866876553456,0.37899228587146944,0.6329455212087665,0.38381374629478693,0.11236675694240275,0.37899228587146944,0.6329455212087665,0.5833778650274709,0.19804866870376375,0.37899228587146944,0.6329455212087665,0.3838137461435001,0.11236675690486911,0.0,0.0,-8.32724555976938e-11,-6.177083289315987e-11,0.0,0.0,-1.5128677199882646e-10,-3.753363730929493e-11,0.0,0.0,-0.1995641188839708,-0.08568191179889464
standardized,NR-ER,MCF7,14,0.4085846673385484,0.6638453417888466,0.5721881656212803,0.1927241089115484,0.4085846673385484,0.6638453417888466,0.3790313812638494,0.11059992788507525,0.4085846673385484,0.6638453417888466,0.5721881654100116,0.19272410879547636,0.4085846673385484,0.6638453417888466,0.37903138101552486,0.11059992784790526,0.0,0.0,-2.1126875804355905e-10,-1.1607200756102997e-10,0.0,0.0,-2.4832458311863093e-10,-3.716997543090628e-11,0.0,0.0,-0.19315678439448672,-0.0821241809475711
standardized,NR-ER,MCF7,15,0.4249927367010162,0.6754818500619026,0.5705805498058243,0.19225511415156438,0.4249927367010162,0.6754818500619026,0.3840985954719254,0.11353049087626421,0.4249927367010162,0.6754818500619026,0.570580549714461,0.19225511409678606,0.4249927367010162,0.6754818500619026,0.38409859531145163,0.11353049086566333,0.0,0.0,-9.13633169119521e-11,-5.4778304114933005e-11,0.0,0.0,-1.6047368989191568e-10,-1.060088128390646e-11,0.0,0.0,-0.1864819544030094,-0.07872462323112274
standardized,NR-ER,MCF7,16,0.42947401141547237,0.6779512600212797,0.5763445680600883,0.19483438303060432,0.42947401141547237,0.6779512600212797,0.3788431912984874,0.11119114314787652,0.42947401141547237,0.6779512600212797,0.5763445678257858,0.1948343829171688,0.42947401141547237,0.6779512600212797,0.3788431911104088,0.11119114313407685,0.0,0.0,-2.343024885220757e-10,-1.1343552208664675e-10,0.0,0.0,-1.8807857493641222e-10,-1.3799680842474516e-11,0.0,0.0,-0.19750137671537696,-0.08364323978309195
standardized,NR-ER,MCF7,17,0.421658263480882,0.6794851020184612,0.5738132304695145,0.19356720988764547,0.421658263480882,0.6794851020184612,0.37650195332559677,0.11034462659189818,0.421658263480882,0.6794851020184612,0.5738132298200309,0.19356720957805434,0.41460775761030877,0.682212374745734,0.3765833933197903,0.11050695294085737,0.0,0.0,-6.49483555825725e-10,-3.095911582651212e-10,-0.007050505870573121,0.0027272727272727114,8.143999419352177e-05,0.00016232634895919085,-0.007050505870573121,0.0027272727272727114,-0.19722983650024065,-0.08306025663719693
standardized,NR-ER,MCF7,18,0.38222653627641623,0.6473358615188145,0.5756027736604098,0.19459503515171178,0.38222653627641623,0.6473358615188145,0.39217691500587415,0.11622467339712202,0.38222653627641623,0.6473358615188145,0.5756027732984641,0.19459503497071423,0.38222653627641623,0.6473358615188145,0.3921769146313604,0.11622467332845823,0.0,0.0,-3.619457844550311e-10,-1.8099759468981346e-10,0.0,0.0,-3.745137200361626e-10,-6.866377466607788e-11,0.0,0.0,-0.1834258586671036,-0.07837036164225597
standardized,NR-ER,MCF7,19,0.41328753853637384,0.6614886082930133,0.5799634632677195,0.19649504584929284,0.41328753853637384,0.6614886082930133,0.38815576841167004,0.11446829509459841,0.41328753853637384,0.6614886082930133,0.579963462976224,0.19649504571010318,0.41328753853637384,0.6614886082930133,0.3881557681195374,0.11446829503222891,0.0,0.0,-2.9149547220441716e-10,-1.3918966534909317e-10,0.0,0.0,-2.9213269581163103e-10,-6.236949290361337e-11,0.0,0.0,-0.19180769485668672,-0.08202675067787427
standardized,NR-ER-LBD,HA1E,0,0.39130099976172295,0.7948239936431895,0.4203391333684148,0.1210725624197233,0.39130099976172295,0.7948239936431895,0.1993355324036909,0.05191319712674623,0.39130099976172295,0.7948239936431895,0.42033913333160244,0.12107256239776247,0.39130099976172295,0.7948239936431895,0.1993355324232627,0.05191319712760649,0.0,0.0,-3.6812308756850597e-11,-2.19608248253067e-11,0.0,0.0,1.9571816389785113e-11,8.602604739671449e-13,0.0,0.0,-0.22100360090833973,-0.06915936527015597
standardized,NR-ER-LBD,HA1E,1,0.4409316609915108,0.7695878713307946,0.41797619615681764,0.1199739454021754,0.4409316609915108,0.7695878713307946,0.2028410528814819,0.052735634836121106,0.4409316609915108,0.7695878713307946,0.4179761961001474,0.11997394537106085,0.4409316609915108,0.7695878713307946,0.20284105287033616,0.05273563483562908,0.0,0.0,-5.667026847788748e-11,-3.111455815218989e-11,0.0,0.0,-1.114576764216224e-11,-4.920175378231306e-13,0.0,0.0,-0.2151351432298112,-0.06723831053543176
standardized,NR-ER-LBD,HA1E,2,0.3290763613887039,0.7750668845520103,0.4225119181109333,0.12209162473723076,0.3290763613887039,0.7750668845520103,0.2050693223052619,0.05287845251198471,0.3290763613887039,0.7750668845520103,0.42251191827675294,0.12209162480579665,0.3096282639209456,0.767740877226003,0.20847485099364302,0.05379688769088431,0.0,0.0,1.6581956918670925e-10,6.856588907755423e-11,-0.01944809746775832,-0.0073260073260073225,0.0034055286883811096,0.0009184351788995959,-0.01944809746775832,-0.0073260073260073225,-0.21403706728310992,-0.06829473711491234
standardized,NR-ER-LBD,HA1E,3,0.42759801237309364,0.7540620277997828,0.42328690780821654,0.12245220781089927,0.42759801237309364,0.7540620277997828,0.20792604287943192,0.05424269708818885,0.42759801237309364,0.7540620277997828,0.4232869079290798,0.12245220786632756,0.42759801237309364,0.7540620277997828,0.20792604300521264,0.054242697116668404,0.0,0.0,1.2086317502379984e-10,5.5428281409142245e-11,0.0,0.0,1.2578073027569304e-10,2.8479547886650635e-11,0.0,0.0,-0.2153608649238671,-0.06820951074965916
standardized,NR-ER-LBD,HA1E,4,0.43057571602555855,0.776709457070448,0.4188903219614937,0.12045414594958603,0.43057571602555855,0.776709457070448,0.20490900611798996,0.0533806320946581,0.43057571602555855,0.776709457070448,0.4188903218572899,0.12045414589723061,0.43057571602555855,0.776709457070448,0.2049090061080824,0.053380632087615884,0.0,0.0,-1.042037123255568e-10,-5.2355444979390596e-11,0.0,0.0,-9.907519249452434e-12,-7.042214034136407e-12,0.0,0.0,-0.2139813157492075,-0.06707351380961471
standardized,NR-ER-LBD,HA1E,5,0.3781295785543648,0.7878358451062594,0.42328402906691,0.12236233396099525,0.3781295785543648,0.7878358451062594,0.2022743134991734,0.05268827561590598,0.3781295785543648,0.7878358451062594,0.42328402921144137,0.12236233402161507,0.3781295785543648,0.7878358451062594,0.20227431366121298,0.05268827564562615,0.0,0.0,1.445314312675805e-10,6.061982305016755e-11,0.0,0.0,1.6203960950811336e-10,2.972016938107558e-11,0.0,0.0,-0.2210097155502284,-0.06967405837598895
standardized,NR-ER-LBD,HA1E,6,0.39766315568067334,0.7841165083065222,0.4198438463398341,0.12084087592858335,0.39766315568067334,0.7841165083065222,0.20266262105564184,0.052765489384759,0.4025314659585493,0.7817449668045461,0.41997762391888205,0.12094011890094007,0.39766315568067334,0.7841165083065222,0.20266262106505062,0.052765489387724115,0.004868310277875931,-0.002371541501976271,0.00013377757904795562,9.92429723567334e-05,0.0,0.0,9.408795964560567e-12,2.965110101893487e-12,-0.004868310277875931,0.002371541501976271,-0.2173150028538314,-0.06817462951321597
standardized,NR-ER-LBD,HA1E,7,0.3015189297851752,0.7348387991857879,0.4209017162125783,0.12137762627630717,0.3015189297851752,0.7348387991857879,0.1972546209391821,0.050432333397291106,0.3015189297851752,0.7348387991857879,0.42090171627619266,0.12137762629915994,0.3015189297851752,0.7348387991857879,0.19725462114071882,0.0504323334267218,0.0,0.0,6.36143693277802e-11,2.2852780778848113e-11,0.0,0.0,2.0153671509426375e-10,2.9430691217413593e-11,0.0,0.0,-0.22364709513547387,-0.07094529287243816
standardized,NR-ER-LBD,HA1E,8,0.4211364330310543,0.7790044483624148,0.4260590137287414,0.12373811885261402,0.4211364330310543,0.7790044483624148,0.20655144151535362,0.053499916484667044,0.4211364330310543,0.7790044483624148,0.4260590138189995,0.12373811888507036,0.4211364330310543,0.7790044483624148,0.20655144159991057,0.05349991649309269,0.0,0.0,9.025805658424702e-11,3.245635149529136e-11,0.0,0.0,8.45569197993612e-11,8.425646985665835e-12,0.0,0.0,-0.21950757221908895,-0.07023820239197767
standardized,NR-ER-LBD,HA1E,9,0.4409608071056983,0.7905319168320993,0.42324623221056357,0.12240430253463386,0.4409608071056983,0.7905319168320993,0.21280601131884982,0.056182896911438386,0.4409608071056983,0.7905319168320993,0.4232462322691199,0.12240430255268238,0.4409608071056983,0.7905319168320993,0.21280601140121086,0.056182896922864524,0.0,0.0,5.855638196550217e-11,1.804850158215743e-11,0.0,0.0,8.236104021008828e-11,1.1426137813685955e-11,0.0,0.0,-0.21044022086790903,-0.06622140562981785
standardized,NR-ER-LBD,HA1E,10,0.39401404237422344,0.7886853203604429,0.4245170757650344,0.12293549174152543,0.39401404237422344,0.7886853203604429,0.19284189090633147,0.049175919842080015,0.39401404237422344,0.7886853203604429,0.4245170757233616,0.122935491713315,0.39401404237422344,0.7886853203604429,0.1928418908560257,0.04917591983094588,0.0,0.0,-4.167275413635707e-11,-2.8210445091048087e-11,0.0,0.0,-5.030575955800032e-11,-1.1134129035417218e-11,0.0,0.0,-0.23167518486733596,-0.0737595718823691
standardized,NR-ER-LBD,HA1E,11,0.4049709758175181,0.7711545130239184,0.42454944394640315,0.12299600166066145,0.4049709758175181,0.7711545130239184,0.20694660160016412,0.05409551424731183,0.4049709758175181,0.7711545130239184,0.4245494440976049,0.12299600172565114,0.4049709758175181,0.7711545130239184,0.2069466017016382,0.054095514269368185,0.0,0.0,1.5120181773298213e-10,6.498969140622534e-11,0.0,0.0,1.0147407913940754e-10,2.2056355353239353e-11,0.0,0.0,-0.21760284239596675,-0.06890048745628295
standardized,NR-ER-LBD,HA1E,12,0.36236926733235775,0.7537455112541626,0.4208479821452776,0.12133195318130614,0.36236926733235775,0.7537455112541626,0.1974895995890852,0.0503116836300956,0.36236926733235775,0.7537455112541626,0.42084798196258005,0.12133195309084437,0.36236926733235775,0.7537455112541626,0.19748959957132067,0.05031168363043995,0.0,0.0,-1.8269747936727755e-10,-9.046179361149598e-11,0.0,0.0,-1.7764539839149052e-11,3.4436065110554636e-13,0.0,0.0,-0.22335838239125944,-0.07102026946040442
standardized,NR-ER-LBD,HA1E,13,0.3483936331638183,0.730530570925239,0.4207787122464768,0.1212011967873309,0.3483936331638183,0.730530570925239,0.20733692867908574,0.054158348903546163,0.3483936331638183,0.730530570925239,0.4207787121521407,0.121201196741713,0.3483936331638183,0.730530570925239,0.20733692876693546,0.054158348914086496,0.0,0.0,-9.433606118491866e-11,-4.561792332768988e-11,0.0,0.0,8.78496830836184e-11,1.0540333883479746e-11,0.0,0.0,-0.21344178338520528,-0.06704284782762648
standardized,NR-ER-LBD,HA1E,14,0.36805465730447806,0.753816927016372,0.4233593162795365,0.12238174327788558,0.36805465730447806,0.753816927016372,0.2052180643943478,0.053412510247739756,0.36805465730447806,0.753816927016372,0.42335931646078195,0.12238174335322052,0.36805465730447806,0.753816927016372,0.20521806448557478,0.05341251026721083,0.0,0.0,1.8124552969567277e-10,7.53349410631543e-11,0.0,0.0,9.122696487118275e-11,1.9471074752530627e-11,0.0,0.0,-0.21814125197520723,-0.06896923308600969
standardized,NR-ER-LBD,HA1E,15,0.3498513045756168,0.7704187931468098,0.42053037756624223,0.12115744201897419,0.3498513045756168,0.7704187931468098,0.19969899288991788,0.05125363682168971,0.3498513045756168,0.7704187931468098,0.42053037748597843,0.12115744198142679,0.3498513045756168,0.7704187931468098,0.1996989930175353,0.051253636849962245,0.0,0.0,-8.026379560988062e-11,-3.75473957481276e-11,0.0,0.0,1.276174166342514e-10,2.8272542640372932e-11,0.0,0.0,-0.22083138446844314,-0.06990380513146455
standardized,NR-ER-LBD,HA1E,16,0.3744660827630534,0.7719735213621818,0.4174563257794124,0.11967756355622446,0.3744660827630534,0.7719735213621818,0.19316921211481014,0.04916619114441375,0.3744660827630534,0.7719735213621818,0.41745632568932783,0.11967756351409005,0.3744660827630534,0.7719735213621818,0.19316921217938798,0.04916619116148087,0.0,0.0,-9.008460644110983e-11,-4.2134412625571825e-11,0.0,0.0,6.457786527747089e-11,1.706711855176124e-11,0.0,0.0,-0.2242871135099398,-0.07051137235260915
standardized,NR-ER-LBD,HA1E,17,0.41301481355400044,0.7956311175029073,0.4212875751289939,0.12147343585004222,0.41301481355400044,0.7956311175029073,0.2055380176119393,0.053815821233838226,0.41301481355400044,0.7956311175029073,0.4212875751237622,0.12147343584614383,0.41301481355400044,0.7956311175029073,0.20553801794872212,0.05381582129021116,0.0,0.0,-5.23174836786211e-12,-3.89837606640242e-12,0.0,0.0,3.3678282385096736e-10,5.63729479763353e-11,0.0,0.0,-0.21574955717504002,-0.06765761455593268
standardized,NR-ER-LBD,HA1E,18,0.38066081627855286,0.7769393468849991,0.41993627846662573,0.12088974219843125,0.38066081627855286,0.7769393468849991,0.1974379923034742,0.05071946723464484,0.38066081627855286,0.7769393468849991,0.41993627821088814,0.12088974208242842,0.38066081627855286,0.7769393468849991,0.19743799247204719,0.05071946725777664,0.0,0.0,-2.557375200495926e-10,-1.1600284621771095e-10,0.0,0.0,1.6857297779893087e-10,2.3131789539387883e-11,0.0,0.0,-0.22249828573884098,-0.07017027482465177
standardized,NR-ER-LBD,HA1E,19,0.3428322225494574,0.6726005203646769,0.41874131599054215,0.12027472321686239,0.3428322225494574,0.6726005203646769,0.19140979430845725,0.048600803604134726,0.3428322225494574,0.6726005203646769,0.41874131603926534,0.12027472323757415,0.3428322225494574,0.6726005203646769,0.19140979436342312,0.0486008036086439,0.0,0.0,4.872310332970642e-11,2.0711773962567294e-11,0.0,0.0,5.49658707438283e-11,4.509163181731779e-12,0.0,0.0,-0.22733152167584217,-0.07167391962893026
standardized,NR-ER-LBD,HEPG2,0,0.3560868810866792,0.7428009379687691,0.42941735236937595,0.1252719290077356,0.3560868810866792,0.7428009379687691,0.20773747905991077,0.054087666313196135,0.3560868810866792,0.7428009379687691,0.4294173524886985,0.1252719290702448,0.3560868810866792,0.7428009379687691,0.20773747910194165,0.05408766632655813,0.0,0.0,1.1932257404367874e-10,6.250918394012928e-11,0.0,0.0,4.2030873226295286e-11,1.3361986517246293e-11,0.0,0.0,-0.22167987338675682,-0.07118426274368665
standardized,NR-ER-LBD,HEPG2,1,0.3817205841257062,0.765465177524001,0.43080910957752855,0.12598423501262804,0.3817205841257062,0.765465177524001,0.212646703917732,0.05619487780276511,0.3817205841257062,0.765465177524001,0.4308091096315061,0.12598423504678374,0.3817205841257062,0.765465177524001,0.21264670409020336,0.056194877836721294,0.0,0.0,5.3977489145040636e-11,3.4155703265703605e-11,0.0,0.0,1.724713594164484e-10,3.3956176759275535e-11,0.0,0.0,-0.21816240554130273,-0.06978935721006245
standardized,NR-ER-LBD,HEPG2,2,0.48765843015400556,0.7926243387001985,0.43422631196909334,0.12753697890027293,0.48765843015400556,0.7926243387001985,0.20114798659032324,0.051401133204326974,0.48765843015400556,0.7926243387001985,0.4342263118906093,0.1275369788844696,0.48765843015400556,0.7926243387001985,0.20114798681327617,0.05140113324814888,0.0,0.0,-7.848403038579477e-11,-1.5803336417263834e-11,0.0,0.0,2.2295292279039812e-10,4.3821898193519e-11,0.0,0.0,-0.23307832507733312,-0.07613584563632073
standardized,NR-ER-LBD,HEPG2,3,0.5055186343368485,0.8102944454797774,0.4277226829282064,0.12447351290559625,0.5055186343368485,0.8102944454797774,0.2021813231023511,0.05250788913610993,0.5055186343368485,0.8102944454797774,0.42772268291578186,0.12447351291149984,0.5055186343368485,0.8102944454797774,0.202181323140183,0.05250788914576306,0.0,0.0,-1.242461689088259e-11,5.903597055656462e-12,0.0,0.0,3.783189317374536e-11,9.653134541709463e-12,0.0,0.0,-0.22554135977559886,-0.07196562376573677
standardized,NR-ER-LBD,HEPG2,4,0.4467141450382126,0.7655911269254473,0.42738355357495994,0.12441194626226204,0.4467141450382126,0.7655911269254473,0.20740221563695155,0.05414673520403983,0.4467141450382126,0.7655911269254473,0.4273835537574109,0.12441194636466753,0.4467141450382126,0.7655911269254473,0.20740221571946194,0.054146735221648826,0.0,0.0,1.8245093214019902e-10,1.0240547576589876e-10,0.0,0.0,8.251038186024572e-11,1.7608994817841506e-11,0.0,0.0,-0.219981338037949,-0.0702652111430187
standardized,NR-ER-LBD,HEPG2,5,0.32136423835988087,0.7457796982759539,0.4313505691909859,0.12622418798958082,0.32136423835988087,0.7457796982759539,0.21313037199212198,0.05632321304277712,0.32136423835988087,0.7457796982759539,0.4313505691010242,0.12622418796516915,0.32136423835988087,0.7457796982759539,0.21313037225083295,0.05632321309082283,0.0,0.0,-8.99617713656653e-11,-2.4411675458857475e-11,0.0,0.0,2.587109915186403e-10,4.804571046568284e-11,0.0,0.0,-0.2182201968501912,-0.0699009748743463
standardized,NR-ER-LBD,HEPG2,6,0.44276810178643844,0.7943869811828262,0.4272701261792108,0.12423045443252496,0.44276810178643844,0.7943869811828262,0.20218107229988985,0.053108684440380485,0.44276810178643844,0.7943869811828262,0.42727012624882477,0.1242304544815777,0.44276810178643844,0.7943869811828262,0.20218107251022926,0.05310868448694166,0.0,0.0,6.961399234839405e-11,4.9052731321275187e-11,0.0,0.0,2.1033946806525705e-10,4.656116880941141e-11,0.0,0.0,-0.22508905373859553,-0.07112176999463606
standardized,NR-ER-LBD,HEPG2,7,0.37313530222691116,0.7692160207738781,0.42997597132671367,0.12560978089783775,0.37313530222691116,0.7692160207738781,0.21011190945830222,0.055105890392496096,0.37313530222691116,0.7692160207738781,0.4299759713433362,0.1256097809149325,0.37313530222691116,0.7692160207738781,0.21011190947622396,0.05510589040422016,0.0,0.0,1.6622525578213753e-11,1.7094761717295624e-11,0.0,0.0,1.7921764072781343e-11,1.1724067550122896e-11,0.0,0.0,-0.21986406186711221,-0.07050389051071233
standardized,NR-ER-LBD,HEPG2,8,0.39924688013471704,0.775795704270722,0.4302705251103448,0.12568146084170825,0.39924688013471704,0.775795704270722,0.2195605775355635,0.05836786166601584,0.39924688013471704,0.775795704270722,0.4302705252611929,0.12568146090974056,0.39924688013471704,0.775795704270722,0.21956057779351998,0.05836786171397927,0.0,0.0,1.5084815618848778e-10,6.80322853607862e-11,0.0,0.0,2.579565006044504e-10,4.7963433225106657e-11,0.0,0.0,-0.21070994746767296,-0.06731359919576127
standardized,NR-ER-LBD,HEPG2,9,0.3826871396086224,0.7816308571685469,0.42874669059409787,0.1250227034530204,0.3826871396086224,0.7816308571685469,0.20410532171936793,0.05236535925232597,0.3826871396086224,0.7816308571685469,0.4287466906036138,0.12502270347052769,0.3826871396086224,0.7816308571685469,0.20410532172001875,0.05236535927265214,0.0,0.0,9.515943588667142e-12,1.750725953097998e-11,0.0,0.0,6.507960836898974e-13,2.0326163668871188e-11,0.0,0.0,-0.22464136888359504,-0.07265734419787555
standardized,NR-ER-LBD,HEPG2,10,0.3531502375782253,0.7562335024408883,0.42891151316729265,0.1250944631416286,0.3531502375782253,0.7562335024408883,0.2170965606173497,0.057879819681129076,0.3531502375782253,0.7562335024408883,0.4289115131547819,0.12509446315203218,0.3531502375782253,0.7562335024408883,0.2170965606456515,0.057879819700317324,0.0,0.0,-1.251080350428424e-11,1.0403614081333501e-11,0.0,0.0,2.8301827548204984e-11,1.9188252375901272e-11,0.0,0.0,-0.21181495250913035,-0.06721464345171486
standardized,NR-ER-LBD,HEPG2,11,0.43725021869080705,0.7843561129782755,0.4281856753626968,0.12468743930239186,0.43725021869080705,0.7843561129782755,0.2006249923167091,0.05194836941453218,0.43725021869080705,0.7843561129782755,0.42818567525424134,0.12468743926597223,0.43725021869080705,0.7843561129782755,0.20062499228081382,0.05194836941924681,0.0,0.0,-1.0845545572735205e-10,-3.641960344413775e-11,0.0,0.0,-3.589528674297071e-11,4.714631463009766e-12,0.0,0.0,-0.22756068297342752,-0.07273906984672543
standardized,NR-ER-LBD,HEPG2,12,0.45340025558343167,0.7751470916569736,0.4272284554654949,0.12423417965297485,0.45340025558343167,0.7751470916569736,0.20635077783615544,0.054494171300922135,0.45340025558343167,0.7751470916569736,0.427228455588528,0.12423417972376619,0.45340025558343167,0.7751470916569736,0.20635077785802433,0.05449417131347819,0.0,0.0,1.2303305041427847e-10,7.079133390597292e-11,0.0,0.0,2.1868906685540424e-11,1.255605480698918e-11,0.0,0.0,-0.22087767773050365,-0.069740008410288
standardized,NR-ER-LBD,HEPG2,13,0.38165037490266257,0.7507242717283324,0.4306089821087678,0.12587812324151226,0.38165037490266257,0.7507242717283324,0.20864386855208425,0.053895798946738904,0.38165037490266257,0.7507242717283324,0.43060898229308986,0.125878123334798,0.38165037490266257,0.7507242717283324,0.20864386868300336,0.05389579896192086,0.0,0.0,1.843220132080603e-10,9.328572081468422e-11,0.0,0.0,1.309190922338388e-10,1.5181957774279554e-11,0.0,0.0,-0.22196511361008647,-0.07198232437287713
standardized,NR-ER-LBD,HEPG2,14,0.3961792565686124,0.7879938214968006,0.4271370669524236,0.1242409827447212,0.3961792565686124,0.7879938214968006,0.2056632168528823,0.053649233715600694,0.3961792565686124,0.7879938214968006,0.4271370670205892,0.12424098278197662,0.3961792565686124,0.7879938214968006,0.2056632170037238,0.053649233746558576,0.0,0.0,6.816563979938906e-11,3.725540709265118e-11,0.0,0.0,1.5084154481037616e-10,3.0957883478954785e-11,0.0,0.0,-0.22147385001686543,-0.07059174903541802
standardized,NR-ER-LBD,HEPG2,15,0.4215475656955868,0.807494694544817,0.428795704481243,0.12500366315368977,0.4215475656955868,0.807494694544817,0.2045223496397428,0.0529094291486944,0.4215475656955868,0.807494694544817,0.4287957045000622,0.12500366317764722,0.4215475656955868,0.807494694544817,0.20452234968521718,0.05290942917302986,0.0,0.0,1.8819257263658072e-11,2.3957469341695516e-11,0.0,0.0,4.547436871504829e-11,2.4335472526004766e-11,0.0,0.0,-0.224273354814845,-0.07209423400461736
standardized,NR-ER-LBD,HEPG2,16,0.3517926640076735,0.8059415560379286,0.42521877712673106,0.12337418686189201,0.3517926640076735,0.8059415560379286,0.20106012053298503,0.052404650267153484,0.3517926640076735,0.8059415560379286,0.4252187770342256,0.12337418683361016,0.3517926640076735,0.8059415560379286,0.20106012055831868,0.05240465028084503,0.0,0.0,-9.250549215522597e-11,-2.8281854635991975e-11,0.0,0.0,2.5333662945214997e-11,1.3691543038207854e-11,0.0,0.0,-0.2241586564759069,-0.07096953655276513
standardized,NR-ER-LBD,HEPG2,17,0.38079608195157044,0.7873256599784053,0.4311087774536319,0.12602765259410245,0.38079608195157044,0.7873256599784053,0.21347087680324814,0.05630864684958079,0.38079608195157044,0.7873256599784053,0.43110877743423853,0.12602765259612395,0.38079608195157044,0.7873256599784053,0.21347087686810182,0.05630864686229724,0.0,0.0,-1.9393364691921988e-11,2.021499634352608e-12,0.0,0.0,6.485364467678778e-11,1.2716445951799216e-11,0.0,0.0,-0.21763790056613672,-0.06971900573382672
standardized,NR-ER-LBD,HEPG2,18,0.39459946718695,0.7723033480989099,0.428558875319771,0.12489814457313939,0.39459946718695,0.7723033480989099,0.20935759264607978,0.05465255252337159,0.39459946718695,0.7723033480989099,0.42855887561947403,0.1248981447274999,0.39459946718695,0.7723033480989099,0.2093575927246057,0.054652552545765266,0.0,0.0,2.9970298465187284e-10,1.543605104847856e-10,0.0,0.0,7.852586914047777e-11,2.239368135370512e-11,0.0,0.0,-0.21920128289486834,-0.07024559218173462
standardized,NR-ER-LBD,HEPG2,19,0.4103735311028679,0.7963513700620737,0.43129994527705096,0.12618592264616363,0.4103735311028679,0.7963513700620737,0.211917568941076,0.05499030672207576,0.4103735311028679,0.7963513700620737,0.43129994506393243,0.12618592256596034,0.4103735311028679,0.7963513700620737,0.2119175690155796,0.05499030673731757,0.0,0.0,-2.1311851172711726e-10,-8.020329678171123e-11,0.0,0.0,7.450363659344816e-11,1.5241802264753802e-11,0.0,0.0,-0.2193823760483528,-0.07119561582864276
standardized,NR-ER-LBD,HT29,0,0.4307874935954151,0.7619241538162939,0.41839772553329774,0.12023840523283733,0.4307874935954151,0.7619241538162939,0.20674129397103297,0.054519405908455866,0.4307874935954151,0.7619241538162939,0.41839772510414813,0.12023840502693803,0.4307874935954151,0.7619241538162939,0.2067412937462448,0.054519405877712,0.0,0.0,-4.2914964915041763e-10,-2.0589928373393462e-10,0.0,0.0,-2.2478815475679425e-10,-3.074386578649779e-11,0.0,0.0,-0.21165643135790332,-0.06571899914922603
standardized,NR-ER-LBD,HT29,1,0.3855570889118888,0.7755906724224281,0.4205176344968097,0.1211230116983173,0.3855570889118888,0.7755906724224281,0.2086809096109353,0.05409094173757262,0.3855570889118888,0.7755906724224281,0.4205176336908007,0.12112301134531175,0.3855570889118888,0.7755906724224281,0.2086809090863841,0.054090941659671155,0.0,0.0,-8.06008992881857e-10,-3.5300554146466823e-10,0.0,0.0,-5.245512080254144e-10,-7.790146583364077e-11,0.0,0.0,-0.2118367246044166,-0.0670320696856406
standardized,NR-ER-LBD,HT29,2,0.40342676950211337,0.7803908064315067,0.4180724674333883,0.12007330875480363,0.40342676950211337,0.7803908064315067,0.19458676678156955,0.04996014807638561,0.40342676950211337,0.7803908064315067,0.41807246679754567,0.12007330846505879,0.40342676950211337,0.7803908064315067,0.1945867663820005,0.04996014802245057,0.0,0.0,-6.358425341801422e-10,-2.897448253547097e-10,0.0,0.0,-3.9956905562021917e-10,-5.393503421657897e-11,0.0,0.0,-0.22348570041554522,-0.07011316044260822
standardized,NR-ER-LBD,HT29,3,0.4340303350678608,0.7724768395235156,0.41996689108216145,0.12099161390637522,0.4340303350678608,0.7724768395235156,0.19745318352139152,0.05046985190879237,0.4340303350678608,0.7724768395235156,0.419966890316336,0.12099161357263903,0.4340303350678608,0.7724768395235156,0.19745318309273094,0.050469851858056705,0.0,0.0,-7.6582539199066e-10,-3.3373619701126953e-10,0.0,0.0,-4.2866058203028245e-10,-5.073566844426836e-11,0.0,0.0,-0.22251370722360506,-0.07052176171458233
standardized,NR-ER-LBD,HT29,4,0.32706986717948794,0.6909959947780626,0.4187182346024992,0.12026681278976618,0.32706986717948794,0.6909959947780626,0.19547577863460655,0.04986312625941568,0.32706986717948794,0.6909959947780626,0.4187182338240795,0.1202668124477609,0.33473877248434325,0.6903327294719401,0.19537641127068123,0.049825349972418026,0.0,0.0,-7.784196065507842e-10,-3.420052935299012e-10,0.007668905304855323,-0.0006632653061224402,-9.936736392531786e-05,-3.777628699764696e-05,0.007668905304855323,-0.0006632653061224402,-0.22334182255339835,-0.07044146247534286
standardized,NR-ER-LBD,HT29,5,0.42951913038472983,0.7860064353739151,0.41920305911591244,0.1205613426324296,0.42951913038472983,0.7860064353739151,0.19857348004029557,0.05146738729510222,0.42951913038472983,0.7860064353739151,0.4192030584645977,0.1205613423337563,0.42951913038472983,0.7860064353739151,0.19857347957127958,0.051467387233313,0.0,0.0,-6.513147576825417e-10,-2.986732861032237e-10,0.0,0.0,-4.690160038123281e-10,-6.178921402311132e-11,0.0,0.0,-0.22062957889331813,-0.06909395510044332
standardized,NR-ER-LBD,HT29,6,0.35776321470310296,0.739144190537422,0.4194990371345182,0.12072117671018145,0.35776321470310296,0.739144190537422,0.192926477156048,0.04916349944228419,0.35776321470310296,0.739144190537422,0.4194990363580999,0.1207211763608178,0.35776321470310296,0.739144190537422,0.192926476637512,0.04916349936300177,0.0,0.0,-7.764183296288251e-10,-3.4936363801918445e-10,0.0,0.0,-5.185360085757651e-10,-7.92824146611526e-11,0.0,0.0,-0.22657255972058787,-0.07155767699781604
standardized,NR-ER-LBD,HT29,7,0.39253188503918945,0.785892557780688,0.42451757714069716,0.12300376380080699,0.39253188503918945,0.785892557780688,0.19803301025843356,0.05107883860835335,0.39253188503918945,0.785892557780688,0.42451757644676924,0.12300376348470529,0.39253188503918945,0.785892557780688,0.19803300979308275,0.05107883853219042,0.0,0.0,-6.939279040274471e-10,-3.161017059216675e-10,0.0,0.0,-4.653508245411331e-10,-7.616292735379559e-11,0.0,0.0,-0.2264845666536865,-0.07192492495251487
standardized,NR-ER-LBD,HT29,8,0.40005664054252044,0.7858152570011654,0.42134738701121666,0.12161088559517445,0.40005664054252044,0.7858152570011654,0.2052300620014944,0.053626897799820036,0.40005664054252044,0.7858152570011654,0.4213473863103577,0.1216108852722855,0.40005664054252044,0.7858152570011654,0.20523006152654122,0.053626897735243685,0.0,0.0,-7.008590374724122e-10,-3.2288896001375635e-10,0.0,0.0,-4.749531823389219e-10,-6.457635121082106e-11,0.0,0.0,-0.2161173247838164,-0.0679839875370418
standardized,NR-ER-LBD,HT29,9,0.33392456103535506,0.7341810997512093,0.42345870128757196,0.12256341575057617,0.33392456103535506,0.7341810997512093,0.2131791792425286,0.05542496325145211,0.33392456103535506,0.7341810997512093,0.4234587010265097,0.1225634156276348,0.33392456103535506,0.7341810997512093,0.2131791789697403,0.0554249632415358,0.0,0.0,-2.610622829024578e-10,-1.2294135154355956e-10,0.0,0.0,-2.7278827530174966e-10,-9.916308052471124e-12,0.0,0.0,-0.2102795220567693,-0.06713845238609902
standardized,NR-ER-LBD,HT29,10,0.40068818462468414,0.7700292686268104,0.4227210699628136,0.12216464829863391,0.40068818462468414,0.7700292686268104,0.20019153160460176,0.051772568369715145,0.40068818462468414,0.7700292686268104,0.4227210691288654,0.122164647924798,0.40068818462468414,0.7700292686268104,0.20019153117691185,0.05177256832021071,0.0,0.0,-8.339481660790682e-10,-3.7383593443074403e-10,0.0,0.0,-4.2768993901987074e-10,-4.950443943663174e-11,0.0,0.0,-0.22252953795195363,-0.0703920796045873
standardized,NR-ER-LBD,HT29,11,0.4222638758085665,0.7840960649206469,0.4225841395303328,0.12217301909363262,0.4222638758085665,0.7840960649206469,0.19536745928160795,0.05007155041135073,0.4222638758085665,0.7840960649206469,0.42258413854597404,0.12217301865107415,0.4222638758085665,0.7840960649206469,0.19536745877001022,0.05007155033074109,0.0,0.0,-9.843587611690907e-10,-4.4255846765040017e-10,0.0,0.0,-5.115977363967517e-10,-8.060963285760892e-11,0.0,0.0,-0.22721667977596383,-0.07210146832033307
standardized,NR-ER-LBD,HT29,12,0.3712721058154226,0.7691371127768396,0.4209531627599178,0.12136775518873437,0.3712721058154226,0.7691371127768396,0.20729614263763985,0.053853586100071106,0.3712721058154226,0.7691371127768396,0.42095316196643245,0.12136775484624765,0.3712721058154226,0.7691371127768396,0.2072961422249214,0.05385358604394559,0.0,0.0,-7.934853774038686e-10,-3.424867250911845e-10,0.0,0.0,-4.1271840389711655e-10,-5.612552089750977e-11,0.0,0.0,-0.21365701974151102,-0.06751416880230206
standardized,NR-ER-LBD,HT29,13,0.4014923037127126,0.7739730573944694,0.42032671169921815,0.1210846284863448,0.4014923037127126,0.7739730573944694,0.19964654695672063,0.051912891408474916,0.4014923037127126,0.7739730573944694,0.4203267110364404,0.12108462819961063,0.4014923037127126,0.7739730573944694,0.19964654654868322,0.051912891361938364,0.0,0.0,-6.627776771850335e-10,-2.867341780676824e-10,0.0,0.0,-4.0803742606954073e-10,-4.6536553777176694e-11,0.0,0.0,-0.22068016448775726,-0.06917173683767226
standardized,NR-ER-LBD,HT29,14,0.3489558104981807,0.7678374277989195,0.41941516998610046,0.12071113608730358,0.3489558104981807,0.7678374277989195,0.19822176370928485,0.05150808724631981,0.3489558104981807,0.7678374277989195,0.419415169135483,0.1207111357059989,0.3489558104981807,0.7678374277989195,0.1982217632844282,0.05150808718367863,0.0,0.0,-8.506174431488489e-10,-3.8130469337538387e-10,0.0,0.0,-4.2485664430991223e-10,-6.264118113108452e-11,0.0,0.0,-0.22119340585105482,-0.06920304852232026
standardized,NR-ER-LBD,HT29,15,0.43401321452036734,0.7796096086696437,0.41791771645231296,0.1199299964901753,0.43401321452036734,0.7796096086696437,0.20154663178778937,0.051953506240278766,0.43401321452036734,0.7796096086696437,0.41791771568311475,0.11992999613690054,0.43401321452036734,0.7796096086696437,0.20154663138933637,0.05195350617923672,0.0,0.0,-7.691981940283199e-10,-3.5327477609925493e-10,0.0,0.0,-3.9845300392471473e-10,-6.104205405033092e-11,0.0,0.0,-0.21637108429377835,-0.06797648995766381
standardized,NR-ER-LBD,HT29,16,0.4163022252275234,0.7819891832856369,0.4215654887496667,0.12159691362322596,0.4163022252275234,0.7819891832856369,0.20509309018847702,0.05336676445546516,0.4163022252275234,0.7819891832856369,0.4215654880751529,0.12159691333216283,0.4163022252275234,0.7819891832856369,0.20509308987643773,0.053366764420731974,0.0,0.0,-6.745137559605041e-10,-2.910631402563979e-10,0.0,0.0,-3.1203927219891624e-10,-3.473319826197141e-11,0.0,0.0,-0.21647239819871517,-0.06823014891143084
standardized,NR-ER-LBD,HT29,17,0.44313045678360546,0.7898567413491778,0.41880899418035555,0.12033915232940498,0.44313045678360546,0.7898567413491778,0.19719343398844247,0.05089642103526757,0.44313045678360546,0.7898567413491778,0.4188089932945206,0.12033915192327657,0.44313045678360546,0.7898567413491778,0.1971934334585814,0.05089642095428518,0.0,0.0,-8.85834983144207e-10,-4.0612839202758267e-10,0.0,0.0,-5.298610827875194e-10,-8.098238468701169e-11,0.0,0.0,-0.2216155598359392,-0.06944273096899138
standardized,NR-ER-LBD,HT29,18,0.42723880957811905,0.7922856707835828,0.4142307599026692,0.1182628554537335,0.42723880957811905,0.7922856707835828,0.1961754541652727,0.050717974092521864,0.42723880957811905,0.7922856707835828,0.4142307590973561,0.1182628550983155,0.42723880957811905,0.7922856707835828,0.19617545378949697,0.05071797404425367,0.0,0.0,-8.053131161922522e-10,-3.5541799225935476e-10,0.0,0.0,-3.757757494060598e-10,-4.8268196384260166e-11,0.0,0.0,-0.21805530530785916,-0.06754488105406183
standardized,NR-ER-LBD,HT29,19,0.3869232164807641,0.7699898013709032,0.4203469483021453,0.12112912568474635,0.3869232164807641,0.7699898013709032,0.2040977599179103,0.05327827180964917,0.3869232164807641,0.7699898013709032,0.4203469475951538,0.12112912538912209,0.3869232164807641,0.7699898013709032,0.20409775942377503,0.05327827174941825,0.0,0.0,-7.069915763935342e-10,-2.9562426950846545e-10,0.0,0.0,-4.941352771403729e-10,-6.023091470019892e-11,0.0,0.0,-0.21624918817137875,-0.06785085363970383
standardized,NR-ER-LBD,MCF7,0,0.40271555716569535,0.750042161607319,0.4079838242843524,0.11551964878221141,0.40271555716569535,0.750042161607319,0.18073695898985806,0.045639388092496444,0.40271555716569535,0.750042161607319,0.4079838241510413,0.11551964872579004,0.373915877970992,0.7766493044644618,0.18073127617282905,0.04582657639575881,0.0,0.0,-1.3331118431381127e-10,-5.6421384231342134e-11,-0.028799679194703377,0.02660714285714285,-5.682817029012411e-06,0.0001871883032623596,-0.028799679194703377,0.02660714285714285,-0.22725254797821223,-0.06969307233003122
standardized,NR-ER-LBD,MCF7,1,0.39819095147530864,0.7930439618596873,0.4111056060482422,0.11690159344635617,0.39819095147530864,0.7930439618596873,0.17976794699015944,0.045538184053409606,0.39867878571724125,0.7916072993372394,0.411192330283993,0.11697493378030314,0.4085791327996363,0.7756831429862284,0.17827267977785274,0.04506214934450602,0.0004878342419326165,-0.0014366625224478513,8.672423575084576e-05,7.334033394696959e-05,0.010388181324327705,-0.017360818873458795,-0.0014952672123066779,-0.0004760347089035784,0.00990034708239509,-0.015924156351010944,-0.2329196505061403,-0.07191278443579714
standardized,NR-ER-LBD,MCF7,2,0.39983066152836144,0.7888876730304706,0.4085658528312644,0.11579424428100171,0.39983066152836144,0.7888876730304706,0.1848003990348274,0.04714461005735689,0.4042829531563978,0.7908931036037716,0.4082907079261046,0.11568655632160925,0.3832896710374231,0.7786727500068636,0.18351275212734594,0.046715831082227474,0.0044522916280363535,0.002005430573301048,-0.0002751449051597743,-0.00010768795939246901,-0.016540990490938257,-0.010214923023606914,-0.0012876469074814324,-0.0004287789751294166,-0.02099328211897461,-0.012220353596907962,-0.22477795579875867,-0.06897072523938177
standardized,NR-ER-LBD,MCF7,3,0.36416094539328514,0.767732895958647,0.40923164371210313,0.11599942385831692,0.36416094539328514,0.767732895958647,0.17793620094475102,0.044893677973182576,0.36416094539328514,0.767732895958647,0.40923164363246733,0.1159994238248235,0.3610830855816075,0.7771759952322548,0.17686764405809202,0.044772276907303,0.0,0.0,-7.963572024038968e-11,-3.3493413598151276e-11,-0.0030778598116775802,0.009443099273607758,-0.0010685568866590001,-0.00012140106587957625,-0.0030778598116775802,0.009443099273607758,-0.23236399957437537,-0.0712271469175205
standardized,NR-ER-LBD,MCF7,4,0.3711508919944762,0.7885202558157488,0.4077295399516455,0.11532341633083973,0.3711508919944762,0.7885202558157488,0.17237327658484541,0.04289632874595613,0.3711508919944762,0.7885202558157488,0.4077295398556423,0.11532341629034903,0.4315125340225263,0.7773613383059359,0.16480709126679347,0.040703472990551104,0.0,0.0,-9.600316097646555e-11,-4.0490680253135736e-11,0.0603616420280501,-0.011158917509812794,-0.007566185318051944,-0.002192855755405025,0.0603616420280501,-0.011158917509812794,-0.24292244858884882,-0.07461994329979794
standardized,NR-ER-LBD,MCF7,5,0.3932550061965688,0.7650689346189494,0.40447675127749527,0.11393545023999682,0.3932550061965688,0.7650689346189494,0.17049581982057105,0.04240377154872792,0.3932550061965688,0.7650689346189494,0.40447675121545457,0.11393545021161947,0.4058119265707235,0.779366806959375,0.17047813638610315,0.04241814813150176,0.0,0.0,-6.204066149706477e-11,-2.83773726739156e-11,0.012556920374154745,0.01429787234042552,-1.768343446786058e-05,1.437658277383541e-05,0.012556920374154745,0.01429787234042552,-0.23399861482935141,-0.0715173020801177
standardized,NR-ER-LBD,MCF7,6,0.3345310127657698,0.7547889867053948,0.4070203383491452,0.1149732932850844,0.3345310127657698,0.7547889867053948,0.17388716321794578,0.043527446160800176,0.33704376301894107,0.7558660980885038,0.4065289750902461,0.11475375301678203,0.40717480837488773,0.8018571037735119,0.17074511985874846,0.043046921638866906,0.0025127502531712585,0.001077111383108953,-0.0004913632588991468,-0.00021954026830237893,0.07264379560911789,0.04706811706811711,-0.0031420433591973274,-0.00048052452193327185,0.07013104535594664,0.045991005685008156,-0.2357838552314976,-0.07170683137791514
standardized,NR-ER-LBD,MCF7,7,0.3708772177353693,0.7726222418606573,0.41005007496488516,0.11642739718318393,0.3708772177353693,0.7726222418606573,0.1817223505896201,0.045585184448715316,0.3708772177353693,0.7726222418606573,0.410050074830842,0.11642739712634073,0.44632179792877624,0.7641427183986196,0.17467181013215022,0.04278180543135014,0.0,0.0,-1.340431654561769e-10,-5.684319681620309e-11,0.07544458019340694,-0.008479523462037685,-0.007050540457469898,-0.0028033790173651743,0.07544458019340694,-0.008479523462037685,-0.2353782646986918,-0.0736455916949906
standardized,NR-ER-LBD,MCF7,8,0.3642914110684282,0.7863939774276973,0.40880472726420825,0.11589737662180008,0.3642914110684282,0.7863939774276973,0.1829155764183163,0.04624472844503963,0.36516169160316186,0.7885943519595325,0.4088420357434555,0.11593426823913686,0.42636380322328754,0.7977069106001415,0.17523978450752847,0.04418489830389115,0.0008702805347336806,0.002200374531835214,3.730847924724445e-05,3.689161733676782e-05,0.06207239215485936,0.011312933172444306,-0.007675791910787838,-0.002059830141148478,0.061202111620125677,0.009112558640609092,-0.23360225123592704,-0.0717493699352457
standardized,NR-ER-LBD,MCF7,9,0.42238234330764685,0.7801198932881357,0.40806014989120715,0.11551802704604967,0.42238234330764685,0.7801198932881357,0.1781853487788169,0.04523607876547607,0.4289997638650589,0.7837473442685279,0.40769114272127877,0.1153733617209162,0.4377218077829824,0.7772627504309929,0.1767231966797557,0.04436752089784917,0.006617420557412113,0.003627450980392144,-0.00036900716992832594,-0.00014466532513348896,0.015339464475335629,-0.002857142857142847,-0.001462152099061209,-0.0008685578676268984,0.008722043917923517,-0.006484593837534991,-0.2309679460415231,-0.07100584082306702
standardized,NR-ER-LBD,MCF7,10,0.3802362425095903,0.8081824507274551,0.40707368375298164,0.11503891366634582,0.3802362425095903,0.8081824507274551,0.1720332349940353,0.04307565891097112,0.37301769331368184,0.8008128787187078,0.40844386733059324,0.11583871517645354,0.3876762982267349,0.8098949930509007,0.16905784767129967,0.04250574133793754,-0.007218549195908408,-0.00736957200874726,0.001370183577611639,0.0007998015101077366,0.007440055717144581,0.0017125423234458203,-0.0029753873227356675,-0.0005699175730335779,0.01465860491305299,0.00908211433219308,-0.23938601965929357,-0.073332973838516
standardized,NR-ER-LBD,MCF7,11,0.3412497630183041,0.7812503535213151,0.40866721735929373,0.11571087987659663,0.3412497630183041,0.7812503535213151,0.17022134560840627,0.042079039625529134,0.3427966039002794,0.7824715200887228,0.40871161346669505,0.11575518294385068,0.48129374699684585,0.8424025544205496,0.15033922285004758,0.03666307361563008,0.0015468408819752587,0.0012211665674075832,4.439610740130107e-05,4.430306725405064e-05,0.14004398397854173,0.061152200899234364,-0.019882122758358704,-0.005415966009899053,0.13849714309656647,0.05993103433182678,-0.2583723906166475,-0.07909210932822058
standardized,NR-ER-LBD,MCF7,12,0.40570992344837425,0.7874349756140243,0.4101939149600441,0.11648772045960368,0.40570992344837425,0.7874349756140243,0.17915907982772566,0.04553332476328227,0.40570992344837425,0.7874349756140243,0.4101939148469767,0.11648772041178238,0.46847256408179117,0.8132969499895732,0.16907558872102157,0.0429648788698593,0.0,0.0,-1.1306742209171717e-10,-4.782127749347609e-11,0.0627626406334169,0.025861974375549046,-0.01008349110670408,-0.0025684458934229675,0.0627626406334169,0.025861974375549046,-0.24111832612595516,-0.07352284154192308
standardized,NR-ER-LBD,MCF7,13,0.3815629973615343,0.7950138248216421,0.40902025824821064,0.11594722015425059,0.3815629973615343,0.7950138248216421,0.17630380055186626,0.04400792682106897,0.3819292977278347,0.7953512826394149,0.4090815207653316,0.1159735479852286,0.45940239045150283,0.8187427771154084,0.17017763470326672,0.04260783792188334,0.0003663003663003872,0.0003374578177727683,6.126251712096353e-05,2.6327830978004062e-05,0.07783939308996843,0.023728952293766436,-0.006126165848599532,-0.0014000888991856342,0.07747309272366805,0.023391494475993667,-0.23890388606206492,-0.07336571006334527
standardized,NR-ER-LBD,MCF7,14,0.40683331136391754,0.7811314021804099,0.4081375277208784,0.11553174186485712,0.40683331136391754,0.7811314021804099,0.17945731157043385,0.04547976394160426,0.40683331136391754,0.7811314021804099,0.4081375274909629,0.11553174176583254,0.4070295435047072,0.8226462131961337,0.17481646066900264,0.044631206600212005,0.0,0.0,-2.2991557546703233e-10,-9.902459963129218e-11,0.00019623214078968721,0.04151481101572398,-0.004640850901431226,-0.0008485573413922525,0.00019623214078968721,0.04151481101572398,-0.23332106682196024,-0.07090053516562053
standardized,NR-ER-LBD,MCF7,15,0.39498818082362763,0.7878774798030278,0.4090192077023648,0.11594640422472671,0.39498818082362763,0.7878774798030278,0.17776709880231265,0.04499006068055853,0.39498818082362763,0.7878774798030278,0.40901920749679643,0.1159464041352363,0.3908827493487646,0.8021184112853387,0.17543998417515977,0.04437191769011421,0.0,0.0,-2.0556835123031193e-10,-8.949041785388801e-11,-0.004105431474863053,0.014240931482310782,-0.0023271146271528877,-0.0006181429904443148,-0.004105431474863053,0.014240931482310782,-0.23357922332163664,-0.07157448644512207
standardized,NR-ER-LBD,MCF7,16,0.354588991405333,0.7476176212039609,0.408401029443889,0.11559094573097387,0.354588991405333,0.7476176212039609,0.1693898744778632,0.041834656272937046,0.354588991405333,0.7476176212039609,0.4084010292882527,0.11559094566366881,0.4115263050549318,0.7658780275881681,0.16379137543440914,0.04042453436984282,0.0,0.0,-1.5563634825355167e-10,-6.730503376850549e-11,0.05693731364959875,0.01826040638420723,-0.00559849904345405,-0.0014101219030942165,0.05693731364959875,0.01826040638420723,-0.2446096538538436,-0.075166411293826
standardized,NR-ER-LBD,MCF7,17,0.34261029603215537,0.8114083184820833,0.408136838657846,0.11554182660126874,0.34261029603215537,0.8114083184820833,0.16752507607270167,0.04162793048558167,0.34261029603215537,0.8114083184820833,0.408136838597295,0.11554182657075537,0.3412420631707765,0.8368559536557392,0.163078619188381,0.04063635180911247,0.0,0.0,-6.055096424262274e-11,-3.051336405768268e-11,-0.0013682328613788708,0.02544763517365589,-0.004446456884320674,-0.0009915786764692035,-0.0013682328613788708,0.02544763517365589,-0.245058219408914,-0.07490547476164292
standardized,NR-ER-LBD,MCF7,18,0.4147890192337286,0.8178619247816347,0.4063303733071387,0.11473966236422321,0.4147890192337286,0.8178619247816347,0.1682679467539146,0.04212524351261085,0.4147890192337286,0.8178619247816347,0.4063303731162845,0.11473966227991643,0.5061357763291718,0.8440653375109008,0.15829660427486875,0.039678417708117406,0.0,0.0,-1.9085416580466585e-10,-8.430677822524046e-11,0.09134675709544329,0.026203412729266184,-0.00997134247904582,-0.00244682580449345,0.09134675709544329,0.026203412729266184,-0.2480337688414158,-0.07506124457179904
standardized,NR-ER-LBD,MCF7,19,0.3354268123446704,0.7690530938142125,0.40880106012932016,0.1159012374999981,0.3354268123446704,0.7690530938142125,0.17744426681696765,0.04486954071332478,0.33628951324115525,0.7662861245102781,0.4087141757570949,0.11598186457719076,0.42654671604790295,0.7739658234954916,0.1689050743628676,0.042052164402770785,0.0008627008964848387,-0.0027669693039342968,-8.688437222527101e-05,8.06270771926687e-05,0.09111990370323253,0.0049127296812792485,-0.008539192454100031,-0.002817376310553993,0.09025720280674769,0.007679698985213546,-0.23980910139422726,-0.07392970017441998
standardized,NR-PPAR-gamma,HA1E,0,0.22584968317875656,0.7073962946821644,0.2690405726848776,0.0630193620490542,0.22584968317875656,0.7073962946821644,0.16536230590634737,0.03980512899911347,0.22584968317875656,0.7073962946821644,0.269040572383754,0.06301936194465427,0.22584968317875656,0.7073962946821644,0.16536230556805417,0.039805128963112675,0.0,0.0,-3.0112354831857144e-10,-1.0439992342847759e-10,0.0,0.0,-3.382931962336855e-10,-3.6000798869784137e-11,0.0,0.0,-0.10367826681569983,-0.023214232981541606
standardized,NR-PPAR-gamma,HA1E,1,0.31088157551242834,0.7014772066732956,0.26833330916736226,0.0627043125804331,0.31088157551242834,0.7014772066732956,0.17116998186729054,0.041134772547514624,0.31088157551242834,0.7014772066732956,0.2683333087004997,0.06270431243886611,0.31088157551242834,0.7014772066732956,0.1711699817864286,0.04113477254754261,0.0,0.0,-4.668625375181535e-10,-1.4156699978951082e-10,0.0,0.0,-8.086193103995498e-11,2.7985253003848242e-14,0.0,0.0,-0.09716332691407112,-0.021569539891323493
standardized,NR-PPAR-gamma,HA1E,2,0.2680971135233825,0.7108284532067595,0.27322764759904616,0.06480285533341448,0.2680971135233825,0.7108284532067595,0.17735603555754387,0.04291408068558667,0.2680971135233825,0.7108284532067595,0.2732276471258196,0.0648028551838076,0.2680971135233825,0.7108284532067595,0.1773560350938078,0.04291408064278768,0.0,0.0,-4.732266412066366e-10,-1.4960687272358443e-10,0.0,0.0,-4.637360551118519e-10,-4.2798993515891226e-11,0.0,0.0,-0.09587161203201176,-0.02188877454101993
standardized,NR-PPAR-gamma,HA1E,3,0.2317129833943557,0.6737596600526424,0.27014208991424066,0.06351255035972495,0.2317129833943557,0.6737596600526424,0.1645558363354915,0.03879243813404891,0.2317129833943557,0.6737596600526424,0.27014208970621595,0.06351255028369276,0.2317129833943557,0.6737596600526424,0.16458828109409637,0.03878972412570091,0.0,0.0,-2.0802471412117996e-10,-7.603218749041574e-11,0.0,0.0,3.2444758604854854e-05,-2.7140083479933186e-06,0.0,0.0,-0.10555380861211956,-0.024722826157991838
standardized,NR-PPAR-gamma,HA1E,4,0.16997946165537764,0.6528727841507092,0.26876815069582927,0.06286128937856741,0.16997946165537764,0.6528727841507092,0.16503697028011005,0.03896699946991371,0.16997946165537764,0.6528727841507092,0.2687681503960968,0.06286128928946864,0.16997946165537764,0.6528727841507092,0.16503697008335283,0.03896699944758797,0.0,0.0,-2.997324499709464e-10,-8.909877280416368e-11,0.0,0.0,-1.967572216265978e-10,-2.2325744031270743e-11,0.0,0.0,-0.10373118031274398,-0.02389428984188068
standardized,NR-PPAR-gamma,HA1E,5,0.16937382834955844,0.7040795066230416,0.2662066918597211,0.061694113254698,0.16937382834955844,0.7040795066230416,0.15968222824253284,0.037277156171977174,0.16937382834955844,0.7040795066230416,0.2662066915014575,0.061694113142828556,0.16937382834955844,0.7040795066230416,0.15968222804904628,0.03727715614971343,0.0,0.0,-3.5826366318048033e-10,-1.1186945397811954e-10,0.0,0.0,-1.934865545560882e-10,-2.2263744320349944e-11,0.0,0.0,-0.10652446345241115,-0.02441695699311512
standardized,NR-PPAR-gamma,HA1E,6,0.20882036311445198,0.7239228925300798,0.26817267753942475,0.06267080250759029,0.20882036311445198,0.7239228925300798,0.16448548844000105,0.03926740661475858,0.20882036311445198,0.7239228925300798,0.26817267710855586,0.0626708023607332,0.20882036311445198,0.7239228925300798,0.16448548805371113,0.03926740657258369,0.0,0.0,-4.308689183218917e-10,-1.4685707927508674e-10,0.0,0.0,-3.8628991672062796e-10,-4.2174894826496614e-11,0.0,0.0,-0.10368718905484471,-0.02340339578814951
standardized,NR-PPAR-gamma,HA1E,7,0.22292558302733956,0.6862097133600428,0.27006774756275154,0.06338428617674825,0.22292558302733956,0.6862097133600428,0.17345735134646248,0.042286115415271254,0.22292558302733956,0.6862097133600428,0.27006774710005044,0.0633842860222419,0.22292558302733956,0.6862097133600428,0.1734573508980049,0.04228611537061302,0.0,0.0,-4.627010996571812e-10,-1.545063535446367e-10,0.0,0.0,-4.4845756552724935e-10,-4.465823544297365e-11,0.0,0.0,-0.09661039620204552,-0.021098170651628882
standardized,NR-PPAR-gamma,HA1E,8,0.3638038651198101,0.8016807972238633,0.2631103138401749,0.06036774605350559,0.3638038651198101,0.8016807972238633,0.1534336417679753,0.03580114591341623,0.3638038651198101,0.8016807972238633,0.2631103136137253,0.06036774598642998,0.36345869529874963,0.7906016605332159,0.15323009377708416,0.03568173816832134,0.0,0.0,-2.2644962016649118e-10,-6.707562560936964e-11,-0.0003451698210604759,-0.011079136690647483,-0.0002035479908911314,-0.00011940774509488876,-0.0003451698210604759,-0.011079136690647483,-0.10988021983664112,-0.02468600781810863
standardized,NR-PPAR-gamma,HA1E,9,0.2688630761792433,0.7314007705792467,0.2662205458444822,0.06179080611126693,0.2688630761792433,0.7314007705792467,0.16298271866034275,0.03864208051230049,0.2688630761792433,0.7314007705792467,0.26622054541793705,0.06179080598043968,0.2688630761792433,0.7314007705792467,0.16298271823268928,0.03864208047637374,0.0,0.0,-4.265451769569495e-10,-1.308272476463479e-10,0.0,0.0,-4.2765347096906935e-10,-3.592675115737798e-11,0.0,0.0,-0.10323782718524774,-0.023148725504065937
standardized,NR-PPAR-gamma,HA1E,10,0.2681826428645169,0.6905908690503638,0.2655766891815423,0.06151182193051613,0.2681826428645169,0.6905908690503638,0.15987292945934475,0.03805830334332656,0.2681826428645169,0.6905908690503638,0.26557668876412366,0.06151182179557826,0.2681826428645169,0.6905908690503638,0.15987292913747528,0.0380583033135583,0.0,0.0,-4.174186440941696e-10,-1.3493786921170424e-10,0.0,0.0,-3.218694449858006e-10,-2.976825660971905e-11,0.0,0.0,-0.10570375962664838,-0.023453518482019965
standardized,NR-PPAR-gamma,HA1E,11,0.21052301416933655,0.6942322423683418,0.26839464081952924,0.06272607627574878,0.21052301416933655,0.6942322423683418,0.16888767677723285,0.04033348363600211,0.21052301416933655,0.6942322423683418,0.2683946404179863,0.06272607614596948,0.21052301416933655,0.6942322423683418,0.1688876763863683,0.04033348359439768,0.0,0.0,-4.0154298219796657e-10,-1.2977929009228007e-10,0.0,0.0,-3.9086455183579004e-10,-4.160442754197469e-11,0.0,0.0,-0.09950696403161796,-0.0223925925515718
standardized,NR-PPAR-gamma,HA1E,12,0.2590122018076237,0.7307369845935088,0.26689609649424767,0.06196529954789004,0.2590122018076237,0.7307369845935088,0.16531344649866844,0.038897825788139086,0.2590122018076237,0.7307369845935088,0.2668960961310674,0.061965299433624124,0.2590122018076237,0.7307369845935088,0.16531344623038396,0.0388978257629933,0.0,0.0,-3.631803080494933e-10,-1.1426591201013636e-10,0.0,0.0,-2.682844751911162e-10,-2.5145787535540975e-11,0.0,0.0,-0.10158264990068341,-0.023067473670630827
standardized,NR-PPAR-gamma,HA1E,13,0.1985748682168386,0.6918664143472328,0.2676024652417235,0.062309019551926435,0.1985748682168386,0.6918664143472328,0.16228418151978002,0.038479716206282655,0.1985748682168386,0.6918664143472328,0.2676024649290447,0.062309019455182565,0.1985748682168386,0.6918664143472328,0.16228418132071193,0.03847971618768732,0.0,0.0,-3.126787717633306e-10,-9.674386430846837e-11,0.0,0.0,-1.9906809534120384e-10,-1.859532597348057e-11,0.0,0.0,-0.10531828360833276,-0.023829303267495244
standardized,NR-PPAR-gamma,HA1E,14,0.16752376425356783,0.7157870458735978,0.26700662707722805,0.06219743234537499,0.16752376425356783,0.7157870458735978,0.16296669855909218,0.03837544536120808,0.16752376425356783,0.7157870458735978,0.2670066266793969,0.062197432212959855,0.16752376425356783,0.7157870458735978,0.16296669820974524,0.038375445326515226,0.0,0.0,-3.978311347019314e-10,-1.324151399639817e-10,0.0,0.0,-3.493469541426819e-10,-3.469284928780958e-11,0.0,0.0,-0.10403992846965168,-0.023821986886444622
standardized,NR-PPAR-gamma,HA1E,15,0.2649478473927542,0.7248422183390086,0.2685496454459849,0.06263858356317933,0.2649478473927542,0.7248422183390086,0.16146008510023477,0.038111119478671684,0.2649478473927542,0.7248422183390086,0.26854964520440794,0.06263858348840409,0.2649478473927542,0.7248422183390086,0.16146008489566982,0.03811111946133392,0.0,0.0,-2.4157703615301784e-10,-7.477524710530759e-11,0.0,0.0,-2.0456496496734643e-10,-1.7337760394031677e-11,0.0,0.0,-0.10708956030873809,-0.02452746402707017
standardized,NR-PPAR-gamma,HA1E,16,0.22581332735268891,0.6903556237697439,0.26714954804013125,0.06218949561650564,0.22581332735268891,0.6903556237697439,0.16401781940151303,0.03892623540257332,0.22581332735268891,0.6903556237697439,0.26714954775658883,0.06218949552154003,0.22581332735268891,0.6903556237697439,0.16401781911623406,0.03892623537703273,0.0,0.0,-2.8354245062978124e-10,-9.496560759991724e-11,0.0,0.0,-2.852789726670579e-10,-2.5540586312544632e-11,0.0,0.0,-0.10313172864035478,-0.023263260144507303
standardized,NR-PPAR-gamma,HA1E,17,0.219743373438418,0.6819523280433859,0.2681202534293631,0.06254452326985689,0.219743373438418,0.6819523280433859,0.16573084576617902,0.039601041386762605,0.219743373438418,0.6819523280433859,0.26812025344963347,0.06254452330244496,0.219743373438418,0.6819523280433859,0.16573084569456425,0.0396010413930172,0.0,0.0,2.0270357614649014e-11,3.258808639605704e-11,0.0,0.0,-7.161474191441641e-11,6.254593371002315e-12,0.0,0.0,-0.10238940775506919,-0.02294348190942777
standardized,NR-PPAR-gamma,HA1E,18,0.2514192833358332,0.6925336842158049,0.2693623341605151,0.0630305082095077,0.2514192833358332,0.6925336842158049,0.16485868001757062,0.0391709410069067,0.21831239927786217,0.6962895527604058,0.2691247922063248,0.06298353474957569,0.2514192833358332,0.6925336842158049,0.16485867976384308,0.03917094098732196,-0.033106884057971006,0.003755868544600971,-0.00023754195419032343,-4.697345993202873e-05,0.0,0.0,-2.537275445302356e-10,-1.9584731059119066e-11,0.033106884057971006,-0.003755868544600971,-0.10426611244248167,-0.023812593762253722
standardized,NR-PPAR-gamma,HA1E,19,0.20289242128229512,0.7152553384997565,0.2668889085592613,0.06204194719455447,0.20289242128229512,0.7152553384997565,0.16540628775829463,0.03952936020905019,0.20289242128229512,0.7152553384997565,0.26688890819243677,0.06204194708861392,0.20289242128229512,0.7152553384997565,0.1654062875986204,0.03952936019902588,0.0,0.0,-3.6682448190106245e-10,-1.0594055493973187e-10,0.0,0.0,-1.596742182918831e-10,-1.0024318874979344e-11,0.0,0.0,-0.10148262059381638,-0.022512586889588047
standardized,NR-PPAR-gamma,HEPG2,0,0.37753753012195723,0.7528374534220656,0.2579229395542602,0.057975439265401066,0.37753753012195723,0.7528374534220656,0.14878788494915945,0.033601746965950204,0.37753753012195723,0.7528374534220656,0.2579229395633106,0.05797543927021716,0.37753753012195723,0.7528374534220656,0.14878788492800749,0.03360174696409274,0.0,0.0,9.050393767751075e-12,4.816097520787821e-12,0.0,0.0,-2.1151949636255553e-11,-1.857465223298327e-12,0.0,0.0,-0.10913505463530308,-0.024373692306124423
standardized,NR-PPAR-gamma,HEPG2,1,0.30688756846371046,0.6796725018755357,0.25895435051652455,0.0584166937029893,0.30688756846371046,0.6796725018755357,0.14882171933003868,0.03464216838176548,0.30688756846371046,0.6796725018755357,0.2589543506458307,0.058416693742638415,0.30688756846371046,0.6796725018755357,0.14882171931740085,0.0346421683765449,0.0,0.0,1.2930616022366338e-10,3.964911315934572e-11,0.0,0.0,-1.2637829671646727e-11,-5.2205760547874295e-12,0.0,0.0,-0.11013263132842988,-0.023774525366093514
standardized,NR-PPAR-gamma,HEPG2,2,0.3112979413532657,0.6766746325010887,0.2556770651219946,0.05701536167340867,0.3112979413532657,0.6766746325010887,0.13978146433992902,0.03233925968824687,0.3112979413532657,0.6766746325010887,0.25567706507598953,0.05701536166819595,0.3112979413532657,0.6766746325010887,0.13978146427889268,0.03233925968165283,0.0,0.0,-4.600508862750985e-11,-5.212716369662473e-12,0.0,0.0,-6.103633154452837e-11,-6.5940433668920665e-12,0.0,0.0,-0.11589560079709686,-0.024676101986543124
standardized,NR-PPAR-gamma,HEPG2,3,0.3005793141906722,0.683296952816581,0.2626082266913111,0.05990359706538669,0.3005793141906722,0.683296952816581,0.1630480202598526,0.03853116550617709,0.3005793141906722,0.683296952816581,0.26260822695888597,0.0599035971601644,0.3005793141906722,0.683296952816581,0.16304802045255148,0.03853116551982781,0.0,0.0,2.675748567160241e-10,9.477770651633577e-11,0.0,0.0,1.9269890405571033e-10,1.3650724647873425e-11,0.0,0.0,-0.09956020650633449,-0.021372431640336594
standardized,NR-PPAR-gamma,HEPG2,4,0.2928855814389522,0.6759035058508742,0.26012057436327796,0.058856296793330445,0.2928855814389522,0.6759035058508742,0.1487020230836382,0.034248843889133004,0.2928855814389522,0.6759035058508742,0.26012057439392594,0.05885629681052886,0.28324180885190753,0.6314590614064298,0.15140636817238598,0.0343790228128288,0.0,0.0,3.0648000803878975e-11,1.7198420465547316e-11,-0.009643772587044713,-0.04444444444444444,0.0027043450887477643,0.0001301789236958003,-0.009643772587044713,-0.04444444444444444,-0.10871420622153997,-0.02447727399770006
standardized,NR-PPAR-gamma,HEPG2,5,0.28930801481369917,0.6732278625702912,0.2589336887918764,0.0584529944888312,0.28930801481369917,0.6732278625702912,0.15660684860601695,0.03720951309974908,0.28930801481369917,0.6732278625702912,0.25893368889461255,0.058452994539793746,0.28930801481369917,0.6732278625702912,0.15660684866082902,0.037209513097575385,0.0,0.0,1.0273615846934093e-10,5.0962543907129285e-11,0.0,0.0,5.4812082650457225e-11,-2.173687965734139e-12,0.0,0.0,-0.10232684023378354,-0.02124348144221836
standardized,NR-PPAR-gamma,HEPG2,6,0.3211427598687813,0.6839866379741768,0.25689115754224956,0.057545818883113165,0.3211427598687813,0.6839866379741768,0.14374575347181767,0.033572950193221554,0.3211427598687813,0.6839866379741768,0.25689115763243464,0.05754581892144074,0.3211427598687813,0.6839866379741768,0.14374575351040297,0.03357295019634684,0.0,0.0,9.018507052260816e-11,3.8327568896434626e-11,0.0,0.0,3.858531272271648e-11,3.1252923859970137e-12,0.0,0.0,-0.11314540412203167,-0.023972868725093893
standardized,NR-PPAR-gamma,HEPG2,7,0.20984709484760664,0.7182449153477191,0.2563344497599344,0.05736840183368565,0.20984709484760664,0.7182449153477191,0.13871947802535467,0.031709582943839056,0.20984709484760664,0.7182449153477191,0.25633444975741354,0.0573684018342677,0.20984709484760664,0.7182449153477191,0.13871947795779166,0.031709582935187074,0.0,0.0,-2.5208668485987574e-12,5.820607884565732e-13,0.0,0.0,-6.756301351718008e-11,-8.651974275908358e-12,0.0,0.0,-0.11761497179962191,-0.025658818899080626
standardized,NR-PPAR-gamma,HEPG2,8,0.34552791459646887,0.7254688289914409,0.25383398678426594,0.05618695595435062,0.34552791459646887,0.7254688289914409,0.13277593453525874,0.03070477023095563,0.34552791459646887,0.7254688289914409,0.25383398682922487,0.056186955973661946,0.34552791459646887,0.7254688289914409,0.1327759345245822,0.030704770228764673,0.0,0.0,4.495886440913921e-11,1.9311326149296092e-11,0.0,0.0,-1.0676520778574173e-11,-2.19096060738444e-12,0.0,0.0,-0.12105805230464259,-0.025482185744897273
standardized,NR-PPAR-gamma,HEPG2,9,0.27676439135830677,0.6318421219105999,0.25889001999457345,0.05819088659955577,0.27676439135830677,0.6318421219105999,0.14365866939870714,0.03295483141576251,0.27676439135830677,0.6318421219105999,0.2588900200159422,0.05819088661084217,0.27676439135830677,0.6318421219105999,0.14365866935121446,0.032954831412358526,0.0,0.0,2.136875121294679e-11,1.1286403756027852e-11,0.0,0.0,-4.749265702930217e-11,-3.4039854268641534e-12,0.0,0.0,-0.1152313506647277,-0.025236055198483646
standardized,NR-PPAR-gamma,HEPG2,10,0.32774813146129006,0.6968823777536811,0.2576248167507741,0.0577609581675194,0.32774813146129006,0.6968823777536811,0.1420583737820753,0.033042076422186,0.32774813146129006,0.6968823777536811,0.2576248169342429,0.05776095823246141,0.32774813146129006,0.6968823777536811,0.142058373886108,0.033042076433680324,0.0,0.0,1.8346879571140562e-10,6.49420142662116e-11,0.0,0.0,1.0403269079528599e-10,1.1494321466853919e-11,0.0,0.0,-0.11556644304813482,-0.024718881798781095
standardized,NR-PPAR-gamma,HEPG2,11,0.2667478562069383,0.6621444739367366,0.2610931737426654,0.05930896288467733,0.2667478562069383,0.6621444739367366,0.1521148625288309,0.035695639959861816,0.2667478562069383,0.6621444739367366,0.26109317365970525,0.05930896285901457,0.26715488242211344,0.6749351716111552,0.15243355312584497,0.0357464254028521,0.0,0.0,-8.296015541198188e-11,-2.566276080528951e-11,0.0004070262151751658,0.012790697674418584,0.0003186905970140652,5.078544299028861e-05,0.0004070262151751658,0.012790697674418584,-0.10865962053386029,-0.02356253745616247
standardized,NR-PPAR-gamma,HEPG2,12,0.26015807908299626,0.6763369267961279,0.2603298590206281,0.059034606675997484,0.26015807908299626,0.6763369267961279,0.14992544092224416,0.03507984766714145,0.26015807908299626,0.6763369267961279,0.26032985904423944,0.05903460668794976,0.26015807908299626,0.6763369267961279,0.1499254409251562,0.03507984766801667,0.0,0.0,2.3611324007077882e-11,1.195227944394972e-11,0.0,0.0,2.9120345024225004e-12,8.752144842194553e-13,0.0,0.0,-0.11040441811908322,-0.023954759019933092
standardized,NR-PPAR-gamma,HEPG2,13,0.26226143225784726,0.7122102241199538,0.2619244306946055,0.059738413648016575,0.26226143225784726,0.7122102241199538,0.15109343600309466,0.03522830592215208,0.26226143225784726,0.7122102241199538,0.26192443067350407,0.059738413640673636,0.26226143225784726,0.7122102241199538,0.15109343600267994,0.035228305918822395,0.0,0.0,-2.1101448366422916e-11,-7.342937369259062e-12,0.0,0.0,-4.1470715750335784e-13,-3.3296906898350187e-12,0.0,0.0,-0.1108309946708241,-0.02451010772185124
standardized,NR-PPAR-gamma,HEPG2,14,0.30601512920346613,0.6930000587462851,0.25770927878609606,0.05798559874853846,0.30601512920346613,0.6930000587462851,0.14661841602311015,0.034121285672943265,0.30601512920346613,0.6930000587462851,0.2577092788991847,0.05798559879397054,0.30601512920346613,0.6930000587462851,0.1466184160036848,0.03412128567052135,0.0,0.0,1.1308870506709923e-10,4.5432085871155434e-11,0.0,0.0,-1.9425347441703878e-11,-2.4219092009669653e-12,0.0,0.0,-0.11109086289549994,-0.023864313123449186
standardized,NR-PPAR-gamma,HEPG2,15,0.2721798899900484,0.6882422037344545,0.260782809411681,0.05926922383408195,0.2721798899900484,0.6882422037344545,0.1574580045965519,0.03740642009269385,0.2721798899900484,0.6882422037344545,0.26078280975299106,0.05926922396697536,0.2721798899900484,0.6882422037344545,0.1574580048920819,0.037406420123202604,0.0,0.0,3.413099969318267e-10,1.3289340045075092e-10,0.0,0.0,2.9552997549142646e-10,3.0508757326019874e-11,0.0,0.0,-0.10332480486090916,-0.021862803843772753
standardized,NR-PPAR-gamma,HEPG2,16,0.28419250449818323,0.6931024114250326,0.25884992429389664,0.05832004169198331,0.28419250449818323,0.6931024114250326,0.1446604024559947,0.03377555570800296,0.28419250449818323,0.6931024114250326,0.25884992424544306,0.05832004168174874,0.28419250449818323,0.6931024114250326,0.14466040248442807,0.03377555570986214,0.0,0.0,-4.84535578326728e-11,-1.0234574299161637e-11,0.0,0.0,2.843332791435671e-11,1.859182252594849e-12,0.0,0.0,-0.11418952176101502,-0.024544485971886593
standardized,NR-PPAR-gamma,HEPG2,17,0.3341998551019273,0.6827009323688843,0.25871065722225267,0.058410027365564554,0.3341998551019273,0.6827009323688843,0.14670801446688123,0.03384799497085628,0.3341998551019273,0.6827009323688843,0.25871065737620547,0.058410027431386215,0.3341998551019273,0.6827009323688843,0.14670801442371476,0.033847994965019404,0.0,0.0,1.5395282826347057e-10,6.582165645863114e-11,0.0,0.0,-4.316648150037849e-11,-5.836869182429538e-12,0.0,0.0,-0.11200264295249071,-0.024562032466366807
standardized,NR-PPAR-gamma,HEPG2,18,0.2845645391951793,0.7052089869478364,0.25602578782100227,0.05702389841273323,0.2845645391951793,0.7052089869478364,0.1407275845076215,0.03225865768133075,0.2845645391951793,0.7052089869478364,0.2560257879068094,0.05702389845162721,0.2846189659005494,0.7055048449360021,0.14072834227530634,0.03225880773912843,0.0,0.0,8.580715027406427e-11,3.889397831580155e-11,5.4426705370103076e-05,0.0002958579881656931,7.577676848335991e-07,1.500577976806805e-07,5.4426705370103076e-05,0.0002958579881656931,-0.1152974456315031,-0.024765090712498772
standardized,NR-PPAR-gamma,HEPG2,19,0.3655291537855584,0.7271547513974699,0.2580094424185709,0.05802846123418567,0.3655291537855584,0.7271547513974699,0.14722755188698264,0.034499967562426986,0.3655291537855584,0.7271547513974699,0.2580094425345454,0.05802846127885426,0.3655291537855584,0.7271547513974699,0.14722755187777986,0.034499967563432474,0.0,0.0,1.1597451332612252e-10,4.46685938237934e-11,0.0,0.0,-9.202766326765754e-12,1.0054929111547039e-12,0.0,0.0,-0.11078189065676554,-0.023528493715421782
standardized,NR-PPAR-gamma,HT29,0,0.24991217523570536,0.7173757065604367,0.2613413264750862,0.059691284039576534,0.24991217523570536,0.7173757065604367,0.1499035325476994,0.034717101683464736,0.24991217523570536,0.7173757065604367,0.2613413265506155,0.05969128406763354,0.24991217523570536,0.7173757065604367,0.14990353259879768,0.03471710169083138,0.0,0.0,7.552931613474811e-11,2.8057016432381233e-11,0.0,0.0,5.109830059080167e-11,7.36664201861359e-12,0.0,0.0,-0.11143779395181778,-0.02497418237680217
standardized,NR-PPAR-gamma,HT29,1,0.1735566351018336,0.7169673863358074,0.2565876147393756,0.05777303676975555,0.1735566351018336,0.7169673863358074,0.14012380194484897,0.03193936536044102,0.1735566351018336,0.7169673863358074,0.25658761474689956,0.05777303676565461,0.16282841744172857,0.6927451641135851,0.14154399538544063,0.03210527021426398,0.0,0.0,7.523964784539317e-12,-4.100944583917965e-12,-0.010728217660105033,-0.02422222222222221,0.0014201934405916662,0.0001659048538229603,-0.010728217660105033,-0.02422222222222221,-0.11504361936145893,-0.025667766551390626
standardized,NR-PPAR-gamma,HT29,2,0.17287066493126255,0.6852307373493163,0.2653400734786043,0.06134956969938556,0.17287066493126255,0.6852307373493163,0.15643950188654496,0.036720959609477834,0.17287066493126255,0.6852307373493163,0.2653400734718684,0.06134956969725983,0.1803250140892978,0.7037046329316456,0.15563767542704263,0.03665708683564062,0.0,0.0,-6.7358785216242724e-12,-2.1257356985771025e-12,0.007454349158035242,0.018473895582329324,-0.0008018264595023334,-6.387277383721329e-05,0.007454349158035242,0.018473895582329324,-0.10970239804482577,-0.024692482861619215
standardized,NR-PPAR-gamma,HT29,3,0.17006655595121017,0.6754504202097532,0.25851288733911904,0.05858580796414965,0.17006655595121017,0.6754504202097532,0.14593290056192315,0.03361965816380823,0.17006655595121017,0.6754504202097532,0.25851288755255497,0.05858580803742386,0.17006655595121017,0.6754504202097532,0.14593290066048842,0.03361965817336087,0.0,0.0,2.134359522454332e-10,7.327420475933267e-11,0.0,0.0,9.856527538598669e-11,9.55264825575064e-12,0.0,0.0,-0.11257998689206654,-0.02496614986406298
standardized,NR-PPAR-gamma,HT29,4,0.1968561543844369,0.6727224903913576,0.2645141195763469,0.06107744552135105,0.1968561543844369,0.6727224903913576,0.1607400577968654,0.03779286537683458,0.1968561543844369,0.6727224903913576,0.2645141196342996,0.06107744555209784,0.1968561543844369,0.6727224903913576,0.1607400578296636,0.03779286538188498,0.0,0.0,5.795269264474712e-11,3.074679261194646e-11,0.0,0.0,3.279820581791881e-11,5.050395518457762e-12,0.0,0.0,-0.10377406180463603,-0.023284580170212864
standardized,NR-PPAR-gamma,HT29,5,0.2131995596994499,0.6702347329137484,0.26801901508705617,0.06262515123586929,0.2131995596994499,0.6702347329137484,0.1633951150774306,0.03847991277345238,0.2131995596994499,0.6702347329137484,0.2680190150513953,0.06262515122452587,0.22433194850349242,0.6685908972973099,0.16190485930234957,0.038269183388844795,0.0,0.0,-3.5660840946860616e-11,-1.1343410932784792e-11,0.011132388804042525,-0.0016438356164383717,-0.001490255775081023,-0.00021072938460757682,0.011132388804042525,-0.0016438356164383717,-0.10611415574904573,-0.024355967835681086
standardized,NR-PPAR-gamma,HT29,6,0.2043724259157794,0.6921019314642708,0.26011502228291206,0.05914373423611915,0.2043724259157794,0.6921019314642708,0.14562415179101756,0.033515804577101446,0.2043724259157794,0.6921019314642708,0.2601150223960826,0.0591437342744179,0.2043724259157794,0.6921019314642708,0.14562415179712243,0.033515804579185814,0.0,0.0,1.131705285040141e-10,3.829874889449414e-11,0.0,0.0,6.104877714463441e-12,2.0843590742281037e-12,0.0,0.0,-0.11449087059896017,-0.025627929695232088
standardized,NR-PPAR-gamma,HT29,7,0.24030341806330108,0.7044656602697288,0.2644081149175971,0.06109660178656086,0.24030341806330108,0.7044656602697288,0.15536136027079073,0.03659074672605707,0.24030341806330108,0.7044656602697288,0.2644081149811811,0.061096601807805226,0.24030341806330108,0.7044656602697288,0.15536136026356379,0.03659074672397705,0.0,0.0,6.35840047280567e-11,2.124436737638291e-11,0.0,0.0,-7.22694959431891e-12,-2.0800097755291347e-12,0.0,0.0,-0.10904675471761735,-0.024505855083828167
standardized,NR-PPAR-gamma,HT29,8,0.17915117263518357,0.7417211446326564,0.2616768596387266,0.05969625541168081,0.17915117263518357,0.7417211446326564,0.14861413429959003,0.03409899979856855,0.17915117263518357,0.7417211446326564,0.2616768596394666,0.05969625541106401,0.17915117263518357,0.7417211446326564,0.14861413424139638,0.034098999790904784,0.0,0.0,7.399358903370512e-13,-6.167941157819711e-13,0.0,0.0,-5.819366655224201e-11,-7.663761986131945e-12,0.0,0.0,-0.11306272539807019,-0.025597255620159232
standardized,NR-PPAR-gamma,HT29,9,0.17922115008169476,0.6718370490014658,0.2650236777985341,0.061155273904548516,0.17922115008169476,0.6718370490014658,0.15269975779517134,0.03494862618423141,0.17922115008169476,0.6718370490014658,0.26502367779789904,0.06115527390361273,0.17888993168250272,0.6595728980580695,0.153015459528761,0.034989163964501455,0.0,0.0,-6.350420189704664e-13,-9.357806196597097e-13,-0.00033121839919202924,-0.012264150943396234,0.0003157017335896739,4.0537780270034214e-05,-0.00033121839919202924,-0.012264150943396234,-0.11200821826913802,-0.026166109939111275
standardized,NR-PPAR-gamma,HT29,10,0.17926029581871683,0.6729616523755112,0.2625878825373953,0.060226021326794776,0.17926029581871683,0.6729616523755112,0.15182530971655758,0.034821197917214844,0.17926029581871683,0.6729616523755112,0.2625878825740916,0.060226021340725674,0.17446176102018204,0.6367116523755112,0.15260653125956797,0.03493979781481187,0.0,0.0,3.6696318206352883e-11,1.3930898101754963e-11,-0.004798534798534798,-0.036249999999999984,0.0007812215430103686,0.00011859989759703052,-0.004798534798534798,-0.036249999999999984,-0.10998135131452366,-0.025286223525913802
standardized,NR-PPAR-gamma,HT29,11,0.18566142987377546,0.6740010257252157,0.26059570401720605,0.05933693459825233,0.18566142987377546,0.6740010257252157,0.1481943491779923,0.03409616955455501,0.18566142987377546,0.6740010257252157,0.2605957041002795,0.05933693462818882,0.17296685594362904,0.652107100013338,0.14924598422656818,0.03417768705344027,0.0,0.0,8.307345922275999e-11,2.993649494964501e-11,-0.012694573930146408,-0.02189392571187766,0.0010516350485759052,8.151749888525641e-05,-0.012694573930146408,-0.02189392571187766,-0.11134971987371131,-0.02515924757474855
standardized,NR-PPAR-gamma,HT29,12,0.20573092293981396,0.6890435096119438,0.26236686898040074,0.06024752546279094,0.20573092293981396,0.6890435096119438,0.15736936300960486,0.03685545854983328,0.20573092293981396,0.6890435096119438,0.26236686910144885,0.06024752549558836,0.20573092293981396,0.6890435096119438,0.15736936298448323,0.036855458547384756,0.0,0.0,1.2104812707747216e-10,3.279741617179255e-11,0.0,0.0,-2.5121613123069153e-11,-2.4485219407566206e-12,0.0,0.0,-0.10499750611696564,-0.0233920669482036
standardized,NR-PPAR-gamma,HT29,13,0.19431669188515108,0.664963357597262,0.2680411823424598,0.06254749967301396,0.19431669188515108,0.664963357597262,0.16463399455443445,0.0389728183758118,0.19431669188515108,0.664963357597262,0.2680411824622665,0.06254749971738291,0.19431669188515108,0.664963357597262,0.1646339945762169,0.038972818374788464,0.0,0.0,1.1980667014022118e-10,4.4368957119456096e-11,0.0,0.0,2.178246472084311e-11,-1.0233348890498207e-12,0.0,0.0,-0.10340718788604956,-0.023574681342594443
standardized,NR-PPAR-gamma,HT29,14,0.16399215829467287,0.6828131954252983,0.26149986526219615,0.0598056365463134,0.16399215829467287,0.6828131954252983,0.15040443922238877,0.034629147639277304,0.16399215829467287,0.6828131954252983,0.26149986527320485,0.05980563655226141,0.16399215829467287,0.6828131954252983,0.150404439170632,0.03462914763549196,0.0,0.0,1.100869950754202e-11,5.948012915535372e-12,0.0,0.0,-5.175677386670685e-11,-3.785345648044114e-12,0.0,0.0,-0.11109542610257286,-0.025176488916769452
standardized,NR-PPAR-gamma,HT29,15,0.1809962132812886,0.6229073396238702,0.268900937886522,0.06262766207518229,0.1809962132812886,0.6229073396238702,0.1602133706931005,0.037306306410710796,0.1809962132812886,0.6229073396238702,0.2689009381186026,0.06262766215445087,0.1809962132812886,0.6229073396238702,0.16021337078119724,0.037306306417991555,0.0,0.0,2.3208061028512362e-10,7.92685792005976e-11,0.0,0.0,8.809673823773068e-11,7.280751002092245e-12,0.0,0.0,-0.10868756733740534,-0.02532135573645932
standardized,NR-PPAR-gamma,HT29,16,0.22037192821701995,0.6916715758984826,0.2598847891134232,0.059115764981241735,0.22037192821701995,0.6916715758984826,0.14604370000697245,0.03352742351826458,0.22037192821701995,0.6916715758984826,0.259884789118407,0.05911576498928135,0.22037192821701995,0.6916715758984826,0.14604369995492303,0.03352742351604297,0.0,0.0,4.983796708657451e-12,8.03962313389306e-12,0.0,0.0,-5.204940645153755e-11,-2.2216013750853136e-12,0.0,0.0,-0.11384108916348401,-0.02558834147323838
standardized,NR-PPAR-gamma,HT29,17,0.20978054026639156,0.6992514749431379,0.2639203700265476,0.060883035275610994,0.20978054026639156,0.6992514749431379,0.15954798922047853,0.03777111456700651,0.20978054026639156,0.6992514749431379,0.2639203700920358,0.060883035299077716,0.20978054026639156,0.6992514749431379,0.15954798919973406,0.037771114562058936,0.0,0.0,6.548821485097278e-11,2.3466713294784113e-11,0.0,0.0,-2.074444782618201e-11,-4.947577764147226e-12,0.0,0.0,-0.10437238089230175,-0.02311192073701878
standardized,NR-PPAR-gamma,HT29,18,0.16270775570838752,0.671407480914418,0.25916123415816184,0.05879631365690426,0.16270775570838752,0.671407480914418,0.1459187618136321,0.033207215498764445,0.16270775570838752,0.671407480914418,0.25916123419527304,0.058796313671700774,0.16270775570838752,0.671407480914418,0.1459187617880917,0.03320721549609244,0.0,0.0,3.71112307551158e-11,1.479650568736446e-11,0.0,0.0,-2.55403864724002e-11,-2.671999774217504e-12,0.0,0.0,-0.11324247240718135,-0.025589098175608328
standardized,NR-PPAR-gamma,HT29,19,0.17934427969250916,0.6381240113187624,0.2701291601322938,0.06331746557345425,0.17934427969250916,0.6381240113187624,0.16773344795782766,0.03904368699882812,0.17934427969250916,0.6381240113187624,0.2701291600559149,0.06331746554787321,0.17584164003489436,0.6458057671486663,0.16789653849519617,0.03907796216645084,0.0,0.0,-7.637898646883912e-11,-2.558104006400441e-11,-0.003502639657614802,0.00768175582990398,0.00016309053736853206,3.4275167622720845e-05,-0.003502639657614802,0.00768175582990398,-0.1022326215607187,-0.024239503381422372
standardized,NR-PPAR-gamma,MCF7,0,0.2568587483573392,0.708940932480443,0.25113865828448895,0.055406534048622405,0.2568587483573392,0.708940932480443,0.12904690423460327,0.02907517551747556,0.2568587483573392,0.708940932480443,0.25113865823710296,0.055406534035179256,0.2568587483573392,0.708940932480443,0.12904690416662135,0.029075175517027707,0.0,0.0,-4.738600067888399e-11,-1.3443142432567612e-11,0.0,0.0,-6.798190899104384e-11,-4.4785425368232267e-13,0.0,0.0,-0.1220917540704816,-0.026331358518151556
standardized,NR-PPAR-gamma,MCF7,1,0.18121049954739057,0.7181792155608464,0.2510939000322265,0.05549576477985733,0.18121049954739057,0.7181792155608464,0.13094624327047585,0.02965786885514244,0.18121049954739057,0.7181792155608464,0.251093899956438,0.05549576475290471,0.18121049954739057,0.7181792155608464,0.1309462431915984,0.029657868852724693,0.0,0.0,-7.578848104650148e-11,-2.6952615139741455e-11,0.0,0.0,-7.887744624124338e-11,-2.4177437829564495e-12,0.0,0.0,-0.1201476567648396,-0.025837895900180007
standardized,NR-PPAR-gamma,MCF7,2,0.21154104872110163,0.7047148175139979,0.2542142904675635,0.056780134323006895,0.21154104872110163,0.7047148175139979,0.13505679007725355,0.03088638237742586,0.21154104872110163,0.7047148175139979,0.25421429028381726,0.056780134262863644,0.21154104872110163,0.7047148175139979,0.13505678993858988,0.030886382370191635,0.0,0.0,-1.8374621268968383e-10,-6.014324732683818e-11,0.0,0.0,-1.3866364168002577e-10,-7.234224330687766e-12,0.0,0.0,-0.11915750034522739,-0.025893751892672012
standardized,NR-PPAR-gamma,MCF7,3,0.22965778095077605,0.7126814429006519,0.25456518723564603,0.05708004691622861,0.22965778095077605,0.7126814429006519,0.142758853840462,0.03307370505492462,0.22965778095077605,0.7126814429006519,0.25456518719186516,0.05708004689988301,0.22965778095077605,0.7126814429006519,0.14275885377849873,0.033073705053754766,0.0,0.0,-4.3780878922206054e-11,-1.634560403696028e-11,0.0,0.0,-6.196325397223035e-11,-1.1698614299504583e-12,0.0,0.0,-0.1118063334133664,-0.024006341846128244
standardized,NR-PPAR-gamma,MCF7,4,0.2999038741873183,0.7504712517222127,0.2505089948802147,0.05509911799545556,0.2999038741873183,0.7504712517222127,0.1286049859851533,0.028911054309527652,0.2999038741873183,0.7504712517222127,0.25050899478110117,0.055099117967078816,0.2999038741873183,0.7504712517222127,0.12860498588979857,0.02891105430351048,0.0,0.0,-9.911356735337052e-11,-2.837674817346425e-11,0.0,0.0,-9.535472966781811e-11,-6.017171483296835e-12,0.0,0.0,-0.12190400889130264,-0.02618806366356833
standardized,NR-PPAR-gamma,MCF7,5,0.1954109858025203,0.7245556746051319,0.2541411957192531,0.05684811209989429,0.1954109858025203,0.7245556746051319,0.13781447145103393,0.031136056501448,0.1954109858025203,0.7245556746051319,0.25414119552496256,0.05684811203395723,0.1954109858025203,0.7245556746051319,0.13781447128468313,0.031136056492245833,0.0,0.0,-1.942905225593705e-10,-6.593704610091678e-11,0.0,0.0,-1.6635076094395628e-10,-9.202167153277152e-12,0.0,0.0,-0.11632672424027941,-0.025712055541711402
standardized,NR-PPAR-gamma,MCF7,6,0.23994783909308764,0.7259263943116132,0.2517954568764008,0.0558401438912659,0.23994783909308764,0.7259263943116132,0.13338510664664796,0.03033557419464083,0.23994783909308764,0.7259263943116132,0.2517954567698445,0.055840143857093724,0.23994783909308764,0.7259263943116132,0.13338510653469487,0.030335574189860808,0.0,0.0,-1.0655629711919801e-10,-3.417217064871636e-11,0.0,0.0,-1.1195307458855553e-10,-4.780022905270798e-12,0.0,0.0,-0.11841035023514963,-0.025504569667232923
standardized,NR-PPAR-gamma,MCF7,7,0.2691549354911065,0.744702835230514,0.25562352136010313,0.05710055914046828,0.2691549354911065,0.744702835230514,0.13285878439789783,0.03023374233564252,0.2691549354911065,0.744702835230514,0.25562352124820525,0.05710055909958724,0.2691549354911065,0.744702835230514,0.13285878425284886,0.030233742326972162,0.0,0.0,-1.1189794091315264e-10,-4.088103466859394e-11,0.0,0.0,-1.450489783838549e-10,-8.670360263085542e-12,0.0,0.0,-0.12276473699535635,-0.02686681677261508
standardized,NR-PPAR-gamma,MCF7,8,0.21404472966283433,0.716425168646557,0.2552005111914734,0.057006498644729175,0.21404472966283433,0.716425168646557,0.13106419628997307,0.029688385779489034,0.21404472966283433,0.716425168646557,0.25520051108434344,0.057006498614598236,0.21404472966283433,0.716425168646557,0.13106419619877088,0.02968838577680235,0.0,0.0,-1.0713000486717306e-10,-3.0130936634620295e-11,0.0,0.0,-9.120216248881264e-11,-2.686684902331038e-12,0.0,0.0,-0.12413631488557256,-0.027318112837795894
standardized,NR-PPAR-gamma,MCF7,9,0.21367677856746395,0.7197952370764227,0.2530427656275948,0.05616860587435583,0.21367677856746395,0.7197952370764227,0.1302321129380942,0.02936621440597545,0.21367677856746395,0.7197952370764227,0.2530427655134132,0.05616860584408088,0.21367677856746395,0.7197952370764227,0.1302321128316787,0.029366214402330136,0.0,0.0,-1.1418159751030999e-10,-3.027495337759589e-11,0.0,0.0,-1.0641549863521504e-10,-3.6453083607224105e-12,0.0,0.0,-0.12281065268173455,-0.02680239144175074
standardized,NR-PPAR-gamma,MCF7,10,0.14183242338095828,0.6684287736479896,0.25524620163136996,0.05703971836675461,0.14183242338095828,0.6684287736479896,0.13219306659260827,0.029231184932301636,0.14183242338095828,0.6684287736479896,0.2552462015733402,0.057039718344615756,0.14183242338095828,0.6684287736479896,0.13219306646796244,0.02923118492517231,0.0,0.0,-5.802968106038975e-11,-2.2138849087305345e-11,0.0,0.0,-1.2464582976878801e-10,-7.129326295984839e-12,0.0,0.0,-0.12305313510537781,-0.02780853341944345
standardized,NR-PPAR-gamma,MCF7,11,0.2229059665202357,0.7194024180235277,0.2506768685844691,0.055234335360318354,0.2229059665202357,0.7194024180235277,0.1281373838240993,0.028836495088285136,0.2229059665202357,0.7194024180235277,0.25067686849236903,0.05523433533229009,0.2229059665202357,0.7194024180235277,0.12813738370198866,0.028836495081564207,0.0,0.0,-9.210007201332359e-11,-2.8028267207158564e-11,0.0,0.0,-1.2211065214540185e-10,-6.720927980818914e-12,0.0,0.0,-0.12253948479038035,-0.02639784025072588
standardized,NR-PPAR-gamma,MCF7,12,0.23516108094003912,0.7368651703182713,0.254147142024621,0.05674949590179542,0.23516108094003912,0.7368651703182713,0.13245914881689239,0.02966675782656771,0.23516108094003912,0.7368651703182713,0.2541471418795851,0.056749495851955635,0.23516108094003912,0.7368651703182713,0.13245914870087916,0.029666757819708973,0.0,0.0,-1.450359221610853e-10,-4.9839792015671236e-11,0.0,0.0,-1.1601322125187607e-10,-6.858736495418682e-12,0.0,0.0,-0.12168799317870596,-0.027082738032246655
standardized,NR-PPAR-gamma,MCF7,13,0.25062876167829706,0.7442697695806456,0.25293150507072454,0.056267584513398326,0.25062876167829706,0.7442697695806456,0.1298925727743469,0.029384609556544088,0.25062876167829706,0.7442697695806456,0.25293150495024225,0.056267584471350364,0.25062876167829706,0.7442697695806456,0.1298925726397573,0.029384609550324514,0.0,0.0,-1.2048228525962656e-10,-4.204796788531695e-11,0.0,0.0,-1.3458962555557008e-10,-6.219574855137466e-12,0.0,0.0,-0.12303893231048499,-0.026882974921025843
standardized,NR-PPAR-gamma,MCF7,14,0.22988706000272646,0.7247794763757535,0.25717283166398525,0.05787246392110357,0.22988706000272646,0.7247794763757535,0.13770110690899245,0.03151320861378033,0.22988706000272646,0.7247794763757535,0.25717283160017845,0.057872463901334346,0.22988706000272646,0.7247794763757535,0.1377011068278592,0.0315132086087022,0.0,0.0,-6.380680428463847e-11,-1.9769212655784683e-11,0.0,0.0,-8.113325844494313e-11,-5.078130277391679e-12,0.0,0.0,-0.11947172477231924,-0.026359255292632156
standardized,NR-PPAR-gamma,MCF7,15,0.20190330852845814,0.7395801579179153,0.2535934940923628,0.05651766088588257,0.20190330852845814,0.7395801579179153,0.13446288090237524,0.030554340061988344,0.20190330852845814,0.7395801579179153,0.253593494035127,0.05651766086335702,0.20190330852845814,0.7395801579179153,0.1344628808299409,0.030554340058107927,0.0,0.0,-5.7235810535516404e-11,-2.252554670567619e-11,0.0,0.0,-7.243433908232788e-11,-3.8804202906472796e-12,0.0,0.0,-0.11913061320518607,-0.025963320805249095
standardized,NR-PPAR-gamma,MCF7,16,0.20299143320085186,0.725973809564429,0.2561707708769444,0.05761351726716026,0.20299143320085186,0.725973809564429,0.13951824757716885,0.03165814659641884,0.20299143320085186,0.725973809564429,0.2561707708015863,0.05761351723930493,0.20299143320085186,0.725973809564429,0.1395182474671413,0.03165814659039413,0.0,0.0,-7.53581141932358e-11,-2.7855326378833923e-11,0.0,0.0,-1.1002758149025737e-10,-6.0247216937536764e-12,0.0,0.0,-0.11665252333444502,-0.025955370648910812
standardized,NR-PPAR-gamma,MCF7,17,0.24051442022416966,0.726216604389305,0.2574681747684554,0.058014652670393664,0.24051442022416966,0.726216604389305,0.14010366183221812,0.03217971274760868,0.24051442022416966,0.726216604389305,0.25746817466236815,0.058014652629110784,0.24051442022416966,0.726216604389305,0.14010366179604955,0.032179712745799026,0.0,0.0,-1.0608724454463924e-10,-4.1282874341241894e-11,0.0,0.0,-3.6168554262694386e-11,-1.8096572851344917e-12,0.0,0.0,-0.11736451286631859,-0.02583493988331176
standardized,NR-PPAR-gamma,MCF7,18,0.2060751168407604,0.6495584563887642,0.2558670966304663,0.057375351391888894,0.2060751168407604,0.6495584563887642,0.14381500801227495,0.03321178378536552,0.2060751168407604,0.6495584563887642,0.2558670964584975,0.05737535133464432,0.2060751168407604,0.6495584563887642,0.1438150078649587,0.03321178377858487,0.0,0.0,-1.7196883916881235e-10,-5.7244572970738264e-11,0.0,0.0,-1.4731624808916877e-10,-6.780642713977158e-12,0.0,0.0,-0.11205208859353877,-0.024163567556059452
standardized,NR-PPAR-gamma,MCF7,19,0.20582199564077897,0.7192402821646039,0.2570789397589987,0.05805995188599979,0.20582199564077897,0.7192402821646039,0.143373900857587,0.032568103816782136,0.20582199564077897,0.7192402821646039,0.25707893972758245,0.05805995187601217,0.20582199564077897,0.7192402821646039,0.1433739007940232,0.032568103814100066,0.0,0.0,-3.1416230727998595e-11,-9.987630167351824e-12,0.0,0.0,-6.356378479122072e-11,-2.6820705378849395e-12,0.0,0.0,-0.11370503893355925,-0.025491848061912105
standardized,SR-ARE,HA1E,0,0.4865949550778968,0.7663113729471032,0.5156909889452992,0.16863152740792456,0.4865949550778968,0.7663113729471032,0.4440429005704435,0.141505077323785,0.4929622181067058,0.7698390447461675,0.5138648476661805,0.16787180592513193,0.49656670846288165,0.7728052736466113,0.437282399670415,0.13887695391608346,0.006367263028809078,0.003527671799064347,-0.001826141279118798,-0.0007597214827926247,0.00997175338498496,0.0064939006995081705,-0.006760500900028532,-0.002628123407701541,0.0036044903561758823,0.0029662289004438237,-0.07658244799576547,-0.028994852009048472
standardized,SR-ARE,HA1E,1,0.4532731646521154,0.744210797917183,0.5229133609998362,0.17205116119514138,0.4532731646521154,0.744210797917183,0.44201009767957167,0.14034461886380828,0.4532731646521154,0.744210797917183,0.5229133570577373,0.17205115950080785,0.4532731646521154,0.744210797917183,0.44201009321177925,0.14034461740882423,0.0,0.0,-3.942098891762669e-09,-1.6943335456875985e-09,0.0,0.0,-4.4677925248315375e-09,-1.4549840471334008e-09,0.0,0.0,-0.08090326384595811,-0.031706542091983606
standardized,SR-ARE,HA1E,2,0.49189037518925566,0.7619144880652533,0.5192890205508987,0.1705708976675729,0.49189037518925566,0.7619144880652533,0.4608438908963036,0.14792888454802147,0.49209145481138794,0.7619144880652533,0.518840407089327,0.1704040806421418,0.4989604079541813,0.7653834295526978,0.4560948195092708,0.14628929116345166,0.00020107962213224972,0.0,-0.00044861346157154536,-0.00016681702543112632,0.0070700327649255825,0.0034689414874444326,-0.0047490713870328325,-0.0016395933845698041,0.006868953142793332,0.0034689414874444326,-0.06274558758005624,-0.024114789478690144
standardized,SR-ARE,HA1E,3,0.48179396460994106,0.7527350289131316,0.5163030571507259,0.169080234008133,0.48179396460994106,0.7527350289131316,0.446200885473891,0.1423712146550272,0.4948400473976993,0.7612166673312107,0.5138653251365742,0.16802484035265258,0.5008394513285757,0.7618623493328249,0.44199326807120665,0.1408416545355598,0.013046082787758262,0.008481638418079095,-0.00243773201415175,-0.0010553936554804188,0.019045486718634586,0.00912732041969333,-0.004207617402684283,-0.0015295601194673907,0.0059994039308763234,0.000645682001614234,-0.07187205706536749,-0.02718318581709277
standardized,SR-ARE,HA1E,4,0.46785111165065485,0.7476938913125888,0.5286113760254282,0.1744493072924156,0.46785111165065485,0.7476938913125888,0.45993302909903483,0.1474957103803472,0.4683634982865511,0.7455068626549719,0.5293420466989713,0.17485453696928735,0.46577789073534925,0.7514566464146296,0.45852587200474637,0.14714098330425296,0.0005123866358962114,-0.002187028657616885,0.0007306706735430657,0.00040522967687177115,-0.0020732209153056735,0.0037627551020408267,-0.0014071570942884248,-0.0003547270760942439,-0.002585607551201885,0.005949783759657712,-0.0708161746942249,-0.027713553665034373
standardized,SR-ARE,HA1E,5,0.4751800637649743,0.7561992763586511,0.5210720620112508,0.17133895342940525,0.4751800637649743,0.7561992763586511,0.44617296038701876,0.1428140260360994,0.4843501147645262,0.7601305501823982,0.5183048905647498,0.17020864477151848,0.48390952473804816,0.7585678279459527,0.4431784649839889,0.14188386841663497,0.009170050999551893,0.0039312738237469395,-0.002767171446500938,-0.0011303086578867804,0.008729460973073876,0.0023685515873015594,-0.002994495403029873,-0.0009301576194644334,-0.00044059002647801605,-0.0015627222364453797,-0.07512642558076105,-0.028324776354883507
standardized,SR-ARE,HA1E,6,0.454107727180704,0.736969753935488,0.5255647990674339,0.1736243613441481,0.454107727180704,0.736969753935488,0.452860228465574,0.1450993244884568,0.45757570564314654,0.7415152084809427,0.5242126920939496,0.17308534867097652,0.45636101964172215,0.7400713896870796,0.45136885289210993,0.14465398962574808,0.0034679784624424225,0.0045454545454545634,-0.0013521069734843904,-0.0005390126731715517,0.002253292461018075,0.0031016357515916138,-0.001491375573464071,-0.0004453348627087461,-0.0012146860014243476,-0.00144381879386295,-0.07284383920183966,-0.028431359045228477
standardized,SR-ARE,HA1E,7,0.4735303639748191,0.7493137842143972,0.5189402663152152,0.17051609308245408,0.4735303639748191,0.7493137842143972,0.44162158356973996,0.14092060401178674,0.4735303639748191,0.7493137842143972,0.518940262552439,0.17051609152152306,0.4756180860729377,0.7498555143650659,0.44114470051550664,0.14082483036704913,0.0,0.0,-3.7627762572434165e-09,-1.5609310344277815e-09,0.002087722098118627,0.0005417301506686955,-0.00047688305423332356,-9.577364473760397e-05,0.002087722098118627,0.0005417301506686955,-0.0777955620369323,-0.029691261154473902
standardized,SR-ARE,HA1E,8,0.47619981769474257,0.7570094774787798,0.5214380771750514,0.1715764541119953,0.47619981769474257,0.7570094774787798,0.452833119003296,0.14556133376562103,0.47846330213457355,0.7576021376109885,0.5225898979905432,0.17209700234844952,0.4796069915251759,0.7571918344425363,0.4522779148205636,0.14533574336806968,0.002263484439830943,0.0005926601322087999,0.0011518208154917774,0.0005205482364542379,0.003407173830433341,0.00018235696375652478,-0.0005552041827323384,-0.00022559039755136456,0.0011436893906023981,-0.0004103031684522751,-0.07031198316997961,-0.026761258980379853
standardized,SR-ARE,HA1E,9,0.4697559541570896,0.7501421652081259,0.5199134477740337,0.17081628636997198,0.4697559541570896,0.7501421652081259,0.4406994260691473,0.14032462608174417,0.48104015211867956,0.7569874033033639,0.5173520187609346,0.16968862858534456,0.4666692540646811,0.7553680851215459,0.438386655538205,0.1397159787557586,0.011284197961589993,0.0068452380952380935,-0.00256142901309907,-0.0011276577846274338,-0.003086700092408501,0.005225919913419919,-0.002312770530942332,-0.0006086473259855508,-0.014370898053998493,-0.0016193181818181745,-0.07896536322272961,-0.029972649829585946
standardized,SR-ARE,HA1E,10,0.4674389580664978,0.7504593607003149,0.5231570472932722,0.17201964063090364,0.4674389580664978,0.7504593607003149,0.44790642781270584,0.14293594097384474,0.4781216005494853,0.7504550607347147,0.5235430293084166,0.17222584549811554,0.4721924455485844,0.7513926252341987,0.44686784484785014,0.14249304166335325,0.010682642482987559,-4.2999656002962185e-06,0.0003859820151443039,0.00020620486721193988,0.004753487482086582,0.0009332645338837153,-0.0010385829648557276,-0.00044289931049152633,-0.0059291550009009765,0.0009375644994840115,-0.07667518446056645,-0.029732803834762324
standardized,SR-ARE,HA1E,11,0.4708225312930005,0.7571152362798934,0.5175927748576103,0.16976111093311003,0.4708225312930005,0.7571152362798934,0.4401125633288848,0.14039789565712246,0.47794691254135024,0.7609670881317452,0.516889850367075,0.16945531066906303,0.48076629646576474,0.7619141522690533,0.4368813137115442,0.13908657526020293,0.007124381248349754,0.003851851851851862,-0.0007029244905354725,-0.0003058002640469792,0.009943765172764218,0.004798915989159891,-0.003231249617340637,-0.0013113203969195187,0.0028193839244144646,0.000947064137308029,-0.08000853665553077,-0.030368735408860086
standardized,SR-ARE,HA1E,12,0.47780864006633567,0.7586648406170392,0.5204558379501493,0.17124935907713748,0.47780864006633567,0.7586648406170392,0.46737543500231543,0.15168677793002322,0.49964148822089366,0.758875142011551,0.5209845377522245,0.17160461948005692,0.50420942576108,0.7594396944182088,0.46621993050841865,0.15089974311898277,0.021832848154558004,0.00021030139451194696,0.0005286998020752276,0.0003552604029194384,0.026400785694744265,0.0007748538011696171,-0.0011555044938968083,-0.0007870348110404323,0.004567937540186262,0.0005645524066576702,-0.054764607243805885,-0.020704876361074157
standardized,SR-ARE,HA1E,13,0.5069466814071513,0.7718324554702264,0.5026773735827376,0.1631468917357499,0.5069466814071513,0.7718324554702264,0.42848106598568114,0.1361665605981475,0.5093286013136933,0.7713596658759198,0.5022686645784626,0.16313609638145862,0.5063975732694679,0.7691631719673515,0.42801848175488033,0.13597393193429524,0.0023819199065419185,-0.0004727895943066329,-0.00040870900427487645,-1.0795354291284753e-05,-0.000549108137683374,-0.002669283502874853,-0.0004625842308008554,-0.00019262866385224564,-0.0029310280442252923,-0.00219649390856822,-0.07425018282358237,-0.02716216444716337
standardized,SR-ARE,HA1E,14,0.4866574857973133,0.7472044832915157,0.5221603219285254,0.1716538072255182,0.4866574857973133,0.7472044832915157,0.4560356197300465,0.14611117698185952,0.48023815626050903,0.7474600920466457,0.5217107452734935,0.1714402212443263,0.4872246088611417,0.7490634576504901,0.4547744708978386,0.14565660453955825,-0.006419329536804286,0.00025560875512997683,-0.0004495766550319913,-0.00021358598119188276,0.0005671230638284008,0.0018589743589743524,-0.0012611488322079479,-0.0004545724423012709,0.006986452600632687,0.0016033656038443756,-0.06693627437565483,-0.025783616704768076
standardized,SR-ARE,HA1E,15,0.4901425239024132,0.7568546649954456,0.5220459731436209,0.17152396945945805,0.4901425239024132,0.7568546649954456,0.45723953228135894,0.1466544044300016,0.4901425239024132,0.7568546649954456,0.5220459685761644,0.17152396756052407,0.49510363569936616,0.7655825091803728,0.45325528530356507,0.14534859703506992,0.0,0.0,-4.567456479698251e-09,-1.898933987831697e-09,0.0049611117969529436,0.00872784418492727,-0.003984246977793882,-0.001305807394931671,0.0049611117969529436,0.00872784418492727,-0.06879068327259932,-0.026175370525454128
standardized,SR-ARE,HA1E,16,0.47272159414791304,0.7504272983785178,0.5189842685458499,0.17025444589070507,0.47272159414791304,0.7504272983785178,0.4402919212008974,0.14005331812614435,0.47272159414791304,0.7504272983785178,0.5189842645813205,0.17025444418029087,0.47272159414791304,0.7504272983785178,0.44029191643806465,0.1400533164441403,0.0,0.0,-3.964529360356295e-09,-1.710414176958608e-09,0.0,0.0,-4.762832672700057e-09,-1.6820040693588113e-09,0.0,0.0,-0.07869234814325582,-0.030201127736150586
standardized,SR-ARE,HA1E,17,0.47902606041561524,0.7577219759793561,0.5243114103426143,0.17259642853798476,0.47902606041561524,0.7577219759793561,0.44991632505155515,0.14444776449169,0.479639269736104,0.7597570636986543,0.52181089832759,0.17158069122692082,0.4790728375567218,0.7593281076451542,0.4461172393571621,0.143011119723128,0.0006132093204887501,0.0020350877192982565,-0.0025005120150243367,-0.0010157373110639078,4.677714110657982e-05,0.0016061316657981495,-0.003799085694393045,-0.0014366447685620093,-0.0005664321793821703,-0.0004289560535001069,-0.07569365897042787,-0.028569571503792836
standardized,SR-ARE,HA1E,18,0.45623463207961146,0.7486696047037776,0.5228962030612074,0.172175261013714,0.45623463207961146,0.7486696047037776,0.4503111923382964,0.1438076223076091,0.45623463207961146,0.7486696047037776,0.522896198402073,0.17217525899190647,0.45623463207961146,0.7486696047037776,0.4503111871882279,0.14380762053802912,0.0,0.0,-4.6591344671220725e-09,-2.021807515850682e-09,0.0,0.0,-5.1500685160910106e-09,-1.769579996424575e-09,0.0,0.0,-0.0725850112138451,-0.028367638453877343
standardized,SR-ARE,HA1E,19,0.44251491638410256,0.7211022611101733,0.533986042556583,0.1769551800424419,0.44251491638410256,0.7211022611101733,0.4561189741481882,0.14516276803145073,0.4545974482874181,0.7241554699437289,0.5325511048092091,0.17633629263607245,0.44251491638410256,0.7211022611101733,0.45611896963789134,0.1451627665275458,0.012082531903315496,0.003053208833555665,-0.0014349377473738434,-0.0006188874063694616,0.0,0.0,-4.510296802706648e-09,-1.503904931143829e-09,-0.012082531903315496,-0.003053208833555665,-0.07643213517131771,-0.03117352610852663
standardized,SR-ARE,HEPG2,0,0.4603559394219353,0.7112433524363233,0.5508851420499895,0.1841864509242703,0.4603559394219353,0.7112433524363233,0.4770220676918256,0.1538663564961595,0.5721887075270647,0.7813594450051837,0.5074708973675468,0.1646828484374811,0.5736345384676245,0.7834820544951722,0.43353141130390427,0.13601457823569718,0.11183276810512947,0.0701160925688605,-0.04341424468244272,-0.019503602486789184,0.11327859904568922,0.07223870205884893,-0.0434906563879213,-0.01785177826046234,0.0014458309405597446,0.002122609489988414,-0.07393948606364258,-0.028668270201783953
standardized,SR-ARE,HEPG2,1,0.4755966531618373,0.7152565860633642,0.547129378781529,0.18219073876149194,0.4755966531618373,0.7152565860633642,0.4785297301866887,0.1539701489627755,0.5549905118991987,0.7523369455616093,0.5245423933499216,0.17199580608434306,0.560384070642734,0.7500152577646211,0.4513193221475348,0.142656066655435,0.07939385873736139,0.03708035949824513,-0.022586985431607476,-0.010194932677148882,0.08478741748089676,0.034758671701256946,-0.027210408039153887,-0.011314082307340458,0.005393558743535365,-0.002321687796988181,-0.07322307120238677,-0.02933973942890803
standardized,SR-ARE,HEPG2,2,0.4475454919444902,0.7273210136623813,0.5594728899544623,0.18768833302465665,0.4475454919444902,0.7273210136623813,0.4934773940013589,0.15887848703953059,0.5503205767238343,0.7836815579751536,0.5203255451884015,0.17016805110199837,0.5641856015464521,0.7830464154794523,0.4504818585358731,0.14155319041982248,0.10277508477934402,0.056360544312772355,-0.03914734476606076,-0.01752028192265829,0.11664010960196187,0.055725401817070995,-0.04299553546548594,-0.0173252966197081,0.013865024822617844,-0.0006351424957013573,-0.06984368665252852,-0.02861486068217589
standardized,SR-ARE,HEPG2,3,0.4371219893081036,0.6941616673693508,0.5637337192773966,0.1898314715865533,0.4371219893081036,0.6941616673693508,0.5034324224290747,0.1640326625900865,0.5500833472752298,0.7469540468328737,0.5396840021199022,0.1770061099268231,0.5553898748995467,0.7524778929183391,0.4664361678923711,0.14874075464375286,0.11296135796712625,0.05279237946352291,-0.024049717157494377,-0.012825361659730212,0.11826788559144305,0.05831622554898826,-0.036996254536703674,-0.015291907946333644,0.005306527624316803,0.005523846085465345,-0.07324783422753114,-0.028265355283070226
standardized,SR-ARE,HEPG2,4,0.450072460459887,0.702381271017416,0.5539576377154123,0.18565426142322436,0.450072460459887,0.702381271017416,0.48398866629702014,0.15607342404779995,0.564588705980319,0.7682296030792524,0.5200008724637412,0.1689116580568824,0.556002484548799,0.7627209979863749,0.44547116895317274,0.1404720789192985,0.11451624552043191,0.06584833206183638,-0.03395676525167117,-0.016742603366341945,0.10593002408891197,0.06033972696895897,-0.038517497343847365,-0.015601345128501448,-0.008586221431519946,-0.005508605092877405,-0.07452970351056837,-0.02843957913758392
standardized,SR-ARE,HEPG2,5,0.4897412935228843,0.7178592690699468,0.5536204610157985,0.18531566866925223,0.4897412935228843,0.7178592690699468,0.4796137443896459,0.15423632286224892,0.5944295124593364,0.7789941354059653,0.5169466098468808,0.1669368590016585,0.5735468330973206,0.772232456871782,0.442874085085069,0.13946808757188658,0.10468821893645201,0.06113486633601846,-0.036673851168917734,-0.018378809667593726,0.0838055395744362,0.0543731878018352,-0.03673965930457688,-0.01476823529036235,-0.0208826793620158,-0.006761678534183258,-0.07407252476181182,-0.027468771429771905
standardized,SR-ARE,HEPG2,6,0.45703783315309776,0.7108281387304134,0.5569774867855586,0.1864542355918953,0.45703783315309776,0.7108281387304134,0.4993576845885464,0.16180407938569522,0.5305012221459451,0.7488995581385673,0.5302436740428964,0.1729633347689286,0.5092033174317637,0.7411223677049099,0.4784758351405271,0.1531926688155308,0.07346338899284727,0.0380714194081541,-0.02673381274266229,-0.013490900822966705,0.052165484278665984,0.03029422897449663,-0.02088184944801922,-0.008611410570164391,-0.021297904714181283,-0.007777190433657477,-0.05176783890236923,-0.019770665953397805
standardized,SR-ARE,HEPG2,7,0.4517792870081922,0.6977575272230581,0.5598490818360964,0.18813791734558352,0.4517792870081922,0.6977575272230581,0.5012994729786253,0.16338560113085018,0.6165932380640987,0.7818600618315046,0.523543123517667,0.1680210048531943,0.6338860045861843,0.7878739778587571,0.45449141301378615,0.1423892359963796,0.1648139510559065,0.08410253460844641,-0.036305958318429435,-0.020116912492389227,0.18210671757799204,0.09011645063569906,-0.046808059964839145,-0.020996365134470594,0.017292766522085556,0.006013916027252653,-0.06905171050388074,-0.025631768856814684
standardized,SR-ARE,HEPG2,8,0.4341671916618585,0.7098437617810637,0.5512122221780812,0.18432580831669054,0.4341671916618585,0.7098437617810637,0.4876941214688474,0.1579088821270124,0.5442014988972884,0.7624445528862942,0.5170081570370687,0.1689017699010355,0.5244202673237707,0.7553771289582356,0.45684315823416854,0.14507737062058806,0.11003430723542991,0.05260079110523055,-0.03420406514101253,-0.01542403841565504,0.09025307566191212,0.04553336717717189,-0.030850963234678806,-0.012831511506424318,-0.019781231573517778,-0.007067423928058658,-0.060164998802900195,-0.02382439928044742
standardized,SR-ARE,HEPG2,9,0.4426700017028904,0.7291064253476558,0.5530815352404679,0.185226676631471,0.4426700017028904,0.7291064253476558,0.4770223499037439,0.1529027723787261,0.6256562316254151,0.8114099858981442,0.5087725920867072,0.16509579277879577,0.5922301654518314,0.8030349281775433,0.43718563551550416,0.1366167677251537,0.1829862299225246,0.08230356055048849,-0.0443089431537607,-0.020130883852675203,0.149560163748941,0.07392850282988754,-0.03983671438823975,-0.0162860046535724,-0.033426066173583624,-0.008375057720600942,-0.07158695657120301,-0.028479025053642082
standardized,SR-ARE,HEPG2,10,0.4614341178383706,0.7130539791592423,0.5502758544346917,0.18368047237825036,0.4614341178383706,0.7130539791592423,0.47907427213560994,0.15420453084982494,0.5657072050592008,0.7573262044972571,0.5233042510829337,0.17128878546668766,0.5393853781071103,0.7513278461304778,0.4568309922453165,0.14513858282418318,0.10427308722083017,0.04427222533801485,-0.0269716033517582,-0.012391686911562689,0.07795126026873968,0.03827386697123543,-0.02224327989029349,-0.00906594802564179,-0.02632182695209049,-0.005998358366779422,-0.06647325883761718,-0.026150202642504488
standardized,SR-ARE,HEPG2,11,0.4432151004442389,0.6989767746047365,0.5606780930421194,0.18879627490275394,0.4432151004442389,0.6989767746047365,0.5070383481316368,0.16563094243036147,0.5240547924700385,0.7265650873275641,0.536482067819324,0.17704924311945003,0.5167479175831791,0.7217662929668769,0.4866256332720158,0.15521786318639624,0.08083969202579958,0.02758831272282756,-0.02419602522279547,-0.011747031783303908,0.07353281713894011,0.022789518362140403,-0.020412714859621085,-0.010413079243965237,-0.007306874886859471,-0.004798794360687153,-0.049856434547308134,-0.021831379933053806
standardized,SR-ARE,HEPG2,12,0.43655660420389725,0.6848703236418754,0.569863764654803,0.1922413170651692,0.43655660420389725,0.6848703236418754,0.5093687072089633,0.1654684191490967,0.5240708132176997,0.7294798897223467,0.5506827865816611,0.18132581390655889,0.5238079309259087,0.7275186523246868,0.48172665771236767,0.15426414584348858,0.08751420901380239,0.044609566080471244,-0.019180978073141897,-0.01091550315861033,0.0872513267220115,0.04264832868281143,-0.0276420494965956,-0.011204273305608132,-0.00026288229179088907,-0.00196123739765981,-0.06895612886929348,-0.027061668063070293
standardized,SR-ARE,HEPG2,13,0.39882879923627745,0.6820996912444282,0.5562440797817959,0.18689085634024713,0.39882879923627745,0.6820996912444282,0.4884193519921321,0.15794304618950938,0.5149382245832884,0.751758782153519,0.5234799449075395,0.1726272948754628,0.5468213898483029,0.7671567759725655,0.4491623756850894,0.14251065940893998,0.11610942534701088,0.06965909090909092,-0.03276413487425643,-0.014263561464784325,0.1479925906120254,0.08505708472813736,-0.03925697630704267,-0.015432386780569397,0.03188316526501454,0.01539799381904643,-0.07431756922245006,-0.030116635466522816
standardized,SR-ARE,HEPG2,14,0.4714176387640482,0.705105274533234,0.5520151868835719,0.18463637088411017,0.4714176387640482,0.705105274533234,0.484040392760327,0.15650705054319541,0.5774484933498104,0.7604346242769509,0.5186937750876845,0.16904484282048476,0.5699793753913822,0.7589383563389621,0.44984990476487974,0.14212507176519004,0.10603085458576218,0.05532934974371691,-0.033321411795887344,-0.015591528063625371,0.09856173662733402,0.05383308180572803,-0.03419048799544724,-0.01438197877800539,-0.007469117958428162,-0.001496267937988871,-0.06884387032280477,-0.026919771055294733
standardized,SR-ARE,HEPG2,15,0.4379230791553269,0.6925546061474066,0.5548416663473451,0.18561767575423543,0.4379230791553269,0.6925546061474066,0.4871527115837916,0.15734276191130775,0.5561515560225339,0.7624701314217444,0.5107859518426764,0.165679858300173,0.5486206599593801,0.7596911730677509,0.4393099272686207,0.13754049253770892,0.11822847686720697,0.06991552527433782,-0.0440557145046687,-0.01993781745406243,0.11069758080405326,0.06713656692034439,-0.047842784315170875,-0.019802269373598805,-0.007530896063153691,-0.0027789583539934216,-0.0714760245740557,-0.0281393657624641
standardized,SR-ARE,HEPG2,16,0.47306377784080933,0.7152485976542067,0.556559479572287,0.186626143947408,0.47306377784080933,0.7152485976542067,0.5131367331187243,0.16908185719150007,0.5706398279664815,0.7741976266523558,0.5140795913359927,0.1669384907178367,0.5631558242704882,0.7759865783095765,0.4746284837169714,0.15433681009528305,0.09757605012567214,0.05894902899814902,-0.04247988823629438,-0.019687653229571295,0.09009204642967884,0.06073798065536982,-0.03850824940175285,-0.014745047096217021,-0.007484003695993302,0.0017889516572207943,-0.03945110761902128,-0.012601680622553657
standardized,SR-ARE,HEPG2,17,0.4304553778465275,0.6750825325893769,0.5637257770360398,0.19014986105326118,0.4304553778465275,0.6750825325893769,0.49722190451895754,0.1612759282141925,0.5396195609252923,0.7419198809280786,0.5284734812958748,0.17374272643677285,0.5256298840791827,0.7274635094390777,0.46521579135587243,0.14761650363324721,0.10916418307876477,0.06683734833870177,-0.03525229574016499,-0.016407134616488295,0.09517450623265519,0.05238097684970085,-0.03200611316308509,-0.013659424580945306,-0.013989676846109567,-0.014456371489000919,-0.06325768994000236,-0.026126222803525667
standardized,SR-ARE,HEPG2,18,0.4522347973751022,0.7050899871485259,0.5469942871164711,0.18212854183052266,0.4522347973751022,0.7050899871485259,0.4780333850834221,0.1535390604501734,0.5322546889199502,0.7593529813818686,0.5186716340439577,0.16952402002971106,0.5114239822211923,0.7455784007842478,0.45521045920909187,0.14454462898267503,0.08001989154484797,0.054262994233342646,-0.028322653072513537,-0.012604521800811614,0.05918918484609006,0.04048841363572182,-0.022822925874330224,-0.008994431467498365,-0.020830706698757907,-0.013774580597620822,-0.0634611748348658,-0.024979391047035997
standardized,SR-ARE,HEPG2,19,0.4854858727998751,0.7178709137657646,0.5558744911097753,0.18582579687781403,0.4854858727998751,0.7178709137657646,0.49830088446079523,0.1619394289578551,0.580143278930656,0.7804746791332002,0.5107366753842743,0.16488064410584907,0.5722875149279526,0.7648811860563027,0.47033061105688995,0.15039657393308276,0.09465740613078094,0.06260376536743568,-0.045137815725501,-0.020945152771964987,0.08680164212807753,0.04701027229053818,-0.0279702734039053,-0.011542855024772328,-0.007855764002703413,-0.015593493076897502,-0.04040606432738438,-0.014484070172766293
standardized,SR-ARE,HT29,0,0.4747426944008244,0.7403883365386804,0.5190022521543854,0.17005676765341887,0.4747426944008244,0.7403883365386804,0.44601599812513404,0.1418548034519767,0.4870750559431801,0.7545116805362808,0.5120013908855936,0.16712223465329915,0.47057196980701665,0.7471498873742048,0.4433441424033261,0.1410625841961477,0.012332361542355763,0.014123343997600402,-0.007000861268791736,-0.002934533000119738,-0.00417072459380774,0.006761550835524521,-0.0026718557218079033,-0.0007922192558289853,-0.016503086136163504,-0.007361793162075881,-0.06865724848226751,-0.026059650457151428
standardized,SR-ARE,HT29,1,0.4500422027016917,0.7275669462617612,0.5225616431505753,0.17173862026774855,0.4500422027016917,0.7275669462617612,0.44879283654852326,0.14359315962966626,0.4655125929062244,0.7334575240081185,0.5171162719591336,0.16941036991407996,0.451681926556917,0.7296281378881704,0.44700251252651685,0.1429781450748788,0.015470390204532702,0.005890577746357128,-0.0054453711914417505,-0.002328250353668604,0.0016397238552253502,0.0020611916264090093,-0.001790324022006362,-0.0006150145547874436,-0.013830666349307352,-0.0038293861199481193,-0.0701137594326167,-0.02643222483920114
standardized,SR-ARE,HT29,2,0.439396477142331,0.7363418113344951,0.5248115463280048,0.17251958191851105,0.439396477142331,0.7363418113344951,0.4480303202493604,0.14188847016726716,0.4389927766694376,0.7387645348098502,0.5241289045163572,0.17228717506863409,0.4387860130849523,0.7375949441665753,0.44780495763651473,0.1419158658717876,-0.00040370047289343123,0.00242272347535506,-0.0006826418116475774,-0.0002324068498769538,-0.0006104640573786013,0.0012531328320802171,-0.00022536261284572534,2.739570452043594e-05,-0.00020676358448517006,-0.0011695906432748425,-0.07632394687984248,-0.030371309196846503
standardized,SR-ARE,HT29,3,0.43237360464779806,0.7450707624560617,0.5182870076072212,0.17002783825162596,0.43237360464779806,0.7450707624560617,0.4355099169917603,0.13784008463437686,0.44226129586287455,0.7492998568447305,0.514355483517537,0.1683270875475115,0.4363424231687869,0.7466273298508683,0.43422530768835016,0.13751630984224322,0.009887691215076422,0.004229094388668852,-0.003931524089684335,-0.0017007507041144454,0.003968818520988815,0.001556567394806696,-0.0012846093034101004,-0.00032377479213361595,-0.005918872694087607,-0.0026725269938621564,-0.08013017582918681,-0.03081077770526826
standardized,SR-ARE,HT29,4,0.4514183209459201,0.7459092950704439,0.5153831849015807,0.16868279917264736,0.4514183209459201,0.7459092950704439,0.43537486293771854,0.13790875429414914,0.4514183209459201,0.7459092950704439,0.5153831842032991,0.1686827989647939,0.4514183209459201,0.7459092950704439,0.4353748618953307,0.13790875398827313,0.0,0.0,-6.982816991296659e-10,-2.0785347332186176e-10,0.0,0.0,-1.0423878649135076e-09,-3.0587605504006634e-10,0.0,0.0,-0.08000832230796842,-0.030774044976520788
standardized,SR-ARE,HT29,5,0.4647686678156068,0.7436953763313128,0.5192228216934207,0.17029751202186266,0.4647686678156068,0.7436953763313128,0.43501428293871475,0.13739956526117342,0.47073198212626977,0.746250332279697,0.5179721984129605,0.16976621532347022,0.46512802556492205,0.7427939514985125,0.4352822900312008,0.13757472240552165,0.005963314310663071,0.0025549559483842186,-0.0012506232804601614,-0.0005312966983924472,0.0003593577493153255,-0.0009014248328002461,0.00026800709248606667,0.00017515714434823416,-0.0056039565613477445,-0.003456380781184465,-0.08268990838175978,-0.03219149291794856
standardized,SR-ARE,HT29,6,0.44447158252427565,0.742429201742827,0.5218668703790512,0.17142209090212437,0.44447158252427565,0.742429201742827,0.43229733139090254,0.13598698887017308,0.445266610513117,0.7426630590898453,0.5216942432785336,0.1713442625684164,0.4417702520172403,0.7388174049388774,0.4326952093275251,0.13591289587187186,0.0007950279888413236,0.00023385734701830696,-0.00017262710051755282,-7.782833370796882e-05,-0.002701330507035382,-0.0036117968039495853,0.000397877936622637,-7.40929983012284e-05,-0.0034963584958767058,-0.0038456541509678923,-0.08899903395100853,-0.03543136669654454
standardized,SR-ARE,HT29,7,0.45938795622166734,0.7418296026625422,0.5248029166446287,0.17248908831246018,0.45938795622166734,0.7418296026625422,0.45886251745427603,0.14626605950415725,0.48362534562453796,0.7596557848268933,0.5150517153776581,0.16908705505690574,0.46445242171709716,0.7575670638545489,0.4509189741044838,0.14463786301046427,0.024237389402870603,0.017826182164351168,-0.009751201266970677,-0.003402033255554426,0.005064465495429849,0.01573746119200665,-0.00794354334979217,-0.0016281964936929517,-0.019172923907440752,-0.0020887209723445153,-0.0641327412731743,-0.024449192046441463
standardized,SR-ARE,HT29,8,0.4648319377444773,0.7424261645765062,0.5248443887773846,0.17287095950526463,0.4648319377444773,0.7424261645765062,0.4545100957395437,0.14553161080465457,0.4648319377444773,0.7424261645765062,0.5248443877158548,0.17287095908425706,0.46240418174431774,0.7340452121955539,0.45556721583314774,0.14550051971468492,0.0,0.0,-1.0615297862948126e-09,-4.2100756769691825e-10,-0.0024277560001595864,-0.0083809523809524,0.0010571200936040138,-3.109108996967591e-05,-0.0024277560001595864,-0.0083809523809524,-0.06927717188270711,-0.027370439369572147
standardized,SR-ARE,HT29,9,0.45999245010087686,0.7430224808109053,0.5205736180904841,0.1706091286145293,0.45999245010087686,0.7430224808109053,0.4383308529181343,0.13812210711677425,0.4700248957524093,0.7532295201483794,0.5178552877991207,0.1692617853432676,0.453280132401928,0.7395519839164953,0.436833734836381,0.13810638106518566,0.010032445651532529,0.010207039337474133,-0.002718330291363491,-0.001347343271261675,-0.0067123176989488,-0.0034704968944099246,-0.0014971180817532903,-1.5726051588593747e-05,-0.016744763350481327,-0.013677536231884058,-0.08102155296273966,-0.031155404278081937
standardized,SR-ARE,HT29,10,0.4596217754448054,0.7527895729069544,0.519178037919173,0.17025650001392117,0.4596217754448054,0.7527895729069544,0.4353370270017711,0.13795294091883617,0.45516546966931104,0.75319057541322,0.5190667897421364,0.17020344888069963,0.4596217754448054,0.7527895729069544,0.4353370256493109,0.13795294043381673,-0.004456305775494418,0.0004010025062656464,-0.00011124817703678236,-5.305113322156552e-05,0.0,0.0,-1.3524601216730049e-09,-4.850194246230898e-10,0.004456305775494418,-0.0004010025062656464,-0.08372976409282533,-0.03225050844688288
standardized,SR-ARE,HT29,11,0.4476229907043285,0.7416166796236618,0.5123460300648601,0.16712808663201636,0.4476229907043285,0.7416166796236618,0.4219040313191945,0.13148894255323004,0.4369485920742582,0.744310747951233,0.511840117813134,0.16700485305564036,0.44391411080154697,0.740911419559013,0.4221707133063285,0.13169253712277915,-0.01067439863007027,0.002694068327571175,-0.0005059122517261705,-0.0001232335763759862,-0.003708879902781459,-0.0007052600646488382,0.00026668198713404313,0.0002035945695490954,0.006965518727288811,-0.0033993283922200135,-0.0896694045068055,-0.035312315932861216
standardized,SR-ARE,HT29,12,0.4400183396819415,0.7402149795457866,0.5231626730752889,0.17228785021900028,0.4400183396819415,0.7402149795457866,0.43883846317641756,0.13921907182555554,0.45611782926669725,0.7476820056994982,0.5185693143753645,0.17057654097807576,0.4515692863275319,0.745580879386796,0.435188637468379,0.1382186074117886,0.01609948958475573,0.007467026153711554,-0.004593358699924488,-0.0017113092409245302,0.011550946645590376,0.0053658998410093025,-0.003649825708038623,-0.001000464413766916,-0.004548542939165357,-0.0021011263127022504,-0.08338067690698542,-0.03235793356628715
standardized,SR-ARE,HT29,13,0.4506225000442628,0.7464427510479712,0.5205004250553513,0.17101079214815176,0.4506225000442628,0.7464427510479712,0.4341935014918751,0.1371158109908866,0.4506225000442628,0.7464427510479712,0.5205004238315414,0.1710107916280025,0.4679984931236508,0.7444143534820482,0.43175717229768235,0.13620524840758458,0.0,0.0,-1.223809886763405e-09,-5.201492514483874e-10,0.017375993079388106,-0.0020283975659229235,-0.0024363291941927323,-0.0009105625833019798,0.017375993079388106,-0.0020283975659229235,-0.08874325153385901,-0.034805543220417894
standardized,SR-ARE,HT29,14,0.4523104666290809,0.733427702603522,0.5243688810226723,0.17278468080705972,0.4523104666290809,0.733427702603522,0.44167302382015156,0.14052425332733182,0.4565020977816994,0.7415668341420685,0.5216433736528299,0.17188554715068258,0.45277945556703214,0.7398656368932599,0.4421357533327071,0.14111214779847975,0.004191631152618458,0.008139131538546552,-0.002725507369842528,-0.0008991336563771602,0.000468988937951198,0.006437934289737979,0.00046272951255557084,0.0005878944711479206,-0.00372264221466726,-0.0017011972488085725,-0.07950762032012271,-0.030773399352202822
standardized,SR-ARE,HT29,15,0.43034417143595205,0.7270352943975035,0.527019211490285,0.17384807911417952,0.43034417143595205,0.7270352943975035,0.4529650153125998,0.14464521439752195,0.43034417143595205,0.7270352943975035,0.5270192106940901,0.1738480788053199,0.43034417143595205,0.7270352943975035,0.45296501401736816,0.1446452139481314,0.0,0.0,-7.961949211043873e-10,-3.0885960455862005e-10,0.0,0.0,-1.2952316219561056e-09,-4.493905636504536e-10,0.0,0.0,-0.07405419667672189,-0.029202864857188537
standardized,SR-ARE,HT29,16,0.44121967393795203,0.7376029453396113,0.526822809801353,0.17360101355833094,0.44121967393795203,0.7376029453396113,0.4365025878062914,0.13789140510996972,0.438263902231293,0.7322740016113981,0.5272842105260664,0.17383326444995656,0.441945866425014,0.720330218066884,0.4417277538986955,0.13924944133470527,-0.0029557717066589053,-0.005328943728213331,0.00046140072471347884,0.0002322508916256405,0.0007261924870620495,-0.017272727272727283,0.005225166092404099,0.0013580362247355288,0.0036819641937209545,-0.011943783544513953,-0.08555645662737096,-0.03458382311525129
standardized,SR-ARE,HT29,17,0.46494109263548805,0.7420588278154069,0.5233852706589288,0.17196659080108936,0.46494109263548805,0.7420588278154069,0.44799682682852826,0.1421679403639904,0.4639734371756677,0.7451479716812498,0.5200484542794043,0.1705235461081552,0.4719627726417818,0.7415181828918215,0.44645881487661193,0.14151954602352632,-0.0009676554598203712,0.0030891438658429138,-0.003336816379524521,-0.0014430446929341368,0.007021680006293818,-0.0005406449235854094,-0.0015380119519163183,-0.0006483943404640841,0.007989335466114189,-0.003629788789428323,-0.07358963940279238,-0.029004000084628907
standardized,SR-ARE,HT29,18,0.4560030793911734,0.7523214678457475,0.5133705297377389,0.1676994611819051,0.4560030793911734,0.7523214678457475,0.4240157419665552,0.1329976760033411,0.45807945597329713,0.7523214678457475,0.5110567977238091,0.1669034798476361,0.4560030793911734,0.7523214678457475,0.4240157414365653,0.13299767591559963,0.0020763765821236956,2.2204460492503132e-17,-0.002313732013929826,-0.0007959813342690025,0.0,0.0,-5.299898742094911e-10,-8.774146686985063e-11,-0.0020763765821236956,-2.2204460492503132e-17,-0.0870410562872437,-0.033905803932036474
standardized,SR-ARE,HT29,19,0.43392417020035917,0.7193998362952098,0.5315101597422162,0.17621305606738852,0.43392417020035917,0.7193998362952098,0.4534507397837747,0.14517904472869822,0.4295229709432837,0.7240277287279803,0.5306513541453391,0.17591425106224629,0.42894588750160756,0.7247781977711322,0.4522267832922939,0.1452350512126847,-0.0044011992570753946,0.0046278924327705084,-0.0008588055968769992,-0.0002988050051422442,-0.004978282698751646,0.0053783614759224775,-0.0012239564914807931,5.600648398648989e-05,-0.0005770834416762516,0.0007504690431519689,-0.07842457085304524,-0.030679199849561578
standardized,SR-ARE,MCF7,0,0.4520367612666199,0.7518663086452857,0.5068543832609469,0.16489087001326866,0.4520367612666199,0.7518663086452857,0.42643270405272327,0.1342177838230036,0.4626733716089806,0.7537548512060062,0.5060461516086078,0.16458885593626627,0.469072261833465,0.7555673019546271,0.42193268965529673,0.13251211064334706,0.010636610342360686,0.0018885425607203742,-0.0008082316523391308,-0.00030201407700238827,0.01703550056684513,0.0037009933093413495,-0.004500014397426577,-0.0017056731796565583,0.006398890224484444,0.001812450748620975,-0.08411346195331103,-0.03207674529291922
standardized,SR-ARE,MCF7,1,0.47029022288279554,0.7743717071108565,0.4902762133267483,0.15760794941668912,0.47029022288279554,0.7743717071108565,0.4059001175992689,0.12728649345467338,0.4714931780958079,0.7771072694208868,0.48829106405190387,0.15668279982942251,0.47851997446833183,0.7862112333012459,0.40063054061200915,0.12539419530226398,0.0012029552130123022,0.0027355623100304037,-0.0019851492748445,-0.0009251495872666105,0.008229751585536293,0.011839526190389305,-0.0052695769872597945,-0.0018922981524094108,0.007026796372523991,0.0091039638803589,-0.08766052343989474,-0.031288604527158544
standardized,SR-ARE,MCF7,2,0.46342531523418395,0.7650458113090274,0.4939100546365183,0.1596316799946951,0.46342531523418395,0.7650458113090274,0.42214712149172157,0.13387905599045857,0.4609700753263114,0.7659446877135216,0.4931777714635707,0.15934083459833365,0.473389854286505,0.769341657307001,0.4202591319151344,0.13325176170733105,-0.0024552399078725307,0.0008988764044943531,-0.0007322831729475787,-0.00029084539636143323,0.009964539052320965,0.004295845997973657,-0.0018879895765871236,-0.000627294283127508,0.012419778960193495,0.0033969695934793044,-0.07291863954843633,-0.026089072891002596
standardized,SR-ARE,MCF7,3,0.428412100224845,0.7380927052178464,0.5105122139413376,0.1663264109646883,0.428412100224845,0.7380927052178464,0.42987702208292644,0.1347764051537388,0.4321119658546827,0.7411843248444204,0.5090836551050434,0.16571137633191343,0.43261808206558827,0.7404722102113331,0.42814283720984936,0.13422588525281992,0.0036998656298377064,0.003091619626574005,-0.0014285588362941582,-0.0006150346327748746,0.004205981840743267,0.0023795049934867583,-0.0017341848730771715,-0.0005505199009188611,0.0005061162109055606,-0.0007121146330872463,-0.08094081789519407,-0.03148549107909352
standardized,SR-ARE,MCF7,4,0.47376527361187365,0.7725344489733256,0.49259908856430795,0.15871765410949307,0.47376527361187365,0.7725344489733256,0.4055437152436345,0.12678786203140488,0.47376527361187365,0.7725344489733256,0.492599088306065,0.15871765398271417,0.47696193623579364,0.770776082552452,0.4050337513497827,0.12642241914438923,0.0,0.0,-2.582429159403432e-10,-1.2677889293932765e-10,0.0031966626239200214,-0.0017583664208735029,-0.0005099638938517393,-0.00036544288701567397,0.0031966626239200214,-0.0017583664208735029,-0.08756533695628223,-0.03229523483832496
standardized,SR-ARE,MCF7,5,0.4707608775223059,0.754312342980447,0.5041520178277799,0.1637664025214327,0.4707608775223059,0.754312342980447,0.41862248216480474,0.1314297051609261,0.4707608775223059,0.754312342980447,0.5041520171994275,0.16376640225283898,0.46751116043117824,0.7612693565551079,0.41669808815043696,0.13111793864155755,0.0,0.0,-6.283523146244363e-10,-2.685937305901831e-10,-0.0032497170911275908,0.006957013574660653,-0.001924394014367814,-0.00031176651936856427,-0.0032497170911275908,0.006957013574660653,-0.08745392904899058,-0.03264846361128143
standardized,SR-ARE,MCF7,6,0.47046169907670404,0.766008058408679,0.4991467153911818,0.16129568711406353,0.47046169907670404,0.766008058408679,0.4201245484275442,0.13234859306436747,0.47046169907670404,0.766008058408679,0.4991467148491363,0.16129568689479937,0.4768817164727791,0.7673928980588248,0.41857352864209696,0.13171881945892383,0.0,0.0,-5.420454751714487e-10,-2.192641679332752e-10,0.006420017396075039,0.001384839650145775,-0.001551019785447183,-0.0006297736054436592,0.006420017396075039,0.001384839650145775,-0.08057318620703936,-0.029576867435875547
standardized,SR-ARE,MCF7,7,0.45150881307869195,0.754168205169713,0.5004320578382723,0.1623285176843705,0.45150881307869195,0.754168205169713,0.43032070263099936,0.13680687119383128,0.4615378863188022,0.7601535241985103,0.5040308554357348,0.16350122282174365,0.45651938019946003,0.7622364744132053,0.4289681199190641,0.1366988995501665,0.010029073240110209,0.005985319028797309,0.0035987975974625663,0.0011727051373731146,0.005010567120768039,0.008068269243492266,-0.001352582711935324,-0.00010797164366476985,-0.00501850611934217,0.0020829502146949563,-0.07506273551667074,-0.02680232327157713
standardized,SR-ARE,MCF7,8,0.41933941057072277,0.7341045039119153,0.5114476054068093,0.16700130751149395,0.41933941057072277,0.7341045039119153,0.4225228007454474,0.1322302214521903,0.41933941057072277,0.7341045039119153,0.5114476050347315,0.16700130737878627,0.4255646439023525,0.734850424657836,0.42046178595083916,0.13143188133721717,0.0,0.0,-3.7207774639114176e-10,-1.327076781798553e-10,0.00622523333162972,0.0007459207459207251,-0.002061014794608229,-0.0007983401149731339,0.00622523333162972,0.0007459207459207251,-0.09098581908389242,-0.03556942604156909
standardized,SR-ARE,MCF7,9,0.42204329046148786,0.7571735434868464,0.49917692849170614,0.1616173292188705,0.42204329046148786,0.7571735434868464,0.40911238021858887,0.1280519650179483,0.42204329046148786,0.7571735434868464,0.49917692801576985,0.16161732901819156,0.4207281153882646,0.7554252917385946,0.40964644011375917,0.12821314812348963,0.0,0.0,-4.759362792761124e-10,-2.0067893458097784e-10,-0.001315175073223296,-0.0017482517482517502,0.0005340598951703024,0.00016118310554134597,-0.001315175073223296,-0.0017482517482517502,-0.08953048790201064,-0.03340418089470194
standardized,SR-ARE,MCF7,10,0.4621465714214037,0.7631758434729129,0.4964881569894922,0.16018203224677663,0.4621465714214037,0.7631758434729129,0.4084646459950704,0.12726620641214031,0.4621465714214037,0.7631758434729129,0.4964881569627998,0.1601820322523024,0.4758890039421682,0.76469321319996,0.40467875539542286,0.12572756706534943,0.0,0.0,-2.66924593539386e-11,5.5257631803584674e-12,0.013742432520764559,0.0015173697270471687,-0.0037858905996475565,-0.0015386393467908654,0.013742432520764559,0.0015173697270471687,-0.09180940156737696,-0.034454465186952964
standardized,SR-ARE,MCF7,11,0.455543073660478,0.7702686537231719,0.4958382860972662,0.16007551205959678,0.455543073660478,0.7702686537231719,0.4096941899025481,0.1285975230760292,0.45751440218392786,0.7709659465861743,0.4952662162862925,0.1598531399574939,0.44953995968825644,0.766859562814081,0.4093530640165638,0.12829977180218807,0.001971328523449911,0.0006972928630024633,-0.0005720698109737854,-0.00022237210210291348,-0.006003113972221552,-0.003409090909090917,-0.00034112588598425033,-0.0002977512738411292,-0.007974442495671464,-0.0041063837720933805,-0.08591315226972866,-0.03155336815530581
standardized,SR-ARE,MCF7,12,0.4649358949876479,0.763376085312175,0.498417517731672,0.16127115388801205,0.4649358949876479,0.763376085312175,0.4226436285543289,0.133579318905918,0.4757274983073164,0.7705665615026513,0.4963741359567654,0.16029021797740028,0.47041390770420993,0.7653125932486831,0.42144524915287657,0.13306844954426925,0.010791603319668419,0.007190476190476169,-0.002043381774906694,-0.0009809359106117744,0.005478012716561986,0.0019365079365079474,-0.0011983794014522986,-0.0005108693616487608,-0.005313590603106433,-0.005253968253968222,-0.07492888680388873,-0.02722176843313104
standardized,SR-ARE,MCF7,13,0.46284564463692945,0.7470935467262583,0.4973766233817701,0.1607069948462743,0.46284564463692945,0.7470935467262583,0.40775682905456667,0.1264647112278027,0.46877965735605737,0.7507982375578148,0.4954729359858092,0.1599455709563375,0.466567640173028,0.7487060200738064,0.4066995446621059,0.1261787049459655,0.005934012719127935,0.003704690831556512,-0.0019036873959608514,-0.0007614238899367909,0.0037219955360985766,0.0016124733475480157,-0.0010572843924607888,-0.0002860062818371784,-0.002212017183029358,-0.002092217484008496,-0.08877339132370335,-0.03376686601037198
standardized,SR-ARE,MCF7,14,0.43745723443659584,0.7511973531954497,0.5068670488045003,0.16529347584679063,0.43745723443659584,0.7511973531954497,0.43838172488008664,0.13983708264528982,0.4443351202262317,0.755212073837805,0.5051594663975806,0.16446061558277467,0.43662595622010647,0.7517101737082702,0.4370236524834186,0.13929879703880846,0.006877885789635896,0.004014720642355285,-0.0017075824069196833,-0.0008328602640159555,-0.0008312782164893618,0.000512820512820511,-0.0013580723966680308,-0.000538285606481384,-0.0077091640061252575,-0.003501900129534774,-0.06813581391416193,-0.02516181854396623
standardized,SR-ARE,MCF7,15,0.4403199516814733,0.7522137815062211,0.4945939502569427,0.15942049113408657,0.4403199516814733,0.7522137815062211,0.3952705599708702,0.12171033315063351,0.4403199516814733,0.7522137815062211,0.4945939495916388,0.15942049087226437,0.4532453637755978,0.7742475378576358,0.38428248190610004,0.11818818932353789,0.0,0.0,-6.653038786552656e-10,-2.61822197256123e-10,0.012925412094124423,0.022033756351414625,-0.010988078064770146,-0.0035221438270956083,0.012925412094124423,0.022033756351414625,-0.11031146768553879,-0.04123230154872648
standardized,SR-ARE,MCF7,16,0.43792942572953797,0.7563409740701085,0.500857139559231,0.16226804548027016,0.43792942572953797,0.7563409740701085,0.4216854763215882,0.1326298858251284,0.4537151743724294,0.7563409740701085,0.498729828659709,0.16156575784231603,0.4701984378046252,0.7640544833868786,0.4130024146791131,0.12948196076889207,0.015785748642891506,-2.2204460492503132e-17,-0.002127310899522006,-0.0007022876379541243,0.03226901207508731,0.0077135093167701955,-0.008683061642475154,-0.003147925056236356,0.016483263432195805,0.007713509316770217,-0.0857274139805959,-0.03208379707342396
standardized,SR-ARE,MCF7,17,0.45068677549306174,0.7673335643546586,0.49458795193188115,0.15925123421182574,0.45068677549306174,0.7673335643546586,0.4025505867623028,0.12542535511134384,0.4534702675024766,0.7687093505181806,0.49414890179636367,0.15906707583482227,0.47044982406989977,0.7773178410842183,0.3977335575430586,0.12369582778322588,0.0027834920094149005,0.0013757861635220082,-0.00043905013551754913,-0.00018415837700347937,0.019763048576838062,0.009984276729559727,-0.004817029219244174,-0.0017295273281179885,0.01697955656742316,0.008608490566037718,-0.09641534425330499,-0.0353712480515964
standardized,SR-ARE,MCF7,18,0.4837056130652407,0.7605536558326655,0.4971451728238419,0.16033269709148534,0.4837056130652407,0.7605536558326655,0.4174530557968681,0.1301105788191827,0.4817476434859428,0.7629460003302733,0.49586522251334986,0.15977188879682047,0.4820724424893278,0.7632011837433513,0.41691970029255937,0.13019269964724814,-0.0019579695792979247,0.0023923444976076793,-0.0012799503104920507,-0.0005608082946648829,-0.0016331705759129122,0.0026475279106858316,-0.000533355504308719,8.212082806541565e-05,0.00032479900338501234,0.0002551834130781527,-0.0789455222207905,-0.029579189149572332
standardized,SR-ARE,MCF7,19,0.42776869795380357,0.7501695482964308,0.5013566533323133,0.16280876659213742,0.42776869795380357,0.7501695482964308,0.40790394314742906,0.12728599294501936,0.42776869795380357,0.7501695482964308,0.5013566528120453,0.1628087663641446,0.4295338154512386,0.7563246084660895,0.40421028954067306,0.12592881263842234,0.0,0.0,-5.202679620452955e-10,-2.2799283017072015e-10,0.0017651174974350203,0.0061550601696587215,-0.003693653606756042,-0.001357180306597003,0.0017651174974350203,0.0061550601696587215,-0.0971463632713723,-0.03687995372572224
standardized,SR-ATAD5,HA1E,0,0.2844113591868752,0.851454724587717,0.24157096358264915,0.05774667853097602,0.2844113591868752,0.851454724587717,0.18319307443515703,0.04764963573642973,0.28310174510117786,0.8543713912543837,0.24188290533250614,0.05785777048222818,0.2832062889641924,0.8504106297936221,0.1827264600451509,0.04746351298148596,-0.0013096140856973082,0.0029166666666666564,0.0003119417498569532,0.00011109195125215548,-0.001205070222682758,-0.0010440947940948187,-0.00046661439000613146,-0.0001861227549437655,0.0001045438630145501,-0.003960761460761475,-0.05915644528735524,-0.010394257500742212
standardized,SR-ATAD5,HA1E,1,0.2944374570146984,0.8514905750851106,0.24347033786874187,0.05866546855366095,0.2944374570146984,0.8514905750851106,0.18757146857575202,0.04903174270249712,0.2944374570146984,0.8514905750851106,0.24347033787687017,0.05866546855837022,0.2948720916819336,0.850634185098286,0.1875489358162647,0.049020050829965335,0.0,0.0,8.12833134133939e-12,4.709271861358388e-12,0.00043463466723520636,-0.0008563899868247793,-2.2532759487320365e-05,-1.1691872531791048e-05,0.00043463466723520636,-0.0008563899868247793,-0.055921402060605495,-0.00964541772840489
standardized,SR-ATAD5,HA1E,2,0.3126740609461981,0.8539019227568296,0.24855866824792977,0.0607002068805295,0.3126740609461981,0.8539019227568296,0.19579222481195596,0.05164345841901448,0.3126740609461981,0.8539019227568296,0.24855866818264824,0.06070020685795966,0.3126740609461981,0.8539019227568296,0.19579222465297588,0.051643458392480614,0.0,0.0,-6.528152463047831e-11,-2.2569845992137517e-11,0.0,0.0,-1.5898005689685136e-10,-2.653386538264968e-11,0.0,0.0,-0.05276644352967237,-0.009056748465479046
standardized,SR-ATAD5,HA1E,3,0.27251286767526767,0.847423540861943,0.24288385497866977,0.05837315625355448,0.27251286767526767,0.847423540861943,0.18495726896880327,0.04822947350217052,0.27251286767526767,0.847423540861943,0.24288385496510956,0.058373156257113444,0.27251286767526767,0.847423540861943,0.18495726896599093,0.04822947350087737,0.0,0.0,-1.3560247369426293e-11,3.5589642344291405e-12,0.0,0.0,-2.8123336992535997e-12,-1.2931544723926437e-12,0.0,0.0,-0.05792658599911862,-0.010143682756236078
standardized,SR-ATAD5,HA1E,4,0.2916314255413638,0.8403286556989269,0.24612441189751486,0.05932267161653184,0.2916314255413638,0.8403286556989269,0.18833654967927455,0.04842279549013485,0.2916314255413638,0.8403286556989269,0.24612441183282216,0.05932267160176461,0.2916314255413638,0.8403286556989269,0.18833654963017787,0.04842279547502017,0.0,0.0,-6.469269564490787e-11,-1.4767233269541436e-11,0.0,0.0,-4.909670170416547e-11,-1.5114676871208488e-11,0.0,0.0,-0.0577878622026443,-0.010899876126744434
standardized,SR-ATAD5,HA1E,5,0.2969230158485425,0.8511035153595689,0.24411244555834616,0.05874308406922244,0.2969230158485425,0.8511035153595689,0.18533001082460318,0.04809142169673274,0.2969230158485425,0.8511035153595689,0.2441124454864597,0.05874308403733915,0.2950248408528065,0.8501454315272335,0.18532400398207136,0.04810892942423882,0.0,0.0,-7.188642459077243e-11,-3.18833084933523e-11,-0.0018981749957359794,-0.0009580838323353102,-6.006842531827705e-06,1.7507727506076154e-05,-0.0018981749957359794,-0.0009580838323353102,-0.058788441504388354,-0.010634154613100317
standardized,SR-ATAD5,HA1E,6,0.2919518973064116,0.8667360453312343,0.23686094562608556,0.05588604171625672,0.2919518973064116,0.8667360453312343,0.17759184842312656,0.04567043360088287,0.2919518973064116,0.8667360453312343,0.2368609456883449,0.05588604174883014,0.29380587342361086,0.8724114225855588,0.1765223136258836,0.04553243341505156,0.0,0.0,6.225933657511007e-11,3.257341757434418e-11,0.0018539761171992631,0.005675377254324631,-0.0010695347972429492,-0.00013800018583131,0.0018539761171992631,0.005675377254324631,-0.06033863206246128,-0.010353608333778578
standardized,SR-ATAD5,HA1E,7,0.32771647802580245,0.8425024269392489,0.2508358117451832,0.06164123378751869,0.32771647802580245,0.8425024269392489,0.2003806500831276,0.05303153875579932,0.32771647802580245,0.8425024269392489,0.2508358116349177,0.06164123375892703,0.32771647802580245,0.8425024269392489,0.20038064987210374,0.05303153872210152,0.0,0.0,-1.1026552448889504e-10,-2.8591662371013625e-11,0.0,0.0,-2.1102386504878723e-10,-3.369780426920599e-11,0.0,0.0,-0.050455161762813935,-0.008609695036825502
standardized,SR-ATAD5,HA1E,8,0.31728053218711216,0.8402944425810883,0.24830341134362516,0.060889903846883774,0.31728053218711216,0.8402944425810883,0.20117544787142666,0.054040668371597045,0.31728053218711216,0.8402944425810883,0.2483034114814869,0.06088990390768666,0.30146241664508266,0.8352665096201944,0.20138747754439926,0.05410771481981693,0.0,0.0,1.3786176089602976e-10,6.080288217358288e-11,-0.01581811554202947,-0.005027932960893855,0.00021202967297255791,6.704644821988876e-05,-0.01581811554202947,-0.005027932960893855,-0.046915933937087664,-0.006782189087869724
standardized,SR-ATAD5,HA1E,9,0.30051693197595364,0.853822243863295,0.2403035918840471,0.05728472082622573,0.30051693197595364,0.853822243863295,0.18087759384388888,0.04701634203481249,0.30051693197595364,0.853822243863295,0.24030359201841525,0.05728472086968302,0.28406529463485447,0.8501743453700357,0.18143325532884141,0.047134578103338785,0.0,0.0,1.3436814438883004e-10,4.345729470722759e-11,-0.01645163734109919,-0.003647898493259305,0.000555661484952541,0.00011823606852629648,-0.01645163734109919,-0.003647898493259305,-0.058870336689573824,-0.010150142766344235
standardized,SR-ATAD5,HA1E,10,0.30723003087713396,0.8397674496792622,0.24273774427670974,0.058207174146252136,0.30723003087713396,0.8397674496792622,0.18530086314518768,0.04841204483557814,0.3054122678386305,0.8368715220774522,0.24280152675887598,0.05829650574482588,0.3061321767896333,0.8324069670246619,0.1856345033119957,0.04853152849449497,-0.0018177630385034615,-0.002895927601809967,6.378248216621918e-05,8.93315985737414e-05,-0.0010978540875006605,-0.00736048265460032,0.00033364016680803024,0.0001194836589168205,0.0007199089510028011,-0.004464555052790353,-0.057167023446880294,-0.009764977250330915
standardized,SR-ATAD5,HA1E,11,0.27535069116945554,0.8481060768242932,0.24470151542131088,0.05919851658937512,0.27535069116945554,0.8481060768242932,0.18810816270365854,0.04975278471497203,0.27535069116945554,0.8481060768242932,0.2447015153663275,0.05919851657072813,0.3008155042767694,0.843593450561667,0.18450035800159323,0.04868472267234009,0.0,0.0,-5.498340671650226e-11,-1.8646977018033085e-11,0.025464813107313834,-0.004512626262626229,-0.0036078047020653035,-0.0010680620426319315,0.025464813107313834,-0.004512626262626229,-0.06020115736473426,-0.010513793898388043
standardized,SR-ATAD5,HA1E,12,0.3091273773130599,0.8372823132527785,0.24743818722292818,0.05989300061439602,0.3091273773130599,0.8372823132527785,0.19043653093199814,0.05000211310991398,0.3091273773130599,0.8372823132527785,0.24743818703880022,0.05989300055758338,0.2729706041768817,0.8076299615145371,0.19301948798830448,0.050541155015974316,0.0,0.0,-1.8412796842781632e-10,-5.6812643478565404e-11,-0.03615677313617817,-0.029652351738241302,0.002582957056306373,0.000539041906060339,-0.03615677313617817,-0.029652351738241302,-0.05441869905049575,-0.009351845541609064
standardized,SR-ATAD5,HA1E,13,0.29073589798780197,0.8533143049483389,0.24600482398920712,0.05974436254744936,0.29073589798780197,0.8533143049483389,0.19163281762309697,0.05076811756796954,0.29073589798780197,0.8533143049483389,0.24600482392902795,0.05974436253361879,0.29073589798780197,0.8533143049483389,0.19163281746027755,0.05076811753828224,0.0,0.0,-6.017913944944553e-11,-1.3830579737028615e-11,0.0,0.0,-1.628194412628403e-10,-2.9687290820090695e-11,0.0,0.0,-0.05437200646875044,-0.008976244995336538
standardized,SR-ATAD5,HA1E,14,0.2842126434617781,0.845284805087472,0.24358137723468504,0.05882387385371411,0.2842126434617781,0.845284805087472,0.18915607241737736,0.0499463298071142,0.28577441905156753,0.8449000047026715,0.2438628965701219,0.058904645473283244,0.2987991115851563,0.8413292834848913,0.18575311821417415,0.04901791884492221,0.0015617755897894825,-0.0003848003848003767,0.0002815193354368473,8.077161956913659e-05,0.014586468123378238,-0.003955521602580414,-0.003402954203203229,-0.0009284109621919903,0.013024692533588756,-0.0035707212177800373,-0.05810977835594776,-0.009886726628361042
standardized,SR-ATAD5,HA1E,15,0.2903501297237749,0.8547542471319145,0.24130806450085043,0.05770385672820551,0.2903501297237749,0.8547542471319145,0.18305192065002057,0.04744066261180334,0.2903501297237749,0.8547542471319145,0.2413080645265966,0.057703856730536164,0.2903501297237749,0.8547542471319145,0.18305192068065707,0.04744066261298058,0.0,0.0,2.5746133003323733e-11,2.3306551133472907e-12,0.0,0.0,3.0636509995574104e-11,1.177243025285435e-12,0.0,0.0,-0.0582561438459395,-0.010263194117555583
standardized,SR-ATAD5,HA1E,16,0.29539975952873415,0.8518953047028512,0.2502304855363709,0.06132067739721152,0.29539975952873415,0.8518953047028512,0.2003050058614971,0.05304598382507407,0.29539975952873415,0.8518953047028512,0.2502304852947158,0.06132067731098354,0.29539975952873415,0.8518953047028512,0.2003050055647452,0.05304598377129459,0.0,0.0,-2.4165510148499435e-10,-8.622797337265453e-11,0.0,0.0,-2.9675188972788645e-10,-5.3779473929704835e-11,0.0,0.0,-0.04992547972997059,-0.008274693539688948
standardized,SR-ATAD5,HA1E,17,0.2788030028134192,0.8257165300834741,0.24560523886318206,0.05941779876216959,0.2788030028134192,0.8257165300834741,0.18931917798094886,0.049648804792296754,0.2788030028134192,0.8257165300834741,0.24560523880410495,0.05941779873676025,0.2788030028134192,0.8257165300834741,0.18931917785710073,0.049648804769001104,0.0,0.0,-5.907706546182112e-11,-2.540933852213101e-11,0.0,0.0,-1.2384813730115242e-10,-2.3295645967813527e-11,0.0,0.0,-0.05628606094700426,-0.009768993967759149
standardized,SR-ATAD5,HA1E,18,0.2714980428187677,0.8361112452884687,0.24080250852255675,0.05736949679541421,0.2714980428187677,0.8361112452884687,0.18183636819951707,0.046779226377234404,0.2714980428187677,0.8361112452884687,0.2408025086592261,0.05736949683474757,0.2663176517613757,0.8314833826930489,0.18221128126087463,0.046820397534250754,0.0,0.0,1.3666933695866134e-10,3.93333671189211e-11,-0.005180391057391992,-0.004627862595419851,0.0003749130613575458,4.11711570163488e-05,-0.005180391057391992,-0.004627862595419851,-0.05859122739835143,-0.010549099300496818
standardized,SR-ATAD5,HA1E,19,0.3068712597791824,0.857712150684525,0.24169792583506347,0.05786026842973552,0.3068712597791824,0.857712150684525,0.18408014368799502,0.04794094169157334,0.3068712597791824,0.857712150684525,0.24169792571762239,0.05786026839001683,0.3068712597791824,0.857712150684525,0.1840801435167118,0.04794094166052132,0.0,0.0,-1.1744110128830697e-10,-3.9718688060741415e-11,0.0,0.0,-1.7128317653103408e-10,-3.105201859532336e-11,0.0,0.0,-0.05761778220091054,-0.00991932672949551
standardized,SR-ATAD5,HEPG2,0,0.36420469109501746,0.8760339139213291,0.24053672975599824,0.057174500259025283,0.36420469109501746,0.8760339139213291,0.1809746762387054,0.04758486299741318,0.3669702588605852,0.8764803424927576,0.24041504505903638,0.05718518045356136,0.36893947198059285,0.8764803424927579,0.17996305126833292,0.04745132332112035,0.0027655677655677668,0.00044642857142858096,-0.00012168469696186013,1.0680194536073773e-05,0.004734780885575385,0.00044642857142860313,-0.0010116249703724905,-0.0001335396762928341,0.001969213120007618,2.2204460492503132e-17,-0.060451993790703484,-0.009733857132441012
standardized,SR-ATAD5,HEPG2,1,0.3360687628255558,0.862258992891985,0.24150500745118827,0.057718287921304234,0.3360687628255558,0.862258992891985,0.1836051061473917,0.04823856492879118,0.350960879370518,0.8593350162837978,0.2414007532577891,0.057671947070315824,0.36684731013376376,0.8625087698768201,0.18185147153752074,0.04777752622671572,0.01489211654496222,-0.0029239766081871287,-0.00010425419339920582,-4.6340850988417503e-05,0.030778547308207938,0.0002497769848349929,-0.001753634609870941,-0.0004610387020754579,0.015886430763245717,0.0031737535930221215,-0.05954928172026832,-0.009894420843600097
standardized,SR-ATAD5,HEPG2,2,0.31472458984219986,0.8634719953137138,0.23941738081549918,0.056761976445105077,0.31472458984219986,0.8634719953137138,0.17884504655788536,0.04680001656987594,0.31472458984219986,0.8634719953137138,0.23941737990099812,0.05676197611139115,0.31472458984219986,0.8634719953137138,0.17884504524256634,0.04680001634192601,0.0,0.0,-9.145010582134461e-10,-3.337139245496168e-10,0.0,0.0,-1.315318998162951e-09,-2.2794992282637594e-10,0.0,0.0,-0.06057233465843177,-0.009961959769465147
standardized,SR-ATAD5,HEPG2,3,0.3322244950169838,0.8842577259411396,0.23476354231436458,0.05477328462086882,0.3322244950169838,0.8842577259411396,0.1707652232786443,0.043745799949317286,0.3322244950169838,0.8842577259411396,0.2347635415299009,0.05477328434957196,0.3346841455389506,0.8741645582392762,0.17106908740586388,0.043649891661088555,0.0,0.0,-7.844636829013041e-10,-2.71296872467186e-10,0.0024596505219667887,-0.010093167701863349,0.0003038641272196024,-9.590828822872433e-05,0.0024596505219667887,-0.010093167701863349,-0.06369445412403701,-0.011123392688483395
standardized,SR-ATAD5,HEPG2,4,0.39018017967633345,0.8804420818571849,0.23493723386280344,0.055125829715545804,0.39018017967633345,0.8804420818571849,0.17231366226315326,0.04427974005515814,0.39018017967633345,0.8804420818571849,0.234937233224385,0.05512582950087467,0.39018017967633345,0.8804420818571849,0.17231265326705753,0.04427953703616297,0.0,0.0,-6.384184403351866e-10,-2.1467113781037383e-10,0.0,0.0,-1.0089960957360144e-06,-2.0301899517349843e-07,0.0,0.0,-0.06262457995732748,-0.010846292464711704
standardized,SR-ATAD5,HEPG2,5,0.341103450091744,0.8521255001161208,0.23768612590322605,0.056384235443344546,0.341103450091744,0.8521255001161208,0.17874353752246447,0.04690348653076398,0.341103450091744,0.8521255001161208,0.23768612537261863,0.05638423523439349,0.34078048423154933,0.8523965028261479,0.17875083212875448,0.0469032536784008,0.0,0.0,-5.306074246647085e-10,-2.08951053681794e-10,-0.0003229658601946239,0.0002710027100270906,7.29460629000922e-06,-2.3285236318559833e-07,-0.0003229658601946239,0.0002710027100270906,-0.05893529324386413,-0.009480981555992685
standardized,SR-ATAD5,HEPG2,6,0.3991779654697427,0.8695631087531819,0.2401439990459709,0.05716440035382342,0.3991779654697427,0.8695631087531819,0.1825002778126342,0.04792302003305313,0.3991779654697427,0.8695631087531819,0.24014399830264965,0.057164400083108066,0.3991779654697427,0.8695631087531819,0.1825002767086345,0.047923019844283064,0.0,0.0,-7.433212212415441e-10,-2.7071534736133886e-10,0.0,0.0,-1.1039997249717715e-09,-1.8877006485729097e-10,0.0,0.0,-0.05764372159401517,-0.009241380238825004
standardized,SR-ATAD5,HEPG2,7,0.4271336343701696,0.8709315611994672,0.24463659750625927,0.05917604789862503,0.4271336343701696,0.8709315611994672,0.19299273390479027,0.05121368729615287,0.4271336343701696,0.8709315611994672,0.24463659664153034,0.059176047599901936,0.413627434440746,0.8683726386405446,0.19292831877817845,0.05116840672003205,0.0,0.0,-8.64728888494426e-10,-2.987231011164493e-10,-0.013506199929423568,-0.0025589225589225605,-6.441512661182203e-05,-4.528057612082255e-05,-0.013506199929423568,-0.0025589225589225605,-0.0517082778633519,-0.008007640879869885
standardized,SR-ATAD5,HEPG2,8,0.3891806141422437,0.8738443255217332,0.23476719655473052,0.05500512757926286,0.3891806141422437,0.8738443255217332,0.17195777747611024,0.044682249355677786,0.3891806141422437,0.8738443255217332,0.2347671957861006,0.05500512732064757,0.38685801203432274,0.8739676574097709,0.16984524582248034,0.04430977919375301,0.0,0.0,-7.686299208220504e-10,-2.586152861305813e-10,-0.002322602107920929,0.00012333188803774763,-0.0021125316536298676,-0.0003724701619247775,-0.002322602107920929,0.00012333188803774763,-0.06492194996362025,-0.01069534812689456
standardized,SR-ATAD5,HEPG2,9,0.36904697742034565,0.868571859823988,0.23944604018685553,0.056954856393619455,0.36904697742034565,0.868571859823988,0.18280129051833627,0.048071945054810855,0.3575515596400981,0.8666561510117274,0.23938772918292078,0.05695326139902977,0.33147661497536307,0.8497979134638347,0.18348720076881214,0.04801245853142763,-0.011495417780247496,-0.0019157088122605304,-5.831100393474675e-05,-1.5949945896834295e-06,-0.03757036244498254,-0.01877394636015326,0.0006859102504758741,-5.948652338322313e-05,-0.026074944664735044,-0.01685823754789273,-0.05590052841410864,-0.00894080286760214
standardized,SR-ATAD5,HEPG2,10,0.31936498688477905,0.861934838652035,0.23602298210680644,0.055558843858093135,0.31936498688477905,0.861934838652035,0.1767636392964742,0.04590553860938111,0.3071204990879274,0.8523490398354671,0.23734981479023354,0.05611516489406334,0.28537453949370584,0.8393312883561771,0.18009356512829264,0.046587191481219106,-0.012244487796851666,-0.009585798816568047,0.001326832683427087,0.0005563210359702184,-0.03399044739107325,-0.02260355029585801,0.003329925831818423,0.0006816528718379976,-0.02174595959422158,-0.013017751479289963,-0.05725624966194093,-0.009527973412844237
standardized,SR-ATAD5,HEPG2,11,0.34472140201983753,0.8276750850430782,0.2374448040842121,0.05578799809140385,0.34472140201983753,0.8276750850430782,0.17449344237202782,0.04503962298233827,0.34472140201983753,0.8276750850430782,0.23744480344040406,0.055787997857407456,0.338461752477753,0.8289505952471596,0.17394729704868925,0.044975711478264416,0.0,0.0,-6.438080235593447e-10,-2.339963958708502e-10,-0.006259649542084444,0.0012755102040816091,-0.0005461453233385705,-6.3911504073845e-05,-0.006259649542084444,0.0012755102040816091,-0.06349750639171484,-0.010812286379143037
standardized,SR-ATAD5,HEPG2,12,0.39555833315994915,0.8705497106131685,0.23558784326967092,0.055242491544343755,0.39555833315994915,0.8705497106131685,0.17367403125012407,0.044942589420819905,0.39555833315994915,0.8705497106131685,0.23558784246735506,0.05524249124909013,0.39555833315994915,0.8705497106131685,0.17367403003067075,0.044942589207825755,0.0,0.0,-8.023158803993624e-10,-2.952536243272519e-10,0.0,0.0,-1.2194533105525095e-09,-2.1299415009501388e-10,0.0,0.0,-0.061913812436684326,-0.010299902041264372
standardized,SR-ATAD5,HEPG2,13,0.4008086348583285,0.8576500416715291,0.235368742964357,0.05505306243581989,0.4008086348583285,0.8576500416715291,0.17300426238439534,0.044771141834028465,0.4008086348583285,0.8576500416715291,0.23536874235505284,0.05505306222715722,0.40404681899949313,0.8559726223166905,0.17309848961617158,0.044774627339417915,0.0,0.0,-6.093041848842518e-10,-2.086626677000325e-10,0.0032381841411646462,-0.0016774193548387162,9.422723177623382e-05,3.4855053894500276e-06,0.0032381841411646462,-0.0016774193548387162,-0.062270252738881246,-0.010278434887739307
standardized,SR-ATAD5,HEPG2,14,0.40941653334349565,0.8718371021006932,0.24043552601896973,0.057166912087720456,0.40941653334349565,0.8718371021006932,0.18126102128361454,0.04743386295342001,0.4101491340760964,0.872106643879669,0.24042434440368413,0.05716508870217736,0.3858108230131028,0.8634813069524452,0.18222637634704228,0.047979282733720124,0.00073260073260073,0.0002695417789757348,-1.1181615285610347e-05,-1.8233855430926927e-06,-0.02360571033039279,-0.008355795148248002,0.0009653550634277197,0.0005454197803001174,-0.02433831106299352,-0.008625336927223736,-0.05819796805664183,-0.009185805968457238
standardized,SR-ATAD5,HEPG2,15,0.3824337509722423,0.8666278619301828,0.23946668730806672,0.05698610833015314,0.3824337509722423,0.8666278619301828,0.18070153365482378,0.04749754671527111,0.38368932982063664,0.8692701383529469,0.23922891989279615,0.05692117245124053,0.38810156071761376,0.875570951361077,0.1797180308420331,0.04739055553820894,0.001255578848394312,0.002642276422764245,-0.00023776741527061217,-6.493587891261699e-05,0.005667809745371399,0.008943089430894325,-0.0009835028127906543,-0.00010699117706216912,0.004412230896977088,0.00630081300813008,-0.05951088905076303,-0.009530616913031588
standardized,SR-ATAD5,HEPG2,16,0.35893177000202636,0.8890799324922904,0.23694111558248204,0.05585397612977829,0.35893177000202636,0.8890799324922904,0.1804128482547512,0.04628356464547871,0.35893177000202636,0.8890799324922904,0.2369411148888699,0.05585397588912372,0.3709238014768384,0.8893845783414907,0.1758472536523133,0.045008895372550185,0.0,0.0,-6.936121510481285e-10,-2.406545782096536e-10,0.01199203147481206,0.00030464584920031346,-0.004565594602437936,-0.0012746692729285309,0.01199203147481206,0.00030464584920031346,-0.061093861236556614,-0.010845080516573537
standardized,SR-ATAD5,HEPG2,17,0.3395752435806407,0.8529258016398604,0.2407687435723575,0.0572062611787578,0.3395752435806407,0.8529258016398604,0.17996773712713515,0.046945096586742174,0.3498137552824453,0.858339335474447,0.24081388078333954,0.057236729873348866,0.3291542505091144,0.8601438467526424,0.1792793764099851,0.04682095132084165,0.01023851170180463,0.00541353383458647,4.513721098199919e-05,3.046869459106677e-05,-0.010420993071526297,0.007218045112781968,-0.0006883607171500161,-0.00012414526590052156,-0.02065950477333093,0.0018045112781954974,-0.061534504373354414,-0.010415778552507212
standardized,SR-ATAD5,HEPG2,18,0.4337755059034749,0.8684867408650941,0.23421489783753283,0.05453029850421422,0.4337755059034749,0.8684867408650941,0.17080760226248426,0.04406953481428354,0.4337755059034749,0.8684867408650941,0.2342148971423051,0.054530298258995226,0.4331238768307932,0.8794062810949791,0.17094915825294477,0.044285916680966764,0.0,0.0,-6.95227742042448e-10,-2.452189853952014e-10,-0.0006516290726817031,0.010919540229885016,0.00014155599046051514,0.00021638186668322402,-0.0006516290726817031,0.010919540229885016,-0.0632657388893603,-0.01024438157802846
standardized,SR-ATAD5,HEPG2,19,0.3967100854120521,0.8762365638395346,0.23887285798492464,0.05653044842635874,0.3967100854120521,0.8762365638395346,0.175392213286731,0.045459417260893566,0.4050726981338169,0.8770446446476156,0.23863382894191001,0.056499436191733365,0.3807523884393554,0.8661355537385246,0.1757289945846728,0.0454518049418907,0.008362612721764784,0.0008080808080808133,-0.00023902904301460471,-3.1012234625371615e-05,-0.01595769697269673,-0.0101010101010101,0.00033678129794182385,-7.61231900285389e-06,-0.02432030969446151,-0.010909090909090913,-0.06290483435723718,-0.01104763124984266
standardized,SR-ATAD5,HT29,0,0.27439573852562343,0.8363428913585436,0.24225045051826136,0.05835063737095271,0.27439573852562343,0.8363428913585436,0.18789064500924693,0.04931749474020697,0.28134962881493186,0.8445417953412543,0.2416959967204051,0.05818154040286316,0.2946503518592923,0.8360896265227457,0.18674570832186768,0.04911663829465993,0.00695389028930842,0.00819890398271068,-0.0005544537978562525,-0.0001690969680895535,0.02025461333366883,-0.00025326483579795055,-0.0011449366873792443,-0.0002008564455470374,0.01330072304436041,-0.008452168818508632,-0.05495028839853742,-0.009064902108203227
standardized,SR-ATAD5,HT29,1,0.3436256910455161,0.8629005393847666,0.23984199249300947,0.0571729039659261,0.3436256910455161,0.8629005393847666,0.18144595978731537,0.04743328088489636,0.3436256910455161,0.8629005393847666,0.23984199232301306,0.057172903900139425,0.375076494581343,0.8653730668572942,0.17849675838018636,0.046688977106240946,0.0,0.0,-1.6999637808545742e-10,-6.578668443335545e-11,0.03145080353582691,0.0024725274725274637,-0.002949201407129004,-0.0007443037786554133,0.03145080353582691,0.0024725274725274637,-0.06134523394282672,-0.010483926793898474
standardized,SR-ATAD5,HT29,2,0.2910247112034491,0.8559233530464629,0.24549525115014345,0.05951522628474022,0.2910247112034491,0.8559233530464629,0.1912979262201066,0.050452377512430716,0.2910247112034491,0.8559233530464629,0.2454952508752938,0.059515226188678085,0.2910247112034491,0.8559233530464629,0.19129792579100405,0.05045237741830964,0.0,0.0,-2.748496541471468e-10,-9.606213047241852e-11,0.0,0.0,-4.2910257569417353e-10,-9.412107482287269e-11,0.0,0.0,-0.054197325084289774,-0.009062848770368448
standardized,SR-ATAD5,HT29,3,0.2938216288529863,0.8565398776005646,0.2424058976482817,0.05835842775424338,0.2938216288529863,0.8565398776005646,0.18656635245874298,0.04916456927127818,0.2938216288529863,0.8565398776005646,0.24240589744032554,0.05835842767731454,0.2938216288529863,0.8565398776005646,0.1865663520163202,0.04916456917612099,0.0,0.0,-2.0795611899160348e-10,-7.692884246290887e-11,0.0,0.0,-4.4242275398787e-10,-9.515719184838289e-11,0.0,0.0,-0.055839545424005335,-0.009193858501193553
standardized,SR-ATAD5,HT29,4,0.2971550169721593,0.8475549649620142,0.24537387034043423,0.05947639433032785,0.2971550169721593,0.8475549649620142,0.1908379978189891,0.050324870103545395,0.2971550169721593,0.8475549649620142,0.24537387014847437,0.05947639427016803,0.33562107187518614,0.8520265096774613,0.1893925618702911,0.04998473608635376,0.0,0.0,-1.9195985911935053e-10,-6.015981601770192e-11,0.03846605490302687,0.004471544715447173,-0.0014454359486980096,-0.00034013401719163036,0.03846605490302687,0.004471544715447173,-0.055981308278183275,-0.009491658183814273
standardized,SR-ATAD5,HT29,5,0.2945421762525767,0.8403842627901857,0.2464095225140493,0.06014360224582756,0.2945421762525767,0.8403842627901857,0.1953884506608877,0.051820773898307526,0.2803969823624936,0.8458106193793331,0.2461095711849417,0.06015963177601909,0.28297757144709634,0.8437951155033641,0.1953266879627782,0.051909535533187626,-0.014145193890083136,0.005426356589147275,-0.0002999513291076117,1.6029530191535855e-05,-0.011564604805480416,0.003410852713178292,-6.176269810949097e-05,8.876163488008987e-05,0.0025805890846027192,-0.0020155038759689823,-0.050782883222163476,-0.00825009624283147
standardized,SR-ATAD5,HT29,6,0.3081099787335078,0.8562587482283451,0.24684834440054004,0.0601918256534472,0.3081099787335078,0.8562587482283451,0.19508414079981523,0.05192870502342254,0.31739352853026664,0.8551210301045067,0.2465839767659705,0.06019180750045885,0.3157845047353296,0.8578506497541527,0.19473085120962466,0.05187092696897829,0.009283549796758838,-0.0011377181238384048,-0.0002643676345695567,-1.8152988345843112e-08,0.007674526001821785,0.0015919015258076818,-0.0003532895901905586,-5.777805444424633e-05,-0.0016090237949370535,0.002729619649646087,-0.051853125556345823,-0.00832088053148056
standardized,SR-ATAD5,HT29,7,0.31632381998381726,0.8341675042640319,0.243866072821208,0.05865131609262183,0.31632381998381726,0.8341675042640319,0.1857389174210646,0.048402576237810066,0.29446972176637176,0.8381279003036358,0.24677588353638988,0.06009474384298834,0.29944411263166437,0.8244809368048909,0.190717768625141,0.049927422409017326,-0.021854098217445505,0.003960396039603964,0.002909810715181871,0.001443427750366512,-0.016879707352152877,-0.00968656745914107,0.0049788512040763845,0.0015248461712072544,0.004974390865292627,-0.013646963498745035,-0.05605811491124888,-0.010167321433971014
standardized,SR-ATAD5,HT29,8,0.3172098260115014,0.8722472957940284,0.2404575088359075,0.057586964046838364,0.3172098260115014,0.8722472957940284,0.1846167764741495,0.048094136286491423,0.31719674935710657,0.8681631530910512,0.24236487462009312,0.05825323951284088,0.312671991332626,0.8622420586963327,0.1848819558595368,0.048140012764753305,-1.3076654394794663e-05,-0.004084142702977256,0.0019073657841856162,0.0006662754660025194,-0.004537834678875352,-0.010005237097695652,0.00026517938538727915,4.587647826187827e-05,-0.004524758024480558,-0.005921094394718396,-0.05748291876055635,-0.010113226748087577
standardized,SR-ATAD5,HT29,9,0.3397078223333475,0.8490617423588371,0.24492913263558286,0.05944789222564093,0.3397078223333475,0.8490617423588371,0.19374794622136987,0.0515751001650885,0.3478545447684832,0.850648613783107,0.24491463861255366,0.05948261576936002,0.35044642119283764,0.8530515044786806,0.19348116806805993,0.05175241914663427,0.008146722435135683,0.0015868714242697646,-1.4494023029182345e-05,3.4723543719097916e-05,0.010738598859490151,0.0039897621198434095,-0.0002667781533099545,0.00017731898154577514,0.002591876424354467,0.002402890695573645,-0.05143347054449375,-0.007730196622725759
standardized,SR-ATAD5,HT29,10,0.31233463202699435,0.8449024785970135,0.24677009192907606,0.06022797090282794,0.31233463202699435,0.8449024785970135,0.19569420806486773,0.052150745123817135,0.3121542355762001,0.8473406534489815,0.2465257906738556,0.060181798531747946,0.31306025392268133,0.8479295735025113,0.19537092485804208,0.05210202454174946,-0.0001803964507942568,0.002438174851967978,-0.0002443012552204582,-4.6172371079999944e-05,0.0007256218956869121,0.00302709490549784,-0.00032328320682563084,-4.8720582067678095e-05,0.0009060183464811688,0.0005889200535298622,-0.05115486581581352,-0.008079773989998481
standardized,SR-ATAD5,HT29,11,0.32968499152214414,0.8734650569211679,0.2390382528063982,0.05680227692697502,0.32968499152214414,0.8734650569211679,0.18041360119730884,0.04701931986141919,0.3472962682909162,0.8770093607186362,0.2389182340940228,0.05682514819687654,0.35713753813218607,0.8770093607186362,0.18027341677848524,0.04717376325805511,0.01761127676877202,0.0035443037974683513,-0.00012001871237543038,2.287126990151295e-05,0.027452546610041872,0.0035443037974683513,-0.00014018441882360233,0.0001544433966359192,0.00984126984126985,0.0,-0.05864481731553754,-0.009651384938821426
standardized,SR-ATAD5,HT29,12,0.3411084612458615,0.8707533807505147,0.24381414990640854,0.058918401112894744,0.3411084612458615,0.8707533807505147,0.19184492708628226,0.050784174693479935,0.34281335905259747,0.8766974366945706,0.2433416112082401,0.05888032216241281,0.347604016313966,0.8776881126852466,0.19105415463630443,0.05076250706953851,0.0017048978067359445,0.0059440559440559594,-0.00047253869816845653,-3.807895048192344e-05,0.0064955550681044805,0.00693473193473193,-0.0007907724499778279,-2.1667623941422354e-05,0.0047906572613685364,0.000990675990675971,-0.05228745657193566,-0.008117815092874311
standardized,SR-ATAD5,HT29,13,0.2978112386385183,0.8136013853448498,0.24835541347854712,0.060952649146903216,0.2978112386385183,0.8136013853448498,0.20367842661804914,0.054561359965470034,0.33479927054074327,0.8245028528500911,0.24606205680865312,0.060084589005755196,0.33523540385449124,0.8139526864380761,0.19840756109298693,0.05266837750072315,0.0369880319022249,0.01090146750524108,-0.0022933566698939865,-0.0008680601411480097,0.037424165215972895,0.0003513010932262528,-0.005270865525062193,-0.0018929824647468882,0.0004361333137479995,-0.010550166412014828,-0.04765449571566617,-0.007416211505032055
standardized,SR-ATAD5,HT29,14,0.28593757388767527,0.8536435726899269,0.2428626386669778,0.05851856438864692,0.28593757388767527,0.8536435726899269,0.18654115281373582,0.04907201042748445,0.29969067549058426,0.8546144464763346,0.24516885262941507,0.05947909086328662,0.2932789833382178,0.85234907430805,0.1879208465469673,0.049524590389949254,0.013753101602909046,0.0009708737864077444,0.0023062139624372814,0.000960526474639696,0.007341409450542569,-0.0012944983818770294,0.001379693733231474,0.0004525799624648108,-0.006411692152366477,-0.002265372168284774,-0.057248006082447775,-0.009954500473337367
standardized,SR-ATAD5,HT29,15,0.283686212544198,0.8469329048659617,0.24664903161997342,0.06002220202487056,0.283686212544198,0.8469329048659617,0.19320440052885327,0.0511116404080556,0.3009861013755631,0.8559735755275317,0.24477763238026107,0.05947428737061232,0.3189198758160613,0.851030543921584,0.18962323366528808,0.05017817290052647,0.01729988883136501,0.009040670661570082,-0.0018713992397123569,-0.0005479146542582344,0.03523366327186326,0.004097639055622282,-0.0035811668635651883,-0.0009334675075291246,0.017933774440498245,-0.004943031605947801,-0.05515439871497296,-0.009296114470085848
standardized,SR-ATAD5,HT29,16,0.29913770760221,0.8529939616155872,0.242008073348244,0.05804804135967571,0.29913770760221,0.8529939616155872,0.18347756598462778,0.047866839748049894,0.3081154234589472,0.8496793670083708,0.24123482630504575,0.05782803265152965,0.31513266580785826,0.8474234812387111,0.1818857313344155,0.04729671515284608,0.008977715856737211,-0.0033145946072164366,-0.0007732470431982385,-0.0002200087081460661,0.01599495820564826,-0.005570480376876063,-0.0015918346502122927,-0.000570124595203815,0.007017242348911046,-0.002255885769659627,-0.05934909497063027,-0.010531317498683569
standardized,SR-ATAD5,HT29,17,0.3355104538001572,0.8542308317833956,0.2451049563436086,0.05936556860808353,0.3355104538001572,0.8542308317833956,0.19025774823134986,0.05031115352303915,0.3355104538001572,0.8542308317833956,0.2451049561616169,0.05936556855250348,0.30356734286184434,0.8538643293797306,0.1904955068119851,0.05038412186456661,0.0,0.0,-1.8199171614163844e-10,-5.5580058611059966e-11,-0.03194311093831284,-0.0003665024036650255,0.00023775858063523891,7.296834152745457e-05,-0.03194311093831284,-0.0003665024036650255,-0.054609449349631765,-0.00898144668793686
standardized,SR-ATAD5,HT29,18,0.27717835454462036,0.8414611075484218,0.24487512575389925,0.059281209029508584,0.27717835454462036,0.8414611075484218,0.188609228238308,0.04937826552533571,0.2841978222901977,0.8184434867651417,0.2469156867763543,0.06008757082838016,0.27373218781736475,0.7739502137899968,0.19246232641609023,0.04984098588135153,0.007019467745577321,-0.0230176207832802,0.002040561022455101,0.0008063617988715868,-0.0034461667272556616,-0.06751089375842505,0.0038530981777822213,0.00046272035601581526,-0.010465634472832983,-0.04449327297514485,-0.05445336036026409,-0.010246584947028643
standardized,SR-ATAD5,HT29,19,0.298170546779754,0.8508152989245426,0.24283187792782543,0.05822645562585006,0.298170546779754,0.8508152989245426,0.18227479712557768,0.047285663811580496,0.298170546779754,0.8508152989245426,0.24283187772491485,0.05822645554447923,0.3054489565076411,0.8565845296937734,0.18181719995454818,0.04719701199345456,0.0,0.0,-2.0291059388277687e-10,-8.137083645776144e-11,0.007278409727887075,0.005769230769230749,-0.00045759717102950015,-8.86518181259413e-05,0.007278409727887075,0.005769230769230749,-0.06101467777036669,-0.011029443551024667
standardized,SR-ATAD5,MCF7,0,0.2681407667008263,0.8312250501575686,0.2325618700070889,0.054073055441353636,0.2681407667008263,0.8312250501575686,0.16745927412084494,0.042458414038498045,0.2681407667008263,0.8312250501575686,0.23256186987304103,0.05407305540141834,0.2681407667008263,0.8312250501575686,0.16745927393633048,0.04245841401213306,0.0,0.0,-1.3404782839288032e-10,-3.9935298123960905e-11,0.0,0.0,-1.8451447592049418e-10,-2.6364982419480042e-11,0.0,0.0,-0.06510259593671058,-0.011614641389285273
standardized,SR-ATAD5,MCF7,1,0.23284731725862762,0.8408236709412161,0.23165008949138385,0.05366836019880986,0.23284731725862762,0.8408236709412161,0.1643379732973638,0.04146437820884912,0.23284731725862762,0.8408236709412161,0.2316500893736464,0.0536683601519512,0.23284731725862762,0.8408236709412161,0.16433797315808515,0.04146437818461511,0.0,0.0,-1.1773742536469455e-10,-4.68586544566385e-11,0.0,0.0,-1.3927863862228662e-10,-2.4234015488788786e-11,0.0,0.0,-0.06731211621556125,-0.0122039819673361
standardized,SR-ATAD5,MCF7,2,0.24225860260462034,0.8506724800995416,0.22809039594735006,0.05209127200257156,0.24225860260462034,0.8506724800995416,0.15810484005361952,0.039091226827031825,0.24225860260462034,0.8506724800995416,0.22809039585653923,0.05209127197561837,0.24225860260462034,0.8506724800995416,0.15810483993897714,0.039091226812319066,0.0,0.0,-9.081082552597763e-11,-2.6953186904599136e-11,0.0,0.0,-1.1464237614777772e-10,-1.471275531961247e-11,0.0,0.0,-0.06998555591756209,-0.013000045163299306
standardized,SR-ATAD5,MCF7,3,0.25924624176222344,0.839450241806972,0.2302951586375938,0.053025647266673456,0.25924624176222344,0.839450241806972,0.16152339991116016,0.04047900838453341,0.25924624176222344,0.839450241806972,0.23029515857602548,0.053025647246621975,0.25924624176222344,0.839450241806972,0.16152339983047997,0.04047900837252239,0.0,0.0,-6.15683393156985e-11,-2.0051489635353194e-11,0.0,0.0,-8.068017365303604e-11,-1.2011024119740199e-11,0.0,0.0,-0.06877175874554549,-0.01254663887409958
standardized,SR-ATAD5,MCF7,4,0.24385358586292355,0.8112728115102102,0.2336532869334161,0.054259368995934906,0.24385358586292355,0.8112728115102102,0.16631419166172617,0.04163973622849478,0.24385358586292355,0.8112728115102102,0.2336532868604817,0.054259368965918285,0.2539426147092775,0.8092835371679948,0.1662119870775197,0.041671517623353874,0.0,0.0,-7.293442516598248e-11,-3.0016629459783674e-11,0.010089028846353923,-0.001989274342215519,-0.00010220458420648337,3.178139485908727e-05,0.010089028846353923,-0.001989274342215519,-0.067441299782962,-0.012587851342564415
standardized,SR-ATAD5,MCF7,5,0.3162279712183203,0.845093926397624,0.2323800559424189,0.054062495417671864,0.3162279712183203,0.845093926397624,0.1700050426590582,0.0428298876933624,0.3162279712183203,0.845093926397624,0.2323800558177362,0.054062495370928186,0.3162279712183203,0.845093926397624,0.17000504251813917,0.04282988767122516,0.0,0.0,-1.2468270305099338e-10,-4.674367282131442e-11,0.0,0.0,-1.409190347745337e-10,-2.213723926391964e-11,0.0,0.0,-0.06237501329959705,-0.011232607699703032
standardized,SR-ATAD5,MCF7,6,0.2384723673091779,0.8248754032319965,0.23428460243216773,0.05462357727776784,0.2384723673091779,0.8248754032319965,0.1673308187040648,0.04232036693506082,0.2384723673091779,0.8248754032319965,0.23428460227050246,0.05462357721250699,0.2384723673091779,0.8248754032319965,0.1673308185329914,0.04232036690263158,0.0,0.0,-1.6166523675309463e-10,-6.526086199221126e-11,0.0,0.0,-1.7107342209499165e-10,-3.242924401236635e-11,0.0,0.0,-0.06695378373751111,-0.012303210309875409
standardized,SR-ATAD5,MCF7,7,0.23013730350445988,0.8154376991438456,0.24472120395853594,0.0588723350159597,0.23013730350445988,0.8154376991438456,0.18604281440752904,0.04800277822795511,0.23013730350445988,0.8154376991438456,0.2447212038720145,0.05887233498312816,0.23772540877163523,0.834329790082046,0.18521239443103027,0.047902700075483785,0.0,0.0,-8.652147887033834e-11,-3.283153748867562e-11,0.007588105267175352,0.018892090938200434,-0.0008304199764987835,-0.00010007815247132859,0.007588105267175352,0.018892090938200434,-0.059508809440984224,-0.010969634907644379
standardized,SR-ATAD5,MCF7,8,0.2625052582471231,0.8298176859315222,0.23449666346507825,0.05470989402533175,0.2625052582471231,0.8298176859315222,0.17003084726225018,0.04308472157908968,0.26111927777649874,0.8318886918486819,0.23487665358121657,0.05502207114829211,0.2688745774161749,0.8182015148581943,0.17010413425514678,0.043132237276982004,-0.0013859804706243567,0.0020710059171597404,0.00037999011613834566,0.0003121771229603498,0.006369319169051799,-0.011616171073327885,7.328699289660957e-05,4.751569789232246e-05,0.007755299639676155,-0.013687176990487626,-0.0647725193260698,-0.0118898338713101
standardized,SR-ATAD5,MCF7,9,0.28251512105132554,0.8007868003340988,0.23238090301057057,0.05377570231142672,0.28251512105132554,0.8007868003340988,0.16702237350435784,0.04185869197335994,0.2832440586084986,0.8008932682606359,0.23236336267843485,0.0537786783084359,0.28251512105132554,0.8007868003340988,0.1670223734156053,0.04185869195481934,0.0007289375571730816,0.00010646792653714598,-1.7540332135734803e-05,2.975997009176112e-06,0.0,0.0,-8.875254975393432e-11,-1.8540596835592283e-11,-0.0007289375571730816,-0.00010646792653714598,-0.06534098926282952,-0.011919986353616564
standardized,SR-ATAD5,MCF7,10,0.2342174039550433,0.8390170889952954,0.23574506730334494,0.05545989962652407,0.2342174039550433,0.8390170889952954,0.17352329376047276,0.04425694263757348,0.2342174039550433,0.8390170889952954,0.23574506713316606,0.055459899567313786,0.285140413266275,0.8450362836470999,0.16663201760991808,0.04251553410589781,0.0,0.0,-1.701788987507058e-10,-5.921027973476711e-11,0.05092300931123169,0.006019194651804538,-0.006891276150554673,-0.0017414085316756708,0.05092300931123169,0.006019194651804538,-0.06911304952324798,-0.01294436546141598
standardized,SR-ATAD5,MCF7,11,0.2524403541261523,0.8463027367011826,0.23410793438966349,0.0545432353419625,0.2524403541261523,0.8463027367011826,0.16709521079279108,0.0422428740281318,0.2524403541261523,0.8463027367011826,0.2341079342802228,0.054543235303658136,0.2707342465610245,0.8492257237198514,0.16534795372148567,0.0417575979314954,0.0,0.0,-1.0944070094609514e-10,-3.830437494967143e-11,0.018293892434872235,0.0029229870186688657,-0.0017472570713054163,-0.00048527609663639727,0.018293892434872235,0.0029229870186688657,-0.0687599805587371,-0.012785637372162728
standardized,SR-ATAD5,MCF7,12,0.2437241167172377,0.827266005254048,0.2356762544886477,0.055047007140419525,0.2437241167172377,0.827266005254048,0.16919493062958688,0.04268152288027527,0.2437241167172377,0.827266005254048,0.23567625433321965,0.05504700708807422,0.23898826526687417,0.8284082690131344,0.1687651934143425,0.042620104613694795,0.0,0.0,-1.5542806486301686e-10,-5.234530725539699e-11,-0.004735851450363537,0.001142263759086215,-0.00042973721524439124,-6.1418266580468e-05,-0.004735851450363537,0.001142263759086215,-0.06691106091887714,-0.012426902474379416
standardized,SR-ATAD5,MCF7,13,0.261142534681616,0.8104584897945515,0.2413544667321322,0.057784036327913756,0.261142534681616,0.8104584897945515,0.18643188976586625,0.04840454818766727,0.2671773573845605,0.8178838328131148,0.2405994860431365,0.05757644440362573,0.2792439213792872,0.8218386350730016,0.18512214680311412,0.04823149722174615,0.006034822702944492,0.007425343018563369,-0.0007549806889956767,-0.0002075919242880239,0.01810138669767118,0.011380145278450349,-0.001309742962752125,-0.000173050965921117,0.012066563994726687,0.00395480225988698,-0.055477339240022405,-0.009344947181879582
standardized,SR-ATAD5,MCF7,14,0.2456075439562257,0.8355002094848839,0.23537340397676618,0.054957499203643366,0.2456075439562257,0.8355002094848839,0.16530390331486658,0.04149769492220268,0.2456075439562257,0.8355002094848839,0.23537340388447908,0.0549574991716129,0.2456075439562257,0.8355002094848839,0.16530390319168367,0.041497694907847785,0.0,0.0,-9.228710573516707e-11,-3.203046855526637e-11,0.0,0.0,-1.231829138692575e-10,-1.4354888111522967e-11,0.0,0.0,-0.07006950069279541,-0.013459804263765113
standardized,SR-ATAD5,MCF7,15,0.24450934006623948,0.829575480755069,0.2331709538787699,0.05418673815165487,0.24450934006623948,0.829575480755069,0.16454013227659633,0.04116539346506801,0.24450934006623948,0.829575480755069,0.23317095383825434,0.054186738136215475,0.2599183734345144,0.8335318563631567,0.16342752890609485,0.041033321725549944,0.0,0.0,-4.051551316663904e-11,-1.5439392819782682e-11,0.015409033368274877,0.0039563756080877475,-0.0011126033705014832,-0.00013207173951807136,0.015409033368274877,0.0039563756080877475,-0.0697434249321595,-0.013153416410665536
standardized,SR-ATAD5,MCF7,16,0.2290167593011896,0.8127831872671696,0.24005131548237973,0.056766823248522794,0.2290167593011896,0.8127831872671696,0.17527049856322133,0.04451605925608022,0.2290167593011896,0.8127831872671696,0.24005131537476956,0.05676682321644881,0.2290167593011896,0.8127831872671696,0.1752704984647,0.0445160592444374,0.0,0.0,-1.0761019852978393e-10,-3.2073974032265083e-11,0.0,0.0,-9.852130222753885e-11,-1.1642833225300465e-11,0.0,0.0,-0.06478081691006957,-0.012250763972011422
standardized,SR-ATAD5,MCF7,17,0.27952133264509216,0.8499636447244413,0.23245422470638877,0.05386275936042072,0.27952133264509216,0.8499636447244413,0.1680597876163144,0.042425646883740474,0.2851282320026805,0.8494129839314898,0.23210089393243222,0.05366895342531806,0.28139040577016033,0.8313876838466172,0.1672583681304324,0.041757971393725515,0.005606899357588363,-0.0005506607929515628,-0.000353330773956545,-0.0001938059351026658,0.0018690731250682157,-0.01857596087782405,-0.0008014194858820212,-0.0006676754900149628,-0.0037378262325201473,-0.018025300084872485,-0.06484252580199983,-0.011910982031592543
standardized,SR-ATAD5,MCF7,18,0.262168548478018,0.8151307529005744,0.23711655672338905,0.0556971970092334,0.262168548478018,0.8151307529005744,0.17545558107501746,0.04471198953503517,0.262168548478018,0.8151307529005744,0.237116556546205,0.05569719694530859,0.262168548478018,0.8151307529005744,0.17545558090200117,0.04471198950749115,0.0,0.0,-1.7718404521360753e-10,-6.392480850214711e-11,0.0,0.0,-1.730162957347403e-10,-2.7544028169401712e-11,0.0,0.0,-0.06166097564420385,-0.010985207437817444
standardized,SR-ATAD5,MCF7,19,0.24330681703143603,0.829893118912703,0.23129451917414823,0.053333149546045865,0.24330681703143603,0.829893118912703,0.16306976023133019,0.040885569726988334,0.24330681703143603,0.829893118912703,0.23129451908865137,0.0533331495119276,0.2541498097186209,0.8380781444757233,0.1619899765149395,0.040761959022543245,0.0,0.0,-8.549684293868154e-11,-3.411826515753447e-11,0.01084299268718485,0.008185025563020254,-0.0010797837163906698,-0.00012361070444508738,0.01084299268718485,0.008185025563020254,-0.06930454257371191,-0.012571190489384354
standardized,SR-HSE,HA1E,0,0.23086464225607214,0.7689464640948259,0.48472594042449674,0.14860914989191545,0.23086464225607214,0.7689464640948259,0.23901332632441155,0.06168794931295955,0.23413299091198359,0.7644394120071286,0.4848764278201342,0.14880939475042707,0.2291496964392366,0.7631352686489056,0.23723827607934228,0.061345718698409914,0.0032683486559114405,-0.0045070520876972385,0.00015048739563739978,0.00020024485851162787,-0.0017149458168355836,-0.005811195445920325,-0.001775050245069265,-0.00034223061454965314,-0.004983294472747024,-0.0013041433582230866,-0.2476381517407919,-0.08746367605201717
standardized,SR-HSE,HA1E,1,0.22080841168723914,0.7630790440856552,0.4827520486242586,0.14762661740971073,0.22080841168723914,0.7630790440856552,0.23301375304037952,0.05946498962114353,0.23606228194450493,0.7541316756646026,0.4836416125950539,0.1480855836443747,0.2415332463728231,0.7541316756646026,0.23143637316644003,0.05923618617920947,0.01525387025726584,-0.008947368421052638,0.0008895639707953374,0.00045896623466397114,0.020724834685584014,-0.008947368421052638,-0.0015773798739395107,-0.00022880344193405567,0.005470964428318176,0.0,-0.25220523942861395,-0.08884939746516525
standardized,SR-HSE,HA1E,2,0.24048158817303555,0.7647242715301971,0.4826878717985304,0.14756310666708852,0.24048158817303555,0.7647242715301971,0.22527806798968575,0.05739471710142696,0.27760256578471354,0.802192220248146,0.47919913260357516,0.14626633560575336,0.26105987767485406,0.7796814748651942,0.21904950981377258,0.055859616536858316,0.03712097761167797,0.037467948717948764,-0.0034887391949552484,-0.0012967710613351613,0.020578289501818482,0.014957203334997171,-0.006228558175913168,-0.0015351005645686492,-0.01654268810985949,-0.022510745382951593,-0.2601496227898025,-0.09040671906889505
standardized,SR-HSE,HA1E,3,0.2196958414835315,0.7432770584186407,0.4832610856550471,0.14785717387982625,0.2196958414835315,0.7432770584186407,0.22835960683684736,0.058127676961255995,0.25624196183344206,0.7741913387069719,0.479918172717723,0.1465868596647335,0.26885110482414787,0.7919168451840918,0.22164363342044976,0.05703481688977334,0.0365461203499106,0.030914280288331163,-0.0033429129373240387,-0.0012703142150927438,0.049155263340616415,0.04863978676545109,-0.006715973416397597,-0.0010928600714826416,0.012609142990705818,0.017725506477119922,-0.2582745392972733,-0.08955204277496014
standardized,SR-HSE,HA1E,4,0.2767411870407887,0.7909020213034529,0.4856005269819758,0.14898482576666788,0.2767411870407887,0.7909020213034529,0.24839889061560227,0.06393455583690719,0.2859078537074554,0.8039197727827428,0.48522015288377884,0.14882613208571033,0.2767411870407887,0.7909020213034529,0.24839889022946865,0.06393455578279406,0.009166666666666656,0.01301775147928994,-0.0003803740981969672,-0.000158693680957539,0.0,0.0,-3.861336222987788e-10,-5.411312162251214e-11,-0.009166666666666656,-0.01301775147928994,-0.23682126265431025,-0.08489157630291627
standardized,SR-HSE,HA1E,5,0.24909361427145188,0.740616731967038,0.48248526964806693,0.14748931791847925,0.24909361427145188,0.740616731967038,0.23635668374038588,0.06023226876511475,0.2492322342620521,0.7427294080233762,0.482200985978089,0.1473584078709083,0.26731685094375174,0.7314890175761659,0.23478084141929015,0.059983653059662356,0.00013861999060024165,0.0021126760563380254,-0.0002842836699779805,-0.00013091004757095348,0.018223236672299876,-0.009127714390872278,-0.001575842321095755,-0.00024861570545239994,0.018084616681699632,-0.011240390447210303,-0.24742014455879885,-0.08737475481124593
standardized,SR-HSE,HA1E,6,0.19143455158376843,0.7641860417016656,0.48166426909561827,0.14708476854156022,0.19143455158376843,0.7641860417016656,0.2218854647023794,0.05602198533720674,0.1910172333418917,0.7644347979205711,0.48189715148166606,0.14719262408767084,0.17474086850932183,0.7539296314452553,0.21889521306611517,0.05563621791546647,-0.00041731824187675183,0.00024875621890545484,0.00023288238604786128,0.0001078555461106523,-0.01669368307444661,-0.010256410256410286,-0.0029902516362642294,-0.0003857674217402754,-0.016276364832569855,-0.010505166475315741,-0.2630019384155509,-0.09155640617220438
standardized,SR-HSE,HA1E,7,0.23264346780153958,0.7677942516708591,0.4836506120755214,0.14806400970592312,0.23264346780153958,0.7677942516708591,0.24040326700262246,0.06190425160613176,0.2600408545384706,0.799938081045639,0.4820777281982279,0.1474261909473967,0.26910871141214754,0.7698525466116062,0.23391773137334643,0.06071478173380966,0.027397386736931012,0.032143829374779886,-0.001572883877293485,-0.0006378187585264039,0.03646524361060797,0.002058294940747141,-0.006485535629276035,-0.0011894698723221033,0.009067856873676955,-0.030085534434032744,-0.2481599968248815,-0.08671140921358705
standardized,SR-HSE,HA1E,8,0.20385768159992637,0.7457541890029081,0.4823944309264935,0.14742366141167368,0.20385768159992637,0.7457541890029081,0.22336312492132512,0.05658085740515386,0.2084454050875117,0.7514598947086139,0.48205264943195536,0.14732177334676572,0.20572463556392648,0.7517601950089141,0.2221888715665054,0.05643463876354358,0.004587723487585326,0.0057057057057057214,-0.00034178149453812924,-0.00010188806490795676,0.0018669539640001176,0.006006006006006026,-0.001174253354819732,-0.00014621864161028092,-0.002720769523585209,0.0003003003003003046,-0.2598637778654499,-0.09088713458322215
standardized,SR-HSE,HA1E,9,0.2360931105341911,0.758361589325875,0.4858974941928061,0.14914102807701485,0.2360931105341911,0.758361589325875,0.24242091161804963,0.06250635576624612,0.25968509885748514,0.7945917480560338,0.4838996308358346,0.1482675115525279,0.23079858478367626,0.7545005854648712,0.24105437261587545,0.062334329399382646,0.023591988323293973,0.03623015873015871,-0.0019978633569714523,-0.0008735165244869558,-0.005294525750514856,-0.0038610038610038754,-0.001366539002174183,-0.00017202636686347307,-0.02888651407380883,-0.04009116259116259,-0.24284525821995911,-0.08593318215314524
standardized,SR-HSE,HA1E,10,0.24477350729533165,0.7517241561741222,0.48361698925173063,0.14803299132527875,0.24477350729533165,0.7517241561741222,0.22915863518024576,0.05843338145974632,0.29666540498866845,0.7897348423105143,0.47976090763337637,0.14639463926901547,0.2516991547472949,0.7705553250052912,0.22805886945902926,0.05831140236573049,0.05189189769333682,0.038010686136392004,-0.0038560816183541903,-0.0016383520562632703,0.00692564745196324,0.01883116883116882,-0.0010997657212164947,-0.00012197909401582551,-0.04496625024137359,-0.01917951730522318,-0.2517020381743471,-0.08808323690328498
standardized,SR-HSE,HA1E,11,0.2000817338198853,0.7377844665601407,0.48220345291258004,0.14734269540607398,0.2000817338198853,0.7377844665601407,0.22646877890266998,0.05758750312286254,0.19734325870334715,0.7393412324301287,0.4824360269628272,0.14746136332264478,0.20091807095210318,0.7580474326380774,0.22444520393095443,0.05727148785347909,-0.002738475116538164,0.001556765869987964,0.0002325740502471918,0.00011866791657079712,0.0008363371322179208,0.02026296607793663,-0.002023574971715536,-0.0003160152693834434,0.0035748122487560844,0.018706200207948664,-0.25799082303187276,-0.0901898754691657
standardized,SR-HSE,HA1E,12,0.27443948137966423,0.7751990505607789,0.48352707558363095,0.14796334312812578,0.27443948137966423,0.7751990505607789,0.22922140629848534,0.058513568613150116,0.29771599815664634,0.8033705401029791,0.4796963058642013,0.14636491882614835,0.2900954145738505,0.7779872028587351,0.2264596644855749,0.05795115004416925,0.023276516776982142,0.028171489542200213,-0.0038307697194296607,-0.0015984243019774359,0.015655933194186324,0.0027881522979562147,-0.002761741812910412,-0.0005624185689808686,-0.0076205835827958205,-0.025383337244244,-0.2532366413786264,-0.08841376878197908
standardized,SR-HSE,HA1E,13,0.1871960282562763,0.7175489559809597,0.483309607305561,0.14788001104639686,0.1871960282562763,0.7175489559809597,0.22843589989183605,0.05809836250117221,0.21453774115437083,0.7413833417297148,0.4806376938313579,0.1468234275953879,0.20486511662428936,0.718882289314293,0.22824437438854633,0.05806901060037004,0.02734171289809455,0.02383438574875505,-0.0026719134742031027,-0.00105658345100898,0.0176690883680131,0.0013333333333333196,-0.00019152550328974116,-2.9351900802160326e-05,-0.009672624530081452,-0.02250105241542173,-0.25239331944281157,-0.08875441699501788
standardized,SR-HSE,HA1E,14,0.23348327132836602,0.7730447806089173,0.4833021439551916,0.1478847635099257,0.23348327132836602,0.7730447806089173,0.22951139316890395,0.05872632364621849,0.24086456247159743,0.7657818952650185,0.4814784339708439,0.1472608589653262,0.2419108687696697,0.7665416667040224,0.2252228185812835,0.05808294989494337,0.007381291143231422,-0.007262885343898828,-0.001823709984347699,-0.0006239045445994684,0.008427597441303687,-0.006503113904894997,-0.004288574587620419,-0.0006433737512751197,0.0010463062980722638,0.0007597714390038312,-0.2562556153895604,-0.08917790907038284
standardized,SR-HSE,HA1E,15,0.2376067475948061,0.7645575410879244,0.4829976202728318,0.14776187446560798,0.2376067475948061,0.7645575410879244,0.2384122941392229,0.06123493255078577,0.2560529946335902,0.7766848484952734,0.4824992090142638,0.14753096589272477,0.28218138853603664,0.7722768928385874,0.23422424694437813,0.060430948284187415,0.01844624703878414,0.01212730740734902,-0.000498411258567888,-0.00023090857288322054,0.04457464094123057,0.007719351750662873,-0.004188047194844768,-0.0008039842665983517,0.02612839390244643,-0.004407955656686146,-0.2482749620698857,-0.08710001760853733
standardized,SR-HSE,HA1E,16,0.2373843524606612,0.7737624215868419,0.4825966878666022,0.14755222901940793,0.2373843524606612,0.7737624215868419,0.22992017845479182,0.05869556880160522,0.2707074781135316,0.7757887110251032,0.4830230478142303,0.1479280853951958,0.25164802449582396,0.7558859113599796,0.2270947440704354,0.058277432496448275,0.03332312565287042,0.0020262894382612638,0.0004263599476280744,0.0003758563757878919,0.014263672035162772,-0.01787651022686234,-0.002825434384356412,-0.00041813630515694506,-0.01905945361770765,-0.019902799665123604,-0.2559283037437949,-0.08965065289874752
standardized,SR-HSE,HA1E,17,0.22876825089271668,0.7521692477249544,0.4828518102467573,0.1476554594091976,0.22876825089271668,0.7521692477249544,0.22759883769198863,0.05810099241331368,0.24001812114568616,0.7519250096788588,0.48412964719855794,0.14835198393363305,0.2838314199739246,0.756565309995076,0.22256521969097057,0.05711752293642912,0.011249870252969496,-0.0002442380460956128,0.001277836951800626,0.0006965245244354157,0.05506316908120791,0.004396062270121614,-0.005033618001018087,-0.0009834694768845616,0.04381329882823841,0.004640300316217228,-0.2615644275075874,-0.09123446099720392
standardized,SR-HSE,HA1E,18,0.2597136596282371,0.7456790730292165,0.4816859923932936,0.1470900792967879,0.2597136596282371,0.7456790730292165,0.227969317510247,0.05820326728775921,0.2597136596282371,0.7456790730292165,0.4816859922764659,0.14709007923179312,0.24372576840182267,0.7676200012992587,0.22553864466765144,0.05790603454904107,0.0,0.0,-1.1682768086274108e-10,-6.499480398325375e-11,-0.015987891226414485,0.021940928270042192,-0.0024306728425955216,-0.00029723273871813395,-0.015987891226414485,0.021940928270042192,-0.2561473476088145,-0.08918404468275205
standardized,SR-HSE,HA1E,19,0.2690469322663832,0.7612449663870565,0.48194258981287097,0.14722814234359877,0.2690469322663832,0.7612449663870565,0.22972013559562604,0.058532478742751984,0.3224853214573325,0.7719922185208598,0.4788303678063593,0.14597258939492294,0.2924557643582809,0.7665429796320897,0.22727348169589529,0.05806787286311506,0.05343838919094932,0.010747252133803186,-0.003112222006511722,-0.0012555529486758476,0.023408832091897695,0.005298013245033118,-0.002446653899730805,-0.0004646058796369271,-0.03002955709905163,-0.005449238888770069,-0.2515568861104641,-0.08790471653180787
standardized,SR-HSE,HEPG2,0,0.4091404017571111,0.7978400198486151,0.4767592554910591,0.14465223317642745,0.4091404017571111,0.7978400198486151,0.19624554071347114,0.04803362114733491,0.4091404017571111,0.7978400198486151,0.4767592550482787,0.14465223298171467,0.25294572034777724,0.8034975368219215,0.1951452360583434,0.04802839020089856,0.0,0.0,-4.427803346196413e-10,-1.9471279033567156e-10,-0.1561946814093338,0.005657516973306453,-0.0011003046551277206,-5.230946436345085e-06,-0.1561946814093338,0.005657516973306453,-0.2816140189899353,-0.09662384278081612
standardized,SR-HSE,HEPG2,1,0.3560763130251895,0.7831959471051475,0.4787279910765199,0.14560469455259203,0.3560763130251895,0.7831959471051475,0.2062479182826166,0.050927337124162066,0.3560763130251895,0.7831959471051475,0.4788007934226576,0.14564012608187188,0.29793430829392914,0.7632849376975706,0.20892523191750073,0.051791458075460206,0.0,0.0,7.28023461376126e-05,3.5431529279805754e-05,-0.058142004731260355,-0.01991100940757693,0.002677313634884132,0.0008641209512981404,-0.058142004731260355,-0.01991100940757693,-0.2698755615051568,-0.09384866800641165
standardized,SR-HSE,HEPG2,2,0.2448332711849605,0.724209654821648,0.4799804974712993,0.14621374099329112,0.2448332711849605,0.724209654821648,0.21145784428810593,0.052537017840567336,0.23302035769471482,0.7218232911852843,0.47793995607513695,0.1453820911863213,0.28921673192711694,0.7437748722129524,0.2100042480093892,0.052360481225722164,-0.01181291349024568,-0.002386363636363642,-0.0020405413961622878,-0.0008316498069698197,0.044383460742156405,0.019565217391304346,-0.00145359627871674,-0.00017653661484516857,0.05619637423240209,0.021951581027667987,-0.26793570806574774,-0.09302160996059913
standardized,SR-HSE,HEPG2,3,0.2641096056713923,0.7150368667329585,0.4813888533735201,0.14688201792634947,0.2641096056713923,0.7150368667329585,0.2188539681212765,0.053923664895053625,0.26736303816223106,0.7167530275204893,0.48207084273127226,0.1472755020064383,0.20503758464815175,0.7250368667329585,0.21864792957103743,0.05392168896931214,0.0032534324908387673,0.001716160787530785,0.0006819893577521552,0.00039348408008880174,-0.05907202102324054,0.009999999999999986,-0.00020603855023904605,-1.9759257414826704e-06,-0.062325453514079296,0.008283839212469201,-0.2634229131602349,-0.09335381303712613
standardized,SR-HSE,HEPG2,4,0.26387733282486237,0.7207287010324394,0.4810053724255952,0.1467143645486256,0.26387733282486237,0.7207287010324394,0.2176869682681885,0.05444402220745984,0.2691897922678931,0.7493268318735609,0.4809541831774958,0.14671299966547882,0.24420855072801645,0.7454173457210841,0.21622992560587825,0.05448418259311442,0.005312459443030752,0.028598130841121484,-5.118924809947023e-05,-1.364883146792728e-06,-0.01966878209684591,0.024688644688644644,-0.0014570426623102706,4.016038565457375e-05,-0.024981241539876665,-0.003909486152476838,-0.26472425757161744,-0.0922288170723644
standardized,SR-HSE,HEPG2,5,0.21551148568606893,0.719446982784607,0.47902603054993315,0.1457468041995877,0.21551148568606893,0.719446982784607,0.20462897560928078,0.05024500460517965,0.21551148568606893,0.719446982784607,0.47902602990462545,0.1457468039139394,0.19377551895010217,0.7189315188670812,0.20464576422170136,0.050249505176465835,0.0,0.0,-6.453076850654327e-10,-2.8564828835619947e-10,-0.021735966735966738,-0.0005154639175257936,1.6788612420576277e-05,4.500571286178423e-06,-0.021735966735966738,-0.0005154639175257936,-0.2743802656829241,-0.09549729873747356
standardized,SR-HSE,HEPG2,6,0.21508362638886455,0.7338829335925545,0.4779107715334801,0.14520809740363835,0.21508362638886455,0.7338829335925545,0.20013230706350793,0.04872779480903782,0.21826958967266266,0.7675496002592211,0.4784955574957344,0.1455305808831821,0.21526355286213855,0.7909297172182854,0.19793240351627966,0.04859225623585491,0.003185963283798088,0.033666666666666664,0.0005847859622543194,0.000322483479543767,0.00017992647327396972,0.05704678362573099,-0.002199903547228277,-0.00013553857318290702,-0.003006036810524118,0.023380116959064324,-0.28056315397945475,-0.0969383246473272
standardized,SR-HSE,HEPG2,7,0.23743794531630305,0.7473849049592323,0.4797597010460722,0.14610475461870304,0.23743794531630305,0.7473849049592323,0.2069136889996362,0.05109714718037126,0.23743794531630305,0.7473849049592323,0.4797597001934899,0.14610475423532,0.23743794531630305,0.7473849049592323,0.20691368825304587,0.05109714709770323,0.0,0.0,-8.5258229365337e-10,-3.833830419797124e-10,0.0,0.0,-7.465903395509344e-10,-8.266803491752129e-11,0.0,0.0,-0.272846011940444,-0.09500760713761676
standardized,SR-HSE,HEPG2,8,0.2774006072355932,0.7700166088254939,0.48143510802894535,0.14695410191347252,0.2774006072355932,0.7700166088254939,0.2249004775990732,0.05685293419855316,0.27988518028008136,0.773511754456562,0.4812941118692494,0.14689264705997673,0.26071379935748096,0.7785602981458823,0.22390366139086412,0.056783769512741424,0.0024845730444882142,0.0034951456310679642,-0.00014099615969589418,-6.145485349576263e-05,-0.016686807878112227,0.008543689320388358,-0.0009968162082090392,-6.916468581173729e-05,-0.01917138092260044,0.005048543689320395,-0.25739045047838527,-0.09010887754723532
standardized,SR-HSE,HEPG2,9,0.25653195261846673,0.743181550551037,0.48307773911364416,0.1477224585762177,0.25653195261846673,0.743181550551037,0.2232068059026091,0.05599612477427542,0.260208423206702,0.7456325309431939,0.48252183316916175,0.14747726063851518,0.26145053700830023,0.7480835113353507,0.22301350641889545,0.05597293756452641,0.0036764705882352975,0.002450980392156876,-0.0005559059444824377,-0.0002451979377025293,0.004918584389833563,0.004901960784313731,-0.0001932994837136548,-2.318720974900934e-05,0.0012421138015982658,0.002450980392156854,-0.2595083267502663,-0.09150432307398877
standardized,SR-HSE,HEPG2,10,0.22004763647536546,0.716289262675904,0.4808929666733405,0.14664954194379604,0.22004763647536546,0.716289262675904,0.21403469690659546,0.053412675447296144,0.22897725646481987,0.7315850779717192,0.4798663940612261,0.14622040059632074,0.20398124462988373,0.714269060655702,0.21169755028699866,0.05309104269704575,0.008929619989454407,0.015295815295815274,-0.0010265726121143847,-0.0004291413474753092,-0.016066391845481698,-0.002020202020202033,-0.0023371466195968027,-0.0003216327502503863,-0.024996011834936105,-0.017316017316017306,-0.26816884377422745,-0.09312935789927498
standardized,SR-HSE,HEPG2,11,0.3083453086296196,0.7576181322681979,0.48117437929363377,0.1468134395736983,0.3083453086296196,0.7576181322681979,0.22568644813187516,0.057246964098253715,0.30853544626508944,0.7588413738584119,0.48116673736937665,0.1468114562884522,0.30411040318418786,0.7770676735526014,0.22479703567722692,0.05716595657235938,0.00019013763546984474,0.0012232415902140748,-7.64192425711796e-06,-1.983285246082156e-06,-0.004234905445431758,0.01944954128440366,-0.000889412454648264,-8.100752589434434e-05,-0.004425043080901603,0.018226299694189586,-0.2563697016921498,-0.08964549971609284
standardized,SR-HSE,HEPG2,12,0.20875462494341496,0.7151349115322608,0.4801564666965598,0.1462933364614211,0.20875462494341496,0.7151349115322608,0.210233238199886,0.052182820512415164,0.1991288784755632,0.7028900135730771,0.4819312878900483,0.14721991532592332,0.20560803090208407,0.7057125663229906,0.210635161220801,0.052654887770084126,-0.00962574646785173,-0.012244897959183687,0.001774821193488574,0.0009265788645022255,-0.0031465940413308857,-0.009422345209270166,0.00040192302091499597,0.00047206725766895524,0.006479152426520846,0.0028225527499135205,-0.27129612666924735,-0.0945650275558392
standardized,SR-HSE,HEPG2,13,0.27019919615995885,0.7369315327133665,0.4808979207625466,0.14664952042618112,0.27019919615995885,0.7369315327133665,0.21353871431998778,0.0530897799169048,0.28162776758853025,0.7381893943485867,0.4803427942754867,0.1464085079345933,0.27019919615995885,0.7369315327133665,0.21353871348703174,0.05308977982736761,0.011428571428571432,0.0012578616352201255,-0.0005551264870598871,-0.00024101249158780535,0.0,0.0,-8.329560485798026e-10,-8.95371964071412e-11,-0.011428571428571432,-0.0012578616352201255,-0.26680408078845497,-0.09331872810722572
standardized,SR-HSE,HEPG2,14,0.25086540934440354,0.7416560977990078,0.4809886167987468,0.14671170071476425,0.25086540934440354,0.7416560977990078,0.21725741141774754,0.05458672085543206,0.25086540934440354,0.7416560977990078,0.48098861631575407,0.14671170049931792,0.2541032217954345,0.7490635052064152,0.21701784613473127,0.05455945831524491,0.0,0.0,-4.829928013094787e-10,-2.1544632744507908e-10,0.0032378124510309193,0.0074074074074073955,-0.00023956528301628534,-2.7262540187143745e-05,0.0032378124510309193,0.0074074074074073955,-0.2639707701810228,-0.092152242184073
standardized,SR-HSE,HEPG2,15,0.28443917850000194,0.7382837630935668,0.4807862563983498,0.1466204086442669,0.28443917850000194,0.7382837630935668,0.21838175206606744,0.054243728619405296,0.28443917850000194,0.7382837630935668,0.48078625573800277,0.1466204083474276,0.28771572862330375,0.7541253472519827,0.21851347543267313,0.05429164301727797,0.0,0.0,-6.603470992239125e-10,-2.9683930313773033e-10,0.0032765501233018345,0.015841584158415835,0.00013172336660571826,4.7914397872676065e-05,0.0032765501233018345,0.015841584158415835,-0.26227278030532963,-0.09232876533014964
standardized,SR-HSE,HEPG2,16,0.24865824922820826,0.7524930138235121,0.48075795384511383,0.14659396646544492,0.24865824922820826,0.7524930138235121,0.2132645892828482,0.053127902142491655,0.254489317203362,0.776893885283207,0.47896038264006807,0.14586723557511946,0.2575423923665687,0.7795458955822763,0.21015302076131617,0.05278819880152049,0.005831067975153736,0.024400871459694985,-0.001797571205045756,-0.0007267308903254777,0.008884143138360412,0.027052881758764146,-0.0031115685215320267,-0.0003397033409711675,0.0030530751632066753,0.002652010299069163,-0.26880736187875187,-0.09307903677359897
standardized,SR-HSE,HEPG2,17,0.2751265506673957,0.7334300724305093,0.4786685390386486,0.14555683349246495,0.2751265506673957,0.7334300724305093,0.20051552414780938,0.048930263976873854,0.24202429310311285,0.7383423531322636,0.4787340212865823,0.14559177608550083,0.24889722539804077,0.7957412852451545,0.2003562666947353,0.04954819894499559,-0.03310225756428288,0.0049122807017543905,6.548224793375689e-05,3.4942593035852676e-05,-0.026229325269354918,0.0623112128146453,-0.00015925745307411864,0.0006179349681217306,0.006872932294927958,0.05739893211289091,-0.2783777545918471,-0.09604357714050522
standardized,SR-HSE,HEPG2,18,0.2693913321123918,0.7492562820291038,0.48025069378668117,0.14636655780094995,0.2693913321123918,0.7492562820291038,0.21499903082006405,0.05376777111021025,0.2703244129204726,0.7578421406149622,0.4809056760869776,0.14670961850026246,0.2555230320052809,0.7704684032412249,0.21562900694346498,0.05391232611467121,0.0009330808080808106,0.008585858585858575,0.000654982300296414,0.0003430606993124974,-0.013868300107110848,0.021212121212121203,0.0006299761234009549,0.00014455500446094587,-0.014801380915191658,0.01262626262626263,-0.26527666914351256,-0.09279729238559124
standardized,SR-HSE,HEPG2,19,0.29417567635584174,0.7471788601957774,0.4773378894968876,0.14488530216681897,0.29417567635584174,0.7471788601957774,0.19404587126998535,0.04606934241321673,0.2378986200787855,0.7492196765223081,0.4772637750371501,0.1449118829768719,0.29417567635584174,0.7471788601957774,0.19404587063740725,0.04606934235090111,-0.05627705627705628,0.0020408163265306146,-7.411445973749542e-05,2.658081005296742e-05,0.0,0.0,-6.325780593785524e-10,-6.231561378022832e-11,0.05627705627705628,-0.0020408163265306146,-0.2832179043997428,-0.09884254062597081
standardized,SR-HSE,HT29,0,0.2600070244845523,0.7684810241901161,0.479900577858804,0.14628844427156956,0.2600070244845523,0.7684810241901161,0.2291611858043364,0.05849194668524621,0.2600070244845523,0.7684810241901161,0.4799005775359553,0.1462884441162362,0.2600070244845523,0.7684810241901161,0.22916118548831693,0.05849194664282996,0.0,0.0,-3.228487699402649e-10,-1.5533334063455585e-10,0.0,0.0,-3.1601952166226963e-10,-4.241625384260317e-11,0.0,0.0,-0.2507393920476384,-0.08779649747340626
standardized,SR-HSE,HT29,1,0.2877794608580112,0.7915529968645715,0.47750063048541114,0.14510715659536405,0.2877794608580112,0.7915529968645715,0.21634581557375224,0.05407866323601571,0.2877794608580112,0.7915529968645715,0.47750063029061246,0.14510715650315292,0.23722322589001155,0.7980570619052219,0.21651976028073086,0.0542348324173067,0.0,0.0,-1.9479866608662632e-10,-9.221114982693734e-11,-0.05055623496799966,0.006504065040650398,0.00017394470697863486,0.00015616918129098822,-0.05055623496799966,0.006504065040650398,-0.2609808700098816,-0.09087232408584621
standardized,SR-HSE,HT29,2,0.29299675789559176,0.7590879999162634,0.48020789843843464,0.1464402351576856,0.29299675789559176,0.7590879999162634,0.23467934733235857,0.060340922711084724,0.29299675789559176,0.7590879999162634,0.4802078982994716,0.14644023508801887,0.29299675789559176,0.7590879999162634,0.23467934723500666,0.06034092269452368,0.0,0.0,-1.3896308548311253e-10,-6.966671128871837e-11,0.0,0.0,-9.73519098668163e-11,-1.6561045590446356e-11,0.0,0.0,-0.24552855106446492,-0.08609931239349519
standardized,SR-HSE,HT29,3,0.2432629108487437,0.7471566796085973,0.4788252032198857,0.14577535095045457,0.2432629108487437,0.7471566796085973,0.2267550878410404,0.05774023510124974,0.2432629108487437,0.7471566796085973,0.4788252031462795,0.14577535090856625,0.2432629108487437,0.7471566796085973,0.22675508771298344,0.057740235080827026,0.0,0.0,-7.360622111818316e-11,-4.1888320589933416e-11,0.0,0.0,-1.2805696503193077e-10,-2.0422701030309298e-11,0.0,0.0,-0.25207011543329605,-0.08803511582773922
standardized,SR-HSE,HT29,4,0.26768989712869773,0.7701485047108868,0.4789459093825859,0.14582123751424053,0.26768989712869773,0.7701485047108868,0.227777708227722,0.05833727744219327,0.26768989712869773,0.7701485047108868,0.4789459090559702,0.14582123735556318,0.26768989712869773,0.7701485047108868,0.22777770788175394,0.05833727739284493,0.0,0.0,-3.266157677650483e-10,-1.5867736569141754e-10,0.0,0.0,-3.4596807640951964e-10,-4.934833652825432e-11,0.0,0.0,-0.25116820117421623,-0.08748395996271825
standardized,SR-HSE,HT29,5,0.22607188227849692,0.7242824634246182,0.47864301662268555,0.14564991254514043,0.22607188227849692,0.7242824634246182,0.22045712324841055,0.05555089068731012,0.22607188227849692,0.7242824634246182,0.47864301658264213,0.14564991251877057,0.22607188227849692,0.7242824634246182,0.22045712295478692,0.05555089064569797,0.0,0.0,-4.004340192764744e-11,-2.6369845196327903e-11,0.0,0.0,-2.9362358655582453e-10,-4.161214844922156e-11,0.0,0.0,-0.2581858936278552,-0.09009902187307259
standardized,SR-HSE,HT29,6,0.26361400601225216,0.7480935874885069,0.4774985249459924,0.14509222943179303,0.26361400601225216,0.7480935874885069,0.21619391632435048,0.05417758018844909,0.26361400601225216,0.7480935874885069,0.47749852456084063,0.14509222924856657,0.26361400601225216,0.7480935874885069,0.21619391604127752,0.054177580150863956,0.0,0.0,-3.851517771380486e-10,-1.8322643957624508e-10,0.0,0.0,-2.830729595171277e-10,-3.758512667761948e-11,0.0,0.0,-0.2613046085195631,-0.09091464909770262
standardized,SR-HSE,HT29,7,0.23920610047264051,0.7365716990958493,0.47900207655527705,0.14585289326632453,0.23920610047264051,0.7365716990958493,0.22585196067865415,0.05731904840486015,0.23920610047264051,0.7365716990958493,0.47900207616658186,0.14585289308229546,0.23920610047264051,0.7365716990958493,0.22585196049678444,0.057319048384844785,0.0,0.0,-3.8869516494344223e-10,-1.8402907531189783e-10,0.0,0.0,-1.8186974704015313e-10,-2.001536436591067e-11,0.0,0.0,-0.25315011566979745,-0.08853384469745068
standardized,SR-HSE,HT29,8,0.1847725466455256,0.7116646400190967,0.4791905647585235,0.14591384986179734,0.1847725466455256,0.7116646400190967,0.2217509996810081,0.05587496707389374,0.1741223398288878,0.7023121220334853,0.4803703147438041,0.14653018926670527,0.18577622981911174,0.7084272299471543,0.22159866926160263,0.055862347331319374,-0.010650206816637786,-0.009352517985611519,0.0011797499852805205,0.0006163394049079285,0.0010036831735861617,-0.003237410071942426,-0.00015233041940545533,-1.2619742574369874e-05,0.011653889990223949,0.006115107913669093,-0.25877164548220144,-0.09066784193538588
standardized,SR-HSE,HT29,9,0.23268370136127894,0.7316120357176281,0.4798286749549039,0.14624238052178193,0.23268370136127894,0.7316120357176281,0.23018774858490443,0.058642183911461476,0.23268370136127894,0.7316120357176281,0.47982867462469325,0.14624238036266474,0.23268370136127894,0.7316120357176281,0.23018774826949348,0.05864218386957536,0.0,0.0,-3.302106144076333e-10,-1.5911721940042867e-10,0.0,0.0,-3.1541091960463064e-10,-4.1886127205570387e-11,0.0,0.0,-0.2496409263551998,-0.08760019649308937
standardized,SR-HSE,HT29,10,0.23731062605872041,0.7444666616363198,0.4801910108993397,0.14640471617170464,0.23731062605872041,0.7444666616363198,0.22205643258611002,0.05606916938018547,0.23731062605872041,0.7444666616363198,0.4801910105051676,0.14640471598427185,0.23789911164720606,0.7394352150954393,0.22210116318438558,0.056054417462626495,0.0,0.0,-3.9417208386183233e-10,-1.8743281926525412e-10,0.0005884855884855933,-0.005031446540880502,4.4730598275516395e-05,-1.4751917558984696e-05,0.0005884855884855933,-0.005031446540880502,-0.25808984732078205,-0.09035029852164535
standardized,SR-HSE,HT29,11,0.25204611657812626,0.7562544547577118,0.4835630225013775,0.1480676333641719,0.25204611657812626,0.7562544547577118,0.2559135273592855,0.06617433525061045,0.25204611657812626,0.7562544547577118,0.4835630221055614,0.14806763317471822,0.25204611657812626,0.7562544547577118,0.25591352704109377,0.06617433520454197,0.0,0.0,-3.95816135423388e-10,-1.894536583169071e-10,0.0,0.0,-3.181917590522332e-10,-4.606848721944168e-11,0.0,0.0,-0.22764949506446758,-0.08189329797017626
standardized,SR-HSE,HT29,12,0.27751632019296607,0.7599908249519843,0.4796429101559256,0.14615481470726135,0.27751632019296607,0.7599908249519843,0.230023234405486,0.05871437796797757,0.27751632019296607,0.7599908249519843,0.47964290990955344,0.14615481458457796,0.27751632019296607,0.7599908249519843,0.23002323408665962,0.05871437792198998,0.0,0.0,-2.463722115209066e-10,-1.2268340232601816e-10,0.0,0.0,-3.188263653086665e-10,-4.5987592900420535e-11,0.0,0.0,-0.24961967582289377,-0.08744043666258797
standardized,SR-HSE,HT29,13,0.2596428404420264,0.774047199568219,0.4794091523079036,0.14605533457213613,0.2596428404420264,0.774047199568219,0.22942057085401268,0.058630216467286535,0.2596428404420264,0.774047199568219,0.47940915189789834,0.1460553343759959,0.2596428404420264,0.774047199568219,0.2294205705469202,0.05863021642207432,0.0,0.0,-4.100053296873796e-10,-1.9614021518066238e-10,0.0,0.0,-3.070924681214393e-10,-4.5212204813349646e-11,0.0,0.0,-0.24998858135097812,-0.08742511795392159
standardized,SR-HSE,HT29,14,0.30545281623537746,0.763869075146012,0.48160951692747844,0.14708989276789067,0.30545281623537746,0.763869075146012,0.23778969634805822,0.06144607271756014,0.30545281623537746,0.763869075146012,0.4816095167129393,0.14708989266340572,0.30640027726475505,0.7676024084793452,0.23736508392846348,0.06139646969280012,0.0,0.0,-2.1453914200719737e-10,-1.0448492626657924e-10,0.0009474610293776275,0.003733333333333344,-0.0004246124195947776,-4.96030247600282e-05,0.0009474610293776275,0.003733333333333344,-0.24424443278447577,-0.08569342297060561
standardized,SR-HSE,HT29,15,0.25575057379669036,0.7724359518699029,0.47727629453058934,0.14504430533538357,0.25575057379669036,0.7724359518699029,0.22479979927266122,0.05718419978923833,0.25575057379669036,0.7724359518699029,0.4772762946055799,0.14504430536537075,0.25575057379669036,0.7724359518699029,0.22479979904117445,0.05718419975631408,0.0,0.0,7.499055820758827e-11,2.998716275293134e-11,0.0,0.0,-2.314867963981726e-10,-3.292425498901963e-11,0.0,0.0,-0.2524764955644055,-0.08786010560905666
standardized,SR-HSE,HT29,16,0.24706066499383722,0.7559080637261417,0.4801238530927715,0.14641343106447524,0.24706066499383722,0.7559080637261417,0.23568649747102066,0.06066384205305565,0.24706066499383722,0.7559080637261417,0.48012385278233155,0.14641343091420927,0.23536165174336973,0.7439158006700488,0.23453865590191075,0.060277997303050876,0.0,0.0,-3.1043995152302273e-10,-1.5026595523437435e-10,-0.011699013250467493,-0.011992263056092845,-0.0011478415691098976,-0.0003858447500047629,-0.011699013250467493,-0.011992263056092845,-0.24558519688042085,-0.08613543361115841
standardized,SR-HSE,HT29,17,0.25161684808673024,0.7484005748749687,0.47822594872643187,0.14548026795543934,0.25161684808673024,0.7484005748749687,0.2204292804983108,0.055621653893646594,0.2651985731808506,0.7707578002058151,0.4774195309149505,0.14516641016570508,0.25161684808673024,0.7484005748749687,0.22042928024288302,0.05562165385857787,0.013581725094120367,0.02235722533084643,-0.0008064178114813414,-0.0003138577897342676,0.0,0.0,-2.5542776227460706e-10,-3.506872015002216e-11,-0.013581725094120367,-0.02235722533084643,-0.2569902506720675,-0.08954475630712719
standardized,SR-HSE,HT29,18,0.2444354669184185,0.7509528179924839,0.4822480146551632,0.1474055701324734,0.2444354669184185,0.7509528179924839,0.2391413648368616,0.061375339697766464,0.2444354669184185,0.7509528179924839,0.48224801426627006,0.14740556994736664,0.2444354669184185,0.7509528179924839,0.239141364505638,0.06137533964859689,0.0,0.0,-3.888931177087329e-10,-1.8510676325078634e-10,0.0,0.0,-3.3122361520199207e-10,-4.916956980460796e-11,0.0,0.0,-0.2431066497606321,-0.08603023029876976
standardized,SR-HSE,HT29,19,0.24718694264110502,0.7537492642286738,0.48108987376684026,0.14688984106255512,0.24718694264110502,0.7537492642286738,0.2419728340729898,0.062379116556356806,0.24718694264110502,0.7537492642286738,0.4810898737101004,0.14688984103031297,0.24718694264110502,0.7537492642286738,0.2419728342360144,0.06237911656441173,0.0,0.0,-5.6739868359301225e-11,-3.224214784047774e-11,0.0,0.0,1.6302456606887006e-10,8.054922007172394e-12,0.0,0.0,-0.23911703947408602,-0.08451072446590124
standardized,SR-HSE,MCF7,0,0.2441736646689443,0.7798582573803945,0.4768068381705831,0.1448570348908348,0.2441736646689443,0.7798582573803945,0.2249684799296508,0.05736976725140107,0.2441736646689443,0.7798582573803945,0.47680683808113516,0.14485703485499965,0.26022523240681367,0.7755247670365414,0.22408684835976406,0.05724115448333148,0.0,0.0,-8.944788243425706e-11,-3.583512375726627e-11,0.016051567737869355,-0.004333490343853064,-0.0008816315698867372,-0.0001286127680695956,0.016051567737869355,-0.004333490343853064,-0.25271998972137116,-0.08761588037166819
standardized,SR-HSE,MCF7,1,0.25208017784350073,0.7688588604818731,0.47674542879961407,0.14480901538597285,0.25208017784350073,0.7688588604818731,0.22101194628318446,0.05579398336387392,0.2385348435454877,0.7646743111256499,0.47712685622924,0.14503999564046102,0.25208017784350073,0.7688588604818731,0.22101194597668453,0.05579398332050065,-0.01354533429801299,-0.004184549356223188,0.0003814274296259024,0.0002309802544881834,0.0,0.0,-3.06499947644312e-10,-4.337327302872396e-11,0.01354533429801299,0.004184549356223188,-0.25611491025255545,-0.08924601231996038
standardized,SR-HSE,MCF7,2,0.25770317946595245,0.7665332004566998,0.47550498088233395,0.14423302573253938,0.25770317946595245,0.7665332004566998,0.21971703251069533,0.05560659423398869,0.25770317946595245,0.7665332004566998,0.4755049807553277,0.14423302567929328,0.25770317946595245,0.7665332004566998,0.21971703220371128,0.05560659419023974,0.0,0.0,-1.2700628326811624e-10,-5.32461019719932e-11,0.0,0.0,-3.069840381897393e-10,-4.374894613246027e-11,0.0,0.0,-0.2557879485516164,-0.08862643148905353
standardized,SR-HSE,MCF7,3,0.27631011753605106,0.7976099111590816,0.4773020641542424,0.14510335919504308,0.27631011753605106,0.7976099111590816,0.22733712631597225,0.057803577209466564,0.27631011753605106,0.7976099111590816,0.4773020641476415,0.1451033591970603,0.27631011753605106,0.7976099111590816,0.22733712606132822,0.05780357717088332,0.0,0.0,-6.600942015211331e-12,2.017247480168294e-12,0.0,0.0,-2.546440669437544e-10,-3.8583236605660434e-11,0.0,0.0,-0.2499649380863133,-0.08729978202617698
standardized,SR-HSE,MCF7,4,0.2590051462048603,0.7744726325883253,0.47716671413081124,0.14503639792277392,0.2590051462048603,0.7744726325883253,0.22783849149564533,0.05818996124376478,0.2625955842604547,0.7724319847081131,0.4769325769449101,0.14494573211173384,0.2799426085740572,0.7674888878562361,0.2247488842610536,0.05765900556405028,0.003590438055594403,-0.0020406478802120764,-0.00023413718590112876,-9.066581104008042e-05,0.020937462369196823,-0.006983744732089114,-0.0030896072345917127,-0.0005309556797145051,0.01734702431360242,-0.004943096851877038,-0.25218369268385654,-0.08728672654768355
standardized,SR-HSE,MCF7,5,0.2657632143717684,0.7564351703804988,0.47564476019821367,0.14429476943206582,0.2657632143717684,0.7564351703804988,0.21846576106287735,0.05508891987044064,0.2657632143717684,0.7564351703804988,0.4756447600961158,0.14429476938815172,0.2657632143717684,0.7564351703804988,0.218465760805897,0.05508891983573048,0.0,0.0,-1.0209786349690831e-10,-4.3914122338506445e-11,0.0,0.0,-2.56980348112279e-10,-3.4710158358652876e-11,0.0,0.0,-0.2571789992902188,-0.08920584955242124
standardized,SR-HSE,MCF7,6,0.22874153634217884,0.7792515061321318,0.4761987484596231,0.14456330241075693,0.22874153634217884,0.7792515061321318,0.22193444173830512,0.056242213698822985,0.22874153634217884,0.7792515061321318,0.47619874830037173,0.14456330234101705,0.22874153634217884,0.7792515061321318,0.22193444146772096,0.056242213662410986,0.0,0.0,-1.5925136764849413e-10,-6.973990274161678e-11,0.0,0.0,-2.705841994909974e-10,-3.641199008974638e-11,0.0,0.0,-0.2542643068326508,-0.08832108867860604
standardized,SR-HSE,MCF7,7,0.23233014703004268,0.7423028535718,0.4775857356686002,0.14525720727299501,0.23233014703004268,0.7423028535718,0.22434513400987927,0.056831798107342325,0.23233014703004268,0.7423028535718,0.4775857354135532,0.14525720716201834,0.23233014703004268,0.7423028535718,0.22434513370493198,0.05683179806586579,0.0,0.0,-2.5504700573719676e-10,-1.1097667229620356e-10,0.0,0.0,-3.049472729887981e-10,-4.1476538870099945e-11,0.0,0.0,-0.25324060170862117,-0.08842540909615254
standardized,SR-HSE,MCF7,8,0.23295552954144938,0.7641670525714791,0.4758541159768092,0.14438045009918815,0.23295552954144938,0.7641670525714791,0.21875376684656023,0.05505583782928417,0.24104007165842428,0.7740876874921141,0.47538205135097833,0.14419424226560135,0.23295552954144938,0.7641670525714791,0.21875376653731865,0.05505583778764352,0.00808454211697487,0.00992063492063493,-0.0004720646258308814,-0.00018620783358680448,0.0,0.0,-3.092415545857818e-10,-4.164064648648491e-11,-0.00808454211697487,-0.00992063492063493,-0.25662828481365973,-0.08913840447795783
standardized,SR-HSE,MCF7,9,0.1969113493951319,0.7223927818128548,0.47843170380139277,0.14563232844371687,0.1969113493951319,0.7223927818128548,0.2248888674456886,0.05674668469878169,0.2021855700923203,0.7190384841189346,0.47861715812027245,0.1457664083807935,0.18462309755358655,0.7109881696535257,0.22486454602393602,0.05674140437134414,0.005274220697188381,-0.0033542976939203275,0.00018545431887977414,0.00013407993707661992,-0.012288251841545361,-0.011404612159329131,-2.4321421752598882e-05,-5.280327437556104e-06,-0.01756247253873374,-0.008050314465408803,-0.25375261209633654,-0.08902500400944935
standardized,SR-HSE,MCF7,10,0.24877217448699054,0.7890942111172697,0.47553060296462196,0.14424164322741395,0.24877217448699054,0.7890942111172697,0.22052037987545076,0.055512592680769954,0.24296201796727632,0.7924258307646789,0.4758202692279501,0.14439934632281481,0.24104092000293162,0.7972682787650216,0.21929282423416935,0.05538427727961137,-0.005810156519714232,0.003331619647409134,0.0002896662633281477,0.00015770309540085736,-0.0077312544840588944,0.00817406764775186,-0.0012275556412813804,-0.0001283154011585866,-0.001921097964344662,0.004842448000342725,-0.2565274449937807,-0.08901506904320344
standardized,SR-HSE,MCF7,11,0.2965080407312983,0.7849261002631576,0.4741460244165701,0.1435841517690733,0.2965080407312983,0.7849261002631576,0.21663700747455383,0.05446970529063988,0.26500729867831657,0.7622737099184596,0.47517801741639343,0.1441260417490115,0.2743099010331586,0.7830213383583957,0.21651285225510047,0.0544524648170408,-0.031500742052981756,-0.022652390344698035,0.0010319929998232503,0.0005418899799382315,-0.022198139698139708,-0.001904761904761898,-0.00012415521945333686,-1.724047359907971e-05,0.009302602354842048,0.02074762843993614,-0.2586651651612929,-0.0896735769319707
standardized,SR-HSE,MCF7,12,0.25099414796489306,0.7889991081002409,0.4760387741597083,0.14447215720991524,0.25099414796489306,0.7889991081002409,0.22029461099026335,0.05564035784206676,0.2413453138461267,0.7854417958472764,0.47676283372393974,0.14487752537773257,0.2525433150001283,0.8017991081002409,0.21831668855275238,0.05538125611702029,-0.009648834118766386,-0.0035573122529644506,0.000724059564231494,0.00040536816781732153,0.001549167035235155,0.012799999999999968,-0.001977922437510965,-0.000259101725046465,0.011198001154001542,0.01635731225296442,-0.2584461451711874,-0.08949626926071227
standardized,SR-HSE,MCF7,13,0.21947621143648113,0.776893508354512,0.4767237110246982,0.14480639494919106,0.21947621143648113,0.776893508354512,0.21634986757620384,0.05433054586935819,0.2084082603021089,0.7688289922254797,0.47735125136205425,0.14516113336189385,0.22266034607935872,0.7795552065179402,0.21418081400210148,0.05375867722564931,-0.011067951134372223,-0.008064516129032251,0.0006275403373560251,0.00035473841270274866,0.003184134642877601,0.0026616981634282723,-0.0021690535741023587,-0.0005718686437088796,0.014252085777249823,0.010726214292460522,-0.2631704373599527,-0.09140245613624452
standardized,SR-HSE,MCF7,14,0.2703438541223547,0.7732279775377265,0.4736643302552165,0.14334991841252584,0.2703438541223547,0.7732279775377265,0.21310467546825676,0.05338492714665486,0.2703438541223547,0.7732279775377265,0.47366433007055253,0.14334991833372537,0.2703438541223547,0.7732279775377265,0.21310467518918425,0.0533849271078725,0.0,0.0,-1.8466391749072386e-10,-7.880046615227343e-11,0.0,0.0,-2.7907250399472615e-10,-3.878236065624208e-11,0.0,0.0,-0.26055965488136834,-0.08996499122585286
standardized,SR-HSE,MCF7,15,0.26828581895255904,0.7861958612052293,0.4770225334690146,0.14497842770032893,0.26828581895255904,0.7861958612052293,0.23110116394351204,0.059418573163682396,0.2779222373367556,0.7938832615242085,0.4760473498378469,0.14454058832098685,0.23710519229190058,0.7543428598376648,0.2289564942155135,0.058683197122916954,0.009636418384196582,0.007687400318979276,-0.0009751836311676198,-0.0004378393793420976,-0.031180626660658427,-0.031853001367564436,-0.0021446697279985326,-0.0007353760407654508,-0.04081704504485501,-0.039540401686543714,-0.24709085562233338,-0.08585739119806987
standardized,SR-HSE,MCF7,16,0.23315760594840337,0.7696656867800172,0.47262740547920445,0.14286840323956912,0.23315760594840337,0.7696656867800172,0.21223821209177585,0.053078949709693804,0.28313953153443955,0.7801418772562076,0.4705317596792681,0.1420027462472571,0.23315760594840337,0.7696656867800172,0.21223821179045604,0.05307894966727626,0.04998192558603617,0.010476190476190483,-0.0020956457999363963,-0.0008656569923120195,0.0,0.0,-3.013197913404042e-10,-4.241753059908149e-11,-0.04998192558603617,-0.010476190476190483,-0.25829354788881204,-0.08892379657998081
standardized,SR-HSE,MCF7,17,0.26685588952658806,0.7910315129722183,0.4776928739149243,0.14528860827645568,0.26685588952658806,0.7910315129722183,0.23254632944521547,0.05896884168560422,0.2354166116767586,0.7628908094546303,0.4797018318366434,0.14635312084622054,0.24576017532627473,0.7784686989018665,0.23269064949254079,0.058996964816167806,-0.03143927784982943,-0.02814070351758795,0.0020089579217191455,0.001064512569764836,-0.02109571420031332,-0.012562814070351758,0.00014432004732533587,2.8123130563587063e-05,0.010343563649516113,0.015577889447236194,-0.24701118234410266,-0.08735615603005273
standardized,SR-HSE,MCF7,18,0.2159788807009219,0.7701820845778677,0.4765869199277272,0.14475362499565975,0.2159788807009219,0.7701820845778677,0.22340455816448154,0.056582794238024606,0.2159788807009219,0.7701820845778677,0.4765869198160225,0.14475362495089578,0.2159788807009219,0.7701820845778677,0.22340455790316657,0.0565827941984842,0.0,0.0,-1.1170463443122003e-10,-4.476395920605114e-11,0.0,0.0,-2.613149419072869e-10,-3.954040012077442e-11,0.0,0.0,-0.253182361912856,-0.0881708307524116
standardized,SR-HSE,MCF7,19,0.23775508087235114,0.7660554391844714,0.476033833172704,0.14447241010154205,0.23775508087235114,0.7660554391844714,0.21935968041994774,0.055293298596256646,0.24125018194395914,0.7655946096913839,0.47612386440738863,0.1445208296702525,0.23775508087235114,0.7660554391844714,0.21935968015366952,0.05529329856078088,0.0034951010716079756,-0.0004608294930875445,9.003123468470653e-05,4.8419568710444946e-05,0.0,0.0,-2.6627824389890977e-10,-3.5475769544213166e-11,-0.0034951010716079756,0.0004608294930875445,-0.2567641842537191,-0.08922753110947163
standardized,SR-MMP,HA1E,0,0.5655401351392618,0.8244430352668685,0.44623227184409275,0.14044365597570682,0.5655401351392618,0.8244430352668685,0.35945329111480256,0.11017497340535368,0.633239859491369,0.8583240387860578,0.4259780198765918,0.13255417572587547,0.6349048918729409,0.8456290681673023,0.3391656950695972,0.10258957090689384,0.06769972435210712,0.03388100351918932,-0.020254251967501014,-0.00788948024983135,0.06936475673367906,0.02118603290043388,-0.020287596045205393,-0.00758540249845982,0.0016650323815719404,-0.01269497061875544,-0.08681232480699455,-0.02996460481898161
standardized,SR-MMP,HA1E,1,0.5508835988508864,0.8219391697133984,0.4502048767392034,0.1419100159997039,0.5508835988508864,0.8219391697133984,0.36677070572229453,0.11336984885663673,0.5853636353899728,0.845563347229772,0.43766393808161475,0.1371601176421104,0.5870558875400544,0.8356547841328241,0.354099212191769,0.10881079890988388,0.034480036539086364,0.023624177516373513,-0.012540938657588596,-0.004749898357593496,0.03617228868916804,0.013715614419425681,-0.012671493530525524,-0.004559049946752852,0.0016922521500816745,-0.00990856309694783,-0.08356472588984576,-0.028349318732226514
standardized,SR-MMP,HA1E,2,0.5895215159602503,0.8354180808382703,0.44243470645967975,0.13854239166458704,0.5895215159602503,0.8354180808382703,0.36486188987980717,0.11313443136672763,0.6351482302813187,0.8611428487306878,0.4202211154658844,0.13094841682916641,0.656743455170663,0.868908127911323,0.33261366253776314,0.10228189001153476,0.04562671432106859,0.025724767892417465,-0.02221359099379532,-0.007593974835420616,0.06722193921041278,0.03349004707305268,-0.03224822734204402,-0.010852541355192868,0.0215952248893442,0.00776527918063521,-0.08760745292812129,-0.028666526817631665
standardized,SR-MMP,HA1E,3,0.5505475337998283,0.8124866521716733,0.45786617460863077,0.14520231769284858,0.5505475337998283,0.8124866521716733,0.3686796447949593,0.11365937468125831,0.6081210011930737,0.8416836177519184,0.437065135693053,0.1369014933230676,0.6172198992507753,0.8437919625843898,0.3454691632939029,0.10508373650142148,0.05757346739324535,0.02919696558024514,-0.02080103891557774,-0.00830082436978096,0.06667236545094692,0.03130531041271658,-0.023210481501056403,-0.008575638179836819,0.009098898057701565,0.0021083448324714428,-0.09159597239915016,-0.031817756821646156
standardized,SR-MMP,HA1E,4,0.6066261902973592,0.8217456075329318,0.45004212293662754,0.1414796707343684,0.6066261902973592,0.8217456075329318,0.36204452111050855,0.1109011128583262,0.6526424062040874,0.8531556352988299,0.4269209340854288,0.1325983313601962,0.6733249978244311,0.8594782228468281,0.33180544861658007,0.10058028103912346,0.04601621590672818,0.031410027765898095,-0.023121188851198737,-0.008881339374172209,0.06669880752707191,0.03773261531389636,-0.030239072493928522,-0.01032083181920273,0.02068259162034374,0.00632258754799826,-0.09511548546884878,-0.03201805032107272
standardized,SR-MMP,HA1E,5,0.5800263851797608,0.8059989500598516,0.4667130624908234,0.1491904863107225,0.5800263851797608,0.8059989500598516,0.37943494964281455,0.117908803551527,0.6014407349398541,0.8247080351431603,0.4574242952870611,0.1457658552957417,0.6233943074406931,0.8372317198897395,0.3573200732475204,0.11060554110162887,0.021414349760093244,0.018709085083308707,-0.009288767203762293,-0.003424631014980792,0.04336792226093239,0.031232769829887985,-0.022114876395294115,-0.007303262449898129,0.021953572500839146,0.012523684746579278,-0.10010422203954068,-0.035160314194112835
standardized,SR-MMP,HA1E,6,0.5661822321517962,0.8101860004668735,0.45477357475893826,0.14415327160887373,0.5661822321517962,0.8101860004668735,0.37692461010647077,0.11676486902131669,0.6203405132470312,0.8370773552911492,0.433541363002304,0.1364283071535405,0.6172398503761862,0.8417215352174875,0.3512699521920031,0.10789076461273708,0.05415828109523504,0.026891354824275758,-0.02123221175663421,-0.007724964455333197,0.05105761822438998,0.03153553475061384,-0.025654657914467693,-0.008874104408579598,-0.003100662870845061,0.004644179926338077,-0.08227141081030094,-0.02853754254080344
standardized,SR-MMP,HA1E,7,0.6045022172481798,0.8312123121028433,0.4423780860543771,0.13846258340353598,0.6045022172481798,0.8312123121028433,0.3639055330857561,0.11209307245748575,0.6376309642262957,0.8454504976485675,0.4290859585492742,0.13345037066392734,0.6570512378067349,0.8535746383543966,0.340105222547681,0.103247889850859,0.03312874697811592,0.014238185545724025,-0.013292127505102868,-0.005012212739608645,0.05254902055855513,0.022362326251553256,-0.02380031053807512,-0.008845182606626745,0.019420273580439205,0.00812414070582923,-0.08898073600159326,-0.030202480813068346
standardized,SR-MMP,HA1E,8,0.6032836562641722,0.8233283639979836,0.46226625713329395,0.1469996827121188,0.6032836562641722,0.8233283639979836,0.40279462020295115,0.12673434815661538,0.646460785643599,0.8452416082138594,0.44512543203194976,0.14042937960140153,0.6540417353155783,0.8390177947831674,0.3855617374177871,0.12056514400182476,0.04317712937942677,0.021913244215875795,-0.017140825101344247,-0.006570303110717271,0.05075807905140604,0.015689430785183766,-0.01723288278516403,-0.006169204154790625,0.007580949671979265,-0.006223813430692027,-0.05956369461416261,-0.019864235599576768
standardized,SR-MMP,HA1E,9,0.6008736920764118,0.8344845517371848,0.4456920570424713,0.14000434184788912,0.6008736920764118,0.8344845517371848,0.3638282513968942,0.11246154321704589,0.6458727140947411,0.8634087128831236,0.42908706220038206,0.13361006853220608,0.6640120432587056,0.8688078746273498,0.3340542770750269,0.10240740998750904,0.04499902201832935,0.028924161145938786,-0.01660499484208917,-0.006394273315683041,0.06313835118229376,0.03432332289016486,-0.029773974321867302,-0.01005413322953684,0.018139329163964414,0.005399161744226078,-0.09503278512535522,-0.03120265854469704
standardized,SR-MMP,HA1E,10,0.5783029207335935,0.8202681538067509,0.4534517209927337,0.14375013851695131,0.5783029207335935,0.8202681538067509,0.3701763841195256,0.11441511571321036,0.6464996335992008,0.84759441937085,0.43457623421578767,0.1364733269963491,0.6637774840140483,0.8515649513032884,0.34136137443919085,0.10368367980307214,0.06819671286560731,0.02732626556409905,-0.018875486776946015,-0.007276811520602227,0.08547456328045482,0.031296797496537375,-0.028815009680334756,-0.010731435910138237,0.017277850414847508,0.003970531932438326,-0.09321485977659687,-0.03278964719327694
standardized,SR-MMP,HA1E,11,0.605754223216725,0.8326144959782121,0.44402033313414985,0.13901048931239918,0.605754223216725,0.8326144959782121,0.3584176990807647,0.10942221134976035,0.6428773910606972,0.8526349261837798,0.43061901267273217,0.1344284927450899,0.6653230108077899,0.8624096245339274,0.3363885043810374,0.10215380987134562,0.03712316784397207,0.02002043020556754,-0.013401320461417598,-0.0045819965673092825,0.059568787591064876,0.02979512855571518,-0.022029194699727295,-0.007268401478414757,0.022445619747092804,0.009774698350147637,-0.09423050829169484,-0.03227468287374428
standardized,SR-MMP,HA1E,12,0.5920319882173717,0.8207959840512435,0.4497026714128113,0.14182236973234766,0.5920319882173717,0.8207959840512435,0.36965186698879726,0.11407971977981983,0.6561442034572325,0.8564867560428571,0.4262550075927754,0.133133745855875,0.6507447951713627,0.8529117750891946,0.34636973826142137,0.10603764640838156,0.06411221523986077,0.035690771991613544,-0.02344766382003586,-0.008688623876472651,0.05871280695399104,0.032115791037950966,-0.023282128727375916,-0.008042073371438266,-0.005399408285869734,-0.0035749809536625766,-0.07988526933135404,-0.027096099447493437
standardized,SR-MMP,HA1E,13,0.5823058993425481,0.8255590971523061,0.45434024799440254,0.14371455431366884,0.5823058993425481,0.8255590971523061,0.3813889691321246,0.1189655252044823,0.6190607805405783,0.8420209709944052,0.4440754622485904,0.14012719233760892,0.6453587283248475,0.8561924225015481,0.35836237681738775,0.11109177440199283,0.036754881198030144,0.016461873842099118,-0.010264785745812143,-0.003587361976059919,0.0630528289822994,0.030633325349242013,-0.02302659231473685,-0.007873750802489468,0.02629794778426926,0.014171451507142895,-0.08571308543120264,-0.029035417935616082
standardized,SR-MMP,HA1E,14,0.5920791628844555,0.8273243216510122,0.45134141437255887,0.142757029484818,0.5920791628844555,0.8273243216510122,0.3722333514855627,0.11583483764516427,0.6127405501759376,0.8332723818656508,0.4435442871888422,0.14017448396014168,0.6308932241969855,0.8399864035051104,0.3576161892814286,0.11006097224310707,0.02066138729148208,0.0059480602146384735,-0.007797127183716645,-0.002582545524676344,0.03881406131252989,0.01266208185409814,-0.014617162204134148,-0.005773865402057201,0.01815267402104781,0.006714021639459666,-0.08592809790741368,-0.030113511717034597
standardized,SR-MMP,HA1E,15,0.6009675861134879,0.8269551473310871,0.44506480436569706,0.13969006949775378,0.6009675861134879,0.8269551473310871,0.3664923877929199,0.11325646376296625,0.6674842317921711,0.8622349754116672,0.4249039715473993,0.13186605512600078,0.6704139313097184,0.8619868428703015,0.3342990329411583,0.10156610901396264,0.06651664567868323,0.035279828080579924,-0.020160832818297846,-0.007824014371752985,0.06944634519623039,0.03503169553921433,-0.03219335485176158,-0.011690354749003606,0.0029296995175471575,-0.0002481325413655977,-0.09060493860624094,-0.030299946112038144
standardized,SR-MMP,HA1E,16,0.6000073784754758,0.8348815506837969,0.4493933836112213,0.14170512765381962,0.6000073784754758,0.8348815506837969,0.36060682860780924,0.1104893458868789,0.6543997241160946,0.8597297315050707,0.4309170176509552,0.1347856324469053,0.6361611100206315,0.8475022467400176,0.34504670022604866,0.10474754055537742,0.0543923456406187,0.02484818082127376,-0.01847636596026613,-0.006919495206914308,0.036153731545155575,0.012620696056220581,-0.015560128381760597,-0.005741805331501484,-0.018238614095463124,-0.012227484765053176,-0.08587031742490649,-0.030038091891527875
standardized,SR-MMP,HA1E,17,0.5857997015923887,0.8189686172932543,0.45453814330218884,0.14396771157988283,0.5857997015923887,0.8189686172932543,0.3797337217540721,0.11817513695387352,0.6460679985771876,0.8440077609396732,0.43289798514607,0.13594425735724408,0.6697542062223534,0.8682326152002234,0.33937950024623115,0.10429002967379201,0.06026829698479885,0.02503914364641895,-0.02164015815611884,-0.00802345422263875,0.0839545046299647,0.049263997906969136,-0.04035422150784094,-0.013885107280081483,0.023686207645165845,0.02422485426055019,-0.09351848489983881,-0.031654227683452066
standardized,SR-MMP,HA1E,18,0.5982027001716118,0.8300546640613854,0.44395916279188247,0.139328481853022,0.5982027001716118,0.8300546640613854,0.3557400458577506,0.10880195955031664,0.6303963117473328,0.8480574016012044,0.43182527278225874,0.13495259573772445,0.6643285735415969,0.8668512989992804,0.3284915966803283,0.09962690627486737,0.032193611575720885,0.018002737539818937,-0.012133890009623737,-0.0043758861152975535,0.06612587336998511,0.03679663493789505,-0.027248449177422286,-0.009175053275449268,0.03393226179426423,0.01879389739807611,-0.10333367610193041,-0.035325689462857066
standardized,SR-MMP,HA1E,19,0.6006093440050482,0.8331334104112491,0.4467308332886448,0.1402754246658231,0.6006093440050482,0.8331334104112491,0.36425277277719986,0.11174943005735397,0.6265191694228653,0.8518624085956867,0.4342012325064089,0.13550902290943317,0.6429341677825575,0.8572791927324873,0.3396705610655989,0.1032335560779564,0.025909825417817257,0.018728998184437497,-0.012529600782235884,-0.0047664017563899125,0.04232482377750939,0.024145782321238228,-0.024582211711600955,-0.008515873979397567,0.016414998359692134,0.005416784136800734,-0.09453067144081002,-0.03227546683147679
standardized,SR-MMP,HEPG2,0,0.6249783937455146,0.8241319847355971,0.45320636310366275,0.14275629992513986,0.6249783937455146,0.8241319847355971,0.3934810103574308,0.12244633634589708,0.7074749213954069,0.8690505525423211,0.4187029844758385,0.1291052801337426,0.7195516563647564,0.8731311587409725,0.3469667141436226,0.10553950104801013,0.08249652764989233,0.044918567806723986,-0.03450337862782428,-0.01365101979139729,0.0945732626192418,0.048999174005375234,-0.04651429621380822,-0.016906835297886953,0.012076734969349467,0.004080606198651249,-0.07173627033221584,-0.023565779085732437
standardized,SR-MMP,HEPG2,1,0.6372027753033952,0.8311463226335336,0.45224579860625347,0.14229081686902173,0.6372027753033952,0.8311463226335336,0.396758258174978,0.12413261298724054,0.695268439382738,0.8722832186858588,0.41824065506854924,0.12813459783730488,0.6852986031587827,0.8695861177157719,0.3529415161404381,0.10803306027751738,0.05806566407934276,0.04113689605232509,-0.034005143537704216,-0.014156219031716866,0.0480958278553875,0.03843979508223823,-0.04381674203453989,-0.016099552709723155,-0.009969836223955263,-0.0026971009700868633,-0.06529913892811112,-0.020101537559787483
standardized,SR-MMP,HEPG2,2,0.5971731359776502,0.807767034976712,0.47013882864452067,0.15041816380831327,0.5971731359776502,0.807767034976712,0.41199209655132973,0.12977769420634278,0.6897347705355413,0.8562522699395343,0.4314933037126236,0.13453755940327192,0.6847288758064751,0.8564785848100973,0.3674193609201982,0.11284535863322236,0.09256163455789104,0.0484852349628224,-0.03864552493189712,-0.01588060440504135,0.08755573982882488,0.04871154983338544,-0.04457273563113151,-0.01693233557312043,-0.005005894729066163,0.000226314870563038,-0.06407394279242536,-0.021692200770049568
standardized,SR-MMP,HEPG2,3,0.6134395642381607,0.811605870315766,0.46124191565782197,0.14624896066696477,0.6134395642381607,0.811605870315766,0.4016654252077,0.12473701360286275,0.6856790975815346,0.8574013799353244,0.42768079686464827,0.13282529878327265,0.6966588898252382,0.8612307214558899,0.3559049290108224,0.10844983524697809,0.07223953334337388,0.04579550961955829,-0.03356111879317368,-0.013423661883692118,0.08321932558707738,0.049624851140123785,-0.04576049619687762,-0.016287178355884665,0.010979792243703513,0.003829341520565488,-0.07177586785382588,-0.02437546353629458
standardized,SR-MMP,HEPG2,4,0.638660566644808,0.8336110261685921,0.4560105530765603,0.14374553900020853,0.638660566644808,0.8336110261685921,0.40017933242049386,0.12508835300757934,0.708855853828276,0.8718945394932236,0.4240475834813804,0.13078786719987473,0.7144571278533651,0.8726980305927674,0.36287449588708337,0.11178368288370935,0.07019528718346794,0.03828351332463169,-0.03196296959517993,-0.012957671800333814,0.07579656120855713,0.03908700442417541,-0.037304836533410504,-0.013304670123869999,0.005601274025089187,0.0008034910995437184,-0.061173087594296995,-0.019004184316165386
standardized,SR-MMP,HEPG2,5,0.6157116738820384,0.8188993784413292,0.4541280174221775,0.14353827201652664,0.6157116738820384,0.8188993784413292,0.3937958104763964,0.1227684494518396,0.6800532194086164,0.8538923907581953,0.42731991322647345,0.13315647412043263,0.689617721922845,0.8552605754880099,0.3631619641875251,0.11164907765255108,0.06434154552657814,0.03499301231686629,-0.02680810419570413,-0.010381797896093992,0.07390604804080672,0.03636119704668088,-0.03063384628887129,-0.011119371799288517,0.009564502514228579,0.0013681847298145922,-0.06415794903894834,-0.021507396467881544
standardized,SR-MMP,HEPG2,6,0.6012309410844638,0.807651616291948,0.46641535997964556,0.14826565357366903,0.6012309410844638,0.807651616291948,0.4014480006333997,0.12557084306724584,0.6585463355475805,0.8544536149283626,0.4320883776748393,0.13450013548292908,0.6654833749396879,0.8600760210681386,0.3588062643912796,0.10994062780280764,0.05731539446311658,0.046801998636414655,-0.03432698230480634,-0.013765518090739965,0.06425243385522401,0.05242440477619055,-0.04264173624212014,-0.01563021526443819,0.006937039392107436,0.005622406139775893,-0.07328211328355969,-0.024559507680121426
standardized,SR-MMP,HEPG2,7,0.6303112094238807,0.8198482369321797,0.4523852938663543,0.14250984091492658,0.6303112094238807,0.8198482369321797,0.3881197147120415,0.12026347129041612,0.7092533331980997,0.8618647912355163,0.41988348263209757,0.12954660854145802,0.6801594939818753,0.8519299165803718,0.35860958997240544,0.1097934743212613,0.07894212377421896,0.04201655430333664,-0.03250181123425676,-0.012963232373468567,0.04984828455799449,0.032081679648192196,-0.029510124739636035,-0.01046999696915484,-0.02909383921622446,-0.009934874655144444,-0.061273892659692075,-0.019753134220196727
standardized,SR-MMP,HEPG2,8,0.6015355743049935,0.8080905360167702,0.4627913766602531,0.14731467083044134,0.6015355743049935,0.8080905360167702,0.4098528910511486,0.12859170005360948,0.6911984252589839,0.8600506106402481,0.42430487006421247,0.13118451104052337,0.6959650808653968,0.8622733236224185,0.36200082039346854,0.11003107664241736,0.08966285095399047,0.05196007462347805,-0.03848650659604058,-0.016130159789917973,0.09442950656040328,0.05418278760564852,-0.047852070657680025,-0.01856062341119214,0.004766655606412806,0.0022227129821704716,-0.06230404967074397,-0.021153434398106012
standardized,SR-MMP,HEPG2,9,0.5818862187075258,0.81717952941385,0.46308514603290823,0.14693822710365995,0.5818862187075258,0.81717952941385,0.39514894439128223,0.1233882094114073,0.662568238237062,0.8529295283242788,0.43078446899742817,0.13360753947729057,0.68213039741514,0.8644789067257242,0.3542265541794284,0.10814095661290588,0.08068201952953623,0.03574999891042896,-0.03230067703548005,-0.01333068762636938,0.10024417870761426,0.0472993773118743,-0.04092239021185383,-0.015247252798501401,0.01956215917807803,0.011549378401445343,-0.0765579148179998,-0.02546658286438468
standardized,SR-MMP,HEPG2,10,0.5967299964186633,0.8019652852806504,0.4694098373191009,0.15004118750816312,0.5967299964186633,0.8019652852806504,0.4153205075890497,0.13049407608217387,0.664975305700603,0.8339322409476555,0.4362918258526795,0.13654305277744913,0.6758099277464364,0.8373244021924633,0.38128913841418455,0.1183298993909978,0.06824530928193975,0.03196695566700514,-0.033118011466421474,-0.013498134730713979,0.079079931327773,0.03535911691181295,-0.034031369174865135,-0.01216417669117605,0.010834622045833252,0.003392161244807812,-0.055002687438494915,-0.01821315338645132
standardized,SR-MMP,HEPG2,11,0.6212817104266858,0.8135434906532554,0.46692759189528915,0.1488462970480332,0.6212817104266858,0.8135434906532554,0.4208191221318799,0.1332708726327642,0.6897536786895433,0.8479304887169699,0.43591515889130344,0.13642920447829912,0.6912969956131548,0.8495285451169643,0.38570429354668534,0.12088736026576488,0.06847196826285759,0.03438699806371448,-0.031012433003985717,-0.01241709256973409,0.07001528518646913,0.03598505446370883,-0.03511482858519451,-0.012383512366999323,0.0015433169236115374,0.001598056399994352,-0.05021086534461812,-0.015541844212534257
standardized,SR-MMP,HEPG2,12,0.6175810806319351,0.8184274831909912,0.46310097316805343,0.14738523180058277,0.6175810806319351,0.8184274831909912,0.40992171491200374,0.12863397727146747,0.6621817662979059,0.8508462751860077,0.434575371311049,0.1369817617492034,0.6677569714677982,0.8558191543319744,0.3739497432185027,0.11599376378485618,0.044600685665970884,0.03241879199501656,-0.028525601857004423,-0.010403470051379371,0.050175890835863136,0.037391671140983206,-0.035971971693501005,-0.012640213486611295,0.00557520516989225,0.004972879145966646,-0.060625628092546305,-0.020987997964347246
standardized,SR-MMP,HEPG2,13,0.6099662555103267,0.8175630612955878,0.46030305844508507,0.14587668702069156,0.6099662555103267,0.8175630612955878,0.40930110947155446,0.1287824255101689,0.6439779589981641,0.8418521330886432,0.433842637852819,0.13482883885248312,0.6497710601852187,0.8400316698776692,0.3754099832852276,0.11608469504467092,0.03401170348783737,0.024289071793055284,-0.026460420592266075,-0.011047848168208451,0.03980480467489202,0.02246860858208135,-0.03389112618632686,-0.012697730465497988,0.00579310118705465,-0.0018204632109739328,-0.05843265456759135,-0.01874414380781219
standardized,SR-MMP,HEPG2,14,0.6114130702981718,0.8162330703047915,0.45596339971606215,0.14412169757391097,0.6114130702981718,0.8162330703047915,0.39296852439503127,0.12220130270506083,0.6913810647734716,0.8678877258452653,0.4195863330829777,0.12952803386582584,0.685633261959581,0.8686842065736956,0.3573158374015515,0.10973698642732414,0.07996799447529976,0.05165465554047384,-0.03637706663308443,-0.014593663708085139,0.07422019166140903,0.052451136268904075,-0.035652686993479746,-0.012464316277736679,-0.005747802813890734,0.0007964807284302378,-0.06227049568142621,-0.019791047438501696
standardized,SR-MMP,HEPG2,15,0.6352177354067571,0.8244518526124383,0.4717454572745198,0.151016015337368,0.6352177354067571,0.8244518526124383,0.42225117839380133,0.13384264630396756,0.6829684576695156,0.8478040265628997,0.45296925172069746,0.1436931728302705,0.6845533039883679,0.8531171896919023,0.3986306328263867,0.12530196466237326,0.04775072226275852,0.023352173950461297,-0.01877620555382229,-0.00732284250709748,0.04933556858161083,0.028665337079464105,-0.02362054556741462,-0.008540681641594317,0.0015848463188523176,0.005313163129002807,-0.05433861889431076,-0.018391208167897268
standardized,SR-MMP,HEPG2,16,0.6028669733888778,0.8050379681685225,0.47337372663190624,0.15138724575840473,0.6028669733888778,0.8050379681685225,0.4127916803079545,0.12979197225113875,0.6669416665492256,0.8420296617173963,0.43826796295952075,0.13722152467458149,0.6790864225608327,0.8442112172783822,0.36541670418777494,0.11145147104996586,0.0640746931603477,0.03699169354887379,-0.03510576367238544,-0.014165721083823251,0.07621944917195488,0.03917324910985966,-0.04737497612017959,-0.018340501201172896,0.012144756011607184,0.0021815555609858706,-0.07285125877174581,-0.02577005362461563
standardized,SR-MMP,HEPG2,17,0.6229259921240031,0.810407664800621,0.46806147768475165,0.14911730635875703,0.6229259921240031,0.810407664800621,0.4033491349797824,0.126456719505518,0.6822534391729251,0.8523245384942202,0.44152521639179804,0.1381049560920332,0.7043584944552005,0.8551737320646675,0.36133027577977206,0.11005155948573486,0.05932744704892197,0.04191687369359918,-0.02653626129295362,-0.011012350266723847,0.0814325023311974,0.044766067264046396,-0.04201885920001034,-0.016405160019783135,0.022105055282275445,0.002849193570447217,-0.08019494061202592,-0.028053396606298325
standardized,SR-MMP,HEPG2,18,0.623216165908855,0.8060302903092964,0.47002038115536926,0.15037542659180209,0.623216165908855,0.8060302903092964,0.41952231658569517,0.13300524550064577,0.6776570551859962,0.8350116185020534,0.43882136159052354,0.13778967274782708,0.6820756618010152,0.8297376969127997,0.39489601639527516,0.12328001270329052,0.05444088927714119,0.02898132819275694,-0.0311990195648457,-0.012585753843974987,0.0588594958921602,0.02370740660350328,-0.02462630019042006,-0.009725232797355252,0.004418606615019005,-0.005273921589253661,-0.04392534519524842,-0.014509660044536563
standardized,SR-MMP,HEPG2,19,0.6284655138673851,0.820778905956853,0.4567129424782159,0.1447237814392361,0.6284655138673851,0.820778905956853,0.4001887694572984,0.125573094974605,0.6813636677001262,0.8574081566792587,0.4224884734160364,0.131418468036184,0.6863935211755251,0.8618321608081325,0.35531366413709453,0.10850953283736123,0.05289815383274097,0.03662925072240582,-0.03422446906217959,-0.013305313403052094,0.05792800730813985,0.04105325485127957,-0.044875105320203855,-0.017063562137243787,0.0050298534753988825,0.004424004128873759,-0.06717480927894186,-0.02290893519882279
standardized,SR-MMP,HT29,0,0.5535535950665901,0.8250565222727928,0.4495545529328996,0.14165317786316822,0.5535535950665901,0.8250565222727928,0.3603754938633463,0.11139369456838213,0.5991423826834639,0.8498978180728415,0.4401523460099508,0.1382664093977495,0.6090399827599944,0.8590212239515932,0.3394276938112363,0.10454563487132884,0.04558878761687377,0.0248412958000487,-0.009402206922948797,-0.003386768465418727,0.055486387693404235,0.03396470167880043,-0.020947800052110045,-0.0068480596970533075,0.009897600076530465,0.009123405878751734,-0.10072465219871454,-0.03372077452642066
standardized,SR-MMP,HT29,1,0.549134507193471,0.8263051910088386,0.44644803082625406,0.1400222210279821,0.549134507193471,0.8263051910088386,0.3563342918827188,0.10943800687910357,0.6447518647449411,0.8742962655618074,0.4191475037554868,0.1292975922220177,0.6420965550520059,0.8736600393564563,0.3233204250484071,0.09781457154881995,0.09561735755147002,0.047991074552968825,-0.027300527070767244,-0.010724628805964398,0.09296204785853486,0.04735484834761779,-0.03301386683431172,-0.011623435330283607,-0.0026553096929351704,-0.0006362262053510425,-0.09582707870707977,-0.031483020673197734
standardized,SR-MMP,HT29,2,0.5494783688179117,0.8314819838470875,0.44479751990687627,0.139507763759462,0.5494783688179117,0.8314819838470875,0.35818560581982783,0.1102115330257875,0.5962146902527498,0.8581798224206079,0.42548175047639625,0.13216794982004337,0.6281556128158419,0.8715414823277623,0.3265355880002382,0.09954515923273873,0.04673632143483815,0.026697838573520392,-0.0193157694304801,-0.00733981393941861,0.07867724399793029,0.04005949848067469,-0.03165001781958967,-0.010666373793048772,0.031940922563092146,0.0133616599071543,-0.09894616247615803,-0.03262279058730466
standardized,SR-MMP,HT29,3,0.5637874349921052,0.8246447136770787,0.45143440667886303,0.14291021818624391,0.5637874349921052,0.8246447136770787,0.3686774669453288,0.11385551218414562,0.6075885414483398,0.8556125100710302,0.4302061954722648,0.13438659351662702,0.6271237292543965,0.8667765295085694,0.33259273097762815,0.10211420948443473,0.043801106456234695,0.030967796393951596,-0.02122821120659819,-0.008523624669616925,0.06333629426229144,0.04213181583149066,-0.03608473596770069,-0.011741302699710918,0.01953518780605674,0.011164019437539063,-0.09761346449463665,-0.03227238403219229
standardized,SR-MMP,HT29,4,0.5482120450116549,0.8186824333147195,0.4437324712627319,0.13948764438251487,0.5482120450116549,0.8186824333147195,0.36318540039736297,0.11189354616495392,0.6197017540730911,0.854567608052669,0.41745146716360654,0.1291683445739054,0.618732845390649,0.858673509632616,0.3334324388469943,0.10210328553207253,0.07148970906143622,0.0358851747379495,-0.026281004099125305,-0.010319299808609465,0.0705208003789941,0.039991076317896536,-0.02975296155036865,-0.009790260632881399,-0.0009689086824421156,0.004105901579947035,-0.08401902831661226,-0.027065059041832894
standardized,SR-MMP,HT29,5,0.5919728534723931,0.8355820434478092,0.4368978505427326,0.13583065281569642,0.5919728534723931,0.8355820434478092,0.35840390873001704,0.11051991706334414,0.6759156325206599,0.879734476238168,0.4069611763256217,0.12372313529363728,0.6784067979434483,0.8830578945593134,0.3188933980158602,0.09732793148750377,0.08394277904826664,0.04415243279035867,-0.029936674217110947,-0.012107517522059127,0.08643394447105504,0.04747585111150412,-0.039510510714156864,-0.013191985575840382,0.0024911654227883994,0.003323418321145444,-0.08806777830976148,-0.02639520380613352
standardized,SR-MMP,HT29,6,0.5752982641750719,0.8375364376460036,0.44144411747366885,0.13790815630915831,0.5752982641750719,0.8375364376460036,0.34926334511274015,0.10692751761389382,0.665025984699646,0.881697506512479,0.4162607040290343,0.1286197848523547,0.6637325241731378,0.8723464981764935,0.31590658210305766,0.09489022435936498,0.08972772052457419,0.04416106886647544,-0.02518341344463452,-0.009288371456803604,0.0884342599980659,0.03481006053048976,-0.0333567630096825,-0.012037293254528843,-0.0012934605265082944,-0.009351008335985678,-0.10035412192597656,-0.03372956049298974
standardized,SR-MMP,HT29,7,0.5694218097175574,0.8320597102303209,0.44594040667633045,0.14061088501551505,0.5694218097175574,0.8320597102303209,0.36843695629725043,0.1142497107797873,0.6449788079100176,0.8738992801849467,0.42141005942872745,0.13097877209816644,0.647280916097622,0.8732333812732718,0.33731675973927444,0.1042119342892525,0.07555699819246017,0.04183956995462588,-0.024530347247602925,-0.009632112917348593,0.0778591063800645,0.04117367104295087,-0.03112019655797601,-0.010037776490534773,0.0023021081876043238,-0.0006658989116750114,-0.08409329968945306,-0.026766837808913924
standardized,SR-MMP,HT29,8,0.5849988049951917,0.8290982206032067,0.4467480007663097,0.14069375268445816,0.5849988049951917,0.8290982206032067,0.37058572160652065,0.11476971924649941,0.6450694023135634,0.8654697550975229,0.4268465719668887,0.13242639591591504,0.6506800529076364,0.8703038123178596,0.3386886517507114,0.10434845810120216,0.06007059731837154,0.03637153449431614,-0.019901428799420952,-0.008267356768543127,0.06568124791244463,0.04120559171465286,-0.03189706985580929,-0.010421261145297261,0.005610650594073086,0.004834057220336719,-0.08815792021617734,-0.02807793781471287
standardized,SR-MMP,HT29,9,0.5666317066740115,0.8293806136405578,0.44077803285778777,0.13797093706804514,0.5666317066740115,0.8293806136405578,0.3499095849324888,0.10713329693744153,0.6477413983270714,0.8771208369856115,0.4136082406424905,0.12731317545895215,0.6617534364493847,0.8785528479880101,0.31062980343644525,0.09292063164628797,0.08110969165305995,0.04774022334505361,-0.02716979221529727,-0.01065776160909299,0.09512172977537323,0.04917223434745226,-0.03927978149604359,-0.014212665291153549,0.014012038122313265,0.0014320110023986476,-0.1029784372060453,-0.034392543812664184
standardized,SR-MMP,HT29,10,0.5784182243543642,0.8313938247775277,0.4417939095152418,0.1380993123098184,0.5784182243543642,0.8313938247775277,0.35351185768236,0.10817250251203347,0.6470468147214853,0.8722794780381943,0.41670417043167546,0.12798962292727997,0.6575642371937386,0.8744609159249883,0.3218556504755017,0.0971553999847911,0.06862859036712118,0.04088565326066675,-0.02508973908356641,-0.01010968938253842,0.0791460128393745,0.04306709114746079,-0.0316562072068583,-0.011017102527242367,0.010517422472253313,0.0021814378867940354,-0.09484851995617376,-0.030834222942488866
standardized,SR-MMP,HT29,11,0.5674051539934374,0.8247560218798308,0.44606641850745116,0.14048167169488132,0.5674051539934374,0.8247560218798308,0.3625712189682341,0.11217075623108416,0.6154266126007817,0.8567333011380797,0.4295677442504993,0.13409216065659235,0.6681633352675126,0.879318454756055,0.32548137091540374,0.09948048135540158,0.048021458607344324,0.03197727925824896,-0.01649867425695184,-0.006389511038288984,0.10075818127407518,0.05456243287622424,-0.03708984805283037,-0.012690274875682594,0.052736722666730865,0.022585153617975286,-0.10408637333509559,-0.03461167930119076
standardized,SR-MMP,HT29,12,0.5579339421128945,0.8091925950709516,0.46085970663376863,0.14665615618583,0.5579339421128945,0.8091925950709516,0.38389186771008826,0.11966354764259901,0.6333516721971061,0.8604256036258595,0.42952910857893833,0.13385548194184588,0.6453964998370217,0.8633511399328594,0.33845348985094115,0.10355759437691248,0.0754177300842116,0.05123300855490791,-0.03133059805483027,-0.01280067424398414,0.08746255772412723,0.05415854486190772,-0.04543837785914713,-0.01610595326568655,0.012044827639915634,0.0029255363069998095,-0.09107561872799722,-0.0302978875649334
standardized,SR-MMP,HT29,13,0.527351202974352,0.8148899379380516,0.4526150514217414,0.1431050880047458,0.527351202974352,0.8148899379380516,0.35466877010464304,0.10868885556250404,0.595892012305206,0.8655700342223032,0.43003588164022427,0.1339200037232082,0.6197977451216301,0.8685598109677752,0.3199116852934515,0.09688081272921863,0.06854080933085392,0.05068009628425156,-0.022579169781517104,-0.009185084281537609,0.092446542147278,0.05366987302972359,-0.03475708481119155,-0.011808042833285423,0.023905732816424073,0.0029897767454720283,-0.11012419634677284,-0.03703919099398958
standardized,SR-MMP,HT29,14,0.5705646180704663,0.8396904664639052,0.43872496537464195,0.1372533897319159,0.5705646180704663,0.8396904664639052,0.361404292978125,0.11197461449942207,0.6533984776890553,0.8743922355446397,0.41065948280017545,0.12650698518916093,0.6570810413219049,0.8792473650838535,0.3273454656822307,0.10011987037098491,0.08283385961858898,0.034701769080734614,-0.02806548257446647,-0.010746404542754984,0.08651642325143857,0.03955689861994831,-0.03405882729589423,-0.011854744128437164,0.0036825636328496002,0.0048551295392136986,-0.08331401711794474,-0.026387114818175995
standardized,SR-MMP,HT29,15,0.5526261911178697,0.8082756261154197,0.4611030990252357,0.1469784123119156,0.5526261911178697,0.8082756261154197,0.3812301030264591,0.1185895426696199,0.597303046240049,0.8427115198858466,0.4430043986136972,0.1397263538180284,0.6282617991554862,0.8565345916743563,0.3500468141362288,0.10853742488614622,0.04467685512217948,0.034435893770426884,-0.018098700411538448,-0.007252058493887215,0.07563560803761649,0.048258965558936676,-0.03118328889023031,-0.01005211778347368,0.030958752915437003,0.013823071788509788,-0.09295758447746842,-0.031188928931882177
standardized,SR-MMP,HT29,16,0.5960218879460839,0.833582968245864,0.4461921785374541,0.14036836630593283,0.5960218879460839,0.833582968245864,0.3641081863086839,0.11286661126206307,0.6585995449233497,0.8700135552486801,0.42622738978774366,0.1321024628803526,0.6464114674299711,0.8551156655064336,0.3373996596936483,0.10286005932776328,0.06257765697726574,0.036430587002816185,-0.019964788749710305,-0.008265903425580253,0.050389579483887184,0.021532697260569677,-0.026708526615035554,-0.010006551934299788,-0.012188077493378557,-0.014897889742246507,-0.08882773009409536,-0.029242403552589308
standardized,SR-MMP,HT29,17,0.546343847743662,0.825491376176102,0.4463547605375421,0.14023995323732014,0.546343847743662,0.825491376176102,0.37025825573747395,0.11536691268694592,0.6290107102616498,0.8717761886499906,0.42052886834970904,0.13010936838756465,0.643057562972712,0.8755812954610886,0.331196429608143,0.10174728572541925,0.08266686251798787,0.04628481247388847,-0.02582589218783308,-0.010130584849755491,0.09671371522905,0.05008991928498652,-0.039061826129331,-0.013619626961526696,0.01404685271106213,0.0038051068110980467,-0.08933243874156604,-0.028362082662145415
standardized,SR-MMP,HT29,18,0.5672563516600349,0.8257497807642367,0.44319968838573287,0.13890720878754398,0.5672563516600349,0.8257497807642367,0.344184102435397,0.10441684651793978,0.6424844732986518,0.8715027383402079,0.4228598766614784,0.1307514708601037,0.6612592759721507,0.8866965603736938,0.30513655444845306,0.09100835948090615,0.07522812163861695,0.04575295757597144,-0.02033981172425453,-0.008155737927440284,0.09400292431211589,0.06094677960945725,-0.03904754798694393,-0.013408487037033656,0.018774802673498937,0.015193822033485804,-0.11772332221302531,-0.039743111379197574
standardized,SR-MMP,HT29,19,0.5469314531133306,0.813191731381148,0.453116487602096,0.14325496045348823,0.5469314531133306,0.813191731381148,0.3749890812094334,0.11613183869767522,0.5898376831279497,0.8512244322386173,0.4340599263903909,0.13578608985027935,0.5977501203985888,0.8471025921430646,0.35233228051932464,0.1086822253627063,0.04290623001461909,0.03803270085746944,-0.01905656121170508,-0.007468870603208893,0.05081866728525821,0.03391086076191674,-0.022656800690108735,-0.007449613334968924,0.007912437270639127,-0.004121840095552698,-0.08172764587106626,-0.027103864487573053
standardized,SR-MMP,MCF7,0,0.5142295585287188,0.8244925529967212,0.43880107974946636,0.1376384860820411,0.5142295585287188,0.8244925529967212,0.3434724021464469,0.10592527330270256,0.5720603206763283,0.8593962614055923,0.4203128981618932,0.13069880242303347,0.5985982779577361,0.8667987940031183,0.31147663485495874,0.09501653356639231,0.05783076214760944,0.03490370840887107,-0.018488181587573115,-0.006939683659007617,0.08436871942901737,0.04230624100639713,-0.031995767291488196,-0.010908739736310258,0.026537957281407933,0.007402532597526057,-0.10883626330693445,-0.03568226885664118
standardized,SR-MMP,MCF7,1,0.539596887906168,0.841124005660134,0.4296500408578182,0.13332144743405977,0.539596887906168,0.841124005660134,0.33572992669473384,0.10312387159415626,0.5721040426578389,0.8515848518472223,0.4219649062730902,0.13107176645572632,0.5969242988331891,0.8542329801810663,0.32404825072444143,0.09861215722913884,0.03250715475167084,0.010460846187088313,-0.007685134584727982,-0.0022496809783334485,0.05732741092702096,0.013108974520932204,-0.011681675970292382,-0.004511714365017405,0.02482025617535012,0.002648128333843891,-0.09791665554864878,-0.03245960922658746
standardized,SR-MMP,MCF7,2,0.49405853377238806,0.8190379413861301,0.44039822421562846,0.13760948716127147,0.49405853377238806,0.8190379413861301,0.34103211057641586,0.10469926749402916,0.5784178960780479,0.8598365515076919,0.4189780361118979,0.12997936848369684,0.5834942599180748,0.8633454814177173,0.31121921919485157,0.0947111717662541,0.08435936230565988,0.04079861012156185,-0.02142018810373053,-0.007630118677574624,0.08943572614568678,0.0443075400315871,-0.029812891381564306,-0.009988095727775051,0.005076363840026898,0.003508929910025249,-0.10775881691704634,-0.03526819671744274
standardized,SR-MMP,MCF7,3,0.5064830590983758,0.8319748943029881,0.4306822794533559,0.134178096127457,0.5064830590983758,0.8319748943029881,0.33607968840763386,0.10301414723599696,0.5968797133978162,0.8683020614132999,0.4081588656403321,0.1260791759314852,0.6251887213828276,0.8777406226618076,0.2941524345314882,0.08888077368586023,0.09039665429944048,0.03632716711031203,-0.022523413813023762,-0.008098920195971804,0.11870566228445187,0.045765728358819716,-0.041927253876145654,-0.014133373550136741,0.028309007985011393,0.009438561248507681,-0.11400643110884393,-0.037198402245624984
standardized,SR-MMP,MCF7,4,0.5377440064236043,0.8403008769717447,0.42484011283340894,0.1315530014972948,0.5377440064236043,0.8403008769717447,0.340452858329252,0.10512641702417524,0.6352716612972246,0.885990080570636,0.39904531057182774,0.12136952256902984,0.6358551356732308,0.8755542692035991,0.3052435220421088,0.09233943646159484,0.09752765487362021,0.04568920359889126,-0.02579480226158124,-0.010183478928264938,0.09811112924962644,0.03525339223185442,-0.03520933628714321,-0.012786980562580411,0.0005834743760062322,-0.01043581136703684,-0.0938017885297189,-0.02903008610743501
standardized,SR-MMP,MCF7,5,0.5253227349964253,0.8381802403764242,0.4312535404875638,0.1343353876191064,0.5253227349964253,0.8381802403764242,0.3366412701314804,0.10370362374806286,0.6344769818460324,0.8829615951552178,0.40449399177227835,0.12402377121181636,0.648928602980507,0.8815423112951606,0.2942472068844003,0.08816775592351188,0.10915424684960699,0.044781354778793594,-0.026759548715285474,-0.010311616407290026,0.1236058679840816,0.04336207091873632,-0.042394063247080054,-0.015535867824550973,0.014451621134474601,-0.0014192838600572744,-0.11024678488787802,-0.03585601528830449
standardized,SR-MMP,MCF7,6,0.5328544995477987,0.8429577253058852,0.4281669276582005,0.1329878929558452,0.5328544995477987,0.8429577253058852,0.3421010187918282,0.10534856855226568,0.6499179729126527,0.8885201195803771,0.39860400447176014,0.12186578247216864,0.6542822419827327,0.8864264912434289,0.3006102054203,0.0904679893115575,0.11706347336485397,0.045562394274491956,-0.029562923186440337,-0.011122110483676593,0.12142774243493397,0.04346876593754352,-0.041490813371528254,-0.01488057924070818,0.0043642690700800065,-0.002093628336948439,-0.09799379905146022,-0.031397793160611115
standardized,SR-MMP,MCF7,7,0.5344553475714852,0.835720806981423,0.43009955736031574,0.13384780840627608,0.5344553475714852,0.835720806981423,0.339936346504893,0.10469791235143115,0.6364268982880545,0.8832746693678178,0.4029430255034784,0.1232358289954806,0.6187131128190797,0.8689183072854915,0.31210431109965747,0.09461382452794893,0.10197155071656934,0.04755386238639472,-0.027156531856837352,-0.01061197941079548,0.08425776524759454,0.03319750030406845,-0.027832035405235534,-0.010084087823482215,-0.017713785468974796,-0.014356362082326268,-0.09083871440382094,-0.028622004467531676
standardized,SR-MMP,MCF7,8,0.5381334510796407,0.8337163580196842,0.4284436922142569,0.1334201406563335,0.5381334510796407,0.8337163580196842,0.34074811519515674,0.1048320333207721,0.5828792882773082,0.8543786123286224,0.41644272013510025,0.12872966159681298,0.6490059451316715,0.8785711974785488,0.30280604307895137,0.0916018573608501,0.044745837197667435,0.02066225430893829,-0.01200097207915667,-0.0046904790595205335,0.11087249405203077,0.04485483945886459,-0.03794207211620536,-0.013230175959921991,0.06612665685436334,0.024192585149926303,-0.11363667705614881,-0.03712780423596289
standardized,SR-MMP,MCF7,9,0.552091021696812,0.8379014949392658,0.42763222470935663,0.13274605091456532,0.552091021696812,0.8379014949392658,0.34088206954826106,0.10508792501970272,0.6297159711618388,0.8776670812693382,0.40783100505167563,0.12517643162628717,0.6660814940691148,0.8880343971416375,0.2910476149445873,0.08711946917138355,0.0776249494650266,0.039765586330072454,-0.019801219657681023,-0.0075696192882781285,0.11399047237230268,0.05013290220237161,-0.049834454603673736,-0.017968455848319152,0.036365522907276085,0.010367315872299155,-0.11678339010708831,-0.03805696245490362
standardized,SR-MMP,MCF7,10,0.5223551101053647,0.838446348710792,0.42500285501876817,0.1318318858635703,0.5223551101053647,0.838446348710792,0.32536828251148453,0.09881889900207716,0.5815277167061317,0.8630413924008078,0.41073409617674744,0.12638298216380034,0.6049420665384669,0.8708924416632609,0.2986881744483571,0.08952143342246772,0.0591726066007669,0.02459504369001573,-0.014268758842020701,-0.005448903699769974,0.08258695643310218,0.03244609295246896,-0.026680108063127417,-0.009297465579609445,0.023414349832335278,0.007851049262453235,-0.11204592172839037,-0.036861548741332614
standardized,SR-MMP,MCF7,11,0.5403461775235707,0.8341694601134444,0.42839237453322776,0.13283263521008828,0.5403461775235707,0.8341694601134444,0.34388183293202534,0.10586465789654005,0.5953557551395913,0.8576119350834664,0.4176450158801542,0.12882050337031908,0.6394428726688512,0.8788816534982347,0.3103389042493155,0.09438569786846474,0.05500957761602047,0.02344247497002212,-0.01074735865307358,-0.004012131839769168,0.09909669514528047,0.04471219338479036,-0.03354292868270984,-0.011478960028075321,0.04408711752926,0.021269718414768234,-0.10730611163083865,-0.03443480550185437
standardized,SR-MMP,MCF7,12,0.5263851163845519,0.8318764958620168,0.43733625906739293,0.13708104685005076,0.5263851163845519,0.8318764958620168,0.34776880319526504,0.10728700289872253,0.6482290307676637,0.8821774608521485,0.4090034099145738,0.12634666032141273,0.6731514564418453,0.8819856291527955,0.2992697908446424,0.0894932384452801,0.12184391438311193,0.05030096499013177,-0.02833284915281913,-0.01073438652863802,0.14676634005729344,0.050109133290778776,-0.04849901235062262,-0.017793764453442433,0.024922425674181525,-0.0001918316993529956,-0.1097336190699314,-0.03685342187613264
standardized,SR-MMP,MCF7,13,0.5170743758744909,0.8351923339749426,0.4330938107278876,0.13469402274446907,0.5170743758744909,0.8351923339749426,0.3331739191375826,0.10166870058957056,0.6016844045881962,0.8655060723321594,0.4138700615838656,0.1279667874607513,0.6325809090789097,0.8741691772778729,0.29995157727671196,0.0900668803347898,0.08461002871370527,0.030313738357216624,-0.019223749144022063,-0.006727235283717764,0.11550653320441887,0.038976843302930254,-0.03322234186087066,-0.01160182025478077,0.030896504490713583,0.008663104945713629,-0.11391848430715364,-0.037899907125961516
standardized,SR-MMP,MCF7,14,0.540833231596711,0.8261308168110816,0.43642478646021365,0.13672727264718687,0.540833231596711,0.8261308168110816,0.35315369350603715,0.10898566305423332,0.6147819670404909,0.8605525495840475,0.41609197459747255,0.1289369445522488,0.6471798621381959,0.877456205046348,0.3117984016309323,0.09462107559053617,0.07394873544377996,0.034421732772965875,-0.020332811862741128,-0.0077903280949380566,0.1063466305414849,0.0513253882352664,-0.041355291875104845,-0.014364587463697153,0.03239789509770495,0.016903655462300528,-0.10429357296654021,-0.03431586896171264
standardized,SR-MMP,MCF7,15,0.5248081814103591,0.8278558332906695,0.4401678093994442,0.1378885941521907,0.5248081814103591,0.8278558332906695,0.3514576801359951,0.10900441559862502,0.5894640249831704,0.8514681918334344,0.41856715071136685,0.129840975235551,0.6142016843343271,0.8596745048861738,0.32228225785844883,0.09842647132917157,0.06465584357281126,0.023612358542764843,-0.02160065868807739,-0.008047618916639715,0.08939350292396803,0.031818671595504354,-0.029175422277546263,-0.010577944269453453,0.024737659351156772,0.00820631305273951,-0.09628489285291801,-0.03141450390637942
standardized,SR-MMP,MCF7,16,0.5310951452262211,0.8330295081495743,0.42743220939623666,0.13275609701135815,0.5310951452262211,0.8330295081495743,0.3338639516411649,0.10185920103653263,0.6779037937558694,0.8886984328582705,0.3950530762994314,0.12085395188690769,0.6669129092065641,0.8895602481033548,0.2907899627035809,0.08662392520683967,0.14680864852964834,0.05566892470869622,-0.032379133096805304,-0.011902145124450458,0.13581776398034298,0.05653073995378035,-0.04307398893758402,-0.015235275829692954,-0.010990884549305368,0.0008618152450841299,-0.10426311359585054,-0.03423002668006801
standardized,SR-MMP,MCF7,17,0.5104457580854798,0.8250956378927328,0.43301940183465354,0.13488357463823802,0.5104457580854798,0.8250956378927328,0.3416022258793669,0.10454268908884404,0.6177619208336996,0.8647479274077347,0.4056815244429536,0.12427813976871563,0.6364363902439921,0.8613913683466498,0.30283226584738965,0.08978588691084585,0.10731616274821995,0.0396522895150019,-0.02733787739169997,-0.010605434869522413,0.12599063215851236,0.0362957304539171,-0.03876996003197726,-0.014756802177998176,0.018674469410292403,-0.003356559061084807,-0.10284925859556393,-0.034492252857869776
standardized,SR-MMP,MCF7,18,0.5282239253061183,0.8290269217491266,0.43606345671045543,0.1362579937147575,0.5282239253061183,0.8290269217491266,0.3494837605507012,0.1085590235550982,0.6453390670302215,0.8792798128965661,0.40082460796692193,0.12239792877681417,0.6472434920680679,0.8827882849369001,0.31026524934820593,0.0948686459532859,0.11711514172410323,0.05025289114743943,-0.035238848743533537,-0.013860064937943306,0.11901956676194955,0.05376136318777343,-0.03921851120249531,-0.013690377601812293,0.0019044250378463356,0.0035084720403339986,-0.09055935861871602,-0.02752928282352827
standardized,SR-MMP,MCF7,19,0.5247176803320416,0.8323573876497216,0.4330140585410461,0.13500150996767613,0.5247176803320416,0.8323573876497216,0.3381264071449199,0.10399125208683486,0.6406245000950926,0.8793286018948807,0.4069383969872396,0.12513417624367365,0.6612902096353406,0.8833917141739211,0.29889147503033675,0.08963916000080527,0.11590681976305106,0.046971214245159154,-0.026075661553806508,-0.00986733372400248,0.13657252930329905,0.051034326524199744,-0.03923493211458319,-0.014352092086029597,0.02066570954024798,0.0040631122790405925,-0.10804692195690284,-0.03549501624286837
standardized,SR-p53,HA1E,0,0.35440654729927845,0.7655687899853565,0.46044462380462325,0.14120980200349256,0.35440654729927845,0.7655687899853565,0.3044961151939978,0.08754300992437122,0.37920750244880763,0.7777226054080977,0.4552882995858358,0.13903162735321564,0.3873146382930746,0.7879687517688799,0.2962830321085413,0.08538301657560671,0.02480095514952917,0.012153815422741165,-0.005156324218787478,-0.002178174650276915,0.0329080909937961,0.022399961783523437,-0.00821308308545648,-0.002159993348764516,0.008107135844266932,0.010246146360782271,-0.15900526747729452,-0.05364861077760893
standardized,SR-p53,HA1E,1,0.37271700879544734,0.7793535079697431,0.45542048098333937,0.13885355921888276,0.37271700879544734,0.7793535079697431,0.29658638515745045,0.0850953747152237,0.38728298521908605,0.7838546557194835,0.45385167278982824,0.13824397296679847,0.40933009383870084,0.7951128241849864,0.2911697439784563,0.08344173879327232,0.014565976423638738,0.004501147749740331,-0.0015688081935110953,-0.0006095862520842932,0.03661308504325356,0.01575931621524327,-0.005416641178994114,-0.0016536359219513825,0.02204710861961482,0.011258168465502937,-0.1626819288113719,-0.05480223417352616
standardized,SR-p53,HA1E,2,0.3444166637311194,0.7826124145481677,0.45547890612794345,0.1388953940819155,0.3444166637311194,0.7826124145481677,0.2879362365427435,0.08203110281359619,0.35731672743391735,0.7856806788909417,0.4551938669146752,0.13887605405774578,0.3988922196900275,0.8106130017018629,0.2785115766290975,0.07938346064217906,0.012900063702797903,0.003068264342774141,-0.00028503921326822335,-1.9340024169753334e-05,0.05447555595890814,0.028000587153695133,-0.009424659913645972,-0.002647642171417128,0.04157549225611023,0.024932322810920993,-0.17668229028557775,-0.059492593415566696
standardized,SR-p53,HA1E,3,0.3615323531209024,0.7738701228829287,0.4563087238985036,0.13930637378546673,0.3615323531209024,0.7738701228829287,0.30120871039163755,0.08718884318301495,0.3615323531209024,0.7738701228829287,0.4563087217782448,0.13930637285912875,0.4484844903903638,0.8051287506086316,0.2766878566356183,0.07887561911093448,0.0,0.0,-2.1202588462720938e-09,-9.263379979751462e-10,0.08695213726946135,0.03125862772570294,-0.02452085375601921,-0.008313224072080464,0.08695213726946135,0.03125862772570294,-0.17962086514262643,-0.06043075374819425
standardized,SR-p53,HA1E,4,0.3691298140492985,0.7558485525175567,0.45652199435898233,0.13938678989772013,0.3691298140492985,0.7558485525175567,0.2999324468000214,0.08592573206410209,0.410223996679867,0.7836624053314095,0.4529688716338544,0.1381713928939492,0.4509488833494073,0.8040237123236522,0.2765470223493353,0.07830837229269114,0.04109418263056846,0.027813852813852825,-0.003553122725127833,-0.0012153970037709545,0.08181906930010882,0.04817515980609555,-0.023385424450686133,-0.007617359771410946,0.04072488666954037,0.02036130699224272,-0.17642184928451915,-0.059863020601258046
standardized,SR-p53,HA1E,5,0.3560789546478001,0.7862020638222011,0.45485453342485493,0.13851701315105772,0.3560789546478001,0.7862020638222011,0.289721038476858,0.08307176461019075,0.3560789546478001,0.7862020638222011,0.45485453171169954,0.13851701243701564,0.4149044228107594,0.8161708487185223,0.27999003456483207,0.08046819834139607,0.0,0.0,-1.7131554175264795e-09,-7.140420477114162e-10,0.058825468162959325,0.029968784896321134,-0.009731003912025915,-0.0026035662687946743,0.058825468162959325,0.029968784896321134,-0.17486449714686753,-0.058048814095619586
standardized,SR-p53,HA1E,6,0.36037965010926704,0.7745818586307758,0.4517085201217448,0.1372598468213458,0.36037965010926704,0.7745818586307758,0.2898465586205029,0.08241807578526986,0.3875226959762452,0.779619398849091,0.44995548685165343,0.13651138280837322,0.4165792449217417,0.7985490364751622,0.28091909824748507,0.07971892751505438,0.027143045866978188,0.005037540218315284,-0.0017530332700914086,-0.000748464012972555,0.056199594812474676,0.023967177844386466,-0.008927460373017759,-0.002699148270215465,0.029056548945496485,0.018929637626071184,-0.1690363886041683,-0.05679245529331885
standardized,SR-p53,HA1E,7,0.3455421239448626,0.7674934090938847,0.45670027628932636,0.13958065976597883,0.3455421239448626,0.7674934090938847,0.29609187601076836,0.08479657185661978,0.34300381087968185,0.769300958269855,0.458482824323082,0.14036817392418904,0.3584634538388275,0.7733527617564624,0.287868175407664,0.08173728129898132,-0.002538313065180786,0.0018075491759702578,0.001782548033755682,0.0007875141582102147,0.012921329893964894,0.005859352662577666,-0.008223700603104362,-0.0030592905576384416,0.01545964295914568,0.0040518034866074085,-0.17061464891541805,-0.05863089262520773
standardized,SR-p53,HA1E,8,0.3460103187146236,0.7751608474611512,0.457677895727344,0.13994839883290885,0.3460103187146236,0.7751608474611512,0.29857234604761584,0.08592950830956961,0.34548544281936583,0.7818473414317427,0.45633523628304057,0.13940094415143572,0.4148553828171105,0.7950630550709781,0.2873732857137531,0.08222678569027889,-0.0005248758952577925,0.006686493970591645,-0.0013426594443034401,-0.0005474546814731556,0.06884506410248685,0.01990220760982688,-0.011199060333862764,-0.0037027226192907214,0.06936993999774464,0.013215713639235238,-0.16896195056928748,-0.05717415846115681
standardized,SR-p53,HA1E,9,0.35437986403252514,0.7685412795870986,0.4532246871850245,0.13783333519386737,0.35437986403252514,0.7685412795870986,0.28279861313813903,0.07987751822610437,0.3957714565125986,0.7802168681174365,0.4497867775923491,0.13656981579606578,0.4419048377917812,0.796606852755563,0.26816514445424194,0.07524056448457746,0.041391592480073534,0.01167558853033781,-0.003437909592675348,-0.001263519397801588,0.0875249737592561,0.028065573168464298,-0.014633468683897127,-0.004636953741526897,0.04613338127918256,0.016389984638126485,-0.18162163313810722,-0.06132925131148831
standardized,SR-p53,HA1E,10,0.3563494081179245,0.7870937413437571,0.45431399929788646,0.13842482267307873,0.3563494081179245,0.7870937413437571,0.2900236186303736,0.0830348108331319,0.36638593848442624,0.7953703259430237,0.45253655119658626,0.13769790909333346,0.3662159639378159,0.7931930321238989,0.2856307734928159,0.08149898874289496,0.010036530366501784,0.008276584599266612,-0.0017774481013001942,-0.000726913579745292,0.009866555819891442,0.006099290780141842,-0.004392845137557744,-0.0015358220902369323,-0.00016997454661034085,-0.0021772938191247705,-0.16690577770377035,-0.05619892035043848
standardized,SR-p53,HA1E,11,0.35722064831402395,0.7820775942004914,0.45297817551523034,0.13786508292468408,0.35722064831402395,0.7820775942004914,0.29017467165039246,0.08290898883195477,0.3813648743051604,0.7892857816421347,0.45074607421625146,0.13702155596880547,0.3903970870879658,0.7901443454255899,0.28519805435010814,0.08110803927934873,0.024144225991136505,0.00720818744164331,-0.0022321012989788723,-0.0008435269558786124,0.033176438773941885,0.008066751225098567,-0.004976617300284281,-0.0018009495526060486,0.009032212782805383,0.0008585637834552573,-0.16554801986614331,-0.055913516689456745
standardized,SR-p53,HA1E,12,0.374793680277302,0.791293089227137,0.4521642709382241,0.13744069189023075,0.374793680277302,0.791293089227137,0.28966396911046316,0.08292407604392107,0.40406586821547547,0.8028017244767796,0.44918133594265963,0.13618614520941716,0.4249381438530467,0.8138702498560235,0.2778399880656143,0.07917662510330403,0.0292721879381735,0.011508635249642452,-0.002982934995564457,-0.0012545466808135785,0.05014446357574469,0.022577160628886393,-0.011823981044848908,-0.003747450940617042,0.020872275637571193,0.011068525379243943,-0.1713413478770454,-0.05700952010611313
standardized,SR-p53,HA1E,13,0.35678939314725033,0.7789916876264197,0.4550312974309117,0.13877652433595636,0.35678939314725033,0.7789916876264197,0.3031982886499104,0.08771962169716056,0.34989844962090694,0.7792109858720337,0.45441877610801856,0.13864765215300073,0.41127876243272626,0.7942761276293806,0.29305856321960866,0.08432989388644413,-0.006890943526343385,0.00021929824561404133,-0.0006125213228930892,-0.00012887218295563053,0.054489369285475896,0.015284440002960965,-0.010139725430301744,-0.0033897278107164405,0.061380312811819285,0.015065141757346922,-0.16136021288840993,-0.05431775826655659
standardized,SR-p53,HA1E,14,0.3750476123091128,0.7754915001937552,0.45717891082687867,0.13959681849357009,0.3750476123091128,0.7754915001937552,0.30109320042931204,0.08691104206454474,0.3750476123091128,0.7754915001937552,0.457178908892503,0.13959681765117832,0.3891478035563562,0.7900330324746357,0.29834377037416876,0.0861751990250137,0.0,0.0,-1.9343757151624175e-09,-8.423917535749226e-10,0.014100191247243387,0.014541532280880464,-0.0027494300551432703,-0.0007358430395310589,0.014100191247243387,0.014541532280880464,-0.15883513851833425,-0.053421618626164645
standardized,SR-p53,HA1E,15,0.3625977924588455,0.7767506847748927,0.4532713411697781,0.13797413413466342,0.3625977924588455,0.7767506847748927,0.287856663492835,0.08177571322185181,0.3769007215759682,0.7865512545754625,0.4499175606626206,0.1366146671287474,0.3904014693210295,0.7912396204967052,0.28085786381146016,0.07980392353248775,0.014302929117122743,0.009800569800569803,-0.003353780507157467,-0.0013594670059160151,0.02780367686218398,0.014488935721812424,-0.006998799681374834,-0.001971789689364063,0.013500747745061237,0.004688365921242621,-0.16905969685116046,-0.05681074359625965
standardized,SR-p53,HA1E,16,0.3544603573324062,0.8082373694365088,0.4555161399967389,0.1389589863774121,0.3544603573324062,0.8082373694365088,0.3045770200905488,0.08774023181759462,0.3681467424430696,0.8144103054214298,0.4528914962608659,0.13791100593487632,0.3580907907944725,0.8122196140275347,0.29871352687418035,0.08619641876938657,0.013686385110663368,0.00617293598492088,-0.0026246437358730334,-0.0010479804425357676,0.003630433462066207,0.00398224459102583,-0.005863493216368481,-0.0015438130482080508,-0.01005595164859716,-0.00219069139389505,-0.15417796938668551,-0.05171458716548977
standardized,SR-p53,HA1E,17,0.36469657493186913,0.7899988491663683,0.4505845282737136,0.13670813506332694,0.36469657493186913,0.7899988491663683,0.2833278480944589,0.08042114976548743,0.3819497634488079,0.7986172066542911,0.4485711860019263,0.13585808909821917,0.3855735086742468,0.8060413739566048,0.2785268758075195,0.0790499509524429,0.01725318851693871,0.008618357487922723,-0.002013342271787233,-0.000850045965107768,0.020876933742377667,0.016042524790236445,-0.004800972286939392,-0.0013711988130445357,0.003623745225438957,0.007424167302313722,-0.17004431019440683,-0.056808138145776274
standardized,SR-p53,HA1E,18,0.38330777408805466,0.7848505380858322,0.4557487355567377,0.13907044930574347,0.38330777408805466,0.7848505380858322,0.3056323997217086,0.08872149987231967,0.4000208569820888,0.8013799498505382,0.45462211674905395,0.13868313673687646,0.4184212543441893,0.8032152790682202,0.2987258721284904,0.08686387962860143,0.016713082894034125,0.016529411764705883,-0.001126618807683799,-0.0003873125688670043,0.03511348025613459,0.01836474098238805,-0.006906527593218142,-0.0018576202437182471,0.018400397362100463,0.0018353292176821689,-0.15589624462056356,-0.05181925710827504
standardized,SR-p53,HA1E,19,0.37905112026074306,0.7790665699396075,0.4565744948945234,0.13956074055514422,0.37905112026074306,0.7790665699396075,0.3133033433494814,0.09140956819364243,0.39288581609144096,0.7917264677832181,0.4535884550323244,0.1383623213555263,0.4105462396678014,0.7981827269647546,0.2962208684150334,0.08550803742308308,0.013834695830697935,0.012659897843610457,-0.0029860398621989414,-0.00119841919961792,0.03149511940705836,0.019116157025146886,-0.017082474934447978,-0.005901530770559353,0.017660423576360423,0.006456259181536428,-0.157367586617291,-0.052854283932443236
standardized,SR-p53,HEPG2,0,0.33269211648238406,0.774585012714472,0.45842007938952734,0.14033910801588856,0.33269211648238406,0.774585012714472,0.30205296162451245,0.08721180932402783,0.33269211648238406,0.774585012714472,0.45842007790649825,0.14033910735837163,0.34847073701374653,0.7852735255625337,0.29753014377879194,0.08645050392239127,0.0,0.0,-1.483029110627143e-09,-6.575169297917682e-10,0.015778620531362465,0.01068851284806156,-0.0045228178457204895,-0.000761305401636557,0.015778620531362465,0.01068851284806156,-0.1608899341277063,-0.053888603435980356
standardized,SR-p53,HEPG2,1,0.3402622961389298,0.7527144577779031,0.46282685416995156,0.14235129435124438,0.3402622961389298,0.7527144577779031,0.30503764148800994,0.087754368591961,0.36718986095494466,0.7751709581046932,0.46041992326794184,0.1413359583038687,0.40470768733107737,0.7766369287004335,0.2906789390571599,0.08348341413040836,0.026927564816014944,0.02245650032679003,-0.0024069309020097627,-0.0010153360473757033,0.06444539119214768,0.023922470922530394,-0.01435870243084995,-0.0042709544615526325,0.037517826376132726,0.0014659705957403625,-0.1697409842107819,-0.05785254417346032
standardized,SR-p53,HEPG2,2,0.3783915508047725,0.7809010971039574,0.4672191609139474,0.14446280428485078,0.3783915508047725,0.7809010971039574,0.3267212028630978,0.09572711510530588,0.37927505040344245,0.7814404714297395,0.4671606841790821,0.14443623180790388,0.3953985412961688,0.796250066171817,0.319590873026641,0.09389335168035483,0.0008834995986698902,0.0005393743257820826,-5.847673486524263e-05,-2.657247694689835e-05,0.017006990491396236,0.015348969067859607,-0.007130329836456751,-0.0018337634249510487,0.016123490892726345,0.014809594742077525,-0.14756981115244108,-0.05054288012754906
standardized,SR-p53,HEPG2,3,0.34129401615784294,0.7812311054820309,0.46263681470358653,0.14225229083821417,0.34129401615784294,0.7812311054820309,0.30258023880824364,0.08733644279955152,0.365405814609285,0.7977002935966991,0.4597037982611051,0.1411277474483704,0.40570571720598936,0.8181341191566693,0.28579838447831546,0.08258251841917871,0.024111798451442058,0.01646918811466831,-0.0029330164424815064,-0.0011245433898437573,0.06441170104814645,0.03690301367463842,-0.016781854329928226,-0.004753924380372809,0.04029990259670439,0.020433825559970108,-0.17390541378278962,-0.05854522902919168
standardized,SR-p53,HEPG2,4,0.33952658920113665,0.78140544896683,0.4619890415779649,0.14188162799101103,0.33952658920113665,0.78140544896683,0.304125532097149,0.08732026615088918,0.36964210037070605,0.7974466386972309,0.4586017116425392,0.14048752206903448,0.3766432248006716,0.8099012235601262,0.29502843456343336,0.08461600035780473,0.03011551116956942,0.016041189730400918,-0.003387329935425598,-0.0013941059219765377,0.037116635599535,0.02849577459329624,-0.009097097533715643,-0.0027042657930844483,0.007001124429965577,0.012454584862895324,-0.1635732770791059,-0.05587152171122974
standardized,SR-p53,HEPG2,5,0.32943362746264737,0.7678636959078077,0.468452058096965,0.14493636430088083,0.32943362746264737,0.7678636959078077,0.32471425867090337,0.09512218173546678,0.34941936416723174,0.7787725880759228,0.46457981098819695,0.14344880877319394,0.364436317694421,0.7978992056756506,0.31463802225542425,0.09245379750658993,0.019985736704584357,0.010908892168114992,-0.0038722471087680567,-0.001487555527686868,0.0350026902317736,0.030035509767842906,-0.010076236415479061,-0.0026683842288768482,0.015016953527189247,0.01912661759972791,-0.14994178873277267,-0.05099501126660403
standardized,SR-p53,HEPG2,6,0.33428799688152494,0.7579019705386262,0.46515694447654016,0.14355510201071003,0.33428799688152494,0.7579019705386262,0.32090305841975797,0.09437699909276544,0.3785630136588813,0.769881668126122,0.46200067345179896,0.1421888560260355,0.4224668666964022,0.8079935319523678,0.2862619290418827,0.08325176475847547,0.04427501677735639,0.011979697587495796,-0.003156271024741297,-0.0013662459846744996,0.08817886981487731,0.050091561413741645,-0.03464112937787526,-0.011125234334289958,0.043903853037520923,0.03811186382624585,-0.17573874440991624,-0.05893709126756005
standardized,SR-p53,HEPG2,7,0.3274895964453231,0.7542977352207814,0.462757668569179,0.14223385544503772,0.3274895964453231,0.7542977352207814,0.3134412145475956,0.09103084976657196,0.3741132946481415,0.7962585695569736,0.4551825578750274,0.1388899525215917,0.3875804806770181,0.7893403544487103,0.30670413832490734,0.08971869546254321,0.04662369820281846,0.04196083433619231,-0.00757511069415151,-0.0033439029234460125,0.06009088423169504,0.03504261922792893,-0.006737076222688232,-0.001312154304028737,0.013467186028876577,-0.006918215108263381,-0.14847841955012012,-0.0491712570590485
standardized,SR-p53,HEPG2,8,0.373884300214457,0.764532869360762,0.4667099311894612,0.14410519942259548,0.373884300214457,0.764532869360762,0.3314059134355193,0.09787688330758094,0.4077592623308666,0.7777687406323477,0.4625061776305809,0.14174951869797964,0.3996719503608935,0.7814546380682451,0.3264965030763466,0.0964061560582739,0.03387496211640965,0.01323587127158552,-0.004203753558880308,-0.00235568072461583,0.025787650146436435,0.016921768707482986,-0.004909410359172639,-0.001470727249307037,-0.00808731196997321,0.003685897435897467,-0.13600967455423424,-0.04534336263970573
standardized,SR-p53,HEPG2,9,0.32827178523623585,0.7715062813281419,0.46186287358659006,0.14188278732937676,0.32827178523623585,0.7715062813281419,0.31032192396261205,0.09033159046023247,0.32827178523623585,0.7715062813281419,0.4618628721705341,0.1418827866875783,0.394835842952188,0.7919883202975759,0.29866739697740996,0.08659177162862831,0.0,0.0,-1.416056005787425e-09,-6.417984366180463e-10,0.0665640577159522,0.020482038969433902,-0.011654526985202118,-0.00373981883160415,0.0665640577159522,0.020482038969433902,-0.16319547519312422,-0.05529101505895001
standardized,SR-p53,HEPG2,10,0.34448586027775985,0.7418656765582379,0.470413052564826,0.14586609802773126,0.34448586027775985,0.7418656765582379,0.31640117717130856,0.09156532746186499,0.3548724638240163,0.7463299622725235,0.46947434459813486,0.1455185807438692,0.36473579693768643,0.7699451999635252,0.31045833597469036,0.09045378415238227,0.010386603546256524,0.004464285714285721,-0.0009387079666911324,-0.0003475172838620366,0.020249936659926582,0.02807952340528741,-0.005942841196618231,-0.0011115433094827196,0.009863333113670058,0.02361523769100169,-0.15901600862344456,-0.05506479659148694
standardized,SR-p53,HEPG2,11,0.38804587814917363,0.7932288506944233,0.4598089389062675,0.14086213551017,0.38804587814917363,0.7932288506944233,0.29841808201777875,0.0859869426993283,0.3937923538956494,0.8019846110630869,0.45629459241539394,0.13928404537750919,0.44956574243996056,0.8316493244615618,0.27969685149986945,0.08023792545185975,0.0057464757464757545,0.008755760368663634,-0.003514346490873621,-0.0015780901326608089,0.06151986429078691,0.03842047376713853,-0.018721230517909325,-0.005749017247468543,0.05577338854431115,0.029664713398474894,-0.17659774091552452,-0.05904611992564943
standardized,SR-p53,HEPG2,12,0.32639005978959557,0.7607668423161394,0.464751485365347,0.14322206128306508,0.32639005978959557,0.7607668423161394,0.3043018953494475,0.0877484741551395,0.35427478913939525,0.7746686421646711,0.462942623212236,0.14230216699981815,0.38402309497595166,0.7788902477206261,0.2953561883955852,0.08469718272626411,0.02788472934979975,0.01390179984853166,-0.001808862153110924,-0.0009198942832469442,0.05763303518635611,0.01812340540448667,-0.008945706953862353,-0.00305129142887538,0.02974830583655636,0.00422160555595501,-0.16758643481665084,-0.057604984273554025
standardized,SR-p53,HEPG2,13,0.33913488599633335,0.7806847690265715,0.46052010673065,0.14130666266700037,0.33913488599633335,0.7806847690265715,0.30398064036390415,0.08777416253522141,0.3554680363632403,0.7928668562626701,0.4575612417580309,0.1399716945430697,0.4202988268621578,0.8222473996727849,0.283399449534323,0.08184438484018211,0.016333150366906978,0.012182087236098704,-0.0029588649726190685,-0.0013349681239306689,0.0811639408658245,0.04156263064621346,-0.020581190829581132,-0.005929777695039299,0.06483079049891752,0.029380543410114757,-0.17416179222370792,-0.05812730970288758
standardized,SR-p53,HEPG2,14,0.3185509200329205,0.7550651872009337,0.46347330393340747,0.14268392254790302,0.3185509200329205,0.7550651872009337,0.3172569006745759,0.092070139137524,0.3923691688289547,0.7911286792644259,0.45866853513984546,0.14046659091173555,0.4398206636514844,0.8124409738074896,0.30407819711289014,0.08820967920465714,0.07381824879603417,0.03606349206349206,-0.004804768793562009,-0.002217331636167494,0.12126974361856394,0.057375786606555824,-0.0131787035616858,-0.0038604599328668555,0.04745149482252976,0.02131229454306376,-0.15459033802695527,-0.05225691170707839
standardized,SR-p53,HEPG2,15,0.32669700046354505,0.7533307579603807,0.4652272718070706,0.14343360325237214,0.32669700046354505,0.7533307579603807,0.32933054121384303,0.09589401255657921,0.33682838903326245,0.7944935486580551,0.4603097763682695,0.1415481512840704,0.3506316429474875,0.775335112778689,0.32420139192509045,0.09475764363969083,0.01013138856971739,0.04116279069767441,-0.004917495438801145,-0.0018854519683017823,0.023934642483942482,0.022004354818308314,-0.005129149288752533,-0.0011363689168883793,0.013803253914225095,-0.0191584358793661,-0.136108384443179,-0.046790507644379545
standardized,SR-p53,HEPG2,16,0.35817201935510257,0.760164175673435,0.4634322590343046,0.14266548905216653,0.35817201935510257,0.760164175673435,0.3165254847800566,0.09197211059221702,0.36454160740152086,0.7642794020108835,0.46226152678461113,0.1421218976954112,0.3959610861840291,0.7784576377320761,0.31091783222808617,0.09059295155073653,0.006369588046418273,0.004115226337448541,-0.0011707322496935847,-0.000543591356755313,0.037789066828926486,0.01829346205864113,-0.005607652551970471,-0.0013791590414804849,0.03141947878250821,0.014178235721192589,-0.15134369455652494,-0.05152894614467467
standardized,SR-p53,HEPG2,17,0.32555247405217785,0.7636732165304871,0.46613723588405964,0.14391466448279072,0.32555247405217785,0.7636732165304871,0.31665426816638054,0.09274699378786001,0.33013153882700613,0.7679982492958869,0.465442014681997,0.14357844830667812,0.37176970052104724,0.7903344661434364,0.3086932506658403,0.090567772315275,0.004579064774828323,0.0043250327653997275,-0.000695221202062657,-0.00033621617611260813,0.04621722646886941,0.026661249612949224,-0.007961017500540273,-0.002179221472585009,0.04163816169404109,0.022336216847549495,-0.15674876401615673,-0.05301067599140312
standardized,SR-p53,HEPG2,18,0.37456294027472076,0.7888045168590365,0.45667528199656493,0.1395026625086179,0.37456294027472076,0.7888045168590365,0.2966621038027195,0.0853803719735825,0.37456294027472076,0.7888045168590365,0.45667528059884377,0.13950266188659763,0.3778713047609437,0.7892085572630769,0.2964283992816211,0.08532899486168094,0.0,0.0,-1.3977211721361015e-09,-6.220202408702136e-10,0.0033083644862229255,0.0004040404040403844,-0.0002337045210983768,-5.137711190156547e-05,0.0033083644862229255,0.0004040404040403844,-0.16024688131722262,-0.0541736670249167
standardized,SR-p53,HEPG2,19,0.35334508248682633,0.7523105698854028,0.4669098103843261,0.14435232593803177,0.35334508248682633,0.7523105698854028,0.3337957423097062,0.09875061642281838,0.36912393184176306,0.7662378135264203,0.4665877535028692,0.14396019339758856,0.43744076841256296,0.8104102721132266,0.31269693438071344,0.0931819791614817,0.01577884935493671,0.013927243641017406,-0.0003220568814569336,-0.00039213254044321856,0.08409568592573666,0.05809970222782368,-0.02109880792899278,-0.005568637261336676,0.06831683657079995,0.044172458586806275,-0.1538908191221558,-0.05077821423610686
standardized,SR-p53,HT29,0,0.35268714957380587,0.7862141470142714,0.4491674555453386,0.13597988430460495,0.35268714957380587,0.7862141470142714,0.27655627648617126,0.07759463718427717,0.39266871673280196,0.8086029148134436,0.4431277518016409,0.13296001101390229,0.43393137950260885,0.8311682015638079,0.25918290710023906,0.07233092892141654,0.039981567158996076,0.022388767799172295,-0.006039703743697699,-0.003019873290702671,0.08124422992880291,0.04495405454953645,-0.01737336938593227,-0.005263708262860621,0.04126266276980684,0.022565286750364157,-0.1839448447014019,-0.06062908209248573
standardized,SR-p53,HT29,1,0.3556132449764993,0.7750464015042032,0.45216589036516064,0.1374352432327958,0.3556132449764993,0.7750464015042032,0.2870791473588191,0.08170835059629293,0.40316284937243996,0.7895744406809972,0.44826983291593914,0.13583925574079667,0.4671962211078811,0.812002984105208,0.26802294072324917,0.07582442120136276,0.04754960439594069,0.014528039176794062,-0.0038960574492215017,-0.0015959874919991234,0.1115829761313818,0.03695658260100474,-0.019056206635569905,-0.005883929394930171,0.06403337173544112,0.02242854342421068,-0.18024689219268997,-0.060014834539433924
standardized,SR-p53,HT29,2,0.3312856153995577,0.7730213609768607,0.45914221298280855,0.14056618092433554,0.3312856153995577,0.7730213609768607,0.29579759897630326,0.08451237770559317,0.35092435330800414,0.7916591983594874,0.4530756285422609,0.13790585123492774,0.39345642101100875,0.8070585754992535,0.27707932766228477,0.07884396262034049,0.01963873790844648,0.018637837382626633,-0.006066584440547573,-0.002660329689407784,0.06217080561145107,0.034037214522392834,-0.018718271314018552,-0.005668415085252672,0.04253206770300459,0.015399377139766201,-0.17599630087997623,-0.05906188861458724
standardized,SR-p53,HT29,3,0.34189603057863077,0.7827711212017319,0.45494214503040753,0.13872479951989125,0.34189603057863077,0.7827711212017319,0.2901392286439641,0.08278700910168738,0.4180599167118732,0.8065311405335981,0.4469381284462891,0.1354451260661532,0.4173577342095805,0.8001445757985899,0.2740272935633363,0.07693909180337519,0.07616388613324246,0.023760019331866222,-0.008004016584118468,-0.003279673453738066,0.07546170363094973,0.017373454596857973,-0.016111935080627755,-0.005847917298312173,-0.0007021825022927364,-0.006386564735008249,-0.17291083488295275,-0.05850603426277799
standardized,SR-p53,HT29,4,0.31509867999800784,0.7542888318564933,0.4590703312460338,0.14063095516810262,0.31509867999800784,0.7542888318564933,0.2994856686734309,0.08584977867517346,0.3778496558198515,0.7835956388888645,0.4520663654124121,0.1375683569767992,0.43618146550807213,0.7900401070632136,0.276811702890591,0.07814114675769768,0.06275097582184372,0.02930680703237114,-0.007003965833621795,-0.0030625981913034116,0.12108278551006431,0.03575127520672028,-0.02267396578283993,-0.007708631917475781,0.05833180968822058,0.0064444681743491385,-0.17525466252182106,-0.05942721021910154
standardized,SR-p53,HT29,5,0.326891731936756,0.7854311481263314,0.45124234053184953,0.1369232845638654,0.326891731936756,0.7854311481263314,0.2730698813345974,0.07573409351069071,0.3306870110038237,0.7880756171227647,0.45052826713514327,0.13663015179946397,0.35225052362382014,0.7830931477936732,0.26995163302456904,0.07464168285116764,0.0037952790670676305,0.0026444689964331804,-0.0007140733967063162,-0.00029313276440142143,0.02535879168706411,-0.0023380003326582523,-0.0031182483100283486,-0.0010924106595230853,0.021563512619996478,-0.004982469329091433,-0.1805766341105742,-0.06198846894829635
standardized,SR-p53,HT29,6,0.3164851759210471,0.7411034344975848,0.4561993597797123,0.13934694602598302,0.3164851759210471,0.7411034344975848,0.2823025431469384,0.07905856005655928,0.3295552923741439,0.7423519494488653,0.454217308129483,0.13843853441826998,0.3605369860848676,0.7518270560457259,0.2700295443507009,0.07403679716738838,0.013070116453096792,0.0012485149512805106,-0.001982051650229266,-0.0009084116077130305,0.04405181016382047,0.01072362154814106,-0.012272998796237462,-0.005021762889170903,0.03098169371072368,0.00947510659686055,-0.18418776377878215,-0.0644017372508816
standardized,SR-p53,HT29,7,0.34222679790427657,0.7869123514572365,0.4527720839297861,0.13772145813760253,0.34222679790427657,0.7869123514572365,0.29261210549029937,0.08354605708904002,0.40168681485696156,0.8092902624756585,0.44478260368485356,0.1345097029072399,0.4748766787813281,0.8299460104602276,0.267458267047748,0.07621693395031873,0.05946001695268498,0.022377911018421993,-0.007989480244932512,-0.003211755230362645,0.1326498808770516,0.043033659002991255,-0.025153838442551358,-0.007329123138721282,0.07318986392436663,0.02065574798456926,-0.17732433663710562,-0.05829276895692116
standardized,SR-p53,HT29,8,0.3667526838797005,0.7741549717816529,0.44957825888241826,0.13633077665543258,0.3667526838797005,0.7741549717816529,0.286762680914243,0.08096407669239399,0.4144587396965198,0.7816618203680515,0.44671866796203946,0.13414844272584334,0.420506901630604,0.7753801585611099,0.2838186081746262,0.07913230063732575,0.04770605581681927,0.00750684858639854,-0.002859590920378796,-0.002182333929589228,0.05375421775090346,0.0012251867794568438,-0.0029440727396168433,-0.0018317760550682336,0.006048161934084184,-0.006281661806941697,-0.1629000597874133,-0.05501614208851761
standardized,SR-p53,HT29,9,0.3316430485648973,0.7736647996628468,0.4542977291224088,0.13845405657815388,0.3316430485648973,0.7736647996628468,0.2965543261348075,0.08488365025530453,0.3411606256205542,0.7775225743549191,0.4560312498855634,0.13914198011488124,0.4100675447686,0.8026908133700346,0.281931246481974,0.08066615188492389,0.009517577055656923,0.003857774692072291,0.00173352076315455,0.0006879235367273417,0.07842449620370269,0.029026013707187714,-0.01462307965283341,-0.00421749837038064,0.06890691914804577,0.025168239015115425,-0.1741000034035893,-0.05847582822995734
standardized,SR-p53,HT29,10,0.3383170695760801,0.7699023020957628,0.45510938423893965,0.1388409203687068,0.3383170695760801,0.7699023020957628,0.2936569188102077,0.08396231454734425,0.3417761048297482,0.7839708525928847,0.4537018249913654,0.13836008303174835,0.4323826545298203,0.8249835871526973,0.2808043005641331,0.08086979467758001,0.0034590352536680914,0.014068550497121945,-0.001407559247574164,-0.00048083733695843676,0.09406558495374015,0.055081285056934416,-0.012852618246074676,-0.0030925198697642335,0.09060654970007206,0.04101273455981247,-0.17289752442723236,-0.05749028835416833
standardized,SR-p53,HT29,11,0.3493303601120596,0.7788147016918424,0.455444781676895,0.1388544027437955,0.3493303601120596,0.7788147016918424,0.3018379136423044,0.08717596436308041,0.39571674509800225,0.7980124610421309,0.4508293826084911,0.13684030814825116,0.48700719086527117,0.8325580372301136,0.26941621190000536,0.0767663592876552,0.046386384985942664,0.019197759350288425,-0.004615399068403858,-0.002014094595544383,0.1376768307532116,0.053743335538271084,-0.03242170174229902,-0.010409605075425203,0.09129044576726894,0.034545576187982666,-0.18141317070848573,-0.06007394886059595
standardized,SR-p53,HT29,12,0.3325328683356382,0.7709700271301355,0.45602919756295146,0.13914907694663553,0.3325328683356382,0.7709700271301355,0.2949008286555076,0.08470312621733236,0.38748003388598456,0.8010980790298973,0.4479471993254748,0.13531307831704503,0.4914434162109866,0.8240371627653651,0.25773248988904557,0.0721259240832599,0.054947165550346344,0.030128051899761775,-0.008081998237476629,-0.0038359986295904867,0.15891054787534836,0.05306713563522954,-0.037168338766461986,-0.012577202134072462,0.10396338232500199,0.02293908373546776,-0.19021470943642926,-0.06318715423378514
standardized,SR-p53,HT29,13,0.39445283321001534,0.7899261530550922,0.450896312404505,0.13683678412329425,0.39445283321001534,0.7899261530550922,0.29100677037584394,0.08274807413807886,0.4256653594140912,0.8087546190667453,0.4439428464593109,0.1338848958484738,0.4268436915971331,0.8043288686408209,0.2819811125995975,0.0799795293611831,0.031212526204075886,0.018828466011653243,-0.006953465945194049,-0.0029518882748204496,0.03239085838711782,0.014402715585728743,-0.009025657776246438,-0.002768544776895758,0.0011783321830419302,-0.004425750425924501,-0.16196173385971346,-0.053905366487290704
standardized,SR-p53,HT29,14,0.32138461571142657,0.7622320116703418,0.4550056760739153,0.13871310140335352,0.32138461571142657,0.7622320116703418,0.2987541815646765,0.08537834545213717,0.3426289640092569,0.7711371211593929,0.45129082319223046,0.13708854845101293,0.40152777762534503,0.7816258415435725,0.2815651522767298,0.07986089420538126,0.02124434829783036,0.008905109489051077,-0.003714852881684849,-0.0016245529523406077,0.08014316191391849,0.01939382987323075,-0.017189029287946727,-0.005517451246755921,0.05889881361608813,0.010488720384179672,-0.16972567091550067,-0.057227654245631684
standardized,SR-p53,HT29,15,0.3261775393784293,0.7565837353820196,0.45919361985806484,0.14070471962329706,0.3261775393784293,0.7565837353820196,0.2955622351468559,0.08438099724256512,0.3939449723466087,0.7879777263229037,0.44727788522740475,0.13565068289472643,0.44698281116075994,0.7929056404888037,0.27555112201065274,0.07777601142673667,0.0677674329681794,0.03139399094088409,-0.011915734630660002,-0.005054036728570632,0.12080527178233069,0.036321905106784125,-0.020011113136203174,-0.006604985815828438,0.053037838814151285,0.004927914165900038,-0.17172676321675207,-0.05787467146798973
standardized,SR-p53,HT29,16,0.3193536640176307,0.7769066190474335,0.45438454533541445,0.13842559034130547,0.3193536640176307,0.7769066190474335,0.2923458746265676,0.08379068836767993,0.3423735178351811,0.7935323838487383,0.45067615363687796,0.13689555403400655,0.4776992186470655,0.8331686161505252,0.265230426928396,0.07559276489946712,0.023019853817550416,0.016625764801304666,-0.003708391698536484,-0.0015300363072989099,0.15834555462943473,0.056261997103091634,-0.02711544769817162,-0.008197923468212808,0.13532570081188433,0.039636232301786964,-0.185445726708482,-0.061302789134539425
standardized,SR-p53,HT29,17,0.32011566080032694,0.7533598676386308,0.4572167383956134,0.139750433740209,0.32011566080032694,0.7533598676386308,0.29871261902773977,0.08533748424546132,0.32868026286204316,0.7513938017509962,0.46237971465455363,0.14091325553972492,0.34483158213571846,0.7577564460352092,0.2948598579662979,0.0841035747068085,0.008564602061716187,-0.001966065887634505,0.005162976258940233,0.001162821799515898,0.024715921335391477,0.00439657839657841,-0.003852761061441945,-0.001233909538652818,0.01615131927367529,0.006362644284212915,-0.16751985668825578,-0.05680968083291641
standardized,SR-p53,HT29,18,0.35136148523869143,0.7742592541501787,0.4529080257216517,0.1378234841280467,0.35136148523869143,0.7742592541501787,0.2935440276700882,0.08381820510063605,0.3904987473505524,0.7953260159176057,0.4486777963595988,0.13599479891610505,0.4252050232930312,0.8042458081125435,0.269474345521131,0.07579697065176738,0.039137262111860936,0.021066761767426966,-0.0042302293620529174,-0.0018286852119416663,0.07384353805433976,0.02998655396236487,-0.024069682148957206,-0.008021234448868658,0.03470627594247881,0.008919792194937904,-0.17920345083846778,-0.06019782826433766
standardized,SR-p53,HT29,19,0.3270892613508566,0.7691349990962544,0.4510021684587063,0.13697371428361232,0.3270892613508566,0.7691349990962544,0.28116673445565815,0.07922571152571738,0.34438018463520087,0.7789308017396601,0.44903070227192343,0.13611412497722913,0.4470255126008887,0.8002824592694473,0.2602098754678539,0.07219016520321639,0.017290923284344274,0.009795802643405672,-0.0019714661867828664,-0.0008595893063831683,0.11993625125003204,0.031147460173192965,-0.02095685898780425,-0.007035546322500985,0.10264532796568777,0.021351657529787293,-0.1888208268040695,-0.06392395977401275
standardized,SR-p53,MCF7,0,0.27240629342818784,0.7594487446909164,0.44505857198629767,0.13455507961138563,0.27240629342818784,0.7594487446909164,0.26137170467773696,0.07165971062507763,0.27240629342818784,0.7594487446909164,0.4450585710215965,0.1345550791909285,0.4526728865791359,0.8284153078340489,0.24267969269153683,0.0662229734453666,0.0,0.0,-9.647011300906173e-10,-4.204571329990969e-10,0.1802665931509481,0.06896656314313258,-0.018692011986200123,-0.0054367371797110365,0.1802665931509481,0.06896656314313258,-0.20237887833005966,-0.0683321057455619
standardized,SR-p53,MCF7,1,0.29021815245656307,0.7636483031221535,0.4465799770032077,0.13523866044376537,0.29021815245656307,0.7636483031221535,0.27310081057576124,0.07645892926083586,0.3240457357283847,0.765459897325052,0.4458475267283232,0.13493236267552802,0.3686752865211737,0.7870986750707054,0.26098208439575116,0.07253412365151415,0.03382758327182158,0.0018115942028985588,-0.0007324502748845107,-0.000306297768237368,0.07845713406461063,0.02345037194855195,-0.012118726180010132,-0.003924805609321709,0.044629550792789054,0.02163877774565339,-0.18486544233257202,-0.06239823902401387
standardized,SR-p53,MCF7,2,0.2872311718255989,0.7519485978572399,0.4480150472266217,0.1358745278136438,0.2872311718255989,0.7519485978572399,0.2757530987134107,0.07729130903076006,0.3140048405412689,0.7650795203767493,0.4445216837988938,0.13432120964748723,0.41038750059553825,0.803628000803484,0.25695358436538124,0.07177320463851329,0.026773668715670062,0.01313092251950949,-0.0034933634277279245,-0.001553318166156542,0.12315632876993936,0.0516794029462442,-0.01879951434802944,-0.0055181043922467796,0.09638266005426929,0.03854848042673471,-0.18756809943351255,-0.06254800500897395
standardized,SR-p53,MCF7,3,0.2854001704823824,0.7603995807926685,0.4423331396956119,0.13325698044818662,0.2854001704823824,0.7603995807926685,0.26756886357151366,0.07470830380864116,0.30276523427948937,0.7704957346388223,0.4398806241532993,0.13226896807190175,0.36128036599730357,0.7840623796345254,0.2555059264262366,0.07051670087724043,0.01736506379710687,0.010096153846153833,-0.0024525155423124833,-0.0009880123762848914,0.07588019551492113,0.023662798841857024,-0.01206293714527707,-0.004191602931400711,0.058515131717814264,0.013566644995703193,-0.18437469772706278,-0.0617522671946613
standardized,SR-p53,MCF7,4,0.3272286708847327,0.7628187648443053,0.4414667817609236,0.1329233497905884,0.3272286708847327,0.7628187648443053,0.26846735095711094,0.07501729573684864,0.3527215742483819,0.7794710032633455,0.43802428617459765,0.13148838926533188,0.40473907049049307,0.805565892074104,0.25439948537545665,0.0707488980459636,0.025492903363649188,0.016652238419040177,-0.0034424955863259,-0.0014349605252565235,0.0775103996057604,0.04274712722979861,-0.014067865581654303,-0.004268397690885023,0.0520174962421112,0.026094888810758433,-0.1836248007991411,-0.060739491219368266
standardized,SR-p53,MCF7,5,0.31675426281355856,0.7566047711858165,0.439957103530936,0.1323105444684228,0.31675426281355856,0.7566047711858165,0.2613327393188893,0.07224346441178102,0.3925057651924123,0.7815916728290648,0.43688777127405415,0.13100255160812013,0.42793516833121686,0.8019552834194533,0.2493507126419237,0.06866996705801541,0.07575150237885372,0.024986901643248394,-0.0030693322568817517,-0.0013079928603026924,0.11118090551765829,0.0453505122336368,-0.011982026676965624,-0.0035734973537656064,0.03542940313880457,0.020363610590388402,-0.18753705863213052,-0.06233258455010471
standardized,SR-p53,MCF7,6,0.2819468835883917,0.7557395877551991,0.4455521061231241,0.13478865886686936,0.2819468835883917,0.7557395877551991,0.2784139308426742,0.07833702385007826,0.3318793188865269,0.7983535163020962,0.4399966044774063,0.1323725303598751,0.39773278350728714,0.8120543201800929,0.25857106871799884,0.07232515153012836,0.04993243529813513,0.04261392854689707,-0.005555501645717898,-0.002416128506994281,0.11578589991889539,0.05631473242489378,-0.01984286212467536,-0.006011872319949903,0.06585346462076026,0.013700803877996704,-0.1814255357594074,-0.060047378829746735
standardized,SR-p53,MCF7,7,0.3041294247244025,0.7705840959419363,0.44968226665204786,0.13641288234648408,0.3041294247244025,0.7705840959419363,0.27937252651193567,0.07923332390657116,0.3402476352257462,0.8001197645371512,0.4439806862760892,0.13400363490482461,0.40922813459584145,0.8059840093829107,0.2561707838621718,0.07160966564247365,0.03611821050134371,0.029535668595214927,-0.005701580375958704,-0.002409247441659476,0.10509870987143896,0.035399913440974394,-0.0232017426497639,-0.007623658264097529,0.06898049937009527,0.00586424484575947,-0.1878099024139174,-0.06239396926235097
standardized,SR-p53,MCF7,8,0.2857916376265509,0.7420542010947133,0.4484105182951891,0.13613120370706752,0.2857916376265509,0.7420542010947133,0.27373891826483276,0.07621681163526924,0.30661710569129375,0.7506829028241613,0.4449801026071887,0.1346249788550699,0.3492123052851163,0.7669694529925739,0.2625425967393793,0.0722633990410925,0.02082546806474288,0.008628701729448008,-0.0034304156880003546,-0.00150622485199762,0.06342066765856545,0.02491525189786057,-0.011196321525453457,-0.003953412594176739,0.042595199593822575,0.016286550168412562,-0.18243750586780938,-0.06236157981397743
standardized,SR-p53,MCF7,9,0.2902387467013713,0.75111306477064,0.44610872796537554,0.13499655004180935,0.2902387467013713,0.75111306477064,0.2796814633168371,0.07848204963683578,0.3286745097715255,0.7730822228355574,0.4395997288056754,0.1323860533073093,0.43805657293419625,0.807878298661851,0.2558411602114278,0.07101247084007983,0.03843576307015417,0.021969158064917282,-0.006508999159700169,-0.0026104967345000536,0.14781782623282497,0.05676523389121104,-0.02384030310540931,-0.007469578796755935,0.10938206316267078,0.03479607582629376,-0.18375856859424763,-0.06137358246722947
standardized,SR-p53,MCF7,10,0.2899498758349409,0.7668126328910497,0.4459806780690668,0.1349071471302566,0.2899498758349409,0.7668126328910497,0.273599932560054,0.07645057257850336,0.3211022326306092,0.7878616133528626,0.4416543377859198,0.13307682173739097,0.36159227185270926,0.7999686133898344,0.2579768563685797,0.07133261899734158,0.03115235679566828,0.021048980461812937,-0.004326340283146979,-0.001830325392865606,0.07164239601776834,0.033155980498784675,-0.015623076191474333,-0.005117953581161778,0.04049003922210006,0.012107000036971738,-0.18367748141734017,-0.06174420274004937
standardized,SR-p53,MCF7,11,0.28705853163832823,0.7431754748184762,0.45043241757946656,0.136972160481397,0.28705853163832823,0.7431754748184762,0.27213834043671903,0.07564506386929719,0.3347850915754263,0.772008285376623,0.44417536572890415,0.13412554802049387,0.3099472120734597,0.760241210679502,0.2644935054487962,0.07272301410656985,0.04772655993709801,0.028832810558146772,-0.006257051850562356,-0.002846612460903128,0.022888680435131432,0.017065735861025732,-0.007644834987922855,-0.002922049762727337,-0.02483787950196658,-0.011767074697121039,-0.17968186028010796,-0.061402533913924015
standardized,SR-p53,MCF7,12,0.2873297060767643,0.7371151223501802,0.4402770335183422,0.13236468388734787,0.2873297060767643,0.7371151223501802,0.26595008727561364,0.07364157000059023,0.33954193991273574,0.765281164795082,0.43343406756772895,0.1294467347989651,0.4047715567124377,0.8068581547088256,0.24508167498182268,0.06718796775172012,0.052212233835971435,0.028166042444901885,-0.006842965950613266,-0.002917949088382804,0.1174418506356734,0.06974303235864547,-0.020868412293790946,-0.006453602248870115,0.06522961679970196,0.04157698991374359,-0.18835239258590622,-0.062258767047244964
standardized,SR-p53,MCF7,13,0.295481361237594,0.7581584541172066,0.44385487523927586,0.13396065176329747,0.295481361237594,0.7581584541172066,0.27346396038567267,0.07680520688317671,0.312796404434679,0.7724141795760155,0.44283435435747254,0.13344303864664223,0.3849023564811621,0.7967327447409447,0.255662112329778,0.07133215761029629,0.01731504319708496,0.014255725458808977,-0.0010205208818033552,-0.0005176131166552661,0.08942099524356809,0.038574290623738114,-0.017801848055894708,-0.0054730492728804255,0.07210595204648311,0.02431856516492914,-0.18717224202769456,-0.06211088103634593
standardized,SR-p53,MCF7,14,0.2958692015100325,0.7582972946782357,0.4498521306118852,0.13665347358523322,0.2958692015100325,0.7582972946782357,0.2767605297639061,0.07756565726593567,0.33413074601492554,0.7817649706289432,0.4455882380727555,0.1349985345233375,0.3954750589798509,0.8088020482442644,0.2592635025326196,0.0725189256272056,0.03826154450489307,0.02346767595070749,-0.0042638925391297764,-0.001654939061895741,0.09960585746981847,0.0505047535660287,-0.017497027231286506,-0.005046731638730056,0.061344312964925395,0.027037077615321214,-0.1863247355401359,-0.06247960889613187
standardized,SR-p53,MCF7,15,0.32939648590750376,0.7642025388116542,0.4429881844942843,0.13358754753248503,0.32939648590750376,0.7642025388116542,0.2643970562601792,0.0732919708215322,0.35185124721590083,0.7741374439477977,0.44264350782421313,0.13342127148323463,0.38428616770411705,0.7909121375414008,0.2540663128186213,0.07030289586379254,0.022454761308397086,0.009934905136143545,-0.00034467667007112015,-0.00016627604925039673,0.054889681796613285,0.026709598729746653,-0.010330743441557887,-0.0029890749577396528,0.032434920488216196,0.016774693593603108,-0.18857719500559186,-0.06311837561944209
standardized,SR-p53,MCF7,16,0.3032939369974266,0.7557239331679793,0.4437228052374557,0.13391237736806588,0.3032939369974266,0.7557239331679793,0.2810467528420305,0.07906929519021408,0.3988747199254283,0.8016748292280352,0.4327599831817398,0.12948845216933394,0.40360764668445687,0.8041201178067234,0.2608523346226207,0.07307859728464297,0.0955807829280017,0.04595089606005605,-0.010962822055715893,-0.004423925198731948,0.10031370968703028,0.04839618463874433,-0.020194418219409843,-0.005990697905571099,0.004732926759028577,0.0024452885786882873,-0.17190764855911914,-0.05640985488469097
standardized,SR-p53,MCF7,17,0.2753699616523759,0.7443347860896289,0.4463624021815312,0.13527967042215366,0.2753699616523759,0.7443347860896289,0.28141779920498544,0.07861540996056893,0.3613395886387674,0.7889428462434598,0.43753401453526425,0.1315591028001782,0.40180526983666215,0.7971416866353873,0.26308673738010735,0.07324850910297086,0.08596962698639148,0.04460806015383092,-0.008828387646266988,-0.003720567621975443,0.12643530818428617,0.05280690054575852,-0.018331061824878113,-0.005366900857598074,0.04046568119789469,0.008198840391927597,-0.1744472771551569,-0.05831059369720737
standardized,SR-p53,MCF7,18,0.30769688514732363,0.77704362837223,0.44565187955800195,0.13463758633727022,0.30769688514732363,0.77704362837223,0.26798654602365823,0.07512973396359543,0.40818436586279444,0.8139342523661319,0.43631414726105866,0.1303657930189796,0.4294285070666481,0.8158870654866621,0.25000224687081507,0.0696317833240984,0.10048748071547073,0.03689062399390193,-0.009337732296943268,-0.004271793318290587,0.12173162191932443,0.03884343711443221,-0.017984299152843088,-0.005497950639497031,0.021244141203853685,0.0019528131205302835,-0.1863119003902436,-0.06073400969488122
standardized,SR-p53,MCF7,19,0.2887324556424148,0.7546957367272468,0.44728976211253196,0.13572141936039556,0.2887324556424148,0.7546957367272468,0.28533942786483146,0.07997117846941565,0.3409909072640273,0.7776201204972848,0.4419129667543702,0.13334434984744808,0.43483570389128945,0.8095082740089025,0.26084723349555466,0.07331176292002706,0.05225845162161251,0.022924383770038026,-0.005376795358161779,-0.0023770695129474717,0.1461032482488746,0.054812537281655735,-0.024492194369276764,-0.0066594155493885894,0.09384479662726211,0.03188815351161771,-0.18106573325881553,-0.06003258692742103
