variant,task,cell,ik,y,n_repeats,mean_probability_chem,mean_probability_bio,mean_delta_probability,n_repeats_exceeding_threshold,effect_threshold,wilcoxon_alternative,wilcoxon_p_value,effect_and_stability_pass,bh_q_value,retained,classification
standardized,SR-MMP,HA1E,ACWBQPMHZXGDFX,0,20,0.13991696059483358,0.11703891736642716,-0.022878043228406385,15,-0.02,less,9.5367431640625e-07,True,2.480239319286758e-06,True,corrected
standardized,SR-MMP,HA1E,AFSOIHMEOKEZJF,0,20,0.20049555576987538,0.16059699511505499,-0.03989856065482039,16,-0.02,less,9.5367431640625e-07,True,2.480239319286758e-06,True,corrected
standardized,SR-MMP,HA1E,AGOYDEPGAOXOCK,0,20,0.07853401917446602,0.049676532166808465,-0.028857487007657556,17,-0.02,less,2.86102294921875e-06,True,6.964712431936553e-06,True,corrected
standardized,SR-MMP,HA1E,AKJHMTWEGVYYSE,1,20,0.45700211308937433,0.6236013122061846,0.16659919911681031,18,0.05,greater,9.5367431640625e-07,True,2.480239319286758e-06,True,rescued
standardized,SR-MMP,HA1E,ASUTZQLVASHGKV,0,20,0.1098321521568775,0.08083223208213755,-0.02899992007473992,16,-0.02,less,9.5367431640625e-07,True,2.480239319286758e-06,True,corrected
standardized,SR-MMP,HA1E,BBMULGJBVDDDNI,1,20,0.3541290782239974,0.476651577668759,0.12252249944476161,17,0.05,greater,9.5367431640625e-07,True,2.480239319286758e-06,True,rescued
standardized,SR-MMP,HA1E,BPICBUSOMSTKRF,0,20,0.39083864953972414,0.32657263905397166,-0.06426601048575246,19,-0.02,less,9.5367431640625e-07,True,2.480239319286758e-06,True,corrected
standardized,SR-MMP,HA1E,BPZSYCZIITTYBL,0,20,0.26463632471396326,0.22298426243687247,-0.04165206227709078,19,-0.02,less,9.5367431640625e-07,True,2.480239319286758e-06,True,corrected
standardized,SR-MMP,HA1E,CAMYKONBWHRPDD,0,20,0.1723535800098932,0.12075843582925586,-0.051595144180637355,17,-0.02,less,9.5367431640625e-07,True,2.480239319286758e-06,True,corrected
standardized,SR-MMP,HA1E,CGIGDMFJXJATDK,0,20,0.27048299761775446,0.16629235202826803,-0.1041906455894865,19,-0.02,less,9.5367431640625e-07,True,2.480239319286758e-06,True,corrected
standardized,SR-MMP,HA1E,CPZBLNMUGSZIPR,0,20,0.08752796041204806,0.05956717240557309,-0.027960788006474984,15,-0.02,less,9.5367431640625e-07,True,2.480239319286758e-06,True,corrected
standardized,SR-MMP,HA1E,CXOFVDLJLONNDW,0,20,0.20736171204878104,0.17683063953158246,-0.03053107251719863,16,-0.02,less,9.5367431640625e-07,True,2.480239319286758e-06,True,corrected
standardized,SR-MMP,HA1E,CZIHNRWJTSTCEX,1,20,0.3078025195545374,0.5129382551850903,0.20513573563055282,20,0.05,greater,9.5367431640625e-07,True,2.480239319286758e-06,True,rescued
standardized,SR-MMP,HA1E,DFBKLUNHFCTMDC,1,20,0.576755839589325,0.7642253882259045,0.18746954863657952,18,0.05,greater,9.5367431640625e-07,True,2.480239319286758e-06,True,rescued
standardized,SR-MMP,HA1E,DNXHEGUUPJUMQT,1,20,0.4733475079580467,0.5316843431588788,0.058336835200832014,15,0.05,greater,9.5367431640625e-07,True,2.480239319286758e-06,True,rescued
standardized,SR-MMP,HA1E,FHRSHSOEWXUORL,0,20,0.09809326067627154,0.0707299669478345,-0.027363293728437023,15,-0.02,less,9.5367431640625e-07,True,2.480239319286758e-06,True,corrected
standardized,SR-MMP,HA1E,GCKMFJBGXUYNAG,0,20,0.09876332262116619,0.06793851494380292,-0.03082480767736328,17,-0.02,less,9.5367431640625e-07,True,2.480239319286758e-06,True,corrected
standardized,SR-MMP,HA1E,GCTFWCDSFPMHHS,1,20,0.42994765968098825,0.7727810293909906,0.3428333697100022,16,0.05,greater,9.5367431640625e-07,True,2.480239319286758e-06,True,rescued
standardized,SR-MMP,HA1E,GDLBFKVLRPITMI,0,20,0.17573857619419905,0.14529392319430237,-0.030444652999896675,16,-0.02,less,9.5367431640625e-07,True,2.480239319286758e-06,True,corrected
standardized,SR-MMP,HA1E,GJJFMKBJSRMPLA,0,20,0.10763381922646194,0.07199350763206494,-0.035640311594397,19,-0.02,less,9.5367431640625e-07,True,2.480239319286758e-06,True,corrected
standardized,SR-MMP,HA1E,HCFDWZZGGLSKEP,0,20,0.17146653418224161,0.13873317291408832,-0.032733361268153315,19,-0.02,less,9.5367431640625e-07,True,2.480239319286758e-06,True,corrected
standardized,SR-MMP,HA1E,HCIBTBXNLVOFER,1,20,0.5661664270127725,0.7764299368203958,0.21026350980762318,19,0.05,greater,1.9073486328125e-06,True,4.804923559315113e-06,True,rescued
standardized,SR-MMP,HA1E,HPJKCIUCZWXJDR,0,20,0.47844546309368646,0.40667290934847244,-0.0717725537452141,19,-0.02,less,9.5367431640625e-07,True,2.480239319286758e-06,True,corrected
standardized,SR-MMP,HA1E,IAKOZHOLGAGEJT,1,20,0.7275375120060819,0.8729872907074258,0.14544977870134396,18,0.05,greater,9.5367431640625e-07,True,2.480239319286758e-06,True,rescued
standardized,SR-MMP,HA1E,IISBACLAFKSPIT,1,20,0.756909380200032,0.886399191652045,0.129489811452013,18,0.05,greater,9.5367431640625e-07,True,2.480239319286758e-06,True,rescued
standardized,SR-MMP,HA1E,IMSSROKUHAOUJS,0,20,0.2683608911348085,0.24198946029531826,-0.026371430839490183,15,-0.02,less,9.5367431640625e-07,True,2.480239319286758e-06,True,corrected
standardized,SR-MMP,HA1E,IVQOFBKHQCTVQV,0,20,0.15854521151822026,0.09194444158531774,-0.06660076993290254,19,-0.02,less,9.5367431640625e-07,True,2.480239319286758e-06,True,corrected
standardized,SR-MMP,HA1E,IVYPNXXAYMYVSP,1,20,0.17923825841762203,0.3907674590068365,0.2115292005892145,20,0.05,greater,9.5367431640625e-07,True,2.480239319286758e-06,True,rescued
standardized,SR-MMP,HA1E,JAQUASYNZVUNQP,0,20,0.10821202105634553,0.07234421935831405,-0.03586780169803149,15,-0.02,less,9.5367431640625e-07,True,2.480239319286758e-06,True,corrected
standardized,SR-MMP,HA1E,JFIOVJDNOJYLKP,1,20,0.6385582148536108,0.777127161394807,0.1385689465411964,16,0.05,greater,9.5367431640625e-07,True,2.480239319286758e-06,True,rescued
standardized,SR-MMP,HA1E,JKKFKPJIXZFSSB,0,20,0.2102820143470027,0.1848794478138877,-0.025402566533114956,15,-0.02,less,9.5367431640625e-07,True,2.480239319286758e-06,True,corrected
standardized,SR-MMP,HA1E,JSWZEAMFRNKZNL,0,20,0.16136404955145991,0.09643223605080796,-0.06493181350065198,20,-0.02,less,9.5367431640625e-07,True,2.480239319286758e-06,True,corrected
standardized,SR-MMP,HA1E,JWUBBDSIWDLEOM,1,20,0.45917211805436253,0.6116252152490741,0.1524530971947116,18,0.05,greater,9.5367431640625e-07,True,2.480239319286758e-06,True,rescued
standardized,SR-MMP,HA1E,JXLYSJRDGCGARV,1,20,0.29648670127167304,0.5107493381941656,0.21426263692249256,17,0.05,greater,9.5367431640625e-07,True,2.480239319286758e-06,True,rescued
standardized,SR-MMP,HA1E,KBOPZPXVLCULAV,0,20,0.13227860692835763,0.09084390052381729,-0.041434706404540333,17,-0.02,less,9.5367431640625e-07,True,2.480239319286758e-06,True,corrected
standardized,SR-MMP,HA1E,KEEYRKYKLYARHO,0,20,0.1649143135652588,0.12427553803887219,-0.040638775526386596,15,-0.02,less,9.5367431640625e-07,True,2.480239319286758e-06,True,corrected
standardized,SR-MMP,HA1E,KJONHKAYOJNZEC,0,20,0.40719487033788077,0.2641424150566642,-0.14305245528121663,19,-0.02,less,9.5367431640625e-07,True,2.480239319286758e-06,True,corrected
standardized,SR-MMP,HA1E,KPQZUUQMTUIKBP,0,20,0.06981454807434555,0.04012189167826476,-0.029692656396080784,18,-0.02,less,9.5367431640625e-07,True,2.480239319286758e-06,True,corrected
standardized,SR-MMP,HA1E,KPSRODZRAIWAKH,0,20,0.20642530711849627,0.1652157234630708,-0.04120958365542547,15,-0.02,less,9.5367431640625e-07,True,2.480239319286758e-06,True,corrected
standardized,SR-MMP,HA1E,KVWDHTXUZHCGIO,0,20,0.3317499658936585,0.2893914028316051,-0.042358563062053406,17,-0.02,less,9.5367431640625e-07,True,2.480239319286758e-06,True,corrected
standardized,SR-MMP,HA1E,KZNIFHPLKGYRTM,1,20,0.3187178597287546,0.4006067975783264,0.08188893784957176,15,0.05,greater,9.5367431640625e-07,True,2.480239319286758e-06,True,rescued
standardized,SR-MMP,HA1E,LSLYOANBFKQKPT,0,20,0.1705625696876109,0.14097316283151362,-0.029589406856097268,17,-0.02,less,9.5367431640625e-07,True,2.480239319286758e-06,True,corrected
standardized,SR-MMP,HA1E,LTMHDMANZUZIPE,1,20,0.10979280269475604,0.31012680492959555,0.2003340022348395,16,0.05,greater,9.5367431640625e-07,True,2.480239319286758e-06,True,rescued
standardized,SR-MMP,HA1E,LWQQLNNNIPYSNX,1,20,0.4072889703766663,0.5491471513098787,0.1418581809332125,19,0.05,greater,9.5367431640625e-07,True,2.480239319286758e-06,True,rescued
standardized,SR-MMP,HA1E,MDLAAYDRRZXJIF,1,20,0.44424827136713063,0.7678492641165631,0.3236009927494324,17,0.05,greater,9.5367431640625e-07,True,2.480239319286758e-06,True,rescued
standardized,SR-MMP,HA1E,MJIHNNLFOKEZEW,0,20,0.11931828087229243,0.07547131613554427,-0.04384696473674819,18,-0.02,less,9.5367431640625e-07,True,2.480239319286758e-06,True,corrected
standardized,SR-MMP,HA1E,MLDQJTXFUGDVEO,1,20,0.425350660920217,0.5586531419084674,0.1333024809882503,17,0.05,greater,9.5367431640625e-07,True,2.480239319286758e-06,True,rescued
standardized,SR-MMP,HA1E,MROJXXOCABQVEF,0,20,0.11866146870184609,0.08568779417571756,-0.03297367452612852,17,-0.02,less,9.5367431640625e-07,True,2.480239319286758e-06,True,corrected
standardized,SR-MMP,HA1E,MVQVNTPHUGQQHK,0,20,0.08870818297789586,0.05775525890474957,-0.030952924073146298,15,-0.02,less,9.5367431640625e-07,True,2.480239319286758e-06,True,corrected
standardized,SR-MMP,HA1E,MWLSOWXNZPKENC,0,20,0.26323519828656233,0.1692801959952669,-0.09395500229129544,18,-0.02,less,9.5367431640625e-07,True,2.480239319286758e-06,True,corrected
standardized,SR-MMP,HA1E,NCEXYHBECQHGNR,0,20,0.16864510070923214,0.12036864967192903,-0.04827645103730308,17,-0.02,less,9.5367431640625e-07,True,2.480239319286758e-06,True,corrected
standardized,SR-MMP,HA1E,NGBFQHCMQULJNZ,0,20,0.06936772826147738,0.04584953102663649,-0.023518197234840915,15,-0.02,less,9.5367431640625e-07,True,2.480239319286758e-06,True,corrected
standardized,SR-MMP,HA1E,NJCJBUHJQLFDSW,0,20,0.10980624768203939,0.07141748546116346,-0.038388762220875935,18,-0.02,less,9.5367431640625e-07,True,2.480239319286758e-06,True,corrected
standardized,SR-MMP,HA1E,OCAPBUJLXMYKEJ,0,20,0.63301172165409,0.5513462368370736,-0.08166548481701637,19,-0.02,less,9.5367431640625e-07,True,2.480239319286758e-06,True,corrected
standardized,SR-MMP,HA1E,OEBPANQZQGQPHF,0,20,0.08400350641613925,0.04496250293866306,-0.039041003477476195,18,-0.02,less,9.5367431640625e-07,True,2.480239319286758e-06,True,corrected
standardized,SR-MMP,HA1E,OFBIFZUFASYYRE,0,20,0.13846926822070244,0.09804165192313555,-0.040427616297566873,18,-0.02,less,9.5367431640625e-07,True,2.480239319286758e-06,True,corrected
standardized,SR-MMP,HA1E,PLDZOHPIBZVDLQ,0,20,0.15313152729913665,0.11509155800048261,-0.03803996929865407,16,-0.02,less,9.5367431640625e-07,True,2.480239319286758e-06,True,corrected
standardized,SR-MMP,HA1E,PROQIPRRNZUXQM,0,20,0.4387483297490962,0.37597765393806265,-0.06277067581103357,16,-0.02,less,1.9073486328125e-06,True,4.804923559315113e-06,True,corrected
standardized,SR-MMP,HA1E,QDIYJDPBMZUZEH,0,20,0.141352269099064,0.10446247603694281,-0.03688979306212119,18,-0.02,less,9.5367431640625e-07,True,2.480239319286758e-06,True,corrected
standardized,SR-MMP,HA1E,QQQIECGTIMUVDS,0,20,0.0961225253456544,0.06625168034218451,-0.029870845003469877,17,-0.02,less,9.5367431640625e-07,True,2.480239319286758e-06,True,corrected
standardized,SR-MMP,HA1E,QRJJEGAJXVEBNE,0,20,0.46828567308823627,0.3195549392944767,-0.1487307337937596,19,-0.02,less,9.5367431640625e-07,True,2.480239319286758e-06,True,corrected
standardized,SR-MMP,HA1E,RHMXXJGYXNZAPX,1,20,0.36670802495203103,0.6130375079201019,0.2463294829680709,18,0.05,greater,9.5367431640625e-07,True,2.480239319286758e-06,True,rescued
standardized,SR-MMP,HA1E,RJMUSRYZPJIFPJ,1,20,0.36729357761996584,0.6562618557360498,0.2889682781160839,18,0.05,greater,9.5367431640625e-07,True,2.480239319286758e-06,True,rescued
standardized,SR-MMP,HA1E,RZJQGNCSTQAWON,0,20,0.21055222013035735,0.16440002608660156,-0.0461521940437558,20,-0.02,less,9.5367431640625e-07,True,2.480239319286758e-06,True,corrected
standardized,SR-MMP,HA1E,SMYALUSCZJXWHG,0,20,0.11817060509352421,0.09239276576752405,-0.025777839326000158,15,-0.02,less,9.5367431640625e-07,True,2.480239319286758e-06,True,corrected
standardized,SR-MMP,HA1E,SXYIRMFQILZOAM,0,20,0.11701000501917203,0.06734695634884878,-0.04966304867032325,18,-0.02,less,9.5367431640625e-07,True,2.480239319286758e-06,True,corrected
standardized,SR-MMP,HA1E,SYTBZMRGLBWNTM,0,20,0.28146068857476486,0.22829157574579811,-0.053169112828966726,17,-0.02,less,9.5367431640625e-07,True,2.480239319286758e-06,True,corrected
standardized,SR-MMP,HA1E,TXVHTIQJNYSSKO,1,20,0.7254084622292142,0.8505970470388526,0.1251885848096383,18,0.05,greater,9.5367431640625e-07,True,2.480239319286758e-06,True,rescued
standardized,SR-MMP,HA1E,TZRHLKRLEZJVIJ,0,20,0.140406000657331,0.08336331202424253,-0.05704268863308849,19,-0.02,less,9.5367431640625e-07,True,2.480239319286758e-06,True,corrected
standardized,SR-MMP,HA1E,TZXKOCQBRNJULO,0,20,0.092676972638334,0.05775097095154099,-0.034926001686793,17,-0.02,less,9.5367431640625e-07,True,2.480239319286758e-06,True,corrected
standardized,SR-MMP,HA1E,UBRKDAVQCKZSPO,0,20,0.1376304036639991,0.08755672607534355,-0.05007367758865554,19,-0.02,less,9.5367431640625e-07,True,2.480239319286758e-06,True,corrected
standardized,SR-MMP,HA1E,UGTJLJZQQFGTJD,1,20,0.2784134627377797,0.5850182561172126,0.3066047933794329,20,0.05,greater,9.5367431640625e-07,True,2.480239319286758e-06,True,rescued
standardized,SR-MMP,HA1E,UIARLYUEJFELEN,1,20,0.522982356090001,0.6273885530682756,0.10440619697827443,16,0.05,greater,2.86102294921875e-06,True,6.964712431936553e-06,True,rescued
standardized,SR-MMP,HA1E,UNAANXDKBXWMLN,0,20,0.46415358231000364,0.3518193629200374,-0.11233421938996628,19,-0.02,less,9.5367431640625e-07,True,2.480239319286758e-06,True,corrected
standardized,SR-MMP,HA1E,VFLDPWHFBUODDF,1,20,0.2362725237768392,0.400306611014382,0.16403408723754276,15,0.05,greater,9.5367431640625e-07,True,2.480239319286758e-06,True,rescued
standardized,SR-MMP,HA1E,VHGCDTVCOLNTBX,0,20,0.3427415010775668,0.2853940516755724,-0.05734744940199438,17,-0.02,less,9.5367431640625e-07,True,2.480239319286758e-06,True,corrected
standardized,SR-MMP,HA1E,WDFKMLRRRCGAKS,1,20,0.5122152248328297,0.6616592828115129,0.1494440579786832,16,0.05,greater,9.5367431640625e-07,True,2.480239319286758e-06,True,rescued
standardized,SR-MMP,HA1E,WDJUZGPOPHTGOT,1,20,0.12256443155259955,0.36567400655293275,0.2431095750003332,16,0.05,greater,9.5367431640625e-07,True,2.480239319286758e-06,True,rescued
standardized,SR-MMP,HA1E,WHBHBVVOGNECLV,0,20,0.08699017428249475,0.06112837121479171,-0.025861803067703026,16,-0.02,less,9.5367431640625e-07,True,2.480239319286758e-06,True,corrected
standardized,SR-MMP,HA1E,WMBWREPUVVBILR,0,20,0.20885377190463297,0.1773483037509665,-0.031505468153666505,18,-0.02,less,9.5367431640625e-07,True,2.480239319286758e-06,True,corrected
standardized,SR-MMP,HA1E,WREGKURFCTUGRC,0,20,0.05550801421287027,0.03231952833968628,-0.023188485873183996,16,-0.02,less,9.5367431640625e-07,True,2.480239319286758e-06,True,corrected
standardized,SR-MMP,HA1E,WUWFMDMBOJLQIV,0,20,0.10984266279762604,0.06941956885402094,-0.04042309394360512,16,-0.02,less,9.5367431640625e-07,True,2.480239319286758e-06,True,corrected
standardized,SR-MMP,HA1E,XAGMUUZPGZWTRP,0,20,0.13506968315790663,0.09474999464844816,-0.04031968850945849,16,-0.02,less,9.5367431640625e-07,True,2.480239319286758e-06,True,corrected
standardized,SR-MMP,HA1E,XEFQLINVKFYRCS,1,20,0.6442200634508333,0.8006852629361914,0.15646519948535817,19,0.05,greater,9.5367431640625e-07,True,2.480239319286758e-06,True,rescued
standardized,SR-MMP,HA1E,XFDJYSQDBULQSI,0,20,0.09623637572139322,0.06609180547316422,-0.03014457024822901,17,-0.02,less,9.5367431640625e-07,True,2.480239319286758e-06,True,corrected
standardized,SR-MMP,HA1E,XFOHWECQTFIEIX,1,20,0.7496699884699909,0.8947044750318749,0.14503448656188406,20,0.05,greater,9.5367431640625e-07,True,2.480239319286758e-06,True,rescued
standardized,SR-MMP,HA1E,XPCTZQVDEJYUGT,0,20,0.13506605192587265,0.09411199635618173,-0.04095405556969093,17,-0.02,less,9.5367431640625e-07,True,2.480239319286758e-06,True,corrected
standardized,SR-MMP,HA1E,YBBLVLTVTVSKRW,0,20,0.1598533373675875,0.11663369019956067,-0.04321964716802678,15,-0.02,less,9.5367431640625e-07,True,2.480239319286758e-06,True,corrected
standardized,SR-MMP,HA1E,YLJREFDVOIBQDA,0,20,0.23632180963461696,0.1944750847369808,-0.04184672489763611,20,-0.02,less,9.5367431640625e-07,True,2.480239319286758e-06,True,corrected
standardized,SR-MMP,HA1E,YMBXTVYHTMGZDW,0,20,0.15829466072061646,0.10822803600459523,-0.05006662471602121,19,-0.02,less,9.5367431640625e-07,True,2.480239319286758e-06,True,corrected
standardized,SR-MMP,HA1E,YXSLJKQTIDHPOT,0,20,0.25328670653353186,0.20127700150702305,-0.05200970502650881,19,-0.02,less,9.5367431640625e-07,True,2.480239319286758e-06,True,corrected
standardized,SR-MMP,HA1E,ZZVUWRFHKOJYTH,0,20,0.18913811413569706,0.12949702531496524,-0.059641088820731825,19,-0.02,less,9.5367431640625e-07,True,2.480239319286758e-06,True,corrected
standardized,SR-p53,HA1E,DYEFUKCXAQOFHX,0,20,0.1504558733110144,0.12842297361475533,-0.022032899696259045,15,-0.02,less,9.5367431640625e-07,True,2.8970724938251717e-06,True,corrected
standardized,SR-p53,HA1E,TXVHTIQJNYSSKO,1,20,0.2917702484845186,0.4067088227338904,0.11493857424937173,16,0.05,greater,9.5367431640625e-07,True,2.8970724938251717e-06,True,rescued
standardized,SR-ARE,HEPG2,AAKJLRGGTJKAMG,1,20,0.28419002631777385,0.45867183184601706,0.17448180552824324,17,0.05,greater,9.5367431640625e-07,True,2.5300418629365808e-06,True,rescued
standardized,SR-ARE,HEPG2,ANGKOCUUWGHLCE,0,20,0.15795415274508823,0.12774388562172595,-0.030210267123362267,15,-0.02,less,9.5367431640625e-07,True,2.5300418629365808e-06,True,corrected
standardized,SR-ARE,HEPG2,AQHHHDLHHXJYJD,0,20,0.16217989792357554,0.13261995763828255,-0.029559940285293008,16,-0.02,less,9.5367431640625e-07,True,2.5300418629365808e-06,True,corrected
standardized,SR-ARE,HEPG2,ATCGGEJZONJOCL,0,20,0.27015942982936625,0.23290625308517132,-0.03725317674419486,16,-0.02,less,9.5367431640625e-07,True,2.5300418629365808e-06,True,corrected
standardized,SR-ARE,HEPG2,AXKPFOAXAHJUAG,0,20,0.16530755372805817,0.13199155811478264,-0.0333159956132755,15,-0.02,less,9.5367431640625e-07,True,2.5300418629365808e-06,True,corrected
standardized,SR-ARE,HEPG2,BMUKKTUHUDJSNZ,0,20,0.23527514767722607,0.19146949043339329,-0.04380565724383277,17,-0.02,less,9.5367431640625e-07,True,2.5300418629365808e-06,True,corrected
standardized,SR-ARE,HEPG2,BTFMCMVEUCGQDX,0,20,0.288686308264563,0.22357330165173428,-0.06511300661282875,20,-0.02,less,9.5367431640625e-07,True,2.5300418629365808e-06,True,corrected
standardized,SR-ARE,HEPG2,BWPIARFWQZKAIA,0,20,0.3143871012967273,0.2486134331993804,-0.06577366809734689,18,-0.02,less,9.5367431640625e-07,True,2.5300418629365808e-06,True,corrected
standardized,SR-ARE,HEPG2,DCSUBABJRXZOMT,0,20,0.22181190419299496,0.19134576886779792,-0.030466135325197062,15,-0.02,less,9.5367431640625e-07,True,2.5300418629365808e-06,True,corrected
standardized,SR-ARE,HEPG2,DDNCQMVWWZOMLN,0,20,0.4327584664700397,0.38067743010032173,-0.052081036369717906,15,-0.02,less,9.5367431640625e-07,True,2.5300418629365808e-06,True,corrected
standardized,SR-ARE,HEPG2,DKGZKTPJOSAWFA,1,20,0.21908402198417,0.4942471149811187,0.27516309299694874,19,0.05,greater,9.5367431640625e-07,True,2.5300418629365808e-06,True,rescued
standardized,SR-ARE,HEPG2,DNXHEGUUPJUMQT,0,20,0.33156718147262765,0.28447514753377373,-0.047092033938853986,17,-0.02,less,9.5367431640625e-07,True,2.5300418629365808e-06,True,corrected
standardized,SR-ARE,HEPG2,DRZXDZYWZSKFDL,1,20,0.18731540198125513,0.5984064753277984,0.4110910733465434,20,0.05,greater,9.5367431640625e-07,True,2.5300418629365808e-06,True,rescued
standardized,SR-ARE,HEPG2,FGXWKSZFVQUSTL,0,20,0.3611279661909674,0.297663079818208,-0.0634648863727594,16,-0.02,less,9.5367431640625e-07,True,2.5300418629365808e-06,True,corrected
standardized,SR-ARE,HEPG2,FJLGEFLZQAZZCD,0,20,0.339205176534987,0.2507605078873648,-0.08844466864762215,18,-0.02,less,9.5367431640625e-07,True,2.5300418629365808e-06,True,corrected
standardized,SR-ARE,HEPG2,FJUKDAZEABGEIH,1,20,0.33275651704300313,0.5354624783126027,0.20270596126959975,17,0.05,greater,9.5367431640625e-07,True,2.5300418629365808e-06,True,rescued
standardized,SR-ARE,HEPG2,FPCCSQOGAWCVBH,0,20,0.25559827672822527,0.19647375822457516,-0.059124518503650136,15,-0.02,less,6.67572021484375e-05,True,0.00012921673033882108,True,corrected
standardized,SR-ARE,HEPG2,FSVJFNAIGNNGKK,0,20,0.12325519237249916,0.09074644091175317,-0.032508751460745985,15,-0.02,less,9.5367431640625e-07,True,2.5300418629365808e-06,True,corrected
standardized,SR-ARE,HEPG2,FTFRZXFNZVCRSK,1,20,0.38577083465588446,0.4738686820085566,0.08809784735267202,17,0.05,greater,9.5367431640625e-07,True,2.5300418629365808e-06,True,rescued
standardized,SR-ARE,HEPG2,FZSPJBYOKQPKCD,0,20,0.16404867568463943,0.12966617990500603,-0.03438249577963339,15,-0.02,less,9.5367431640625e-07,True,2.5300418629365808e-06,True,corrected
standardized,SR-ARE,HEPG2,GDLIGKIOYRNHDA,0,20,0.3249156877278182,0.24263701149990577,-0.0822786762279124,17,-0.02,less,9.5367431640625e-07,True,2.5300418629365808e-06,True,corrected
standardized,SR-ARE,HEPG2,GKTWGGQPFAXNFI,0,20,0.24511659797414187,0.20691407212692686,-0.03820252584721503,15,-0.02,less,9.5367431640625e-07,True,2.5300418629365808e-06,True,corrected
standardized,SR-ARE,HEPG2,GZHFODJQISUKAY,0,20,0.23776165503314867,0.2035541302818606,-0.034207524751288125,15,-0.02,less,9.5367431640625e-07,True,2.5300418629365808e-06,True,corrected
standardized,SR-ARE,HEPG2,HBUBKKRHXORPQB,1,20,0.09690369186056065,0.2644430856354382,0.16753939377487756,15,0.05,greater,9.5367431640625e-07,True,2.5300418629365808e-06,True,rescued
standardized,SR-ARE,HEPG2,HCYAFALTSJYZDH,0,20,0.21669829703298596,0.1791312383968643,-0.03756705863612163,15,-0.02,less,9.5367431640625e-07,True,2.5300418629365808e-06,True,corrected
standardized,SR-ARE,HEPG2,HOGVTUZUJGHKPL,1,20,0.256579562984065,0.6202376252786663,0.36365806229460124,17,0.05,greater,9.5367431640625e-07,True,2.5300418629365808e-06,True,rescued
standardized,SR-ARE,HEPG2,IENZQIKPVFGBNW,0,20,0.30894090071514924,0.23676102897327497,-0.07217987174187421,19,-0.02,less,9.5367431640625e-07,True,2.5300418629365808e-06,True,corrected
standardized,SR-ARE,HEPG2,IIBYAHWJQTYFKB,0,20,0.2287269675436378,0.18646966052282946,-0.04225730702080837,16,-0.02,less,9.5367431640625e-07,True,2.5300418629365808e-06,True,corrected
standardized,SR-ARE,HEPG2,IXORZMNAPKEEDV,0,20,0.23459275097999477,0.19296385702118066,-0.04162889395881412,16,-0.02,less,9.5367431640625e-07,True,2.5300418629365808e-06,True,corrected
standardized,SR-ARE,HEPG2,JBIMVDZLSHOPLA,0,20,0.3422126559452845,0.25949127701893543,-0.08272137892634909,19,-0.02,less,9.5367431640625e-07,True,2.5300418629365808e-06,True,corrected
standardized,SR-ARE,HEPG2,JXLYSJRDGCGARV,1,20,0.28242525659469264,0.5474330981240333,0.26500784152934065,15,0.05,greater,9.5367431640625e-07,True,2.5300418629365808e-06,True,rescued
standardized,SR-ARE,HEPG2,KYRVNWMVYQXFEU,1,20,0.39714745483191616,0.6724865390639542,0.2753390842320379,18,0.05,greater,9.5367431640625e-07,True,2.5300418629365808e-06,True,rescued
standardized,SR-ARE,HEPG2,LLJFMFZYVVLQKT,1,20,0.12879516559040896,0.2914655932207749,0.16267042763036596,16,0.05,greater,2.86102294921875e-06,True,7.0126160331394365e-06,True,rescued
standardized,SR-ARE,HEPG2,MEZZCSHVIGVWFI,0,20,0.25031024110687333,0.2002495209337673,-0.05006072017310607,17,-0.02,less,9.5367431640625e-07,True,2.5300418629365808e-06,True,corrected
standardized,SR-ARE,HEPG2,MJVAVZPDRWSRRC,1,20,0.36223023987237984,0.5408616316363155,0.17863139176393567,18,0.05,greater,9.5367431640625e-07,True,2.5300418629365808e-06,True,rescued
standardized,SR-ARE,HEPG2,MNJNPLVXBISNSX,0,20,0.22527105447902632,0.17840973828883458,-0.046861316190191724,17,-0.02,less,9.5367431640625e-07,True,2.5300418629365808e-06,True,corrected
standardized,SR-ARE,HEPG2,NNAIYOXJNVGUOM,1,20,0.2824957814822884,0.3664526974883963,0.08395691600610786,15,0.05,greater,9.5367431640625e-07,True,2.5300418629365808e-06,True,rescued
standardized,SR-ARE,HEPG2,NUHPODZZKHQQET,0,20,0.17248874850362714,0.1355150231328112,-0.03697372537081598,15,-0.02,less,9.5367431640625e-07,True,2.5300418629365808e-06,True,corrected
standardized,SR-ARE,HEPG2,OCJYIGYOJCODJL,1,20,0.44919373366690607,0.5509815573392942,0.10178782367238837,17,0.05,greater,9.5367431640625e-07,True,2.5300418629365808e-06,True,rescued
standardized,SR-ARE,HEPG2,ODQWQRRAPPTVAG,0,20,0.3477442515145709,0.3021315701762376,-0.04561268133833326,18,-0.02,less,9.5367431640625e-07,True,2.5300418629365808e-06,True,corrected
standardized,SR-ARE,HEPG2,OGHNVEJMJSYVRP,0,20,0.3597898670962362,0.32392621308599623,-0.03586365401024,16,-0.02,less,9.5367431640625e-07,True,2.5300418629365808e-06,True,corrected
standardized,SR-ARE,HEPG2,OMZCMEYTWSXEPZ,1,20,0.29505919237905603,0.4914745673470399,0.19641537496798397,17,0.05,greater,9.5367431640625e-07,True,2.5300418629365808e-06,True,rescued
standardized,SR-ARE,HEPG2,OPNUROKCUBTKLF,0,20,0.2622746729863298,0.21813932741466013,-0.044135345571669635,16,-0.02,less,9.5367431640625e-07,True,2.5300418629365808e-06,True,corrected
standardized,SR-ARE,HEPG2,OPXLLQIJSORQAM,1,20,0.3455655449860154,0.6531151337220134,0.307549588735998,17,0.05,greater,9.5367431640625e-07,True,2.5300418629365808e-06,True,rescued
standardized,SR-ARE,HEPG2,PCLITLDOTJTVDJ,0,20,0.32188730933895104,0.28081101668324615,-0.041076292655704894,19,-0.02,less,9.5367431640625e-07,True,2.5300418629365808e-06,True,corrected
standardized,SR-ARE,HEPG2,PHWBOXQYWZNQIN,0,20,0.30463738841898025,0.2706149724975422,-0.03402241592143808,15,-0.02,less,9.5367431640625e-07,True,2.5300418629365808e-06,True,corrected
standardized,SR-ARE,HEPG2,PPQNQXQZIWHJRB,1,20,0.3892289659523906,0.5500353270059594,0.1608063610535688,17,0.05,greater,9.5367431640625e-07,True,2.5300418629365808e-06,True,rescued
standardized,SR-ARE,HEPG2,QSLMDECMDJKHMQ,0,20,0.2741458309135174,0.21849822834309904,-0.05564760257041834,17,-0.02,less,9.5367431640625e-07,True,2.5300418629365808e-06,True,corrected
standardized,SR-ARE,HEPG2,QWGDMFLQWFTERH,0,20,0.20175709783540535,0.16101545655776348,-0.040741641277641905,18,-0.02,less,9.5367431640625e-07,True,2.5300418629365808e-06,True,corrected
standardized,SR-ARE,HEPG2,QZVCTJOXCFMACW,1,20,0.20174445375261488,0.3640491860731233,0.1623047323205084,17,0.05,greater,9.5367431640625e-07,True,2.5300418629365808e-06,True,rescued
standardized,SR-ARE,HEPG2,RAOCRURYZCVHMG,1,20,0.2741809917070333,0.42309421151898724,0.1489132198119539,18,0.05,greater,9.5367431640625e-07,True,2.5300418629365808e-06,True,rescued
standardized,SR-ARE,HEPG2,RBTBFTRPCNLSDE,1,20,0.5046549496456019,0.6992288946834032,0.1945739450378013,17,0.05,greater,9.5367431640625e-07,True,2.5300418629365808e-06,True,rescued
standardized,SR-ARE,HEPG2,RDOIQAHITMMDAJ,0,20,0.22884698882977667,0.1767494844776793,-0.0520975043520974,17,-0.02,less,9.5367431640625e-07,True,2.5300418629365808e-06,True,corrected
standardized,SR-ARE,HEPG2,REFJWTPEDVJJIY,1,20,0.44577503393307855,0.604195374362644,0.15842034042956551,15,0.05,greater,9.5367431640625e-07,True,2.5300418629365808e-06,True,rescued
standardized,SR-ARE,HEPG2,RGPDEAGGEXEMMM,0,20,0.15747115209771742,0.10849388562051854,-0.048977266477198876,17,-0.02,less,9.5367431640625e-07,True,2.5300418629365808e-06,True,corrected
standardized,SR-ARE,HEPG2,RTHCYVBBDHJXIQ,0,20,0.27629131626485726,0.23295466482894675,-0.043336651435910443,17,-0.02,less,2.86102294921875e-06,True,7.0126160331394365e-06,True,corrected
standardized,SR-ARE,HEPG2,SGTNSNPWRIOYBX,0,20,0.19667030191935245,0.15049086488475236,-0.04617943703460005,15,-0.02,less,9.5367431640625e-07,True,2.5300418629365808e-06,True,corrected
standardized,SR-ARE,HEPG2,SPTMROWPYQRZSX,0,20,0.14838749835291237,0.11505994239733523,-0.03332755595557715,17,-0.02,less,9.5367431640625e-07,True,2.5300418629365808e-06,True,corrected
standardized,SR-ARE,HEPG2,TZBJGXHYKVUXJN,1,20,0.38877259727779573,0.5060786656849837,0.11730606840718796,16,0.05,greater,9.5367431640625e-07,True,2.5300418629365808e-06,True,rescued
standardized,SR-ARE,HEPG2,UIAYVIIHMORPSJ,0,20,0.20949914789429974,0.16603196650896393,-0.04346718138533588,16,-0.02,less,9.5367431640625e-07,True,2.5300418629365808e-06,True,corrected
standardized,SR-ARE,HEPG2,UPSPUYADGBWSHF,0,20,0.24500099192399216,0.21078934400108426,-0.034211647922907915,15,-0.02,less,1.9073486328125e-06,True,4.887580871582031e-06,True,corrected
standardized,SR-ARE,HEPG2,VHVPQPYKVGDNFY,1,20,0.2949068323626871,0.45747803625997596,0.162571203897289,16,0.05,greater,9.5367431640625e-07,True,2.5300418629365808e-06,True,rescued
standardized,SR-ARE,HEPG2,WDDPHFBMKLOVOX,1,20,0.11169115149283455,0.2517100297692151,0.14001887827638052,15,0.05,greater,9.5367431640625e-07,True,2.5300418629365808e-06,True,rescued
standardized,SR-ARE,HEPG2,WHBHBVVOGNECLV,0,20,0.1760094904878297,0.1406179144292184,-0.035391576058611325,17,-0.02,less,9.5367431640625e-07,True,2.5300418629365808e-06,True,corrected
standardized,SR-ARE,HEPG2,WHTVZRBIWZFKQO,0,20,0.28356621109723273,0.24131265898188908,-0.04225355211534362,15,-0.02,less,9.5367431640625e-07,True,2.5300418629365808e-06,True,corrected
standardized,SR-ARE,HEPG2,WOXKDUGGOYFFRN,0,20,0.28766405214092144,0.25226050882420864,-0.03540354331671276,15,-0.02,less,9.5367431640625e-07,True,2.5300418629365808e-06,True,corrected
standardized,SR-ARE,HEPG2,XDRYMKDFEDOLFX,1,20,0.22009351186594722,0.5974294261021791,0.3773359142362317,18,0.05,greater,9.5367431640625e-07,True,2.5300418629365808e-06,True,rescued
standardized,SR-ARE,HEPG2,XMXHEBAFVSFQEX,0,20,0.3595620194528525,0.3010580512035834,-0.05850396824926911,16,-0.02,less,9.5367431640625e-07,True,2.5300418629365808e-06,True,corrected
standardized,SR-ARE,HEPG2,XNMYNYSCEJBRPZ,0,20,0.25541801159871935,0.22755642376617646,-0.027861587832542917,15,-0.02,less,9.5367431640625e-07,True,2.5300418629365808e-06,True,corrected
standardized,SR-ARE,HEPG2,XQYZDYMELSJDRZ,1,20,0.40237346806473584,0.5602748681581109,0.15790140009337503,18,0.05,greater,9.5367431640625e-07,True,2.5300418629365808e-06,True,rescued
standardized,SR-ARE,HEPG2,XSCGXQMFQXDFCW,0,20,0.3795794135743324,0.3229762610825139,-0.05660315249181842,16,-0.02,less,9.5367431640625e-07,True,2.5300418629365808e-06,True,corrected
standardized,SR-ARE,HEPG2,YOSHYTLCDANDAN,0,20,0.32622644319110283,0.28600652034488394,-0.04021992284621889,15,-0.02,less,9.5367431640625e-07,True,2.5300418629365808e-06,True,corrected
standardized,SR-ARE,HEPG2,YSXKPIUOCJLQIE,0,20,0.21461382294170642,0.18136093196919145,-0.03325289097251495,15,-0.02,less,9.5367431640625e-07,True,2.5300418629365808e-06,True,corrected
standardized,SR-ARE,HEPG2,ZAHQBPYQBHTECE,0,20,0.1982678082667767,0.17043010336243716,-0.027837704904339546,15,-0.02,less,9.5367431640625e-07,True,2.5300418629365808e-06,True,corrected
standardized,SR-ARE,HEPG2,ZGUGWUXLJSTTMA,0,20,0.3097721218887589,0.26518872049514386,-0.04458340139361504,15,-0.02,less,6.67572021484375e-06,True,1.5282993994388484e-05,True,corrected
standardized,SR-ARE,HEPG2,ZOCSXAVNDGMNBV,1,20,0.44562570184913974,0.5949013556578698,0.14927565380873015,16,0.05,greater,9.5367431640625e-07,True,2.5300418629365808e-06,True,rescued
standardized,SR-MMP,HEPG2,ACWBQPMHZXGDFX,0,20,0.16508895111375466,0.1381990322312756,-0.026889918882479054,16,-0.02,less,9.5367431640625e-07,True,2.2059289094443633e-06,True,corrected
standardized,SR-MMP,HEPG2,AKJHMTWEGVYYSE,1,20,0.5150645217869015,0.655485178817819,0.1404206570309175,16,0.05,greater,9.5367431640625e-07,True,2.2059289094443633e-06,True,rescued
standardized,SR-MMP,HEPG2,AKNNEGZIBPJZJG,0,20,0.21880175350920772,0.188984914860267,-0.0298168386489407,15,-0.02,less,9.5367431640625e-07,True,2.2059289094443633e-06,True,corrected
standardized,SR-MMP,HEPG2,BKYKPTRYDKTTJY,0,20,0.11930874431496905,0.08663008163561058,-0.032678662679358476,16,-0.02,less,9.5367431640625e-07,True,2.2059289094443633e-06,True,corrected
standardized,SR-MMP,HEPG2,BMUKKTUHUDJSNZ,0,20,0.17991089604780147,0.14922170959270015,-0.030689186455101297,15,-0.02,less,9.5367431640625e-07,True,2.2059289094443633e-06,True,corrected
standardized,SR-MMP,HEPG2,BPICBUSOMSTKRF,0,20,0.43577588638475184,0.3796400986994798,-0.056135787685272096,17,-0.02,less,9.5367431640625e-07,True,2.2059289094443633e-06,True,corrected
standardized,SR-MMP,HEPG2,CPJSUEIXXCENMM,0,20,0.20085345157685924,0.16758077789805825,-0.033272673678801004,17,-0.02,less,9.5367431640625e-07,True,2.2059289094443633e-06,True,corrected
standardized,SR-MMP,HEPG2,CPTBDICYNRMXFX,0,20,0.12175085725579597,0.08295414620880155,-0.038796711046994406,18,-0.02,less,9.5367431640625e-07,True,2.2059289094443633e-06,True,corrected
standardized,SR-MMP,HEPG2,CWRVKFFCRWGWCS,0,20,0.09994838491156502,0.06753281551832621,-0.0324155693932388,16,-0.02,less,9.5367431640625e-07,True,2.2059289094443633e-06,True,corrected
standardized,SR-MMP,HEPG2,CYXKNKQEMFBLER,1,20,0.12319377424043576,0.28268723279911623,0.15949345855868052,17,0.05,greater,9.5367431640625e-07,True,2.2059289094443633e-06,True,rescued
standardized,SR-MMP,HEPG2,DBABZHXKTCFAPX,0,20,0.09584678736735902,0.05579115225714295,-0.040055635110216065,17,-0.02,less,9.5367431640625e-07,True,2.2059289094443633e-06,True,corrected
standardized,SR-MMP,HEPG2,DERZBLKQOCDDDZ,0,20,0.26681510246138607,0.22351309699753186,-0.04330200546385423,19,-0.02,less,9.5367431640625e-07,True,2.2059289094443633e-06,True,corrected
standardized,SR-MMP,HEPG2,DJHCCTTVDRAMEH,0,20,0.42277527240741053,0.3492827264962507,-0.07349254591115988,17,-0.02,less,9.5367431640625e-07,True,2.2059289094443633e-06,True,corrected
standardized,SR-MMP,HEPG2,DKGZKTPJOSAWFA,1,20,0.13869310674148147,0.4168838740090212,0.2781907672675397,19,0.05,greater,9.5367431640625e-07,True,2.2059289094443633e-06,True,rescued
standardized,SR-MMP,HEPG2,DXGLGDHPHMLXJC,0,20,0.3558759303962608,0.29033571675364417,-0.06554021364261667,18,-0.02,less,2.86102294921875e-06,True,6.15741895592731e-06,True,corrected
standardized,SR-MMP,HEPG2,FGXWKSZFVQUSTL,0,20,0.25301804675831874,0.2185466261694058,-0.034471420588912935,16,-0.02,less,9.5367431640625e-07,True,2.2059289094443633e-06,True,corrected
standardized,SR-MMP,HEPG2,FJUKDAZEABGEIH,1,20,0.11675771996797327,0.28251722888623176,0.16575950891825852,17,0.05,greater,9.5367431640625e-07,True,2.2059289094443633e-06,True,rescued
standardized,SR-MMP,HEPG2,FPIPGXGPPPQFEQ,1,20,0.4173192758690668,0.5669228358703968,0.14960356000133004,17,0.05,greater,9.5367431640625e-07,True,2.2059289094443633e-06,True,rescued
standardized,SR-MMP,HEPG2,FYPMFJGVHOHGLL,0,20,0.6087976066962166,0.5555079211003481,-0.05328968559586855,15,-0.02,less,9.5367431640625e-07,True,2.2059289094443633e-06,True,corrected
standardized,SR-MMP,HEPG2,GFNANZIMVAIWHM,0,20,0.1395582292201202,0.10518367616189006,-0.03437455305823014,15,-0.02,less,9.5367431640625e-07,True,2.2059289094443633e-06,True,corrected
standardized,SR-MMP,HEPG2,GMVPRGQOIOIIMI,0,20,0.2177444365500706,0.17832350684085452,-0.03942092970921611,15,-0.02,less,9.5367431640625e-07,True,2.2059289094443633e-06,True,corrected
standardized,SR-MMP,HEPG2,GZHFODJQISUKAY,0,20,0.22472385139527495,0.1683949334234663,-0.05632891797180865,16,-0.02,less,9.5367431640625e-07,True,2.2059289094443633e-06,True,corrected
standardized,SR-MMP,HEPG2,HEFNNWSXXWATRW,0,20,0.24043518471935452,0.18034931057825282,-0.06008587414110165,18,-0.02,less,9.5367431640625e-07,True,2.2059289094443633e-06,True,corrected
standardized,SR-MMP,HEPG2,HOGVTUZUJGHKPL,1,20,0.11506206929663924,0.4347261054814745,0.3196640361848353,18,0.05,greater,9.5367431640625e-07,True,2.2059289094443633e-06,True,rescued
standardized,SR-MMP,HEPG2,HSUGRBWQSSZJOP,0,20,0.2250295914165963,0.18862364687965733,-0.03640594453693895,18,-0.02,less,9.5367431640625e-07,True,2.2059289094443633e-06,True,corrected
standardized,SR-MMP,HEPG2,HXYVTAGFYLMHSO,0,20,0.1308811127248211,0.08939545329611359,-0.04148565942870751,18,-0.02,less,9.5367431640625e-07,True,2.2059289094443633e-06,True,corrected
standardized,SR-MMP,HEPG2,IENZQIKPVFGBNW,0,20,0.11628797711783997,0.08994428153291704,-0.026343695584922916,15,-0.02,less,9.5367431640625e-07,True,2.2059289094443633e-06,True,corrected
standardized,SR-MMP,HEPG2,IIBYAHWJQTYFKB,0,20,0.18334943752179025,0.14453601598846158,-0.03881342153332869,17,-0.02,less,2.86102294921875e-06,True,6.15741895592731e-06,True,corrected
standardized,SR-MMP,HEPG2,IJHNSHDBIRRJRN,0,20,0.21055963384540605,0.15170674660375735,-0.05885288724164874,19,-0.02,less,9.5367431640625e-07,True,2.2059289094443633e-06,True,corrected
standardized,SR-MMP,HEPG2,IMSSROKUHAOUJS,0,20,0.31404792709480267,0.2495730713454039,-0.06447485574939874,17,-0.02,less,9.5367431640625e-07,True,2.2059289094443633e-06,True,corrected
standardized,SR-MMP,HEPG2,JFIOVJDNOJYLKP,1,20,0.680280599231202,0.8322538504578354,0.15197325122663338,18,0.05,greater,9.5367431640625e-07,True,2.2059289094443633e-06,True,rescued
standardized,SR-MMP,HEPG2,JKKFKPJIXZFSSB,0,20,0.2404821204976054,0.19249623164935614,-0.047985888848249246,17,-0.02,less,9.5367431640625e-07,True,2.2059289094443633e-06,True,corrected
standardized,SR-MMP,HEPG2,JXLYSJRDGCGARV,1,20,0.33484511344864154,0.7017737379378881,0.36692862448924657,17,0.05,greater,9.5367431640625e-07,True,2.2059289094443633e-06,True,rescued
standardized,SR-MMP,HEPG2,KBAFPSLPKGSANY,0,20,0.21393303032221245,0.17194355054680718,-0.04198947977540528,17,-0.02,less,9.5367431640625e-07,True,2.2059289094443633e-06,True,corrected
standardized,SR-MMP,HEPG2,KPSRODZRAIWAKH,0,20,0.24042663088503366,0.20160874360420036,-0.03881788728083326,17,-0.02,less,9.5367431640625e-07,True,2.2059289094443633e-06,True,corrected
standardized,SR-MMP,HEPG2,KTUFNOKKBVMGRW,1,20,0.13467331725901993,0.2608871344207225,0.1262138171617025,17,0.05,greater,9.5367431640625e-07,True,2.2059289094443633e-06,True,rescued
standardized,SR-MMP,HEPG2,KYRVNWMVYQXFEU,1,20,0.1797112989573894,0.33304325782537564,0.1533319588679862,15,0.05,greater,9.5367431640625e-07,True,2.2059289094443633e-06,True,rescued
standardized,SR-MMP,HEPG2,LKBFFDOJUKLQNY,0,20,0.21449044868239836,0.17553965670313904,-0.03895079197925928,18,-0.02,less,9.5367431640625e-07,True,2.2059289094443633e-06,True,corrected
standardized,SR-MMP,HEPG2,LPMXVESGRSUGHW,1,20,0.09595314512581801,0.2057824885199285,0.10982934339411052,16,0.05,greater,9.5367431640625e-07,True,2.2059289094443633e-06,True,rescued
standardized,SR-MMP,HEPG2,LWAFSWPYPHEXKX,0,20,0.0724861499072954,0.04383589418625264,-0.028650255721042767,16,-0.02,less,9.5367431640625e-07,True,2.2059289094443633e-06,True,corrected
standardized,SR-MMP,HEPG2,MAEIEVLCKWDQJH,0,20,0.14251084378675066,0.10716869256109221,-0.035342151225658494,16,-0.02,less,9.5367431640625e-07,True,2.2059289094443633e-06,True,corrected
standardized,SR-MMP,HEPG2,MDLAAYDRRZXJIF,1,20,0.498573320354475,0.7975329802012989,0.29895965984682404,18,0.05,greater,9.5367431640625e-07,True,2.2059289094443633e-06,True,rescued
standardized,SR-MMP,HEPG2,MLDQJTXFUGDVEO,1,20,0.4808983156439449,0.5750970682565318,0.09419875261258688,16,0.05,greater,9.5367431640625e-07,True,2.2059289094443633e-06,True,rescued
standardized,SR-MMP,HEPG2,MUTNCGKQJGXKEM,1,20,0.583879207895166,0.8901899945451766,0.30631078665001055,19,0.05,greater,9.5367431640625e-07,True,2.2059289094443633e-06,True,rescued
standardized,SR-MMP,HEPG2,MYEJFUXQJGHEQK,1,20,0.16990185730409132,0.378278674338579,0.20837681703448765,17,0.05,greater,9.5367431640625e-07,True,2.2059289094443633e-06,True,rescued
standardized,SR-MMP,HEPG2,NDTSRXAMMQDVSW,0,20,0.15819684392377736,0.12411086543298314,-0.03408597849079419,15,-0.02,less,9.5367431640625e-07,True,2.2059289094443633e-06,True,corrected
standardized,SR-MMP,HEPG2,NFHRQQKPEBFUJK,1,20,0.23971928480728916,0.3243792044573557,0.08465991965006653,16,0.05,greater,9.5367431640625e-07,True,2.2059289094443633e-06,True,rescued
standardized,SR-MMP,HEPG2,ODUOJXZPIYUATO,0,20,0.10507272492954142,0.07482740201281515,-0.03024532291672627,16,-0.02,less,9.5367431640625e-07,True,2.2059289094443633e-06,True,corrected
standardized,SR-MMP,HEPG2,OELFLUMRDSZNSF,0,20,0.1236062026297855,0.07806987443993435,-0.04553632818985116,19,-0.02,less,9.5367431640625e-07,True,2.2059289094443633e-06,True,corrected
standardized,SR-MMP,HEPG2,OJFSXZCBGQGRNV,0,20,0.3777326456321354,0.3317940450165239,-0.04593860061561156,17,-0.02,less,9.5367431640625e-07,True,2.2059289094443633e-06,True,corrected
standardized,SR-MMP,HEPG2,OLNTVTPDXPETLC,1,20,0.6339511878963309,0.7190074272635122,0.0850562393671813,16,0.05,greater,9.5367431640625e-07,True,2.2059289094443633e-06,True,rescued
standardized,SR-MMP,HEPG2,OPXLLQIJSORQAM,1,20,0.19603198938436733,0.42889098270246684,0.2328589933180995,18,0.05,greater,9.5367431640625e-07,True,2.2059289094443633e-06,True,rescued
standardized,SR-MMP,HEPG2,PCTRYMLLRKWXGF,0,20,0.11298400288506845,0.08148969041656816,-0.0314943124685003,15,-0.02,less,9.5367431640625e-07,True,2.2059289094443633e-06,True,corrected
standardized,SR-MMP,HEPG2,PDWUPXJEEYOOTR,0,20,0.243959230389503,0.18310559903228474,-0.06085363135721833,15,-0.02,less,9.5367431640625e-07,True,2.2059289094443633e-06,True,corrected
standardized,SR-MMP,HEPG2,POPFMWWJOGLOIF,0,20,0.12263592074125307,0.08782763654454012,-0.03480828419671294,15,-0.02,less,9.5367431640625e-07,True,2.2059289094443633e-06,True,corrected
standardized,SR-MMP,HEPG2,PROQIPRRNZUXQM,0,20,0.4938379622839301,0.4251650004463083,-0.06867296183762192,18,-0.02,less,9.5367431640625e-07,True,2.2059289094443633e-06,True,corrected
standardized,SR-MMP,HEPG2,QAGYKUNXZHXKMR,1,20,0.1361252352267802,0.25291853714381174,0.11679330191703148,16,0.05,greater,9.5367431640625e-07,True,2.2059289094443633e-06,True,rescued
standardized,SR-MMP,HEPG2,QBKSWRVVCFFDOT,1,20,0.7936445275352837,0.9385854959776188,0.144940968442335,17,0.05,greater,9.5367431640625e-07,True,2.2059289094443633e-06,True,rescued
standardized,SR-MMP,HEPG2,QPGGEKPRGVJKQB,0,20,0.23426808151125128,0.20310765111139975,-0.031160430399851512,15,-0.02,less,9.5367431640625e-07,True,2.2059289094443633e-06,True,corrected
standardized,SR-MMP,HEPG2,QZVCTJOXCFMACW,1,20,0.18141282360959526,0.3129088157578942,0.1314959921482989,18,0.05,greater,9.5367431640625e-07,True,2.2059289094443633e-06,True,rescued
standardized,SR-MMP,HEPG2,RAVIZVQZGXBOQO,0,20,0.6716320607254558,0.6345823643495013,-0.037049696375954504,15,-0.02,less,2.384185791015625e-05,True,4.436736716363663e-05,True,corrected
standardized,SR-MMP,HEPG2,RBTBFTRPCNLSDE,1,20,0.6244934151781903,0.7516705271920616,0.1271771120138712,17,0.05,greater,9.5367431640625e-07,True,2.2059289094443633e-06,True,rescued
standardized,SR-MMP,HEPG2,RFHAOTPXVQNOHP,0,20,0.13843320457792094,0.10120279193977819,-0.03723041263814274,17,-0.02,less,9.5367431640625e-07,True,2.2059289094443633e-06,True,corrected
standardized,SR-MMP,HEPG2,RGPDEAGGEXEMMM,0,20,0.20295378817731327,0.15879355263516562,-0.044160235542147715,17,-0.02,less,4.76837158203125e-06,True,9.834766387939453e-06,True,corrected
standardized,SR-MMP,HEPG2,RJMUSRYZPJIFPJ,1,20,0.4094247951062203,0.7703406398712989,0.3609158447650786,20,0.05,greater,9.5367431640625e-07,True,2.2059289094443633e-06,True,rescued
standardized,SR-MMP,HEPG2,RXQCGGRTAILOIN,0,20,0.2333427122224283,0.18780854337221733,-0.04553416885021099,17,-0.02,less,9.5367431640625e-07,True,2.2059289094443633e-06,True,corrected
standardized,SR-MMP,HEPG2,RZJQGNCSTQAWON,0,20,0.24223831607732776,0.19355379823160473,-0.04868451784572307,16,-0.02,less,9.5367431640625e-07,True,2.2059289094443633e-06,True,corrected
standardized,SR-MMP,HEPG2,SBDNJUWAMKYJOX,0,20,0.44978273692130594,0.4040833003381432,-0.04569943658316278,16,-0.02,less,9.5367431640625e-07,True,2.2059289094443633e-06,True,corrected
standardized,SR-MMP,HEPG2,SGOOQMRIPALTEL,0,20,0.34335449892711123,0.27754971566841097,-0.06580478325870028,17,-0.02,less,9.5367431640625e-07,True,2.2059289094443633e-06,True,corrected
standardized,SR-MMP,HEPG2,SGUAFYQXFOLMHL,0,20,0.3405998193725232,0.2839182881144693,-0.056681531258053953,18,-0.02,less,9.5367431640625e-07,True,2.2059289094443633e-06,True,corrected
standardized,SR-MMP,HEPG2,SSOLNOMRVKKSON,0,20,0.25347634983660317,0.17165474612397494,-0.08182160371262824,19,-0.02,less,9.5367431640625e-07,True,2.2059289094443633e-06,True,corrected
standardized,SR-MMP,HEPG2,TTWJBBZEZQICBI,0,20,0.13069596022564783,0.08370499623873243,-0.04699096398691542,18,-0.02,less,9.5367431640625e-07,True,2.2059289094443633e-06,True,corrected
standardized,SR-MMP,HEPG2,TUZYXOIXSAXUGO,0,20,0.12767993417158244,0.09675909774362954,-0.030920836427952895,17,-0.02,less,9.5367431640625e-07,True,2.2059289094443633e-06,True,corrected
standardized,SR-MMP,HEPG2,TVURRHSHRRELCG,0,20,0.6295896167801629,0.5639630560113962,-0.06562656076876684,17,-0.02,less,9.5367431640625e-07,True,2.2059289094443633e-06,True,corrected
standardized,SR-MMP,HEPG2,TVYLLZQTGLZFBW,0,20,0.18762903114535773,0.14278900077175574,-0.04484003037360196,19,-0.02,less,9.5367431640625e-07,True,2.2059289094443633e-06,True,corrected
standardized,SR-MMP,HEPG2,UGTJLJZQQFGTJD,1,20,0.3129274481876313,0.6841924899791203,0.371265041791489,20,0.05,greater,9.5367431640625e-07,True,2.2059289094443633e-06,True,rescued
standardized,SR-MMP,HEPG2,ULDXWLCXEDXJGE,1,20,0.4295930614585969,0.5435538860375088,0.11396082457891168,18,0.05,greater,9.5367431640625e-07,True,2.2059289094443633e-06,True,rescued
standardized,SR-MMP,HEPG2,ULGZDMOVFRHVEP,0,20,0.09103720959063155,0.0594359732337024,-0.03160123635692914,17,-0.02,less,9.5367431640625e-07,True,2.2059289094443633e-06,True,corrected
standardized,SR-MMP,HEPG2,VFLDPWHFBUODDF,1,20,0.2740041427189437,0.4347832445413077,0.16077910182236402,19,0.05,greater,9.5367431640625e-07,True,2.2059289094443633e-06,True,rescued
standardized,SR-MMP,HEPG2,VSBHRRMYCDQLJF,0,20,0.13342627038334676,0.09949950963945223,-0.033926760743894516,15,-0.02,less,9.5367431640625e-07,True,2.2059289094443633e-06,True,corrected
standardized,SR-MMP,HEPG2,VYFYYTLLBUKUHU,0,20,0.21854502335217738,0.18055875152149278,-0.03798627183068461,15,-0.02,less,9.5367431640625e-07,True,2.2059289094443633e-06,True,corrected
standardized,SR-MMP,HEPG2,WDFKMLRRRCGAKS,1,20,0.5554455638735211,0.7709677144437783,0.2155221505702573,20,0.05,greater,9.5367431640625e-07,True,2.2059289094443633e-06,True,rescued
standardized,SR-MMP,HEPG2,WGQKYBSKWIADBV,0,20,0.2554164532145787,0.1675731386146125,-0.08784331459996612,19,-0.02,less,9.5367431640625e-07,True,2.2059289094443633e-06,True,corrected
standardized,SR-MMP,HEPG2,WHTVZRBIWZFKQO,0,20,0.2194161372016601,0.18371379245633493,-0.035702344745325194,18,-0.02,less,9.5367431640625e-07,True,2.2059289094443633e-06,True,corrected
standardized,SR-MMP,HEPG2,WJCNZQLZVWNLKY,0,20,0.19483360316305356,0.16552246083905067,-0.029311142324002913,16,-0.02,less,9.5367431640625e-07,True,2.2059289094443633e-06,True,corrected
standardized,SR-MMP,HEPG2,WKGXYQFOCVYPAC,0,20,0.14621637718523217,0.10826224216438607,-0.03795413502084609,16,-0.02,less,9.5367431640625e-07,True,2.2059289094443633e-06,True,corrected
standardized,SR-MMP,HEPG2,WSSJONWNBBTCMG,0,20,0.2189596084382474,0.16768020054308885,-0.05127940789515861,18,-0.02,less,9.5367431640625e-07,True,2.2059289094443633e-06,True,corrected
standardized,SR-MMP,HEPG2,XDRYMKDFEDOLFX,1,20,0.2345960883464911,0.7078810694031787,0.4732849810566876,19,0.05,greater,9.5367431640625e-07,True,2.2059289094443633e-06,True,rescued
standardized,SR-MMP,HEPG2,XEAQIWGXBXCYFX,0,20,0.22576587114551355,0.1917272818571123,-0.03403858928840124,16,-0.02,less,9.5367431640625e-07,True,2.2059289094443633e-06,True,corrected
standardized,SR-MMP,HEPG2,XEFQLINVKFYRCS,1,20,0.6875565860831843,0.8746085441602833,0.18705195807709904,19,0.05,greater,9.5367431640625e-07,True,2.2059289094443633e-06,True,rescued
standardized,SR-MMP,HEPG2,XWXYUMMDTVBTOU,0,20,0.4514433967021219,0.3794636866576833,-0.07197971004443858,16,-0.02,less,9.5367431640625e-07,True,2.2059289094443633e-06,True,corrected
standardized,SR-MMP,HEPG2,YAORIDZYZDUZCM,0,20,0.12128139107143945,0.0789546312321067,-0.04232675983933272,17,-0.02,less,9.5367431640625e-07,True,2.2059289094443633e-06,True,corrected
standardized,SR-MMP,HEPG2,YFGHCGITMMYXAQ,0,20,0.23185567899260198,0.18960102511423207,-0.04225465387836993,18,-0.02,less,9.5367431640625e-07,True,2.2059289094443633e-06,True,corrected
standardized,SR-MMP,HEPG2,YJGVMLPVUAXIQN,1,20,0.2566021526133793,0.5281832783783661,0.27158112576498683,15,0.05,greater,9.5367431640625e-07,True,2.2059289094443633e-06,True,rescued
standardized,SR-MMP,HEPG2,YKGYIDJEEQRWQH,0,20,0.172330715213077,0.09056282146872789,-0.08176789374434909,18,-0.02,less,9.5367431640625e-07,True,2.2059289094443633e-06,True,corrected
standardized,SR-MMP,HEPG2,ZDIGNSYAACHWNL,0,20,0.4970123939956978,0.4150369814475952,-0.08197541254810252,18,-0.02,less,9.5367431640625e-07,True,2.2059289094443633e-06,True,corrected
standardized,SR-MMP,HEPG2,ZJVFLBOZORBYFE,0,20,0.21640419658660673,0.1772395312783535,-0.039164665308253244,16,-0.02,less,9.5367431640625e-07,True,2.2059289094443633e-06,True,corrected
standardized,SR-MMP,HEPG2,ZMEULISFKSVRLQ,0,20,0.09466109052878947,0.06004624561217168,-0.0346148449166178,16,-0.02,less,9.5367431640625e-07,True,2.2059289094443633e-06,True,corrected
standardized,SR-MMP,HEPG2,ZPFXAOWNKLFJDN,0,20,0.2001036206963029,0.1629838296084148,-0.03711979108788807,16,-0.02,less,9.5367431640625e-07,True,2.2059289094443633e-06,True,corrected
standardized,SR-MMP,HEPG2,ZYGHJZDHTFUPRJ,0,20,0.3391395676488669,0.2852754039334107,-0.053864163715456104,17,-0.02,less,9.5367431640625e-07,True,2.2059289094443633e-06,True,corrected
standardized,SR-MMP,HT29,AKJHMTWEGVYYSE,1,20,0.4486534391913672,0.5590039677521482,0.11035052856078098,18,0.05,greater,9.5367431640625e-07,True,2.8372800201795903e-06,True,rescued
standardized,SR-MMP,HT29,ANTSCNMPPGJYLG,0,20,0.24825903585778858,0.18602959564589525,-0.062229440211893326,17,-0.02,less,9.5367431640625e-07,True,2.8372800201795903e-06,True,corrected
standardized,SR-MMP,HT29,ASUTZQLVASHGKV,0,20,0.10539454125028691,0.07298429796285875,-0.03241024328742816,18,-0.02,less,9.5367431640625e-07,True,2.8372800201795903e-06,True,corrected
standardized,SR-MMP,HT29,AUZONCFQVSMFAP,1,20,0.15828624804536118,0.8048816196995373,0.6465953716541761,20,0.05,greater,9.5367431640625e-07,True,2.8372800201795903e-06,True,rescued
standardized,SR-MMP,HT29,AVOLMBLBETYQHX,0,20,0.20749700677733998,0.16282573824418,-0.04467126853315995,18,-0.02,less,9.5367431640625e-07,True,2.8372800201795903e-06,True,corrected
standardized,SR-MMP,HT29,BAQCROVBDNBEEB,0,20,0.10624250212444648,0.04631743269840838,-0.05992506942603809,20,-0.02,less,9.5367431640625e-07,True,2.8372800201795903e-06,True,corrected
standardized,SR-MMP,HT29,BGDKAVGWHJFAGW,0,20,0.09750504753469644,0.06966684481139408,-0.02783820272330237,15,-0.02,less,9.5367431640625e-07,True,2.8372800201795903e-06,True,corrected
standardized,SR-MMP,HT29,BGSOJVFOEQLVMH,0,20,0.05742818749671298,0.0316366853863364,-0.02579150211037658,15,-0.02,less,9.5367431640625e-07,True,2.8372800201795903e-06,True,corrected
standardized,SR-MMP,HT29,BLXXJMDCKKHMKV,0,20,0.3155010245480349,0.1602665620906789,-0.15523446245735603,20,-0.02,less,9.5367431640625e-07,True,2.8372800201795903e-06,True,corrected
standardized,SR-MMP,HT29,BMUKKTUHUDJSNZ,0,20,0.14799990304962646,0.09655896257939162,-0.05144094047023481,19,-0.02,less,9.5367431640625e-07,True,2.8372800201795903e-06,True,corrected
standardized,SR-MMP,HT29,BUXRLJCGHZZYNE,0,20,0.14673484794557093,0.09618525308532128,-0.050549594860249666,18,-0.02,less,9.5367431640625e-07,True,2.8372800201795903e-06,True,corrected
standardized,SR-MMP,HT29,BVPWJMCABCPUQY,0,20,0.13359928625878417,0.09531681165735431,-0.038282474601429875,17,-0.02,less,9.5367431640625e-06,True,2.302304662839331e-05,True,corrected
standardized,SR-MMP,HT29,CBEQULMOCCWAQT,0,20,0.19318139921248456,0.11339243072188779,-0.07978896849059676,19,-0.02,less,9.5367431640625e-07,True,2.8372800201795903e-06,True,corrected
standardized,SR-MMP,HT29,CBVCZFGXHXORBI,0,20,0.09557155726099785,0.06911686206489236,-0.026454695196105493,15,-0.02,less,9.5367431640625e-07,True,2.8372800201795903e-06,True,corrected
standardized,SR-MMP,HT29,CGIGDMFJXJATDK,0,20,0.2614235790960061,0.19354837594237556,-0.06787520315363052,18,-0.02,less,9.5367431640625e-07,True,2.8372800201795903e-06,True,corrected
standardized,SR-MMP,HT29,CXOFVDLJLONNDW,0,20,0.2018865114950533,0.16995250169566373,-0.03193400979938954,15,-0.02,less,2.86102294921875e-06,True,7.711855092443021e-06,True,corrected
standardized,SR-MMP,HT29,CYXKNKQEMFBLER,1,20,0.10027914041399799,0.24059929353112003,0.14032015311712204,17,0.05,greater,9.5367431640625e-07,True,2.8372800201795903e-06,True,rescued
standardized,SR-MMP,HT29,DDUHZTYCFQRHIY,0,20,0.39357686483238596,0.30985055282526075,-0.08372631200712523,18,-0.02,less,9.5367431640625e-07,True,2.8372800201795903e-06,True,corrected
standardized,SR-MMP,HT29,DKGZKTPJOSAWFA,1,20,0.11366055723384949,0.25228740059082905,0.13862684335697958,16,0.05,greater,9.5367431640625e-07,True,2.8372800201795903e-06,True,rescued
standardized,SR-MMP,HT29,DUHUCHOQIDJXAT,0,20,0.07588900452610814,0.04180876753857776,-0.03408023698753036,18,-0.02,less,9.5367431640625e-07,True,2.8372800201795903e-06,True,corrected
standardized,SR-MMP,HT29,FDMBBCOBEAVDAO,0,20,0.11413934490032045,0.07505344746880335,-0.03908589743151708,17,-0.02,less,9.5367431640625e-07,True,2.8372800201795903e-06,True,corrected
standardized,SR-MMP,HT29,FEBLZLNTKCEFIT,0,20,0.13488572712400884,0.09712810501506206,-0.037757622108946794,18,-0.02,less,9.5367431640625e-07,True,2.8372800201795903e-06,True,corrected
standardized,SR-MMP,HT29,FEROPKNOYKURCJ,0,20,0.0805776419068012,0.04934102710481284,-0.03123661480198836,18,-0.02,less,9.5367431640625e-07,True,2.8372800201795903e-06,True,corrected
standardized,SR-MMP,HT29,FHRSHSOEWXUORL,0,20,0.0949929646164252,0.05859518312057742,-0.03639778149584778,19,-0.02,less,9.5367431640625e-07,True,2.8372800201795903e-06,True,corrected
standardized,SR-MMP,HT29,FJLBFSROUSIWMA,0,20,0.16468329788745556,0.07626656859372302,-0.0884167292937326,20,-0.02,less,9.5367431640625e-07,True,2.8372800201795903e-06,True,corrected
standardized,SR-MMP,HT29,FMHHVULEAZTJMA,0,20,0.28319215710519,0.24932746345821988,-0.03386469364697019,15,-0.02,less,4.76837158203125e-06,True,1.2166983716428492e-05,True,corrected
standardized,SR-MMP,HT29,GFNANZIMVAIWHM,0,20,0.1108795986807473,0.07447099736854187,-0.03640860131220545,18,-0.02,less,9.5367431640625e-07,True,2.8372800201795903e-06,True,corrected
standardized,SR-MMP,HT29,GFRUPHOKLBPHTQ,0,20,0.14064618268437296,0.10341608132660116,-0.037230101357771765,17,-0.02,less,9.5367431640625e-07,True,2.8372800201795903e-06,True,corrected
standardized,SR-MMP,HT29,GGALEXMXDMUMDM,0,20,0.07750006820903929,0.04477975180773525,-0.032720316401304045,19,-0.02,less,9.5367431640625e-07,True,2.8372800201795903e-06,True,corrected
standardized,SR-MMP,HT29,GJJFMKBJSRMPLA,0,20,0.10263800649792462,0.07181859542764876,-0.03081941107027585,15,-0.02,less,9.5367431640625e-07,True,2.8372800201795903e-06,True,corrected
standardized,SR-MMP,HT29,GMHKMTDVRCWUDX,0,20,0.09630607866689408,0.04948219499683327,-0.04682388367006084,19,-0.02,less,9.5367431640625e-07,True,2.8372800201795903e-06,True,corrected
standardized,SR-MMP,HT29,GMRQFYUYWCNGIN,1,20,0.42068770965058927,0.5279899159335086,0.10730220628291934,19,0.05,greater,9.5367431640625e-07,True,2.8372800201795903e-06,True,rescued
standardized,SR-MMP,HT29,HCIBTBXNLVOFER,1,20,0.5554993514234907,0.6551872890158335,0.09968793759234262,18,0.05,greater,9.5367431640625e-07,True,2.8372800201795903e-06,True,rescued
standardized,SR-MMP,HT29,HEMJJKBWTPKOJG,0,20,0.171768404598937,0.1290879857537795,-0.04268041884515748,15,-0.02,less,9.5367431640625e-07,True,2.8372800201795903e-06,True,corrected
standardized,SR-MMP,HT29,HLVVITIHAZBPKB,0,20,0.1998081820329302,0.13150322905663142,-0.06830495297629882,20,-0.02,less,9.5367431640625e-07,True,2.8372800201795903e-06,True,corrected
standardized,SR-MMP,HT29,HPJKCIUCZWXJDR,0,20,0.46457490639226623,0.3273761519272802,-0.1371987544649861,20,-0.02,less,9.5367431640625e-07,True,2.8372800201795903e-06,True,corrected
standardized,SR-MMP,HT29,HSRJKNPTNIJEKV,0,20,0.10279892192050377,0.05677255843240723,-0.04602636348809653,18,-0.02,less,9.5367431640625e-07,True,2.8372800201795903e-06,True,corrected
standardized,SR-MMP,HT29,IAIWVQXQOWNYOU,1,20,0.1279632492078968,0.3941372893430474,0.26617404013515067,18,0.05,greater,9.5367431640625e-07,True,2.8372800201795903e-06,True,rescued
standardized,SR-MMP,HT29,INWLQCZOYSRPNW,0,20,0.09544016949393677,0.06636936684828743,-0.029070802645649346,15,-0.02,less,9.5367431640625e-07,True,2.8372800201795903e-06,True,corrected
standardized,SR-MMP,HT29,IVQOFBKHQCTVQV,0,20,0.15641507593731194,0.09136969380181527,-0.06504538213549668,20,-0.02,less,9.5367431640625e-07,True,2.8372800201795903e-06,True,corrected
standardized,SR-MMP,HT29,JFIOVJDNOJYLKP,1,20,0.6346527853197962,0.8303125450661832,0.1956597597463869,17,0.05,greater,9.5367431640625e-07,True,2.8372800201795903e-06,True,rescued
standardized,SR-MMP,HT29,JIVZKJJQOZQXQB,0,20,0.0933273282543465,0.05949920641482742,-0.033828121839519096,18,-0.02,less,9.5367431640625e-07,True,2.8372800201795903e-06,True,corrected
standardized,SR-MMP,HT29,JKKFKPJIXZFSSB,0,20,0.20866723484355557,0.16448327641350594,-0.0441839584300496,19,-0.02,less,9.5367431640625e-07,True,2.8372800201795903e-06,True,corrected
standardized,SR-MMP,HT29,JLVHTNZNKOSCNB,0,20,0.08543684187697831,0.04512948656184781,-0.0403073553151305,20,-0.02,less,9.5367431640625e-07,True,2.8372800201795903e-06,True,corrected
standardized,SR-MMP,HT29,JSWZEAMFRNKZNL,0,20,0.15778055566199803,0.11932031550851718,-0.03846024015348086,16,-0.02,less,9.5367431640625e-07,True,2.8372800201795903e-06,True,corrected
standardized,SR-MMP,HT29,JTLXCMOFVBXEKD,0,20,0.04806448247664839,0.023329128185243988,-0.02473535429140441,15,-0.02,less,9.5367431640625e-07,True,2.8372800201795903e-06,True,corrected
standardized,SR-MMP,HT29,JVGBTTIJPBFLTE,0,20,0.07602138456607659,0.04757492014782018,-0.028446464418256396,17,-0.02,less,9.5367431640625e-07,True,2.8372800201795903e-06,True,corrected
standardized,SR-MMP,HT29,JWUBBDSIWDLEOM,1,20,0.4573696650581723,0.5712919674887473,0.11392230243057508,18,0.05,greater,9.5367431640625e-07,True,2.8372800201795903e-06,True,rescued
standardized,SR-MMP,HT29,JXLYSJRDGCGARV,1,20,0.2865904702142993,0.6782010470508117,0.39161057683651246,19,0.05,greater,9.5367431640625e-07,True,2.8372800201795903e-06,True,rescued
standardized,SR-MMP,HT29,JXTHNDFMNIQAHM,0,20,0.05887057219925083,0.03459007472143973,-0.024280497477811098,15,-0.02,less,9.5367431640625e-07,True,2.8372800201795903e-06,True,corrected
standardized,SR-MMP,HT29,KJHKTHWMRKYKJE,1,20,0.0798333409635353,0.1615879846062172,0.08175464364268191,15,0.05,greater,9.5367431640625e-07,True,2.8372800201795903e-06,True,rescued
standardized,SR-MMP,HT29,KPQZUUQMTUIKBP,0,20,0.06743401870941199,0.042866347157299964,-0.02456767155211202,15,-0.02,less,9.5367431640625e-07,True,2.8372800201795903e-06,True,corrected
standardized,SR-MMP,HT29,KYRVNWMVYQXFEU,1,20,0.15165467531308066,0.29438966166561287,0.14273498635253223,19,0.05,greater,9.5367431640625e-07,True,2.8372800201795903e-06,True,rescued
standardized,SR-MMP,HT29,KZNIFHPLKGYRTM,1,20,0.31225405328280365,0.43821360554395355,0.12595955226115002,15,0.05,greater,9.5367431640625e-07,True,2.8372800201795903e-06,True,rescued
standardized,SR-MMP,HT29,LCTZPQRFOZKZNK,0,20,0.4824624253713736,0.30773099206960686,-0.1747314333017667,19,-0.02,less,9.5367431640625e-07,True,2.8372800201795903e-06,True,corrected
standardized,SR-MMP,HT29,LDMWSLGGVTVJPG,0,20,0.0544793088981518,0.02625929328323025,-0.028220015614921545,18,-0.02,less,9.5367431640625e-07,True,2.8372800201795903e-06,True,corrected
standardized,SR-MMP,HT29,LPMXVESGRSUGHW,1,20,0.078947032192279,0.4218435383484721,0.342896506156193,19,0.05,greater,9.5367431640625e-07,True,2.8372800201795903e-06,True,rescued
standardized,SR-MMP,HT29,LTMHDMANZUZIPE,1,20,0.10736067370763114,0.35772074902859774,0.2503600753209666,18,0.05,greater,9.5367431640625e-07,True,2.8372800201795903e-06,True,rescued
standardized,SR-MMP,HT29,MDLAAYDRRZXJIF,1,20,0.43627163731723984,0.6394933153166174,0.20322167799937757,19,0.05,greater,9.5367431640625e-07,True,2.8372800201795903e-06,True,rescued
standardized,SR-MMP,HT29,MFYSYFVPBJMHGN,0,20,0.0673091779810591,0.04255146832325999,-0.024757709657799127,15,-0.02,less,9.5367431640625e-07,True,2.8372800201795903e-06,True,corrected
standardized,SR-MMP,HT29,MUTNCGKQJGXKEM,1,20,0.5255424548238977,0.6441385080393216,0.11859605321542373,18,0.05,greater,9.5367431640625e-07,True,2.8372800201795903e-06,True,rescued
standardized,SR-MMP,HT29,MWLSOWXNZPKENC,0,20,0.2534023332329384,0.21610147189156198,-0.03730086134137643,16,-0.02,less,1.9073486328125e-06,True,5.321280037846546e-06,True,corrected
standardized,SR-MMP,HT29,MYEJFUXQJGHEQK,1,20,0.1462317996493147,0.5316121629384044,0.3853803632890897,18,0.05,greater,9.5367431640625e-07,True,2.8372800201795903e-06,True,rescued
standardized,SR-MMP,HT29,NCEXYHBECQHGNR,0,20,0.16382577028617815,0.11187103551628566,-0.05195473476989253,18,-0.02,less,9.5367431640625e-07,True,2.8372800201795903e-06,True,corrected
standardized,SR-MMP,HT29,NFHRQQKPEBFUJK,1,20,0.2055937684880691,0.35366298526721096,0.14806921677914192,20,0.05,greater,9.5367431640625e-07,True,2.8372800201795903e-06,True,rescued
standardized,SR-MMP,HT29,NGBFQHCMQULJNZ,0,20,0.06786949829172996,0.03537593504495474,-0.032493563246775235,18,-0.02,less,9.5367431640625e-07,True,2.8372800201795903e-06,True,corrected
standardized,SR-MMP,HT29,NJCJBUHJQLFDSW,0,20,0.10685992909406697,0.065281711970171,-0.04157821712389594,17,-0.02,less,9.5367431640625e-07,True,2.8372800201795903e-06,True,corrected
standardized,SR-MMP,HT29,NTJOBXMMWNYJFB,0,20,0.08858513411181053,0.059337232195348755,-0.029247901916461788,15,-0.02,less,9.5367431640625e-07,True,2.8372800201795903e-06,True,corrected
standardized,SR-MMP,HT29,NUHPODZZKHQQET,0,20,0.13754746304058102,0.08679711955181199,-0.050750343488769036,20,-0.02,less,9.5367431640625e-07,True,2.8372800201795903e-06,True,corrected
standardized,SR-MMP,HT29,OPXLLQIJSORQAM,1,20,0.16157401812513497,0.2910654517169987,0.12949143359186369,19,0.05,greater,9.5367431640625e-07,True,2.8372800201795903e-06,True,rescued
standardized,SR-MMP,HT29,OWYLAEYXIQKAOL,0,20,0.09060477834439869,0.060238944550088394,-0.03036583379431031,16,-0.02,less,9.5367431640625e-07,True,2.8372800201795903e-06,True,corrected
standardized,SR-MMP,HT29,OYHQOLUKZRVURQ,0,20,0.22462913954966432,0.10256017842476561,-0.12206896112489878,20,-0.02,less,9.5367431640625e-07,True,2.8372800201795903e-06,True,corrected
standardized,SR-MMP,HT29,PLDZOHPIBZVDLQ,0,20,0.15029778982663067,0.10605101886203931,-0.04424677096459136,18,-0.02,less,9.5367431640625e-07,True,2.8372800201795903e-06,True,corrected
standardized,SR-MMP,HT29,PROQIPRRNZUXQM,0,20,0.4339324284100393,0.3441836429702359,-0.08974878543980348,20,-0.02,less,9.5367431640625e-07,True,2.8372800201795903e-06,True,corrected
standardized,SR-MMP,HT29,QRJJEGAJXVEBNE,0,20,0.46630591177836217,0.3947481993829134,-0.07155771239544881,16,-0.02,less,1.9073486328125e-06,True,5.321280037846546e-06,True,corrected
standardized,SR-MMP,HT29,QTGIAADRBBLJGA,0,20,0.07068497138812115,0.03796919509806986,-0.032715776290051284,19,-0.02,less,9.5367431640625e-07,True,2.8372800201795903e-06,True,corrected
standardized,SR-MMP,HT29,QXKHYNVANLEOEG,0,20,0.2520954254653258,0.20768529920748935,-0.04441012625783648,19,-0.02,less,9.5367431640625e-07,True,2.8372800201795903e-06,True,corrected
standardized,SR-MMP,HT29,RBTBFTRPCNLSDE,1,20,0.5740574483657686,0.8700713883286971,0.29601393996292846,20,0.05,greater,9.5367431640625e-07,True,2.8372800201795903e-06,True,rescued
standardized,SR-MMP,HT29,RJMUSRYZPJIFPJ,1,20,0.3561206169703578,0.7349129319342784,0.37879231496392063,20,0.05,greater,9.5367431640625e-07,True,2.8372800201795903e-06,True,rescued
standardized,SR-MMP,HT29,RRAFCDWBNXTKKO,0,20,0.2289438194986054,0.13689272429908889,-0.09205109519951656,18,-0.02,less,9.5367431640625e-07,True,2.8372800201795903e-06,True,corrected
standardized,SR-MMP,HT29,RSUVYMGADVXGOU,0,20,0.3546347544953596,0.3092055993423314,-0.045429155153028165,19,-0.02,less,9.5367431640625e-07,True,2.8372800201795903e-06,True,corrected
standardized,SR-MMP,HT29,SBDNJUWAMKYJOX,0,20,0.3923257828585327,0.35019223159074525,-0.042133551267787415,15,-0.02,less,9.5367431640625e-07,True,2.8372800201795903e-06,True,corrected
standardized,SR-MMP,HT29,SHZKQBHERIJWAO,0,20,0.09087037136620298,0.06207209685099089,-0.028798274515212073,17,-0.02,less,9.5367431640625e-07,True,2.8372800201795903e-06,True,corrected
standardized,SR-MMP,HT29,SQVIAVUSQAWMKL,0,20,0.1407212742251373,0.08362407339394644,-0.05709720083119089,18,-0.02,less,9.5367431640625e-07,True,2.8372800201795903e-06,True,corrected
standardized,SR-MMP,HT29,SXYIRMFQILZOAM,0,20,0.11120519483437863,0.07423147220094342,-0.03697372263343519,16,-0.02,less,9.5367431640625e-07,True,2.8372800201795903e-06,True,corrected
standardized,SR-MMP,HT29,SYTBZMRGLBWNTM,0,20,0.2787259886370534,0.22636403677687347,-0.05236195186017993,16,-0.02,less,4.76837158203125e-06,True,1.2166983716428492e-05,True,corrected
standardized,SR-MMP,HT29,TZBJGXHYKVUXJN,1,20,0.3472199738911634,0.7547868702107313,0.4075668963195679,20,0.05,greater,9.5367431640625e-07,True,2.8372800201795903e-06,True,rescued
standardized,SR-MMP,HT29,TZRHLKRLEZJVIJ,0,20,0.13734534764916717,0.09123011093569813,-0.04611523671346904,17,-0.02,less,9.5367431640625e-07,True,2.8372800201795903e-06,True,corrected
standardized,SR-MMP,HT29,UBPYILGKFZZVDX,1,20,0.28307259011358965,0.4607066698696591,0.17763407975606943,19,0.05,greater,9.5367431640625e-07,True,2.8372800201795903e-06,True,rescued
standardized,SR-MMP,HT29,UBQNRHZMVUUOMG,0,20,0.10236441589541863,0.06805481984277689,-0.03430959605264172,18,-0.02,less,9.5367431640625e-07,True,2.8372800201795903e-06,True,corrected
standardized,SR-MMP,HT29,UGTJLJZQQFGTJD,1,20,0.27517912973877773,0.6126646320924716,0.3374855023536938,18,0.05,greater,9.5367431640625e-07,True,2.8372800201795903e-06,True,rescued
standardized,SR-MMP,HT29,UIARLYUEJFELEN,1,20,0.5120137208483337,0.7029975904525841,0.19098386960425034,19,0.05,greater,9.5367431640625e-07,True,2.8372800201795903e-06,True,rescued
standardized,SR-MMP,HT29,ULDXWLCXEDXJGE,1,20,0.3700291155455483,0.5608392272779227,0.19081011173237433,19,0.05,greater,9.5367431640625e-07,True,2.8372800201795903e-06,True,rescued
standardized,SR-MMP,HT29,UNAANXDKBXWMLN,0,20,0.4566235214882773,0.3897944174042285,-0.06682910408404882,16,-0.02,less,9.5367431640625e-07,True,2.8372800201795903e-06,True,corrected
standardized,SR-MMP,HT29,UZHSEJADLWPNLE,0,20,0.08122216931790362,0.053405476569723345,-0.02781669274818026,15,-0.02,less,9.5367431640625e-07,True,2.8372800201795903e-06,True,corrected
standardized,SR-MMP,HT29,VFLDPWHFBUODDF,1,20,0.22826650629861253,0.4727038965316823,0.24443739023306982,18,0.05,greater,9.5367431640625e-07,True,2.8372800201795903e-06,True,rescued
standardized,SR-MMP,HT29,VGLGVJVUHYTIIU,0,20,0.08133032075011688,0.04985473553317405,-0.03147558521694283,16,-0.02,less,2.86102294921875e-06,True,7.711855092443021e-06,True,corrected
standardized,SR-MMP,HT29,VJJPUSNTGOMMGY,0,20,0.17559767020686,0.1388343285877178,-0.03676334161914223,16,-0.02,less,9.5367431640625e-07,True,2.8372800201795903e-06,True,corrected
standardized,SR-MMP,HT29,VJYFKVYYMZPMAB,0,20,0.08515576342652384,0.04295550572641096,-0.042200257700112855,20,-0.02,less,9.5367431640625e-07,True,2.8372800201795903e-06,True,corrected
standardized,SR-MMP,HT29,VQHUQHAPWMNBLP,0,20,0.11426421383527714,0.08269140511591552,-0.0315728087193616,18,-0.02,less,9.5367431640625e-07,True,2.8372800201795903e-06,True,corrected
standardized,SR-MMP,HT29,VTJXFTPMFYAJJU,1,20,0.2348827412718554,0.6303448448397468,0.39546210356789135,18,0.05,greater,9.5367431640625e-07,True,2.8372800201795903e-06,True,rescued
standardized,SR-MMP,HT29,VWUXBMIQPBEWFH,1,20,0.4883465890097921,0.6164605022369477,0.12811391322715554,17,0.05,greater,9.5367431640625e-07,True,2.8372800201795903e-06,True,rescued
standardized,SR-MMP,HT29,WDFKMLRRRCGAKS,1,20,0.5026347319236633,0.8262636949160458,0.3236289629923824,20,0.05,greater,9.5367431640625e-07,True,2.8372800201795903e-06,True,rescued
standardized,SR-MMP,HT29,WDJUZGPOPHTGOT,1,20,0.11988759710811925,0.3836134287922959,0.2637258316841766,18,0.05,greater,9.5367431640625e-07,True,2.8372800201795903e-06,True,rescued
standardized,SR-MMP,HT29,WIIZWVCIJKGZOK,0,20,0.16565469134878794,0.11713289752406816,-0.048521793824719786,15,-0.02,less,9.5367431640625e-06,True,2.302304662839331e-05,True,corrected
standardized,SR-MMP,HT29,WJCNZQLZVWNLKY,0,20,0.16030044036069865,0.1369305624281396,-0.02336987793255905,15,-0.02,less,9.5367431640625e-07,True,2.8372800201795903e-06,True,corrected
standardized,SR-MMP,HT29,WUWFMDMBOJLQIV,0,20,0.10451010133606461,0.06339031493630114,-0.04111978639976347,17,-0.02,less,4.76837158203125e-06,True,1.2166983716428492e-05,True,corrected
standardized,SR-MMP,HT29,WYJAPUKIYAZSEM,0,20,0.16488929857978546,0.09476635727622537,-0.07012294130356009,19,-0.02,less,9.5367431640625e-07,True,2.8372800201795903e-06,True,corrected
standardized,SR-MMP,HT29,XEAQIWGXBXCYFX,0,20,0.18703824723912663,0.12800682016336287,-0.059031427075763754,20,-0.02,less,9.5367431640625e-07,True,2.8372800201795903e-06,True,corrected
standardized,SR-MMP,HT29,XEFQLINVKFYRCS,1,20,0.6375163774756513,0.7102152624718576,0.07269888499620654,15,0.05,greater,9.5367431640625e-07,True,2.8372800201795903e-06,True,rescued
standardized,SR-MMP,HT29,XFYDIVBRZNQMJC,0,20,0.11337873517681984,0.0823635958654112,-0.031015139311408636,16,-0.02,less,4.76837158203125e-06,True,1.2166983716428492e-05,True,corrected
standardized,SR-MMP,HT29,XWXYUMMDTVBTOU,0,20,0.39141345185756354,0.3334633296865769,-0.057950122170986676,17,-0.02,less,9.5367431640625e-07,True,2.8372800201795903e-06,True,corrected
standardized,SR-MMP,HT29,YEJCDKJIEMIWRQ,0,20,0.43536342519692717,0.3764356289989141,-0.058927796198013103,17,-0.02,less,9.5367431640625e-07,True,2.8372800201795903e-06,True,corrected
standardized,SR-MMP,HT29,YFGHCGITMMYXAQ,0,20,0.19205408005915867,0.12834655987432556,-0.06370752018483308,20,-0.02,less,9.5367431640625e-07,True,2.8372800201795903e-06,True,corrected
standardized,SR-MMP,HT29,YJGVMLPVUAXIQN,1,20,0.2191830061066568,0.4719392629169179,0.2527562568102611,19,0.05,greater,9.5367431640625e-07,True,2.8372800201795903e-06,True,rescued
standardized,SR-MMP,HT29,YLJREFDVOIBQDA,0,20,0.2315029839678774,0.18459018908483624,-0.04691279488304123,15,-0.02,less,9.5367431640625e-07,True,2.8372800201795903e-06,True,corrected
standardized,SR-MMP,HT29,YSIITVVESCNIPR,0,20,0.06127367519713204,0.035496565826264745,-0.02577710937086728,15,-0.02,less,9.5367431640625e-07,True,2.8372800201795903e-06,True,corrected
standardized,SR-MMP,HT29,ZTVIKZXZYLEVOL,0,20,0.07567074571689617,0.036067898728430636,-0.03960284698846552,19,-0.02,less,9.5367431640625e-07,True,2.8372800201795903e-06,True,corrected
standardized,SR-MMP,HT29,ZZVUWRFHKOJYTH,0,20,0.1866792017799474,0.14444438233243267,-0.042234819447514706,18,-0.02,less,9.5367431640625e-07,True,2.8372800201795903e-06,True,corrected
standardized,SR-p53,HT29,AGMMTXLNIQSRCG,0,20,0.12841485496319727,0.09037008428773334,-0.03804477067546391,15,-0.02,less,9.5367431640625e-07,True,3.1561221716538914e-06,True,corrected
standardized,SR-p53,HT29,HHJUWIANJFBDHT,1,20,0.17847439182090163,0.35701082442695464,0.178536432606053,15,0.05,greater,9.5367431640625e-07,True,3.1561221716538914e-06,True,rescued
standardized,SR-p53,HT29,HYFHYPWGAURHIV,1,20,0.10631927736939158,0.42611502019633624,0.3197957428269447,16,0.05,greater,9.5367431640625e-07,True,3.1561221716538914e-06,True,rescued
standardized,SR-p53,HT29,IWVRVEIKCBFZNF,0,20,0.12116068618905702,0.09259305899963362,-0.028567627189423423,16,-0.02,less,9.5367431640625e-07,True,3.1561221716538914e-06,True,corrected
standardized,SR-p53,HT29,JXLYSJRDGCGARV,1,20,0.17945886639216332,0.37327714691541913,0.19381828052325584,15,0.05,greater,9.5367431640625e-07,True,3.1561221716538914e-06,True,rescued
standardized,SR-p53,HT29,LAINPTZBIXYTIZ,0,20,0.22713502559962567,0.18027932045596629,-0.04685570514365934,15,-0.02,less,9.5367431640625e-07,True,3.1561221716538914e-06,True,corrected
standardized,SR-p53,HT29,LTMHDMANZUZIPE,1,20,0.2069345514908501,0.2944881043967092,0.08755355290585913,15,0.05,greater,9.5367431640625e-07,True,3.1561221716538914e-06,True,rescued
standardized,SR-p53,HT29,OPXLLQIJSORQAM,1,20,0.16865884838036463,0.3249519145624845,0.15629306618211986,16,0.05,greater,9.5367431640625e-07,True,3.1561221716538914e-06,True,rescued
standardized,SR-p53,HT29,OYHQOLUKZRVURQ,0,20,0.05904475019033828,0.034625049012719074,-0.024419701177619206,16,-0.02,less,9.5367431640625e-07,True,3.1561221716538914e-06,True,corrected
standardized,SR-p53,HT29,OYPPVKRFBIWMSX,0,20,0.1878889883733178,0.15273664360740474,-0.03515234476591304,15,-0.02,less,9.5367431640625e-07,True,3.1561221716538914e-06,True,corrected
standardized,SR-p53,HT29,RBTBFTRPCNLSDE,1,20,0.40709625308316727,0.7009766026794333,0.2938803495962662,18,0.05,greater,9.5367431640625e-07,True,3.1561221716538914e-06,True,rescued
standardized,SR-p53,HT29,RXWNCPJZOCPEPQ,1,20,0.20760259044248525,0.5270409374848515,0.31943834704236623,15,0.05,greater,9.5367431640625e-07,True,3.1561221716538914e-06,True,rescued
standardized,SR-p53,HT29,UCFGDBYHRUNTLO,1,20,0.3177688965477008,0.6578449962303553,0.3400760996826545,16,0.05,greater,9.5367431640625e-07,True,3.1561221716538914e-06,True,rescued
standardized,SR-p53,HT29,VDCRFBBZFHHYGT,0,20,0.18999049100182053,0.15285556921739032,-0.03713492178443019,16,-0.02,less,9.5367431640625e-07,True,3.1561221716538914e-06,True,corrected
standardized,SR-p53,HT29,WDFKMLRRRCGAKS,1,20,0.23428648269419913,0.3703534342104223,0.13606695151622322,17,0.05,greater,9.5367431640625e-07,True,3.1561221716538914e-06,True,rescued
standardized,SR-p53,HT29,WUKZPHOXUVCQOR,0,20,0.13510126904278247,0.10941295756887151,-0.025688311473910975,15,-0.02,less,9.5367431640625e-07,True,3.1561221716538914e-06,True,corrected
standardized,SR-p53,HT29,YPHMISFOHDHNIV,1,20,0.14484339504990412,0.2591989405955287,0.11435554554562452,15,0.05,greater,9.5367431640625e-07,True,3.1561221716538914e-06,True,rescued
standardized,SR-MMP,MCF7,ABJKWBDEJIDSJZ,0,20,0.46992200505009263,0.41747454015135094,-0.05244746489874177,15,-0.02,less,9.5367431640625e-07,True,2.735389206937687e-06,True,corrected
standardized,SR-MMP,MCF7,AKJHMTWEGVYYSE,1,20,0.4282094798648745,0.7127879012795731,0.2845784214146987,20,0.05,greater,9.5367431640625e-07,True,2.735389206937687e-06,True,rescued
standardized,SR-MMP,MCF7,ANZXOIAKUNOVQU,0,20,0.08898972144423507,0.049112700166282136,-0.03987702127795294,17,-0.02,less,9.5367431640625e-07,True,2.735389206937687e-06,True,corrected
standardized,SR-MMP,MCF7,AUZONCFQVSMFAP,1,20,0.14613201794944192,0.8001125306430745,0.6539805126936328,20,0.05,greater,9.5367431640625e-07,True,2.735389206937687e-06,True,rescued
standardized,SR-MMP,MCF7,BAFKRPOFIYPKBQ,1,20,0.41600009173397723,0.5305756577336596,0.11457556599968237,19,0.05,greater,9.5367431640625e-07,True,2.735389206937687e-06,True,rescued
standardized,SR-MMP,MCF7,BBMULGJBVDDDNI,1,20,0.3323538254548154,0.5838271157251606,0.2514732902703451,19,0.05,greater,9.5367431640625e-07,True,2.735389206937687e-06,True,rescued
standardized,SR-MMP,MCF7,BFPSDSIWYFKGBC,1,20,0.7578124236226487,0.841655131606968,0.08384270798431928,17,0.05,greater,1.9073486328125e-06,True,5.147154902068662e-06,True,rescued
standardized,SR-MMP,MCF7,BSYNRYMUTXBXSQ,0,20,0.09914655266256685,0.0731000295193015,-0.026046523143265343,16,-0.02,less,9.5367431640625e-07,True,2.735389206937687e-06,True,corrected
standardized,SR-MMP,MCF7,CAMYKONBWHRPDD,0,20,0.15887719499513403,0.12282247821873418,-0.03605471677639982,16,-0.02,less,2.86102294921875e-06,True,7.367903186428931e-06,True,corrected
standardized,SR-MMP,MCF7,CGIGDMFJXJATDK,0,20,0.2385837731937699,0.19004301754957006,-0.048540755644199865,15,-0.02,less,9.5367431640625e-07,True,2.735389206937687e-06,True,corrected
standardized,SR-MMP,MCF7,CMWTZPSULFXXJA,0,20,0.25513710685091995,0.2024273227416158,-0.05270978410930416,17,-0.02,less,9.5367431640625e-07,True,2.735389206937687e-06,True,corrected
standardized,SR-MMP,MCF7,CNBGNNVCVSKAQZ,0,20,0.11331478172931268,0.07582630844511425,-0.037488473284198465,16,-0.02,less,9.5367431640625e-07,True,2.735389206937687e-06,True,corrected
standardized,SR-MMP,MCF7,CPZBLNMUGSZIPR,0,20,0.07810671920670163,0.05063971806516482,-0.027467001141536836,15,-0.02,less,9.5367431640625e-07,True,2.735389206937687e-06,True,corrected
standardized,SR-MMP,MCF7,CTRLABGOLIVAIY,0,20,0.3136422308117333,0.2751818302188108,-0.03846040059292253,17,-0.02,less,9.5367431640625e-07,True,2.735389206937687e-06,True,corrected
standardized,SR-MMP,MCF7,CYXKNKQEMFBLER,1,20,0.09346417271365023,0.49358548778977307,0.4001213150761229,19,0.05,greater,9.5367431640625e-07,True,2.735389206937687e-06,True,rescued
standardized,SR-MMP,MCF7,DDUHZTYCFQRHIY,0,20,0.3790976690454365,0.2727992720589083,-0.10629839698652828,18,-0.02,less,9.5367431640625e-07,True,2.735389206937687e-06,True,corrected
standardized,SR-MMP,MCF7,DOMXUEMWDBAQBQ,0,20,0.46222058790880666,0.32060788545978297,-0.14161270244902377,19,-0.02,less,9.5367431640625e-07,True,2.735389206937687e-06,True,corrected
standardized,SR-MMP,MCF7,DWTTZBARDOXEAM,1,20,0.45160854992831184,0.6138804551633983,0.16227190523508664,16,0.05,greater,9.5367431640625e-07,True,2.735389206937687e-06,True,rescued
standardized,SR-MMP,MCF7,DXGLGDHPHMLXJC,0,20,0.2819432156489035,0.24159623438239836,-0.040346981266505114,16,-0.02,less,9.5367431640625e-07,True,2.735389206937687e-06,True,corrected
standardized,SR-MMP,MCF7,FFKUDWZICMJVPA,0,20,0.11125760394075108,0.08006393002238446,-0.031193673918366617,15,-0.02,less,9.5367431640625e-07,True,2.735389206937687e-06,True,corrected
standardized,SR-MMP,MCF7,FJUKDAZEABGEIH,1,20,0.08988242317188654,0.2809316103416525,0.191049187169766,19,0.05,greater,9.5367431640625e-07,True,2.735389206937687e-06,True,rescued
standardized,SR-MMP,MCF7,FPIPGXGPPPQFEQ,1,20,0.33986715065727974,0.6022193840548332,0.26235223339755337,18,0.05,greater,9.5367431640625e-07,True,2.735389206937687e-06,True,rescued
standardized,SR-MMP,MCF7,FYPMFJGVHOHGLL,0,20,0.5372840277040416,0.46949907693218995,-0.06778495077185152,17,-0.02,less,9.5367431640625e-07,True,2.735389206937687e-06,True,corrected
standardized,SR-MMP,MCF7,GCKMFJBGXUYNAG,0,20,0.08810112816765743,0.040609027297332914,-0.04749210087032451,19,-0.02,less,9.5367431640625e-07,True,2.735389206937687e-06,True,corrected
standardized,SR-MMP,MCF7,GFRUPHOKLBPHTQ,0,20,0.1279899510180124,0.083377274569993,-0.0446126764480194,18,-0.02,less,9.5367431640625e-07,True,2.735389206937687e-06,True,corrected
standardized,SR-MMP,MCF7,HCIBTBXNLVOFER,1,20,0.5387597219202924,0.7756680214752587,0.23690829955496634,19,0.05,greater,9.5367431640625e-07,True,2.735389206937687e-06,True,rescued
standardized,SR-MMP,MCF7,HEFNNWSXXWATRW,0,20,0.195605128975258,0.16206233121678287,-0.03354279775847513,16,-0.02,less,9.5367431640625e-07,True,2.735389206937687e-06,True,corrected
standardized,SR-MMP,MCF7,HOGVTUZUJGHKPL,1,20,0.08794680613809883,0.18698527898525494,0.09903847284715614,15,0.05,greater,9.5367431640625e-07,True,2.735389206937687e-06,True,rescued
standardized,SR-MMP,MCF7,HPJKCIUCZWXJDR,0,20,0.44721748919080645,0.4094800441314117,-0.03773744505939478,18,-0.02,less,9.5367431640625e-07,True,2.735389206937687e-06,True,corrected
standardized,SR-MMP,MCF7,HSHNITRMYYLLCV,0,20,0.2089063763936883,0.18301050765526378,-0.02589586873842456,15,-0.02,less,9.5367431640625e-07,True,2.735389206937687e-06,True,corrected
standardized,SR-MMP,MCF7,HUCJFAOMUPXHDK,0,20,0.12188288485577592,0.07361522692002523,-0.048267657935750705,18,-0.02,less,9.5367431640625e-07,True,2.735389206937687e-06,True,corrected
standardized,SR-MMP,MCF7,HUNXMJYCHXQEGX,0,20,0.13540704505009607,0.08170064343378979,-0.05370640161630628,19,-0.02,less,9.5367431640625e-07,True,2.735389206937687e-06,True,corrected
standardized,SR-MMP,MCF7,ICMGLRUYEQNHPF,0,20,0.05364800064188011,0.0261577043029499,-0.027490296338930197,15,-0.02,less,9.5367431640625e-07,True,2.735389206937687e-06,True,corrected
standardized,SR-MMP,MCF7,IDCHQQSVJAAUQQ,0,20,0.08648498047700126,0.056313989383970774,-0.030170991093030463,16,-0.02,less,9.5367431640625e-07,True,2.735389206937687e-06,True,corrected
standardized,SR-MMP,MCF7,INWLQCZOYSRPNW,0,20,0.08873357043331029,0.04559868118937762,-0.043134889243932675,19,-0.02,less,9.5367431640625e-07,True,2.735389206937687e-06,True,corrected
standardized,SR-MMP,MCF7,IVQOFBKHQCTVQV,0,20,0.14250002442271958,0.07875197249086659,-0.06374805193185298,19,-0.02,less,9.5367431640625e-07,True,2.735389206937687e-06,True,corrected
standardized,SR-MMP,MCF7,JAQUASYNZVUNQP,0,20,0.09921696479624045,0.06176855461762841,-0.037448410178612036,15,-0.02,less,0.00035381317138671875,True,0.000690332012603822,True,corrected
standardized,SR-MMP,MCF7,JAYAGJDXJIDEKI,1,20,0.14070080708274707,0.5217594995518466,0.3810586924690995,19,0.05,greater,9.5367431640625e-07,True,2.735389206937687e-06,True,rescued
standardized,SR-MMP,MCF7,JFIOVJDNOJYLKP,1,20,0.6001177293518469,0.8286029891131396,0.2284852597612924,19,0.05,greater,9.5367431640625e-07,True,2.735389206937687e-06,True,rescued
standardized,SR-MMP,MCF7,JIVZKJJQOZQXQB,0,20,0.08416810960622989,0.05805225916543161,-0.0261158504407983,15,-0.02,less,9.5367431640625e-07,True,2.735389206937687e-06,True,corrected
standardized,SR-MMP,MCF7,JSWZEAMFRNKZNL,0,20,0.14658056847734208,0.0969590399123768,-0.04962152856496525,16,-0.02,less,1.9073486328125e-06,True,5.147154902068662e-06,True,corrected
standardized,SR-MMP,MCF7,JWBOIMRXGHLCPP,1,20,0.7676443629729197,0.8394762139346256,0.07183185096170602,15,0.05,greater,9.5367431640625e-07,True,2.735389206937687e-06,True,rescued
standardized,SR-MMP,MCF7,JWUBBDSIWDLEOM,1,20,0.4264977971799846,0.5272905330727792,0.10079273589279474,17,0.05,greater,9.5367431640625e-07,True,2.735389206937687e-06,True,rescued
standardized,SR-MMP,MCF7,JXLYSJRDGCGARV,1,20,0.2713058029509312,0.5010018400045714,0.2296960370536401,18,0.05,greater,9.5367431640625e-07,True,2.735389206937687e-06,True,rescued
standardized,SR-MMP,MCF7,KBOPZPXVLCULAV,0,20,0.12147655155202879,0.07643119628422411,-0.04504535526780467,18,-0.02,less,9.5367431640625e-07,True,2.735389206937687e-06,True,corrected
standardized,SR-MMP,MCF7,KHOITXIGCFIULA,1,20,0.49963833260116514,0.829821782324111,0.33018344972294594,20,0.05,greater,9.5367431640625e-07,True,2.735389206937687e-06,True,rescued
standardized,SR-MMP,MCF7,KJFMBFZCATUALV,1,20,0.5903957123012795,0.7659784602603624,0.17558274795908282,18,0.05,greater,9.5367431640625e-07,True,2.735389206937687e-06,True,rescued
standardized,SR-MMP,MCF7,KJHKTHWMRKYKJE,1,20,0.07451651453345538,0.2704110449066632,0.19589453037320786,18,0.05,greater,9.5367431640625e-07,True,2.735389206937687e-06,True,rescued
standardized,SR-MMP,MCF7,KPSRODZRAIWAKH,0,20,0.1873992452421684,0.154972069934184,-0.03242717530798437,16,-0.02,less,9.5367431640625e-07,True,2.735389206937687e-06,True,corrected
standardized,SR-MMP,MCF7,KYGZCKSPAKDVKC,0,20,0.09812764090037276,0.048136522860266984,-0.049991118040105774,20,-0.02,less,9.5367431640625e-07,True,2.735389206937687e-06,True,corrected
standardized,SR-MMP,MCF7,KYRVNWMVYQXFEU,1,20,0.1390377859137169,0.22197868391180492,0.08294089799808801,15,0.05,greater,9.5367431640625e-07,True,2.735389206937687e-06,True,rescued
standardized,SR-MMP,MCF7,LHGVFZTZFXWLCP,0,20,0.199076865394409,0.13341818546362014,-0.06565867993078882,19,-0.02,less,9.5367431640625e-07,True,2.735389206937687e-06,True,corrected
standardized,SR-MMP,MCF7,LPMXVESGRSUGHW,1,20,0.07368657814097299,0.34639986150172025,0.2727132833607473,17,0.05,greater,9.5367431640625e-07,True,2.735389206937687e-06,True,rescued
standardized,SR-MMP,MCF7,LQCLVBQBTUVCEQ,0,20,0.06693216540134475,0.0307657495169677,-0.036166415884377065,17,-0.02,less,9.5367431640625e-07,True,2.735389206937687e-06,True,corrected
standardized,SR-MMP,MCF7,LTMHDMANZUZIPE,1,20,0.0999855731188551,0.3769837122017706,0.2769981390829156,18,0.05,greater,9.5367431640625e-07,True,2.735389206937687e-06,True,rescued
standardized,SR-MMP,MCF7,LWQQLNNNIPYSNX,1,20,0.37458195323704274,0.5027453851074913,0.12816343187044854,18,0.05,greater,9.5367431640625e-07,True,2.735389206937687e-06,True,rescued
standardized,SR-MMP,MCF7,MDLAAYDRRZXJIF,1,20,0.41534488881864384,0.5746245262726266,0.15927963745398277,16,0.05,greater,9.5367431640625e-07,True,2.735389206937687e-06,True,rescued
standardized,SR-MMP,MCF7,MLDQJTXFUGDVEO,1,20,0.3923152383582757,0.6929500413069771,0.3006348029487013,18,0.05,greater,9.5367431640625e-07,True,2.735389206937687e-06,True,rescued
standardized,SR-MMP,MCF7,MLKXDPUZXIRXEP,0,20,0.45489639722634995,0.33794444241707117,-0.11695195480927882,19,-0.02,less,9.5367431640625e-07,True,2.735389206937687e-06,True,corrected
standardized,SR-MMP,MCF7,MROJXXOCABQVEF,0,20,0.10883215667690835,0.06887073451787251,-0.03996142215903584,16,-0.02,less,9.5367431640625e-07,True,2.735389206937687e-06,True,corrected
standardized,SR-MMP,MCF7,MUTNCGKQJGXKEM,1,20,0.5003152094201762,0.7851604749999893,0.28484526557981327,20,0.05,greater,9.5367431640625e-07,True,2.735389206937687e-06,True,rescued
standardized,SR-MMP,MCF7,MWLSOWXNZPKENC,0,20,0.2375530124891235,0.19296253959386883,-0.04459047289525464,16,-0.02,less,9.5367431640625e-07,True,2.735389206937687e-06,True,corrected
standardized,SR-MMP,MCF7,MYEJFUXQJGHEQK,1,20,0.13347591112279955,0.47547861775570743,0.3420027066329079,18,0.05,greater,9.5367431640625e-07,True,2.735389206937687e-06,True,rescued
standardized,SR-MMP,MCF7,MYSWGUAQZAJSOK,0,20,0.08514518218863276,0.05147917944181829,-0.033666002746814486,17,-0.02,less,9.5367431640625e-07,True,2.735389206937687e-06,True,corrected
standardized,SR-MMP,MCF7,NFDFQCUYFHCNBW,1,20,0.3094952488674587,0.3729900896988466,0.063494840831388,15,0.05,greater,9.5367431640625e-07,True,2.735389206937687e-06,True,rescued
standardized,SR-MMP,MCF7,NFHRQQKPEBFUJK,1,20,0.19024260535753626,0.334514007116519,0.1442714017589828,17,0.05,greater,9.5367431640625e-07,True,2.735389206937687e-06,True,rescued
standardized,SR-MMP,MCF7,NQDJXKOVJZTUJA,0,20,0.11392387222841202,0.0844635653585222,-0.029460306869889846,19,-0.02,less,9.5367431640625e-07,True,2.735389206937687e-06,True,corrected
standardized,SR-MMP,MCF7,OFPXSFXSNFPTHF,0,20,0.1817912260557525,0.15854222048373562,-0.023249005572016875,15,-0.02,less,9.5367431640625e-07,True,2.735389206937687e-06,True,corrected
standardized,SR-MMP,MCF7,OGHNVEJMJSYVRP,1,20,0.1201816824206241,0.21861471632366697,0.09843303390304287,17,0.05,greater,9.5367431640625e-07,True,2.735389206937687e-06,True,rescued
standardized,SR-MMP,MCF7,OOUGLTULBSNHNF,0,20,0.15524192721636473,0.12477160126061344,-0.030470325955751297,17,-0.02,less,9.5367431640625e-07,True,2.735389206937687e-06,True,corrected
standardized,SR-MMP,MCF7,OPXLLQIJSORQAM,1,20,0.1482981695758095,0.3283308746788897,0.18003270510308028,18,0.05,greater,9.5367431640625e-07,True,2.735389206937687e-06,True,rescued
standardized,SR-MMP,MCF7,PPQNQXQZIWHJRB,1,20,0.7488143668951627,0.8341174278593371,0.08530306096417442,15,0.05,greater,9.5367431640625e-07,True,2.735389206937687e-06,True,rescued
standardized,SR-MMP,MCF7,PUXBGTOOZJQSKH,0,20,0.2503274723209483,0.19587875777849673,-0.05444871454245157,17,-0.02,less,9.5367431640625e-07,True,2.735389206937687e-06,True,corrected
standardized,SR-MMP,MCF7,QAGYKUNXZHXKMR,1,20,0.10076764141430364,0.21400364886241713,0.1132360074481135,18,0.05,greater,9.5367431640625e-07,True,2.735389206937687e-06,True,rescued
standardized,SR-MMP,MCF7,QAIPRVGONGVQAS,0,20,0.11190894847867239,0.08138761729967534,-0.030521331178997045,16,-0.02,less,9.5367431640625e-07,True,2.735389206937687e-06,True,corrected
standardized,SR-MMP,MCF7,QAXBVGVYDCAVLV,0,20,0.1562552306087264,0.09911999520673412,-0.057135235401992265,18,-0.02,less,9.5367431640625e-07,True,2.735389206937687e-06,True,corrected
standardized,SR-MMP,MCF7,QDIYJDPBMZUZEH,0,20,0.12409291797618308,0.07642441239506371,-0.04766850558111934,19,-0.02,less,9.5367431640625e-07,True,2.735389206937687e-06,True,corrected
standardized,SR-MMP,MCF7,QEVHRUUCFGRFIF,1,20,0.08663965805649257,0.18995766939763933,0.10331801134114678,17,0.05,greater,9.5367431640625e-07,True,2.735389206937687e-06,True,rescued
standardized,SR-MMP,MCF7,RBTBFTRPCNLSDE,1,20,0.5436381054108304,0.824016090273038,0.28037798486220755,17,0.05,greater,9.5367431640625e-07,True,2.735389206937687e-06,True,rescued
standardized,SR-MMP,MCF7,REFJWTPEDVJJIY,1,20,0.2381328717158333,0.47725160540184347,0.23911873368601005,17,0.05,greater,9.5367431640625e-07,True,2.735389206937687e-06,True,rescued
standardized,SR-MMP,MCF7,REYFJDPCWQRWAA,0,20,0.1650162502939632,0.13660680629139793,-0.028409444002565277,17,-0.02,less,9.5367431640625e-07,True,2.735389206937687e-06,True,corrected
standardized,SR-MMP,MCF7,REZGGXNDEMKIQB,0,20,0.09096808611928484,0.05312512139258881,-0.03784296472669604,17,-0.02,less,9.5367431640625e-07,True,2.735389206937687e-06,True,corrected
standardized,SR-MMP,MCF7,RJMIEHBSYVWVIN,0,20,0.4796112244024647,0.4347779353890412,-0.04483328901342354,15,-0.02,less,9.5367431640625e-07,True,2.735389206937687e-06,True,corrected
standardized,SR-MMP,MCF7,RJMUSRYZPJIFPJ,1,20,0.3330618259913165,0.7953789233524868,0.4623170973611703,18,0.05,greater,9.5367431640625e-07,True,2.735389206937687e-06,True,rescued
standardized,SR-MMP,MCF7,RRZXIRBKKLTSOM,1,20,0.32707345829082796,0.743532833720076,0.416459375429248,19,0.05,greater,9.5367431640625e-07,True,2.735389206937687e-06,True,rescued
standardized,SR-MMP,MCF7,RSUVYMGADVXGOU,0,20,0.3363934782485918,0.2997947075346526,-0.03659877071393924,17,-0.02,less,9.5367431640625e-07,True,2.735389206937687e-06,True,corrected
standardized,SR-MMP,MCF7,RZVAJINKPMORJF,0,20,0.16477168890872979,0.1165190429432003,-0.04825264596552951,18,-0.02,less,9.5367431640625e-07,True,2.735389206937687e-06,True,corrected
standardized,SR-MMP,MCF7,SFLSHLFXELFNJZ,0,20,0.16739587065383515,0.11891527191894742,-0.04848059873488771,17,-0.02,less,9.5367431640625e-07,True,2.735389206937687e-06,True,corrected
standardized,SR-MMP,MCF7,SIYLLGKDQZGJHK,1,20,0.28949894591705133,0.551023759068624,0.2615248131515725,19,0.05,greater,9.5367431640625e-07,True,2.735389206937687e-06,True,rescued
standardized,SR-MMP,MCF7,SZWKGOZKRMMLAJ,1,20,0.47771784943679696,0.633579589271213,0.15586173983441615,19,0.05,greater,9.5367431640625e-07,True,2.735389206937687e-06,True,rescued
standardized,SR-MMP,MCF7,TUEWQXNXQFRUTK,0,20,0.17762793040228977,0.12438938735917782,-0.053238543043111985,19,-0.02,less,9.5367431640625e-07,True,2.735389206937687e-06,True,corrected
standardized,SR-MMP,MCF7,TVURRHSHRRELCG,0,20,0.5505782541911228,0.46665705842077543,-0.08392119577034746,19,-0.02,less,1.9073486328125e-06,True,5.147154902068662e-06,True,corrected
standardized,SR-MMP,MCF7,TZBJGXHYKVUXJN,1,20,0.328513927344328,0.4342056997006103,0.10569177235628228,17,0.05,greater,9.5367431640625e-07,True,2.735389206937687e-06,True,rescued
standardized,SR-MMP,MCF7,TZRHLKRLEZJVIJ,0,20,0.1279521708651829,0.08534485700041393,-0.04260731386476897,16,-0.02,less,1.9073486328125e-06,True,5.147154902068662e-06,True,corrected
standardized,SR-MMP,MCF7,UBPYILGKFZZVDX,1,20,0.2677431512616189,0.4096775679282776,0.1419344166666587,16,0.05,greater,9.5367431640625e-07,True,2.735389206937687e-06,True,rescued
standardized,SR-MMP,MCF7,UBRKDAVQCKZSPO,0,20,0.11853919011182298,0.0682874176868087,-0.05025177242501429,18,-0.02,less,9.5367431640625e-07,True,2.735389206937687e-06,True,corrected
standardized,SR-MMP,MCF7,UGTJLJZQQFGTJD,1,20,0.2592374054918611,0.6130720553497325,0.35383464985787155,18,0.05,greater,9.5367431640625e-07,True,2.735389206937687e-06,True,rescued
standardized,SR-MMP,MCF7,UIARLYUEJFELEN,1,20,0.48720789068107156,0.7975682132919883,0.31036032261091673,19,0.05,greater,9.5367431640625e-07,True,2.735389206937687e-06,True,rescued
standardized,SR-MMP,MCF7,ULDXWLCXEDXJGE,1,20,0.3468445584769614,0.672110628934158,0.32526607045719647,19,0.05,greater,9.5367431640625e-07,True,2.735389206937687e-06,True,rescued
standardized,SR-MMP,MCF7,VEMKTZHHVJILDY,0,20,0.2463036100223503,0.20314481135704474,-0.04315879866530561,15,-0.02,less,9.5367431640625e-07,True,2.735389206937687e-06,True,corrected
standardized,SR-MMP,MCF7,VFLDPWHFBUODDF,1,20,0.21057823845466275,0.44753380524490305,0.23695556679024032,18,0.05,greater,9.5367431640625e-07,True,2.735389206937687e-06,True,rescued
standardized,SR-MMP,MCF7,VGEREEWJJVICBM,1,20,0.24344225468161834,0.3617867820085334,0.11834452732691507,16,0.05,greater,9.5367431640625e-07,True,2.735389206937687e-06,True,rescued
standardized,SR-MMP,MCF7,VHOGYURTWQBHIL,1,20,0.3558068834785004,0.4414776313150224,0.08567074783652197,15,0.05,greater,9.5367431640625e-07,True,2.735389206937687e-06,True,rescued
standardized,SR-MMP,MCF7,VOXZDWNPVJITMN,1,20,0.4746142995610434,0.5808171931717313,0.10620289361068795,16,0.05,greater,9.5367431640625e-07,True,2.735389206937687e-06,True,rescued
standardized,SR-MMP,MCF7,VREFGVBLTWBCJP,0,20,0.20686089012085085,0.09999647994865321,-0.10686441017219765,20,-0.02,less,9.5367431640625e-07,True,2.735389206937687e-06,True,corrected
standardized,SR-MMP,MCF7,VYFYYTLLBUKUHU,0,20,0.17683588921597662,0.15072880678866424,-0.026107082427312366,15,-0.02,less,9.5367431640625e-07,True,2.735389206937687e-06,True,corrected
standardized,SR-MMP,MCF7,VZJFGSRCJCXDSG,0,20,0.17391904205326245,0.13592302747179924,-0.03799601458146324,17,-0.02,less,9.5367431640625e-07,True,2.735389206937687e-06,True,corrected
standardized,SR-MMP,MCF7,WDFKMLRRRCGAKS,1,20,0.47874357988996763,0.8308038085865895,0.35206022869662196,19,0.05,greater,9.5367431640625e-07,True,2.735389206937687e-06,True,rescued
standardized,SR-MMP,MCF7,WDJUZGPOPHTGOT,1,20,0.11175657597549164,0.519969534516681,0.40821295854118944,19,0.05,greater,9.5367431640625e-07,True,2.735389206937687e-06,True,rescued
standardized,SR-MMP,MCF7,WGZDBVOTUVNQFP,0,20,0.1380572073164136,0.1061699729864648,-0.0318872343299488,16,-0.02,less,9.5367431640625e-07,True,2.735389206937687e-06,True,corrected
standardized,SR-MMP,MCF7,WHBHBVVOGNECLV,0,20,0.07749133520728074,0.04055338246616082,-0.03693795274111991,19,-0.02,less,9.5367431640625e-07,True,2.735389206937687e-06,True,corrected
standardized,SR-MMP,MCF7,WIIZWVCIJKGZOK,0,20,0.15469781559614826,0.1193854879635696,-0.03531232763257863,16,-0.02,less,9.5367431640625e-07,True,2.735389206937687e-06,True,corrected
standardized,SR-MMP,MCF7,WJAJPNHVVFWKKL,0,20,0.17017982542877783,0.13306024806695643,-0.03711957736182141,16,-0.02,less,9.5367431640625e-07,True,2.735389206937687e-06,True,corrected
standardized,SR-MMP,MCF7,WUBBRNOQWQTFEX,0,20,0.1303880228708904,0.09634785849837336,-0.03404016437251707,16,-0.02,less,9.5367431640625e-07,True,2.735389206937687e-06,True,corrected
standardized,SR-MMP,MCF7,XAGMUUZPGZWTRP,0,20,0.12000394233550107,0.0638187421107087,-0.05618520022479236,19,-0.02,less,9.5367431640625e-07,True,2.735389206937687e-06,True,corrected
standardized,SR-MMP,MCF7,XEAQIWGXBXCYFX,0,20,0.17001427917105635,0.1398730365271693,-0.030141242643887067,16,-0.02,less,9.5367431640625e-07,True,2.735389206937687e-06,True,corrected
standardized,SR-MMP,MCF7,XEFQLINVKFYRCS,1,20,0.6178282793884217,0.7676579321185564,0.14982965273013485,17,0.05,greater,9.5367431640625e-07,True,2.735389206937687e-06,True,rescued
standardized,SR-MMP,MCF7,XPCTZQVDEJYUGT,0,20,0.1199826418361057,0.08054827243637522,-0.03943436939973051,19,-0.02,less,9.5367431640625e-07,True,2.735389206937687e-06,True,corrected
standardized,SR-MMP,MCF7,XXEPPPIWZFICOJ,0,20,0.1496586878263111,0.09835564435485963,-0.05130304347145147,18,-0.02,less,9.5367431640625e-07,True,2.735389206937687e-06,True,corrected
standardized,SR-MMP,MCF7,XXPANQJNYNUNES,0,20,0.23876814317679806,0.19248472914445253,-0.046283414032345475,18,-0.02,less,9.5367431640625e-07,True,2.735389206937687e-06,True,corrected
standardized,SR-MMP,MCF7,YBBLVLTVTVSKRW,0,20,0.14687518297102883,0.1026841618060181,-0.04419102116501077,20,-0.02,less,9.5367431640625e-07,True,2.735389206937687e-06,True,corrected
standardized,SR-MMP,MCF7,YJGVMLPVUAXIQN,1,20,0.2054769149882199,0.3013440137928653,0.09586709880464542,16,0.05,greater,9.5367431640625e-07,True,2.735389206937687e-06,True,rescued
standardized,SR-MMP,MCF7,YKPUWZUDDOIDPM,0,20,0.12864412048822246,0.07061815659479184,-0.058025963893430656,18,-0.02,less,9.5367431640625e-07,True,2.735389206937687e-06,True,corrected
standardized,SR-MMP,MCF7,YMBXTVYHTMGZDW,0,20,0.14363793424239465,0.11391774330629734,-0.02972019093609733,15,-0.02,less,1.9073486328125e-06,True,5.147154902068662e-06,True,corrected
standardized,SR-MMP,MCF7,YMTINGFKWWXKFG,0,20,0.5089089400029876,0.45769597239769944,-0.05121296760528811,15,-0.02,less,9.5367431640625e-07,True,2.735389206937687e-06,True,corrected
standardized,SR-MMP,MCF7,YSIITVVESCNIPR,0,20,0.05645054608649969,0.024739041883257606,-0.03171150420324209,18,-0.02,less,9.5367431640625e-07,True,2.735389206937687e-06,True,corrected
standardized,SR-MMP,MCF7,ZEKZLJVOYLTDKK,0,20,0.08258118232421163,0.04803035899592515,-0.034550823328286476,17,-0.02,less,9.5367431640625e-07,True,2.735389206937687e-06,True,corrected
standardized,SR-MMP,MCF7,ZZUFCTLCJUWOSV,0,20,0.07757075348392861,0.04281322185564061,-0.03475753162828801,17,-0.02,less,9.5367431640625e-07,True,2.735389206937687e-06,True,corrected
standardized,SR-MMP,MCF7,ZZVUWRFHKOJYTH,0,20,0.17061916248345682,0.09757644966845964,-0.07304271281499719,19,-0.02,less,9.5367431640625e-07,True,2.735389206937687e-06,True,corrected
standardized,SR-MMP,MCF7,ZZZRUAITSXLWBH,0,20,0.18740415821874964,0.13209413294782,-0.05531002527092964,17,-0.02,less,9.5367431640625e-07,True,2.735389206937687e-06,True,corrected
standardized,SR-p53,MCF7,JAYAGJDXJIDEKI,1,20,0.18839607149599483,0.3351497304878501,0.14675365899185527,16,0.05,greater,9.5367431640625e-07,True,3.4085026493778934e-06,True,rescued
standardized,SR-p53,MCF7,KHOITXIGCFIULA,1,20,0.11805024835622842,0.2544298393532321,0.1363795909970037,16,0.05,greater,9.5367431640625e-07,True,3.4085026493778934e-06,True,rescued
standardized,SR-p53,MCF7,KYLIZBIRMBGUOP,0,20,0.2532551580202506,0.21308913863197185,-0.04016601938827878,15,-0.02,less,9.5367431640625e-07,True,3.4085026493778934e-06,True,corrected
standardized,SR-p53,MCF7,LTMHDMANZUZIPE,1,20,0.18973506384229044,0.28485689907344297,0.0951218352311526,15,0.05,greater,9.5367431640625e-07,True,3.4085026493778934e-06,True,rescued
standardized,SR-p53,MCF7,MFZWMTSUNYWVBU,1,20,0.23669233377618965,0.3476250692764341,0.11093273550024448,15,0.05,greater,9.5367431640625e-07,True,3.4085026493778934e-06,True,rescued
standardized,SR-p53,MCF7,NRUKOCRGYNPUPR,1,20,0.2044427311344573,0.4813227164086231,0.2768799852741658,16,0.05,greater,9.5367431640625e-07,True,3.4085026493778934e-06,True,rescued
standardized,SR-p53,MCF7,RBTBFTRPCNLSDE,1,20,0.3877564908662831,0.6277339435684481,0.2399774527021651,17,0.05,greater,9.5367431640625e-07,True,3.4085026493778934e-06,True,rescued
standardized,SR-p53,MCF7,RXWNCPJZOCPEPQ,1,20,0.19609880693269027,0.3942201398635557,0.19812133293086537,17,0.05,greater,9.5367431640625e-07,True,3.4085026493778934e-06,True,rescued
standardized,SR-p53,MCF7,SDUQYLNIPVEERB,1,20,0.2306719626878842,0.4801551947634368,0.24948323207555267,15,0.05,greater,9.5367431640625e-07,True,3.4085026493778934e-06,True,rescued
standardized,SR-p53,MCF7,UCFGDBYHRUNTLO,1,20,0.30280736558356913,0.7540969371852851,0.45128957160171596,18,0.05,greater,9.5367431640625e-07,True,3.4085026493778934e-06,True,rescued
standardized,SR-p53,MCF7,UIARLYUEJFELEN,1,20,0.32706502578183805,0.6093905735777503,0.28232554779591224,15,0.05,greater,9.5367431640625e-07,True,3.4085026493778934e-06,True,rescued
standardized,SR-p53,MCF7,UWKQSNNFCGGAFS,1,20,0.17147512884011978,0.40362110047260985,0.23214597163249007,18,0.05,greater,9.5367431640625e-07,True,3.4085026493778934e-06,True,rescued
standardized,SR-p53,MCF7,VJJPUSNTGOMMGY,1,20,0.21427712737249163,0.45728344974484897,0.24300632237235725,16,0.05,greater,9.5367431640625e-07,True,3.4085026493778934e-06,True,rescued
standardized,SR-p53,MCF7,WDJUZGPOPHTGOT,1,20,0.19116575302625144,0.3092652477817281,0.11809949475547661,15,0.05,greater,9.5367431640625e-07,True,3.4085026493778934e-06,True,rescued
