ik,NR-AR_chem_logit,NR-AR-LBD_chem_logit,NR-AhR_chem_logit,NR-Aromatase_chem_logit,NR-ER_chem_logit,NR-ER-LBD_chem_logit,NR-PPAR-gamma_chem_logit,SR-ARE_chem_logit,SR-ATAD5_chem_logit,SR-HSE_chem_logit,SR-MMP_chem_logit,SR-p53_chem_logit
AADCDMQTJNYOSS,-1.1919954979829364,-3.103124631821293,-0.48599153253429994,-0.43416002646095875,-0.34105277864077127,-1.0021080661966746,-1.4884397867334993,-0.35942232669826424,-0.886372278099346,-0.4989681624552895,-0.461946145837168,-0.6270297126328719
AAKJLRGGTJKAMG,-1.3361854015052552,-3.1769517290282847,-0.6221357893341237,-0.4366165613949014,-0.9169753283312448,-0.8818421024096372,-1.3954262770177694,-1.1513423104747418,-1.3797382002685648,-0.5615292471188948,-1.1790444708035468,-0.880652382991576
AAOVKJBEBIDNHE,-1.3958828700522259,-3.3634623119698865,-0.8689064097571894,-0.6952101458682415,-1.0415444255210304,-0.9987154485266043,-1.5333719970961355,-1.4573695007352079,-1.5639320383226112,-0.5939913239419374,-1.5575338081631593,-1.2048706020235498
AAQOQKQBGPPFNS,-1.1075115142382055,-2.956440580406282,-1.7022856569050444,-0.6959065551046305,-0.7000799244006244,-0.7597869739772786,-1.5922838545573739,-1.2112538073949615,-1.7644484180094695,-0.6684093124936084,-1.3157903217526057,-1.0190822166693245
ABJKWBDEJIDSJZ,-1.138116923678659,-3.2506016107058624,-0.789578051917034,-0.5927130473302077,-0.6107305965190978,-0.571536437628493,-1.4038146460797067,0.1704945811547875,-1.872335830652454,-0.4784186474618417,-0.02296060642785696,-0.927367314296556
ACSIXWWBWUQEHA,-1.3870905130260591,-3.330108797460624,-0.38102171101531684,-0.3301692511052188,-0.31222396645047434,-0.9070471065681968,-1.3224891799899876,-0.613439191831695,-1.8669896861482993,-0.574073646941557,-0.23517504693662333,-1.065767529717593
ACTRVOBWPAIOHC,-1.340365457098893,-3.40007213094169,-0.9839031379654855,-0.2888991804527413,-0.3963563131559844,-0.8111164744190124,-1.5032426591988515,-1.3048628650621144,-1.5146295636925848,-0.5811820462006767,-1.0755850638508742,-1.1115515624110677
ACWBQPMHZXGDFX,-0.9404140638718521,-2.9667785365103025,-1.3061577752431879,-1.1661434729847344,-0.9296949370452272,-0.7263764496890148,-1.5971664680673747,-1.2795643523703477,-1.717930628746537,-0.5924299172824108,-0.6932137694756301,-0.9018343696101544
ADEBPBSSDYVVLD,-1.4308306802991895,-3.438201898643301,-0.643247229792485,0.3555427810192605,-0.27712002771038957,-0.8055683221441755,-1.4505543171014241,-0.7343863094688343,-2.014863035368305,-0.5682584342229279,0.13478391472887408,-0.9399378432652092
AELCINSCMGFISI,-1.299724299663669,-3.288705606534338,-0.3813813561029183,-0.5286701145621499,0.016962294165585347,-0.5182178320521896,-1.5501470431611761,-0.4343232082120703,-1.4394402330669822,-0.3804475505729969,0.29884397185436773,-0.7703169867731564
AEMFNILZOJDQLW,-0.9859554370310981,-2.9128798703527417,-1.017775438678571,-0.8543969663037886,-0.6622637408640892,-0.7629309994100482,-1.55752716514679,-0.26058491480440843,-1.4179798214950268,-0.5287319006593991,-0.5395515926010983,-0.6934682290928822
AEOCXXJPGCBFJA,-1.2367148115942914,-3.1506516706765573,-0.8099348226064974,-0.21051368240497795,-0.5238273319219323,-0.9307961747472001,-1.4339355904323394,-0.6992042593539858,-1.0568247715827708,-0.5335066702043615,-0.5880199502345858,-0.9927672880775389
AEUTYOVWOVBAKS,-1.2866255742636314,-3.15666778491008,-0.06471418096634703,-0.2840530626338398,-0.479886974500112,-0.8478895660290593,-1.1706357839718056,-0.5445079109947706,-1.357692150353193,-0.5119525717150137,-0.3713397790453067,-0.8312807835261262
AFCGFAGUEYAMAO,-1.2247333260498692,-3.120985467148976,-0.01930621538346068,-0.6764679258952296,-0.8096924345403862,-1.0995538566450005,-1.7197318142875346,-0.8370536725365262,-1.3197528642481928,-0.5874726270859687,-1.0003431756049543,-0.6921702579973573
AFJYYKSVHJGXSN,-1.0358137341127889,-2.784533820876678,-1.9099764237746433,-0.8527524061140614,-0.6142814895516763,-0.969162948150255,-1.6884948988417703,-1.5610429351424768,-1.4112843515755922,-0.74124642148424,-1.4954419879923089,-0.8562210395733241
AFNXATANNDIXLG,-1.2629631184409302,-3.007170218077202,-0.8036573224920806,-1.3808901883979732,-0.5395611032490215,-0.2048404302999569,-1.0632900881372416,-0.31375916698871287,-1.1621717029761278,-0.5748650384892038,-0.9128322975647716,-0.9237272302006386
AFSOIHMEOKEZJF,-1.1363044981400667,-3.523070399715999,-1.0100683067163834,-0.7742016883321382,-0.6900442328481377,-0.8527588782161284,-1.7647319992853947,-1.5974634422490315,-1.8537647893637281,-0.6163851265689598,-1.089499478277667,-1.3487806506742914
AGHANLSBXUWXTB,-1.3110670250154135,-3.5040955021939086,-0.9369996361785553,-1.4381747103445175,-0.9078001222911504,-0.9916848490467995,-1.7221164468980912,-1.6063323651226833,-1.9639292637737877,-0.7089202819278152,-0.9441776296187199,-1.5132392612002314
AGMMTXLNIQSRCG,-1.310791943989972,-3.439997328942046,-1.9286694488240261,-1.1408331715083022,-1.1283073225173634,-1.2029976374241333,-1.5762477742705028,-1.618859620132815,-2.060782964776182,-0.6946596989606171,-1.189704264873691,-1.2702689854126852
AGOYDEPGAOXOCK,-0.92853571951509,-2.659095773002609,-0.2768690074853465,-0.5884186762532104,-0.5945546222477535,-0.3644301815459705,-1.322550317989614,0.06148265673175768,-0.980783555515804,-0.4083741057779014,-0.25226342280189107,-0.23538089781319818
AHLBNYSZXLDEJQ,-1.3114296200140452,-2.9030652591738018,-1.4399091056599147,-0.4229338238586526,0.035978561933292394,-0.24669423176550598,-1.5423966458722176,-1.046110747627889,-1.4831897361446387,0.046129778420735394,-0.4590915968889989,-1.2411715104930374
AHOUBRCZNHFOSL,-1.2213885395140578,-3.164033475896635,-1.2924634580338477,-0.5793273170454518,-0.4552332413236633,-0.6551321960678065,-1.521262585135867,-0.6171244445416277,-1.2441962690470405,-0.3707480252881028,-0.7544002483777985,-0.9037127094620097
AJLFOPYRIVGYMJ,-1.2257341608694396,-3.4097641730532504,-1.1190453350762342,-0.8293065138235505,-0.9974278060042499,-1.2936579497231508,-1.7906090026385029,-1.151008281032378,-1.88786970701461,-0.6062296653974321,-0.7852005712830061,-1.4199469829813416
AKJHMTWEGVYYSE,-1.1646720040277192,-3.1429086668359414,-1.7672396752674198,-0.6350395658396123,-0.8277749540102011,-0.8837973550884933,-1.573099775628728,-1.536529142984356,-1.5412884741340462,-0.6474677606045933,-1.5949575255035005,-1.179521617529153
AKNNEGZIBPJZJG,-1.0896928926744296,-2.8725755031545823,0.5030111318012638,-0.24730917623862325,-0.45377514233306493,-0.8130677792284625,-1.7934988981768911,-0.04995099937291156,-1.1694908186032866,-0.4127872690745046,-0.18500565633204455,-0.3443062984004331
ALLWOAVDORUJLA,-1.1357831925044284,-2.7008808600888705,-1.4654971908932692,-0.9052883421374933,-0.635034810449398,-1.083218952583861,-1.8272187718981578,-0.6820591734068039,-1.419713744173843,-0.4252578620988143,-0.7305929910610376,-0.7108767033444975
ALWKGYPQUAPLQC,-1.2593568903622157,-2.7449441567922594,0.39147218432370373,0.2560539065791041,-0.3764216938237692,-0.8171482397410537,-1.4480077667857383,0.1308906275694663,-1.01353969390166,-0.34590512401471063,0.10900872739676805,-0.2953976097212711
AMDBBAQNWSUWGN,-1.1290418668948135,-3.0744418990308326,-0.07559695786275698,0.07519875106573239,-0.3056192551762687,-1.1038080193446964,-1.6713124646462298,0.28467484797552367,-0.7945997174742316,-0.34808457653783387,0.06172532670518123,-0.34922065959649146
ANGKOCUUWGHLCE,-1.4052851192344034,-2.942150687409262,-0.984987877080557,-0.6122471775214607,-1.2394185996622917,-0.9124526092912869,-1.5989164037705954,-1.0807860683028137,-1.56303531686118,-0.5214091683483689,-2.315099042567303,-1.1016416540172487
ANMLJLFWUCQGKZ,-1.4124145334541238,-3.27858139739778,-2.2184610529005915,-0.28966815123190975,-0.27395694964134604,-0.286156330958178,-1.6417469599334449,-0.7916843462661911,-1.8577916142400885,-0.4181715356433401,-0.7846435972080226,-1.2305515573746468
ANTSCNMPPGJYLG,-1.4129418311171904,-3.2708231846285862,0.776884053564874,-0.1282702861712003,-0.5458201550829348,-0.6629501462699312,-1.556103210738057,0.09954071407951748,-1.1730953331753033,-0.4302985127198131,-0.22758747353342693,-0.857854712547963
ANZXOIAKUNOVQU,-1.1736219411975721,-3.2308577655005943,-0.8064173230191427,-0.8716490363719294,-0.9628383931399451,-0.8451475553032276,-1.3174826928138104,-1.1692989625775525,-2.057336143970414,-0.6417355766870911,-1.117007681048478,-0.8833889753728726
AOCCBINRVIKJHY,-1.248969337892114,-3.302245773226776,-2.534349368435004,-0.8239081469625579,-0.791543694671478,-1.2424370449745392,-1.7989426956863253,-1.2348043360153131,-2.0058530201060343,-0.5639206016287197,-1.3499638153438183,-1.0637314333164896
AOXRBFRFYPMWLR,-1.2086469650107128,-3.4059365586876185,-1.51461395331033,-0.9097324426326755,-0.9696126290491811,-1.0482689444187865,-1.5283803389116033,-1.5683136991384963,-1.411683872300811,-0.70658061264467,-1.6943491858269357,-1.311616416977302
APGDTXUMTIZLCJ,-1.3320887690386831,-2.9177643965633773,-1.0708774466292819,-0.6086068289817053,-0.29274246693841033,-0.8861012054727653,-1.6656050798907853,-1.4508910487641726,-1.693191732521028,-0.31049883069432777,-0.5079261758865143,-1.2248337940426945
APKFDSVGJQXUKY,-1.3080995032577512,-3.0549614719634803,-0.6090797836373107,-0.4884240899426132,-0.550803879308126,-0.6874380958333586,-1.4725802989946766,-0.05111090083603452,-1.7225934454127392,-0.5155363953725512,-0.0682719171160737,-0.7123490881959786
AQCHWTWZEMGIFD,-0.9205246166857031,-3.118996421083851,-1.3649196848790475,-0.7330739376207257,-0.38273416948404054,-0.8310643857348742,-1.528075333023123,-1.4649256542706586,-1.648229915121432,-0.5894338476102684,-0.870028733337672,-0.9773850099939349
AQHHHDLHHXJYJD,-1.41668234812677,-3.4196572685430167,0.19896940647954064,-0.3096156807069414,0.29954539232138344,-0.5886497282261416,-1.5654569412213704,-0.505392357975277,-1.682220820707554,-0.36899778922382476,0.24331492022855294,-1.0591394227442605
AQIXAKUUQRKLND,-1.4528490617780236,-2.8637148789621025,-1.5910913268559304,-1.2300525023372435,-0.9610635742604121,-1.098344105116216,-1.7645260082439715,-0.9140230637705458,-2.2287667591048166,-0.6412080479966292,-1.588767071181146,-1.4340586079460163
AQNDDEOPVVGCPG,-1.4500277887286046,-3.4450098274476124,-0.4597445300372592,-0.6042513405804523,-0.5740199003604328,-0.9653281968243955,-1.2115084057884467,-0.5633396583784885,-1.638147813919209,-0.4822379822525683,-0.23599531548603966,-1.1347505810931273
ARFHIAQFJWUCFH,-1.2057689255126993,-3.4733631213592537,-1.0353697411792764,-0.1746935833625102,-0.09628443850272578,-0.7515874992582188,-1.6648959226282618,-0.9448338483064453,-2.1028308935905398,-0.5344919228188402,-0.3432104630790164,-1.2321266274509508
ARSRBNBHOADGJU,-1.2070680345192066,-2.7600945854224297,-0.5834863897084981,-0.3329260316551178,-0.6384489638204167,-0.9177350828240627,-1.4713299212840747,-1.1091067193461037,-1.0272226474591746,-0.528741610047914,-1.2233887766115312,-0.8896633663561205
ASUTZQLVASHGKV,-1.2999894124501903,-3.491065094803793,-0.8018463976858368,-1.0057973679435794,-0.14008590903031687,-0.7186061967393683,-1.5127286273019207,-1.1900189711433267,-1.985528623854664,-0.5261880545103245,-0.48941353463368803,-1.2725559673428855
ASWVTGNCAZCNNR,-1.2053381032841768,-3.2751558863004764,-0.9491342909228482,-0.8049002812926394,-0.8300385116226794,-0.784365117734291,-1.635055611236887,-0.2697196957866199,-1.8718289729549984,-0.5798894118064559,-0.9189704568425991,-0.8907776590287151
ATCGGEJZONJOCL,-1.1787192578247372,-3.3896134400563853,-1.3989206970667916,-1.1183861674221067,-0.7731674636068415,-1.0273093101749415,-1.5130142202605557,-1.5794897838032127,-1.9573043058840354,-0.6414754907481129,-0.7321950708729892,-1.2988700090077705
AUNGANRZJHBGPY,-1.2894853631447456,-3.4066140379341334,-1.7191190652049086,-0.980432757275749,-0.831374452872515,-1.0382362706642432,-1.558286349008383,-1.417421366552238,-1.9502982779927964,-0.6439438156684852,-0.7832538884620931,-1.3153143816957074
AUVVAXYIELKVAI,-1.082596811354799,-3.184771337868448,-1.0424410566759192,-1.077323896412763,-0.7824544670293196,-0.8083106357836912,-1.7874289050057868,-1.3431828251420028,-1.7259425855501882,-0.22657028787717245,-0.7228993169332077,-1.2913312829208377
AUYYCJSJGJYCDS,-1.251588871455945,-3.4923400622533163,-1.2686039741095971,-0.8428545146549558,-0.6518487006857776,-0.8157453986528632,-1.7245062448804347,-1.6376331346018917,-1.8011127035702386,-0.6198746880898773,-1.5228501562563546,-1.2291363331045217
AUZONCFQVSMFAP,-1.3063061370636229,-3.2826638036992426,-1.1136394337520477,-1.1281137324807977,-0.6863367737982851,-0.6114140690556632,-1.2510743159494369,-1.5696354569261801,-2.0951574693337234,-0.6524430520881189,-1.0482206474687892,-1.307187605158648
AVKUERGKIZMTKX,-1.2497659987110856,-3.4261857418532586,-0.8193741562773914,-0.7570009349123369,-1.1194681609336175,-1.0060373525741675,-1.570350747823927,-1.6013502036463316,-1.7606062653543517,-0.6713886677481199,-0.683308363251491,-1.0425349865559934
AVOLMBLBETYQHX,-1.2822545653991146,-3.3941687578670066,-0.23166757438706756,-0.9010657720604588,-0.9804575541445916,-1.3316419292035102,-1.8005607681013176,-1.7025703052338765,-1.2048190986718592,-0.6635611426265993,-1.372885318560386,-1.042754324039152
AXKPFOAXAHJUAG,-1.3559870411346575,-3.45816109852867,-0.7979966488308494,-0.754672042798365,-0.23274209705115861,-1.2543665310215921,-1.491455183576695,-1.4346737729797259,-1.676953127679735,-0.6578283594982137,-0.9219037744857028,-1.2845893381629145
AXRCEOKUDYDWLF,-0.8580979153561266,-1.8428900401892316,-0.7714947724615232,-0.28276675804790424,-0.6721210361028082,-1.190748953971718,-1.3464717685162948,-0.20487214539321588,-0.8418045732464997,-0.5016710877444084,-0.5539513126509792,-0.25422489487792665
AYIRNRDRBQJXIF,-0.9326640965396018,-1.95725483757824,-0.8480040231318048,-0.3291595610249311,-0.5409768671116333,-1.0668821549959082,-1.598562941878481,-0.2305259181670713,-0.8163405876772516,0.15265908772466924,-0.4477526020725115,-0.3536727161858004
AZFBLLCNOQPJGJ,-1.3611703868908631,-3.425582095335841,-1.8343954168189944,-0.7571898053921787,-0.6025375514422111,-0.8907027118428456,-1.6628045305437367,-1.7244591258301067,-1.8902278065484093,-0.6386430001998447,-1.3009869724773584,-1.4643022878125231
AZSNMRSAGSSBNP,-1.3297106016296152,-3.4496092576507733,-0.5889445919774918,-1.016646976342129,-0.7296366654689711,-0.8611804394797968,-1.641969474039348,-1.4380326964346613,-1.5908183269922471,-0.6074006097463949,-0.9061370970269077,-1.247371217443518
BAFKRPOFIYPKBQ,-0.9103643107480405,-2.411775660984282,-0.102846035851356,-0.3302670583266382,-0.4026435900299805,-0.3705016324346033,-1.3038444017874875,0.07109484971589722,-0.5440340777839445,-0.42319981333053963,-0.1035495125542791,-0.15281904873080177
BAMTVATUENLIOP,-1.37163173980107,-3.304680364056035,-0.022657257210022052,0.09389820411318998,0.4138861590644452,-0.3946119332086588,-1.5882090874234955,-0.22273706165398688,-1.5927991422639567,-0.40557012199043024,0.2850018357895256,-0.7922992090259997
BAQCROVBDNBEEB,-1.3130950298561674,-3.5270337593759624,-1.8353490633636438,-0.998710359684128,-0.918359299609586,-1.037692824952373,-1.5075672838113723,-1.4729434969942408,-1.8607867686809025,-0.6768780508561159,-0.8778619940062515,-1.295653051700568
BAWFJGJZGIEFAR,-1.0266040177905327,-3.402779268811602,-1.7173014316402253,-1.4213173025460062,-1.1027297456728233,-1.3032540800837291,-1.8688824830051212,-1.6765785837639768,-1.9006670685326643,-0.6777827820305266,-1.6224220406132988,-1.4885990403870772
BBFQZRXNYIEMAW,-1.3303631710221622,-3.38047678683108,-0.22958614587925236,-1.3374511680847925,-0.8830129885766698,-0.7561961779317136,-1.2506568848900925,-1.3680905174111422,-1.6509886450337845,-0.6612900295976502,-0.819939798181469,-1.3274668486300283
BBMULGJBVDDDNI,-1.2945903904198435,-3.139370165529791,-1.2180309893456176,-0.036565741570420834,-0.7820625141670885,-0.5792779154427,-1.5687272837370567,-0.6429907336980342,-1.3445726903718433,0.5240270248165817,0.3332544594445445,-0.9515920749670077
BCEHBSKCWLPMDN,-1.3006799182069078,-3.377855967042011,-0.7794712321493269,-1.0509617174326864,-1.0407894404445055,-1.2694270537478176,-1.6796313272959473,-1.3267411139706882,-1.8086748973545896,-0.7213104968101084,-1.0815267250959264,-0.95370484845474
BCFGMOOMADDAQU,-1.2238059192757957,-3.354832536208273,-1.7551542385344585,-1.0600898645673906,-0.3821935698944465,-1.1404643270151122,-1.8088266842680043,-1.0830960746818985,-2.023193942319611,-0.572728291841052,-0.811247065738859,-1.5735337974396426
BCGWQEUPMDMJNV,-1.1545629739797088,-3.282209155743452,-0.9703049755190619,-0.7775186333018849,-0.5325615139586299,-1.0693210436579168,-1.618977060357624,-1.4328957910613276,-1.354444029465142,-0.625208062713902,-0.9809871761003188,-0.95004716047751
BDNFQGRSKSQXRI,-1.3057888093466474,-3.432573938720032,-1.4872338525867752,-1.1731892519400455,-0.9505435238736786,-1.2738710683102263,-1.7411477133938902,-1.6232983174792315,-2.05127139682801,-0.6431659388199851,-1.3551726039742238,-1.4577225311327426
BDYYDXJSHYEDGB,-1.227463086810224,-3.1318374514689276,-0.7080812493282626,-0.9438054663116071,-0.8875677099478858,-0.7405117187514275,-1.5951085721485925,-0.14090556307889843,-1.334124942843938,-0.596283816300343,0.1205093225228619,-0.567621197931349
BEZZFPOZAYTVHN,-1.3628002401086996,-3.500169973768837,-2.385062884360348,-1.1826485364388126,-1.0397557175615302,-1.3972821305428793,-1.906737999835572,-1.7607313700831555,-2.0456971790256255,-0.5750897731880836,-1.6025851444459853,-1.6341897811959052
BFCDFTHTSVTWOG,-0.913864734704873,-3.316030414522185,-1.5234100956325343,-1.1112184462024608,-0.7591627725326493,-0.8185083372517226,-1.6489855547653924,-1.480581053553957,-1.8219015836842125,-0.6100550240513889,-0.5841857315914053,-1.256262234900838
BFPSDSIWYFKGBC,-1.202151620979051,-3.4485230271041543,-0.8224283170867001,-0.9233935804138933,-1.0212459115553538,-1.0890414568485605,-1.6382002561146447,-1.5350547976041737,-1.5457896742618522,-0.6722884204952585,-1.5509946929164347,-1.2300004619211355
BFPYWIDHMRZLRN,-1.4103826988981436,-3.5252048039826147,-0.3777020987752375,-0.9490916141196564,-0.7700186283054365,-1.1259879243891304,-1.697855049509155,-1.6161068246050265,-2.1730412749645107,-0.7335864454019959,-0.8673018941106712,-1.3419685512903528
BFUJHVVEMMWLHC,-1.2424969558767058,-3.215968822471372,-0.4121824822896518,-0.3962057592036149,-0.26954180006232425,-0.8007558103886969,-1.4696109020717079,-1.0441878481590987,-2.3331097124965923,-0.599181987175566,-0.9708658884840008,-1.1670359202763654
BFYIZQONLCFLEV,-1.3036118935794634,-3.324884640535808,-0.44161860579559686,-1.0238462373778026,-0.6409925228829254,-0.5972548892883827,-1.47731664256072,-0.7989971777635623,-1.4370027268981276,-0.4645861263113257,-0.37920621705033203,-0.9997980427132198
BGDKAVGWHJFAGW,-1.226990158293429,-3.5107268108029714,-0.2821106530627379,-0.8839794776944592,-0.497607810696571,-0.9691954879980165,-1.699253690989605,-1.1200472688071792,-1.8204121026899887,-0.5762403618887296,-0.4861067563911916,-1.2064701394710136
BGNXCDMCOKJUMV,-1.184355504917964,-3.341014304063843,-0.17937015015389343,-0.6659934480239603,-0.2757331840424655,-1.1655094575733644,-1.6496850082032548,-1.0138793200101444,-1.4409910833512725,-0.5544486736086649,-0.053220278419232894,-1.4020819665596491
BGRJTUBHPOOWDU,-1.2835907981796122,-3.4688404729082354,-1.6205114712018347,-0.6013516728990359,-0.2438779509522296,-0.8554261381937084,-1.5619224408227972,-0.9914058688326385,-2.234901029183817,-0.5510819732955282,-0.255215593817894,-1.1837329673019235
BGSOJVFOEQLVMH,-1.2858383533144921,-3.324172345158095,-1.564314542513601,-0.6710652441786689,-0.4337809539746122,-0.9164358043456147,-1.6428137571691637,-1.6622645072881406,-1.886695058519285,-0.6270894896263922,-0.9721006296198333,-1.109553137082724
BGSZAXLLHYERSY,-1.2281083814036309,-3.3552239805303055,-0.37788676258636117,-0.9292241215942675,-0.6907149048511568,-1.0802869835894362,-1.5658951913449153,-0.9385083092036746,-1.292810640437927,-0.46942681621834426,-0.592982075580929,-1.043934217575466
BGYJFSXPRMOZJK,-1.3800477157030597,-3.4975419031794024,-0.6147875071520849,-1.048038989949822,-0.8635241172846676,-1.147938088359753,-1.7422805905583172,-1.523468795244752,-1.823635837500763,-0.741135764847194,-1.3535483694289918,-1.331190677274808
BHKPHCKISVSDGV,-1.2090525564857848,-3.124022357116874,-1.9222919764113016,0.334971163646151,-0.4612225255658873,-1.1121156801192855,-1.6702719477238737,-0.3808374150793473,-1.6363339799285965,-0.46938226369033154,0.5694109905864583,-0.9200762254481827
BHQCQFFYRZLCQQ,-1.159374358867632,-3.325689488473613,-1.3083582290197187,-0.8521623776290574,-0.7593297817875392,-0.7002707312509105,-1.5486190374419673,-1.4379980133134525,-1.7391121467850956,-0.592892638117783,-0.5751917929377761,-1.1919438539128726
BIDNLKIUORFRQP,-1.2787901706360458,-3.2887281332091183,-0.3472614688217572,-0.7280250687534369,-0.23201387205909607,-0.5912592202093357,-1.38787969583557,-0.5145208669754094,-1.1242096661032213,-0.31423168549263464,-0.13690880355957283,-0.8097144111604097
BIIVYFLTOXDAOV,-0.9112218043460365,-2.9054079441149825,-1.1626992137416658,-0.8659621675610437,-0.723366181060113,-0.5926230321229989,-1.4480513136711508,-1.2176862361774874,-1.5277843510881222,-0.5613698925058683,-0.44549442247649584,-0.8737435677053319
BJFIDCADFRDPIO,-1.1246617555338128,-3.384089839097476,-1.0810513977677416,-0.7937672681228797,-0.8884961534526686,-0.9367955017550273,-1.4428705101089165,-1.7534449096616207,-1.6309041107002362,-0.7058737115041018,-1.5542925575995221,-1.0866502132002978
BJRNKVDFDLYUGJ,-1.2065949513909227,-2.755086260063874,-0.6327198935396663,-0.31536029315571906,-0.6834428573888911,-0.9048265509144162,-1.6090268216980372,-0.9285734378672157,-1.130313116184865,-0.49382766521706856,-1.18139541166132,-0.8530437390598746
BKRGVLQUQGGVSM,-1.0977983343383482,-3.300596126141217,-1.731081941340818,-0.8004236169760509,-0.7170495903729095,-0.7804646371400991,-1.2830928546354725,-1.2651134795241081,-1.980936495405435,-0.5582972266210677,-0.876578987389163,-0.6409018753095015
BKYKPTRYDKTTJY,-1.1525940902852687,-2.746236050833576,-0.31307739777827803,-0.41483414784402994,-0.6913206043277631,-0.7780144968567481,-1.4417185026863581,-1.0482408578978115,-1.3884420734979002,-0.5213460729558628,-1.1354113358218196,-0.9316290746681978
BLCLNMBMMGCOAS,-1.2455220231988304,-3.443808156277378,-0.2620025958970014,-0.6672973724075221,-0.22980342772914333,-1.1147421747346722,-1.6423959933817522,-1.261613435881589,-1.5849172846592017,-0.5113858798170743,-0.17476793375118574,-1.353727943223841
BLFLLBZGZJTVJG,-1.370811734872282,-3.3780647288069767,-0.39610072379376365,0.1925758130817471,0.005717352705576237,-0.3068696877882748,-1.642004438284092,0.18929179841926402,-1.8250944456991283,0.6000414053953389,0.43972328570732144,-0.9442746626881715
BLGXFZZNTVWLAY,-1.469932950653076,-3.485290360058618,-0.33721253330937506,-0.03280090298297178,-0.5597664993150973,-1.0311260310865027,-1.5672074274520922,-1.024803509352895,-1.9085977351437478,-0.5559505182221454,-0.6905881261297925,-1.1055495665131427
BLJRIMJGRPQVNF,-1.410284858927692,-3.4788633457248404,-0.7466625602994538,-0.8594066178603011,-0.6529506654579438,-1.2205366759001106,-1.58284569407828,-1.451469451116682,-1.9178384035986262,-0.725223746573244,-0.9755791971904768,-1.1933382541000757
BLSQLHNBWJLIBQ,-0.8469698371780905,-3.1184367123947188,-1.3750432411542153,-0.8585158451264927,-0.7319417237829717,-1.1639328180261246,-1.6688014289861555,-1.5339512254107177,-1.8051032967523037,-0.6205420837640421,-0.545190123032026,-1.2626740186035001
BLUAFEHZUWYNDE,-1.3812506501119126,-3.3784808119445215,-1.2098056336779544,-1.268026052507041,-1.1317649382131432,-1.021846814656227,-1.6063234778504079,-1.6164060563741258,-1.6550354343632947,-0.8170932890743186,-2.0957992097007847,-1.2460329006215343
BLXXJMDCKKHMKV,-1.4135787070732628,-3.1267848495966244,-1.6582691046739346,-0.5240176634241157,-0.9212424306271235,-0.9430893266435497,-1.411296461167277,-1.3981165361400545,-1.3173963818748016,-0.6034856535528976,-1.7587082862831676,-1.1997044596596933
BMKDZUISNHGIBY,-1.2697229754973411,-3.140845113279461,-0.2689123423752468,-0.5974702462459681,-0.5063361561759694,-0.9195859947990055,-1.5069448721860201,-0.8110913558478727,-1.834924591647593,-0.4943159610179413,-0.14557654541021625,-1.1860817878806604
BMUKKTUHUDJSNZ,-1.3059886567030583,-3.015753200215757,-0.8892821420602699,-0.3882128167445949,-0.22095446694378668,-0.779604841502182,-1.5680483526134201,-0.8168055947156102,-2.143521991524307,-0.5154288779062288,-0.4959374847109749,-1.1001470996832725
BNQDCRGUHNALGH,-0.9771076262407703,-3.0016409409546863,-1.4758545665388858,-1.0554520614545124,-0.585111575199703,-0.7272549667925157,-1.5313082507285014,-0.18996993063108703,-1.7250746844240785,-0.5817661353016835,-0.41924492551672693,-0.8274507460029092
BNRNXUUZRGQAQC,-1.1444190726975354,-2.1999956286906905,-1.0360502787210957,-0.4741396928319671,-0.5107901154498784,-0.35727166314825176,-1.1376005256778434,0.14758048384339328,-1.540571700937289,-0.4876263681052761,-0.26276638024553095,-0.7579011506811485
BOBLHFUVNSFZPJ,-1.4281127704014787,-3.491025919910855,-0.5680703316121568,-0.7073293677688522,-0.5953256773940302,-1.1854890011978259,-1.7003066463879484,-1.395249347848504,-1.9513707508041689,-0.561731285341114,-0.2944910780177893,-1.4541717515514372
BOEGTKLJZSQCCD,-1.1801353015451452,-3.3447668520207725,-1.1744825547315556,-0.844454947038211,-0.8022112993111181,-1.2212085402211428,-1.6470382456885462,-1.630663970675824,-1.0569505689500835,-0.6698871191721455,-1.884972181308005,-1.125278452133191
BOVGTQGAOIONJV,-1.2318340880354404,-3.048838230164967,-1.2126286084163347,-0.49540101249179513,-0.8983711882873747,-1.1644895933507915,-1.4991807571513567,-1.4166445831480532,-1.4291145880597806,-0.6201839882591089,-1.313339271120366,-1.080337083403079
BPEGJWRSRHCHSN,-1.3228139332739521,-3.373647526624329,-1.1259093705877674,-0.3186901376281629,-0.721407122677433,-1.2594499001005874,-1.667105120472661,-1.1344119545111748,-1.7551076265592884,-0.566484027252063,-0.6876284475551984,-1.3458837113744921
BPFYOAJNDMUVBL,-1.2602241319400111,-3.159548493379483,-1.5293963903535346,-0.6575338159785745,-0.48899809000856326,-0.6810194839210473,-1.760947339839233,-0.8578936942075537,-1.1638859473412508,-0.47198689429405893,-0.6744930684321071,-1.0038673167277368
BPICBUSOMSTKRF,-1.4616388131749583,-2.832024232531024,-2.4749350020347696,0.022950613526450937,-0.10288898337533911,-0.8849783321973435,-1.5793875163479578,-0.021327618521140148,-2.380498582413357,0.44133431007778195,0.7975063611860048,-1.2581059615619228
BPLBGHOLXOTWMN,-1.4438295072422285,-2.971090038619869,-3.487922804235898,-0.5619781318484994,-1.028930505524887,-0.8667559382135432,-1.4552479269880194,-0.8130816298772906,-2.1341413788760004,0.6173456239653007,-0.45033181050041826,-1.2425120677411048
BPZSYCZIITTYBL,-1.2659992085628182,-3.0584164097321196,-3.192814954172135,-0.9396128067633611,-0.6138834817317524,-0.759483811878305,-1.4870208518500025,-1.7182207457660832,-0.9325580503252865,-0.8757084675219108,-2.0351202445180756,-0.7406633229970526
BQJODPIMMWWMFC,-1.0846616629789332,-2.6622455748441105,-3.305625631306817,-1.163962044530917,-1.495011231595195,-1.1537862375341477,-1.539249795153736,-2.032569603490053,-2.4488509680844994,-0.7151042486008726,-2.2224319576251843,-1.4335095948670356
BQSJTQLCZDPROO,-1.0211691540112127,-3.2852534209673663,-3.5980699056493552,-1.6869348759750107,-1.4108870129160023,-1.1360010784299586,-1.6963425574749025,-2.437000375515295,-2.3023494964452427,-0.9579551647650744,-2.8611423258176725,-1.8933806190735787
BRBKOPJOKNSWSG,-1.2511883692819108,-3.171400569592463,-3.0918901031309334,-1.318022851397076,-1.232575417090256,-0.7900933657748335,-1.5027694855640312,-1.4243932797622383,-2.3308975431307526,-0.5435679780520979,-1.6532500274424267,-1.4351428300821176
BRZANEXCSZCZCI,-1.0558661746661269,-2.5723151440630705,-3.344896129315313,-0.5938514847270306,-0.6066818128736233,-0.5599006629676808,-1.688073882336963,-1.1925854984826096,-2.035284293336826,-0.5176222682591823,-0.8254074896015323,-1.2159297466021786
BSYNRYMUTXBXSQ,-0.9845778643573744,-3.4946448442191236,-2.7197390324812916,-1.2271780034695123,-0.9242999993473506,-1.1793286511177423,-1.6795706288362728,-2.347675240033691,-2.305230804044882,-0.7445698880329367,-1.247474479925113,-1.6891143338184686
BTFHLQRNAMSNLC,-1.4197759762035589,-3.1738610511879894,-2.885877444084552,-0.4848513592262853,-0.5303306059769837,-1.0949240694872147,-1.6775634514073823,-0.8294014962475811,-2.4208535708823833,-0.45000077739627137,-1.2557349438158352,-1.257562279492643
BTFMCMVEUCGQDX,-1.4718665937201172,-3.048391568962812,-3.259247147514547,-1.260470439982109,-1.3883869759087994,-1.1726716525364953,-1.6933493254974394,-2.0176553485214423,-2.6557431728766163,-0.7305601760062937,-2.165309978416148,-1.9569061503694902
BTNNPSLJPBRMLZ,-1.4136915895567845,-3.2107623854772998,-3.4803612191768716,-0.26884496122312235,-0.8309044513376689,-0.8264746176609941,-1.722402472593037,-0.6079470389067124,-2.556700839169316,0.45321834286118684,-0.12010200258955181,-1.1693565096774827
BUGYDGFZZOZRHP,-1.3948075387363705,-3.4850174446305675,-2.938479333896676,-1.0723197431483105,-1.6458269234093073,-1.453943405056183,-1.7091161348760477,-2.314745623789287,-2.2037668311059715,-0.7510931454499357,-2.5382066767830436,-1.6196195482874471
BUJAGSGYPOAWEI,-1.4098380660401366,-3.142783537812373,-3.4745250858287613,-0.5993264718528419,-0.9216575860826098,-0.8244706156472938,-1.6989905935010685,-0.5336920740449014,-2.4575349041780488,0.16940680465226435,-0.7512605121008337,-1.0403826273476693
BUXRLJCGHZZYNE,-1.251068994783696,-3.2475513875380373,-3.3119704732061,-1.1907269723990748,-1.5717465665660937,-1.1508648072760987,-1.6442366516848173,-2.13643276467644,-2.249921583582162,-0.736442128579931,-1.9859675363265281,-1.2901597319492981
BVMYCHKQPGEOSI,-1.3470154116576691,-3.134620632365163,-2.765669908171646,-0.3181716006350928,-1.1910065569829171,-0.9817479390974698,-1.7927808191564196,-1.275891951648145,-2.416929730236181,0.5152596494485197,-0.9978734807087837,-1.214604150001543
BVPWJMCABCPUQY,-1.3302014258690709,-3.118041425377473,-3.5148061549927148,-0.8521410665539717,-0.8702535801199478,-1.1787123282393535,-1.6758579409205572,-1.3747731023703937,-2.6748137589642367,-0.6819622092767853,-1.3026193083817286,-1.6153784786431928
BWPIARFWQZKAIA,-0.9862960019454028,-2.4981105480939503,-1.6079201116249058,-0.3598688006533259,-0.22628344947306758,-0.9925905934457764,-1.6360910497772028,-0.24515835073017378,-0.08413671920466277,0.933423731274268,-0.5523660377860534,-0.19436469011743887
BWWVAEOLVKTZFQ,-1.3453861480059839,-3.4547634483132716,-3.2335918482413373,-0.3252748471985924,-0.3842287861366226,-0.9722575739456157,-1.5883230332236384,-0.9504532188587547,-2.0753787691868495,-0.3251901095480995,-0.39438200913441324,-0.5745598683362958
BXZVVICBKDXVGW,-1.3544399964074783,-2.7771995446125377,-1.9479576431806183,-0.38472859570332985,-0.45764143998332363,-0.631695077919218,-1.4857806530872768,-0.20207274037154696,-1.218635464951117,1.208656606346875,0.02097109941522665,0.2163586321106717
BYBLEWFAAKGYCD,-1.3965343023119805,-2.783140422649251,-2.0116295419478942,-0.2644342092356459,-0.48746018632673854,-0.7026321646447237,-1.4557235784086968,0.17342193147338325,-1.338799719458997,0.025255726812623842,-0.08975463123025804,-0.16347294625499495
BYJAVTDNIXVSPW,-1.3838954699362445,-3.4898460462755585,-2.0521225754915093,-1.2618439618151054,-1.4179606086266372,-1.143983266261289,-1.6156431177936252,-2.2338328626425423,-2.293265669353015,-0.6851234843035836,-1.6780015297213948,-1.5954769187937465
BYPFEZZEUUWMEJ,-1.3296759459367604,-2.4363715824422623,-1.4066528321247036,-1.1394173066117947,-1.3100336808891138,-1.0271981410932414,-1.4911674240044663,-1.6627234191991143,-2.108740700635034,-0.5509996516702294,-1.4963492122476811,-0.08391283413922221
BZEWSEKUUPWQDQ,-1.273289996846638,-3.004123785361591,-3.334307251905115,-1.5565674377261525,-1.200872592405156,-1.0494844534669816,-1.6848935836183245,-1.7912551976546212,-2.4987939599278297,-0.7231542662339587,-2.2311964305774254,-2.0331950478471352
BZKPWHYZMXOIDC,-1.176576386721878,-3.096313402762425,-0.45432245586958137,0.3300234006008294,0.8946003676922678,-0.5044356077108505,-1.1883831345498193,0.555961250598056,-1.397031527151145,-0.060732208770963116,2.0842336229943865,-0.3823607604099097
BZMKNPGKXJAIDV,-0.6898653175986721,-2.4364895488361196,-2.042799684478758,-0.21383560299556006,0.28422165921143716,-0.8066469587690437,-1.512218753925788,-0.5716222846228206,-1.9929812945854315,-0.5077909778602598,-0.3903190007965059,-0.831181904053715
CAJIGINSTLKQMM,-1.368972566170534,-2.6884876340517434,0.05949140952093346,0.5380847076140871,1.2348734704890005,-0.3479610318503541,-1.3513085881174662,1.154538753530142,-1.5139361301022891,-0.28536331816781296,2.423783456521807,-0.3657727418120615
CAMYKONBWHRPDD,-1.283185462875968,-3.002224652410665,-0.7593648044672157,-0.33105672375518297,0.21760958882698006,-1.0612220190374724,-1.5026864917241403,-0.5103140658286155,-1.5842424261403538,-0.44264336083170647,-0.2592873159386745,-0.8247389563279368
CBEQULMOCCWAQT,-1.103751948643152,-2.87020769134965,-1.2814704503829817,0.1837852780274723,0.4130551947466745,-0.5442814133018801,-1.5837988670656362,-0.534771296434651,-1.7797363385178449,-0.48778290575246125,-0.2278300055963313,-0.7585485998719064
CBPJQFCAFFNICX,-1.0456477146792036,-3.170325312255403,-0.9521250515946997,-0.047354157443330824,1.2564516053185042,-0.20071104683930063,-1.5627215253643407,0.48907960634965025,-1.5649996995026765,-0.2876902683213995,2.2379285689708794,-0.5447596745518103
CBQGYUDMJHNJBX,-0.3014443091079144,-1.5586271120789206,-1.932327083053553,-0.30777654571609625,0.23074777033273458,-0.8459536459823254,-1.5239092984419265,-1.0989361866677902,-1.904498441272771,-0.5434386007564154,-0.5679957647549132,-0.9653103024046622
CBVCZFGXHXORBI,-1.2159654694778812,-3.227813385783171,-0.7488416823696304,-0.2554441829828369,0.46500715029839124,-0.49842517553493504,-1.4991751123309849,-0.04077000798511202,-1.9825799542995222,-0.4728839531347923,1.1001375698820406,-0.9483941466991751
CDOZDBSBBXSXLB,-0.4926520101456133,-2.864282665078221,-1.9742993785450351,-0.5221525113802918,0.23473990612063717,-0.6943495807829282,-1.5703460717633635,-0.8034888212910927,-1.9871092689575514,-0.5631053207540309,-0.29923375858561707,-0.9392334157270137
CEBYCSRFKCEUSW,-1.0277430786072084,-2.8251485130490575,-1.49830353359249,-0.08664842577520676,0.3037013030154279,-0.8336262139085648,-1.5424570291472741,-0.846655699254558,-1.751039999550504,-0.49446812723475186,-0.35447134169854255,-0.7836233131955139
CEMAWMOMDPGJMB,-0.8836581220652652,-3.1737157160866762,-0.9075381252835378,-0.5210784376907964,0.3072339739567571,-0.5903546455389288,-1.467374415946553,0.12982009335507824,-1.6932944143290758,-0.5182060788319173,-0.31943580067922106,-0.9382545784189804
CEUORZQYGODEFX,-1.2939272304004035,-2.957302676325733,-0.9779922393258966,-0.05347855527994755,0.2948374146206044,-1.0253485783682774,-1.3932078415841354,0.02079251809570728,-1.3238388803932293,-0.47060766402713433,-0.35957653284908436,-0.6605710523628076
CFJMRBQWBDQYMK,1.485694929094155,2.212358884358963,-1.877795958079382,-0.3921708182077921,0.7283958498312157,0.07103612465328375,-1.876138885259388,-0.8232097947322627,-1.7552610229186822,-0.6001373189177124,-0.9438698059767221,-0.8233341102747397
CFOYWRHIYXMDOT,1.4054098388918057,2.1577584860987664,-1.5027375400991623,-0.03718294881501501,0.7802266826822971,0.05715855418345618,-1.656481592290246,-0.04071508932294344,-1.621833024525498,-0.5853524232644068,0.5073976929568849,-0.6109929434330096
CGIGDMFJXJATDK,1.5908744216297588,2.7275887180832683,-2.6678456461835953,-0.5907142902171129,0.7659409744639203,0.3427904821465109,-1.8723547567499186,-0.6408139138624214,-2.056537963780449,-0.6038737124343908,-1.1042453229711247,-0.9463325137155207
CJAVTWRYCDNHSM,1.8276126357235833,3.6930543350269103,-3.1630591976186784,-0.7966269893455239,0.6282049949938416,0.256579039717504,-1.818459956565532,-0.9744527887626628,-2.1085853312858704,-0.6652159903576942,-1.6590384069873638,-1.0407471819872711
CJCSPKMFHVPWAR,1.4030690206489451,2.1251914716837677,-1.8252895838876857,-0.4412011938150364,0.6517841090859617,-0.020349659435083826,-1.7617838299524964,-0.3895206641332353,-2.0672472517516676,-0.6328129689625956,0.564779860277861,-0.8864884623033564
CJGYSWNGNKCJSB,1.3742372687947624,2.149681571841266,-1.8241373244604417,-0.12153970659992477,0.7262766221256378,-0.4136526073532786,-1.9298332196743653,-0.6574929695522813,-1.6190173317727652,-0.5603622558277596,-0.6252573139235401,-0.7027482144038841
CJOFXWAVKWHTFT,1.452539548631364,2.1284975515782447,-1.5776455992942517,-0.36902088342837003,0.717459411542506,-0.16751554207854086,-1.8211469708112904,-0.6205467544863568,-1.9312103303158517,-0.6328083470117568,0.28163937272120115,-0.900709788664915
CJXAEXPPLWQRFR,1.3587583120068543,1.1650784350502086,-2.3701864509809774,-0.42078840759688163,0.6415736846843965,-0.08333234638581644,-1.6742829690461312,-0.5610912794862839,-2.0919510628122455,-0.5791471500169151,-0.6047723790179966,-0.9618601105172876
CLKOFPXJLQSYAH,1.4349610622915063,2.2032239928087187,-1.7153968975732408,-0.21833711369695627,0.7575970032132482,-0.37552470848241015,-1.9475544632974584,-0.9035387283894675,-1.6090783704396538,-0.613928434329537,-0.8480565780937739,-0.7921931838435528
CLPFFLWZZBQMAO,1.8696638014882807,3.596372130011899,-3.4518624507490836,-0.8038232586938461,0.6072395664243334,0.34239312788953824,-1.8372376808935726,-1.1300617799896222,-2.343974843734893,-0.7053670914954638,-1.940067782637557,-1.227350543245694
CMHHMUWAYWTMGS,1.4770871071139744,2.7660979562728056,-2.686807450369856,-0.7203539921656785,1.4260956947176353,0.8732992358784548,-1.808725593751739,-0.13268399811699544,-2.5358878545547787,-0.6133011645894215,-1.142355123608724,-1.41804937244948
CMSMOCZEIVJLDB,1.5417624332026447,3.0116270590496264,-2.756691820764281,-0.6084837472146811,1.0288845278483068,0.6381599988943314,-1.8584822076947896,-0.6340491959357542,-2.368368250867562,-0.6199405455892893,-1.2822909339979855,-1.1450886742535873
CMWTZPSULFXXJA,1.6169282243745304,2.8329743057413,-3.0281862422916217,-0.7412644112546795,0.712953939886765,0.3107842004807239,-1.8695311810469681,-0.9021162554999173,-2.4294927275916964,-0.6382171248859503,-1.6929925848888085,-1.211149368892586
CNBGNNVCVSKAQZ,1.4369526590382358,2.661025555335661,-2.9557495204889292,-0.8083882223797716,0.9366700892713475,0.4657162913157218,-1.9098544220752107,-0.7359363495520086,-2.6006514566126167,-0.6632481774243173,-1.5926240595794106,-1.4434872836537433
CNPVJJQCETWNEU,1.6252782252043259,3.018881197301769,-3.10553905578214,-0.6800524790322043,0.7701900804792405,0.45669588687751816,-1.869328765783178,-1.0191721525288437,-2.3090539396223417,-0.6587186330436487,-1.5104236076719297,-1.1734938282861516
COVZYZSDYWQREU,1.4845176672581741,2.7802884200131652,-2.7161099729777267,-0.7753614397440982,1.3610780667159001,0.45136913344512786,-1.9314900816597795,-0.1870127601429397,-2.789245736914448,-0.6249346146420289,-1.35337665973017,-1.4390277702382916
CPJSUEIXXCENMM,-1.4285759938638662,-3.550166075051828,-0.5559002893149251,-0.8246460011531309,-1.2269270701010482,-1.1486962546057602,-1.6142028401351454,-2.1059907554474466,-2.0448887424372235,-0.7443510650791709,-1.7650645880392288,-1.5618006931941728
CPTBDICYNRMXFX,-1.3853746298275842,-2.9843920976287195,-0.24138701013577082,-0.6839311800272363,-1.0730449600447507,-1.1443608356492787,-1.701481492387741,-1.4749023647630133,-1.6290994928408815,-0.6586465279054955,-2.002928205323831,-1.1338521159644492
CPZBLNMUGSZIPR,-1.2266583032657061,-3.105077526354327,-0.45715191713263614,-0.16675199044931674,-0.7137550335576879,-1.1118023974366376,-1.5709361577957361,-0.2192304943075961,-1.6917843896706803,-0.3266694286413237,-0.7231420575800581,-0.9992113684340473
CQXADFVORZEARL,-1.4747413920649484,-3.5016241626694122,-0.5004761434335311,-0.33991547770946784,-1.155108741811671,-1.4653294712909486,-1.6166045046202757,-1.0888657833098128,-1.703068675234479,-0.6633876050183709,-0.45989464007390646,-1.3566991215013722
CRDAMVZIKSXKFV,-1.419997425841153,-3.487252349123241,0.06493129108901272,-0.8837627402716778,-1.2954242641400446,-1.2557808681684048,-1.6977176377218206,-1.9623256135464064,-2.021664657028459,-0.7308580496248777,-1.7058035833765444,-1.3185907518023035
CTETYYAZBPJBHE,-1.4653928798503426,-3.5532377558008963,-0.7442733633929711,-0.05471315503756944,-0.9654554343357088,-0.9777268734725905,-1.6800359598628725,-1.8376410140926507,-1.9621453445527575,-0.6457366991436067,-1.2513176402441584,-1.556348247296257
CTRLABGOLIVAIY,-1.412303167110088,-3.5505641313087106,-1.6858233378598755,-0.46199481887614857,-1.1942733381974984,-0.9556257461394441,-1.5623916039579995,-1.3094953620368477,-2.496229785153174,-0.5505233094561692,-1.129608271927505,-1.6639998483673295
CUHVIMMYOGQXCV,-1.2753473588325521,-3.364335266546858,1.4283752799702936,-0.41982683432860923,0.3538299420300648,-0.8345397277001465,-1.6016691505459304,0.012602548204724154,-1.0788378358560275,-0.37346067527395294,0.15519449285957193,-0.3341337693931241
CUIHSIWYWATEQL,-1.040162819755461,-2.802333425920416,-0.07892688592370156,-0.14954737254847822,0.13718143311468448,-1.0751231200345082,-1.7106330022593796,0.08834390217318353,-1.6045985346759162,-0.3951850899054139,-0.16119670027044328,0.016645457706622235
CURUTKGFNZGFSE,-1.153675095503498,-2.778208213217136,0.1367777236416775,0.06184345857694136,0.22844719606245076,-0.912587389012836,-1.6728645564077553,0.5993160365220698,-1.8796744441590998,-0.3673986621954588,0.7324111407214134,0.06040838681947569
CVXBEEMKQHEXEN,-1.0893636443381898,-2.693825306131375,-0.21549627816501343,0.147041396183622,0.05249522320592193,-0.9271542642116104,-1.1020536744265967,0.39853114106855836,-1.6609235661843167,-0.39472706277528347,0.7420319033674888,-0.4440732156404602
CWRVKFFCRWGWCS,-1.1850390736660588,-2.7935885665092233,-0.3390620433075618,-0.05426742862949855,0.09568806358419288,-1.056648068298008,-1.6614019326596428,0.25975004011872077,-1.6641909053759345,-0.38676580828960017,-0.4094458488087493,-0.5859670661970253
CXOFVDLJLONNDW,-1.1619714266066918,-2.9058539585364076,-0.15710438273903554,-0.19156783804668484,-0.2546945736308843,-0.925661139269705,-1.592220765062157,0.16967084694721304,-1.4670361795452667,-0.42736538926538714,-0.44984348495645243,0.23609043793238563
CYOHGALHFOKKQC,-1.2529720914641889,-3.0563570310990578,0.2989191899814993,-0.8395459950738913,-0.009842385829492234,-0.4781221708467313,-1.23249616693608,0.6869593448231884,-1.5504748375509456,-0.38000677644569497,1.5321905817758437,-0.45848318348000444
CYXKNKQEMFBLER,-1.2704523364531661,-3.1293234154445075,-0.4525166977691615,-0.25658203065562774,0.19968758616731067,-0.7940693209822147,-0.9758358942239249,0.3836169966942796,-1.467289684890881,-0.5282897434569345,-0.03297386788100186,-0.5850340566600054
CZFFBEXEKNGXKS,-1.0805732159180623,-3.190013173755858,0.10860101431945163,-0.6084963490150319,0.5930060554177007,-0.45700620001114345,-1.1077967393866128,-0.2733143477841144,-1.1742061670848196,-0.40985655883094746,0.28557760235656343,-0.5766309414093715
CZIHNRWJTSTCEX,-1.1555314797163725,-3.1980557555512528,1.0199924255365436,-0.5299351815866818,0.4221368201104681,-0.39142777726876443,-1.1700923150220266,-0.1999494179423657,-0.9343559806247714,-0.3919314940278631,0.2824684541786788,-0.44543514041198806
DBABZHXKTCFAPX,-1.167230846642014,-3.2390402318564147,-1.2022382908791267,-0.6488264254560461,0.48845787106492367,-0.6652540730842793,-1.3681622950660506,-0.536940095587386,-2.0926397796275777,-0.5707862458215934,-0.05107169093568528,-0.9685613154143666
DBEPLOCGEIEOCV,-1.092057810227101,-3.2318270014931736,-0.9735809497549237,0.22292498410748857,0.47574737266739003,-0.5494670255005465,-1.3826463178273243,-0.19237001127442627,-2.200769145700224,-0.5057548478560145,1.256597334625317,-0.6229163224423966
DBGIVFWFUFKIQN,-1.214884308078593,-2.7399519069993894,-0.44013532029422014,-0.48676820118110475,-0.18734376612396483,-1.0073244742586416,-1.7815131035051959,0.19971949264599934,-1.9167752288680597,-0.4719689629451128,-1.1062100654597615,-0.765037305775637
DBVJJBKOTRCVKF,-1.256404545472145,-2.728916491438995,-0.40188304882186854,-0.489440330544455,-0.35334450107764487,-1.0493951172647318,-1.7841641606928316,0.2669895741162157,-2.068929087752539,-0.45910042407662044,-0.8931811946505263,-0.7930480680606802
DCOPUUMXTXDBNB,-1.168515949955758,-2.781395682283189,-0.6843952897700338,-0.47619037175659257,-0.49412791111539417,-1.0636111577462128,-1.5972468866435594,0.17029012063478385,-1.8888144482553508,-0.4736924948076603,-0.06373007077425062,-0.7831774291040023
DCSUBABJRXZOMT,-1.1618804824450935,-2.650505829062083,-0.9048806212629891,-0.34913613676622807,-0.31853804575181094,-1.085271097973798,-1.5855514750251833,0.009755688792499285,-1.7063835256303332,-0.48369733702202455,-1.0230154842383223,-0.7218555428108999
DDLIGBOFAVUZHB,-1.2001081097938848,-2.6460534654527863,-0.9135709107098284,-0.3933531817111848,-0.45546490711700266,-1.0584354930610178,-1.5820702576606056,0.06070423922765763,-1.8396434112105002,-0.47312759136754656,-0.8302568953153326,-0.7444251140055674
DDNCQMVWWZOMLN,-0.9908035933993342,-2.648283276007704,-1.7011819804495125,-0.7961442215718544,-0.9832958211371663,-1.1524983896427878,-1.775302150715954,-0.5812338098269101,-2.1814641512937554,-0.5127468429194522,-1.1579776274724853,-0.7580676371180195
DDUHZTYCFQRHIY,1.0119061464659311,0.4639672110155707,-0.2123532944474438,-0.4171687036886942,1.375926703229151,0.8025101081011043,-1.5752342698805053,0.39477868365560553,-1.4590911399037034,-0.4781164509713617,0.16939008664692007,-0.6139320652100807
DECIPOUIJURFOJ,0.8687062805937426,0.09229420921405143,-0.34819218518750683,-0.5307993024797029,1.3856215046238074,0.5734048431107998,-1.571030791260359,0.01241360154115102,-2.076654371971296,-0.498108526248092,1.1251722001736413,-0.9197485499894846
DEQITUUQPICUMR,-0.10604769984685401,-0.7053978599409527,-0.960526330010765,-0.33735767110356735,0.4440041250211906,0.3813290724537198,-1.4468066339182608,-0.29154653856670937,-2.200492490743927,-0.20148864946946987,1.0760935336687554,-1.0444578076185904
DERZBLKQOCDDDZ,0.8451684667872947,-0.027081982387727146,-0.519901713854283,-0.6321932497480794,1.1655513736449845,0.394055852853972,-1.5413130215051192,-0.23993090651153304,-1.9448639999262038,-0.5303577441018283,0.8567814017640026,-0.9084619343470441
DFBKLUNHFCTMDC,0.7977553632836407,0.6362557753321448,-1.0106577393511853,-0.2201982582628844,1.2691022500519504,0.740822815979041,-1.5622861918744473,0.03859045127743611,-2.3808532811180356,-0.4351361257759178,0.974245567246373,-0.7489788333117463
DFPAKSUCGFBDDF,0.9862437787520502,0.42416073872879745,-0.3099340777986698,-0.2405644690920731,1.20752035283279,0.7440250007920166,-1.5786600139403968,0.43120292472364896,-1.4475341287916514,-0.4812143763869231,0.0996817437133308,-0.6298631331327883
DGAIEPBNLOQYER,-1.4200065293413506,-2.1501005631222654,0.31757617118221493,-0.3799873007644286,0.41578216488847847,-0.7009194566430741,-0.6722999963586633,-0.5861573614806658,-1.21228719868764,-0.5042472733379678,-0.04142653657573876,-0.26334916738224123
DGMKFQYCZXERLX,-1.2671328121696952,-2.637518885104526,0.145460325860728,0.08302707359014198,0.5605824270776387,-0.4903792846968906,-1.2123761102028603,-0.2754413568701243,-0.9734111106336951,-0.4745886423522089,0.428608548248842,0.16801361911288634
DGMPVYSXXIOGJY,-1.1425562486931393,-2.4598105246332396,-0.5255949808440488,-0.29437783819058666,0.7862043803285772,-0.7844646533402013,-1.207251700598958,0.1778848667065445,-1.1378778491933559,-0.33514189562840724,0.32699026461075614,0.024141652531896037
DHSSDEDRBUKTQY,-1.4220508445840088,-2.770333695798298,-0.08549123632163268,-0.2081409458006938,-0.08338349970211806,-0.8963650046178491,-0.8337572780688232,-0.787342860624188,-1.5105760863413842,-0.5501426401876908,-0.6634025993604823,-0.5197379354688085
DJBNUMBKLMJRSA,-1.436342059404422,-1.706057151974596,-0.36412513811754943,0.08134917384113532,0.1328989534239413,-0.9003451840004417,-0.7085554592343174,0.17270364877075986,-1.4029172511880774,-0.44956888831729874,1.0691425483963455,-0.39584922107834714
DJDSLBVSSOQSLW,-1.2773299657499737,-2.8059493022845,-0.5744729930714311,-0.42897557814636683,0.3080708872694686,-0.598335933849939,-1.1293154340835323,-0.5472678422690695,-1.4484532304784266,-0.5496711111272183,0.14864619931133344,-0.43925182385766837
DJEIHHYCDCTAAH,-1.2846193755290447,-2.9061642513863104,0.41745080278855634,0.07448780546976681,-0.08846695766660859,-0.6693516838858511,-1.4556788858279033,-0.894235639824891,-1.5311192903897435,-0.5282360346898433,-0.4187592649957467,-0.5343725837080398
DJHCCTTVDRAMEH,-1.335736105307156,-2.825862329482998,0.6788799120145219,0.06861659661310253,0.023086619537891883,-0.6482566899879192,-1.5795016652019291,-0.6150274929874769,-1.4973405128176676,-0.4997522836713509,-0.14992546427380532,-0.11974654603268524
DJQOOSBJCLSSEY,-1.1415842585115574,-2.679111375829718,-1.0139734435558792,-0.8053833679965977,-0.7036721269285546,-0.3449330323974423,-1.5719875782025678,-1.012337984271181,-1.8206190273409901,-0.712368789743916,-1.648001316891935,-0.6719516979791602
DKGZKTPJOSAWFA,-1.3378647239984534,-2.9932366321641313,0.020241098900835586,-0.26397756874713807,-0.8289462909155654,-0.8290146683325875,-1.5019961296116389,-1.0849542622188666,-1.7890408133713558,-0.6222756373603514,-1.6338607233696163,-0.405192802869825
DKLKMKYDWHYZTD,-1.2636306810209528,-2.837010717455638,-0.6930009517250801,-0.3438203123897744,-0.5695685411264624,-0.6514287576250883,-1.3629778053847985,-0.789152211318042,-2.025334520613672,-0.5892347360801241,-1.168284904635284,-0.6942697710927126
DKMFBWQBDIGMHM,-1.2142514950052534,-2.959411884857083,-0.6256421300661474,-0.9456798000424559,-0.9236660823096514,-0.9222785940537088,-1.6049609455991747,-1.0896398270918293,-2.298879062432801,-0.6587002591459766,-1.2556484212626002,-1.0139050675101986
DKNWSYNQZKUICI,-1.3946185632330492,-3.397752531023901,0.3940747036281253,-0.5471154337254513,0.42342890258419064,-0.7932336160044987,-1.4268475357309434,-0.1356190735904246,-1.882778883813672,-0.5907410275286415,-0.4535210282993162,-1.1539178705286166
DKYWVDODHFEZIM,-1.4096031521455301,-2.8007751194425263,1.257483759322632,-0.20487704303137186,0.40889874770850326,-0.5827796796939646,-1.6749811128669587,0.4983672098738017,-1.9891210759737907,-0.5478919575932243,0.6823973013909966,-0.9849015113298243
DLNKOYKMWOXYQA,-1.2537429210814568,-3.074001365604551,-0.158338342712314,-0.3217307728325479,0.3619080691209909,-0.7153514635764957,-1.0303687046054026,-0.14521768704614996,-1.545384511594883,-0.5515252882202042,-0.40508569103276904,-0.9775232100662308
DLZUBMGMHUNDLF,-1.4485025651302068,-3.2792935732528923,0.09143470092022982,-0.25331651751930934,0.3599136131228639,-0.7919083147634982,-1.567957727106275,0.3429060291993453,-1.909909191412153,-0.5605346631355372,-0.206619207968466,-1.0733319911988664
DMDGGSIALPNSEE,-1.0223637238873264,-3.0774829539205033,-0.568783425638418,-0.19939686562053616,-0.29952422687155833,-0.8051443155794021,-1.3896171962315684,-0.2808658659941365,-1.737842744484913,-0.602575780324509,-0.37361874249456795,-0.6074596002205155
DMJNNHOOLUXYBV,-1.178263127116464,-3.326379293560926,-1.2490313009364766,-0.7673863728076271,-1.4164271364240224,-0.9508988448580834,-1.5194952843115264,-1.7234480437325908,-2.1846006820350596,-0.7682364792274685,-2.309518883660802,-1.5400324798756975
DMJWENQHWZZWDF,-1.1903590647615059,-3.311670705572621,-1.3282928394669247,-0.9735470985406278,-1.4932613412928264,-0.9009217640316891,-1.6251534414827868,-1.8994022502932935,-2.2887640849260737,-0.7681211521842519,-2.353779350042802,-1.4350806222423425
DMZCCFMMPHJWQY,-1.1197216640241738,-3.014596006291269,-1.9487577123287425,-0.627029248598979,-1.339321226425233,-0.8999951493115186,-1.4198107942678448,-1.8513626004960861,-1.9415786052430555,-0.7975240057383131,-2.7160619792426397,-1.358863164411518
DNIAPMSPPWPWGF,-1.0751675521849533,-2.710113432572638,-2.1330658636492794,-0.42713056226700463,-0.9640760411357449,-1.016902540551857,-1.5195547241472045,-1.32058927084242,-2.061812851790806,-0.5017265003101452,-1.6668725032180312,-0.7024140724644219
DNTGGZPQPQTDQF,-1.0706094950711118,-2.7871446851331214,-1.9789291895826535,-0.7123775016450088,-1.0965337227969105,-1.000655592210288,-1.5633486531873746,-1.5236409116226624,-2.0876144972191475,-0.6480864124267769,-1.8536212021825085,-1.018673395630497
DNTSIBUQMRRYIU,0.9323269391768086,0.5538179107044521,-3.2521900250798637,-0.7918012548997055,1.326593322811544,-0.1644746364508148,-1.743352022457016,-0.6987806819694306,-2.848372659266876,-0.6216404020086596,-1.305741299174888,-1.457488922274786
DNXHEGUUPJUMQT,0.9788356523389705,0.5656398889349736,-3.237343293983198,-0.8035285288134563,1.1952982959300622,0.018309473080762834,-1.6496254427686845,-0.7935809016381326,-2.696788375142984,-0.6629740587732036,-1.4397529934072923,-1.4510482101758477
DOMXUEMWDBAQBQ,0.9749767164833646,0.5466977338870074,-3.5994096764033463,-0.8917872565822347,0.9362551127651576,-0.06693887328329176,-1.6432862993675112,-1.0910669153066452,-2.7065542785795573,-0.7116806083030996,-1.565115738719633,-1.4731494222467953
DOUYETYNHWVLEO,0.9075322034809222,0.42782196735476974,-3.6303628771405387,-1.0475293387520603,0.5888239938194908,-0.18255091284103497,-1.645880239168964,-1.4417742972001146,-2.6061992728691417,-0.7544218017390305,-2.02322548478614,-1.428626926836966
DPSPPJIUMHPXMA,0.9390471595565097,0.5248792149759992,-3.573127889026017,-0.8703608876944268,1.0692259759208558,-0.07880313074065128,-1.6867019326453434,-1.0469243106246309,-2.7846242474714553,-0.6691452978998212,-1.5114385270177473,-1.46191043430001
DPWPWRLQFGFJFI,-1.1554373906067041,-3.161074622310196,-1.7933191429205912,-0.5718869596552371,-1.2103081818002965,-0.7084571083021642,-1.4801096056984855,-1.3331221182774229,-1.8750942239291308,-0.7069246107113546,-1.3378364106428784,-1.4436605657918733
DQCKKXVULJGBQN,-1.3767083564791032,-3.1909230443771985,-2.0657867963233834,-0.5736055284445905,-1.4320070496176818,-1.216045763449129,-1.7903363978942661,-1.2101872094759367,-2.347401757890895,-0.6616830762782111,-1.705018015568768,-1.645881181106112
DQKXQSGTHWVTAD,-1.245175694293844,-3.2312813892893186,-2.265114212539025,-0.856820380604975,-1.2084376067509184,-0.49895352797449877,-1.2363145242391518,-1.4160720393618835,-2.0730234390396385,-0.7597985850148508,-1.8364253036022633,-1.6339014134284309
DQMZLTXERSFNPB,-1.2760543061374332,-3.310416491370975,-2.0351116814990062,-0.8690689621773359,-1.3119569653007173,-0.745911215753305,-1.4198155289662837,-1.4984845555992088,-2.0678344822384664,-0.7518514532845126,-2.060832310786862,-1.7218412828141147
DRLFMBDRBRZALE,-1.317597945646625,-3.3529120916328727,-2.0124092995935605,-0.654520305854584,-1.2810667708208947,-0.772072040024314,-1.506878981746478,-1.6070593024722772,-2.1898862680644795,-0.8152268482102583,-1.4897516912576236,-1.6477700068980523
DRZXDZYWZSKFDL,-1.2503643962884203,-3.1854404705919808,-0.6805565133787359,0.525758315860038,0.1468926571728143,-0.9599818425389224,-1.7221067697008572,0.046604304845427144,-2.191053437699333,-0.49459051616892025,0.8465154251436273,-0.6656346940562289
DSFGXPJYDCSWTA,-1.2998208760770313,-2.960485726103109,-0.8464107487050998,0.7627884925095643,-0.15278387700097437,-0.8684204787299235,-1.5135714421537676,-0.38868726257692965,-1.890802979834413,-0.5214714639578099,0.3726170044146854,-0.5644510878967928
DTOSIQBPPRVQHS,-0.9039941723099241,-2.8005065163566276,-1.3136802795405405,0.23583879691212267,-0.07632746329332334,-0.9266180720952024,-1.6277200969520826,-1.1286061349432748,-1.8235754321445423,-0.5774723308251858,-0.5077271729238324,-0.8425181506739241
DTOUUUZOYKYHEP,-1.2436360850052786,-3.194955962422159,-1.0824410620048583,0.4347321440073979,0.13090574230305219,-0.9958426488565726,-1.5662873904901073,0.11055943984067648,-1.9633080676779544,-0.48452642485294284,0.8603566158723545,-0.6185964370058936
DUEPRVBVGDRKAG,-0.8772376920681098,-3.209864891608558,-2.066017642757775,-0.28083073068554837,-0.2366950551500926,-0.9578432696606962,-1.6513419936811473,-0.7017369716234607,-1.975365969866694,-0.61955283673609,-0.826648925963777,-1.0909827962932226
DUHUCHOQIDJXAT,-1.113383753764923,-2.3083491773497573,-0.5103439557771086,0.2400318863098913,0.6275306822179487,-0.5053205795274351,-1.1569743731997713,0.7641190511908007,-1.0238061184851035,-0.36942315653177743,1.5352593428415136,0.13175275787453783
DURULFYMVIFBIR,-1.0771631082312596,-2.227518302009952,-0.37988189610456585,0.25752017260112003,0.5230168643533601,-0.4182764235487488,-1.1068375247309312,0.9377739659739501,-1.0851149953723356,-0.35772765419302577,1.6022971704582525,0.0007358086539560966
DWTTZBARDOXEAM,-1.1445121204442485,-2.0717931864569397,-0.5475011213376489,0.33929557763450796,0.5343802122969645,-0.6589927563386372,-1.204656746715076,0.8529623415612553,-1.155857232891262,-0.3804175306212286,1.410094938403287,-0.2179907715039722
DXGLGDHPHMLXJC,-1.0633157804283522,-2.195977288580061,-0.4652444658430416,0.3289403634050749,0.5854004114844307,-0.608627739344828,-1.0998364467241173,0.6732871746708033,-1.0447984495741223,-0.3877074517446892,1.5452733080824435,0.011827762834224268
DYDCUQKUCUHJBH,-0.317431568164896,-1.514236184189069,-2.7116896639119914,-0.19453901597808262,-0.021123568841209882,-0.7905836381177537,-1.657350252679921,-1.205023791416068,-0.6823692343148412,-0.6651711000430189,-1.3801741082922883,0.18408910885224986
DYEFUKCXAQOFHX,-0.30373331251065117,-1.5339311738979489,-2.63518417243297,-0.18185290190440845,-0.014948676241517033,-0.8076245270996639,-1.582146813597919,-1.1715776888239384,-0.8889650649552929,-0.6610731075493569,-1.3900321207861976,0.28373826808659225
DZZWHBIBMUVIIW,-0.3575266387056415,-1.552525048611282,-2.583461686124434,-0.17897208000131518,-0.03785215698544986,-0.8119194578698434,-1.5388636397422522,-1.1043371875144492,-0.7006731620302771,-0.651282409271731,-1.3671253692806935,0.2877495720251776
FABPRXSRWADJSP,-0.14873209333164703,-1.0443864452991232,-2.7762978955533337,-0.1405894091774497,-0.054785360541718606,-0.7195918574231389,-1.7219044126081626,-1.266785131921591,-0.572727501468061,-0.6601944268621538,-1.4061367168773584,0.1092244719420174
FAEKWTJYAYMJKF,-0.6167808924223822,-2.4033909397821605,-0.9450083931206821,-0.20538525124822798,0.13647483115431738,-0.514647084283967,-1.7871167399297159,0.2621821126585836,-2.1433695471616603,-0.45341763558576487,-0.8462091552380707,-0.4979563940152667
FAGUFWYHJQFNRV,-0.8778942078270312,-2.306650437259091,-1.6170066874033187,-1.059006987439322,-0.7637294445089146,-0.7291186949139243,-1.7964277707083225,-0.6713717508706392,-2.2738934867879372,-0.6581305645909991,-1.386240965651501,-0.45183003705017954
FAKRSMQSSFJEIM,-0.8379674972851799,-2.756605692000755,-0.8196599778833686,-0.9753717865626852,-0.7436303187957607,-0.8304465915054358,-1.5846179317894027,-0.8485298833849115,-2.0517499203679437,-0.5973965012557039,-1.268545749680844,-0.7198858713428301
FASDKYOPVNHBLU,-0.8793331405164414,-2.9581570842081866,-0.7043523103009718,-0.6975791438151797,-0.45273816645331294,-0.8943688519522431,-1.8347734581924888,-0.7342210355557582,-2.2569444508937018,-0.6567267666565609,-1.644019926665154,-0.837508136410714
FAXGPCHRFPCXOO,-1.279449747788175,-3.4198266451438926,-0.3898557078988928,-1.076596879322866,-0.3839977105794677,-0.8471825484734913,-1.6773807065629094,-0.32122638779469337,-2.0115759370728905,-0.3555382863031925,-0.17256888367657486,-1.0558163782945518
FBOZXECLQNJBKD,-0.8034445769495105,-2.522479296343813,-1.0371950037083006,-0.46870120703001666,0.1255889885190005,-0.4833634890025905,-1.160548570625413,0.6428724987446359,-1.5746510400765354,-0.5010890984369138,1.0464276502742367,-0.5498884963649087
FDKXTQMXEQVLRF,-1.3787180336631262,-3.3714376571261835,-1.494654625638232,-1.1186868355187485,-0.5462790539714562,-0.9549671837540726,-1.491320418028343,-0.22434293251612888,-2.111709430889627,-0.5807488343819904,-0.895757667511411,-1.0533237195371727
FDMBBCOBEAVDAO,-1.4196273830317574,-3.0856024541287708,0.6353867250966,0.14561343064014728,1.1668346802490113,-0.3975336368923087,-1.279989732482411,1.1960977364560352,-1.5792284470899274,-0.33378294015465176,1.6890884763167162,-0.46742111387816804
FEBLZLNTKCEFIT,-1.2781494234273971,-2.890096934816586,-0.4883800683124816,-0.24925866072687694,-0.052569869895217336,-1.153860038232114,-1.7586916949399254,-0.4554225199126594,-1.8932986392501965,-0.5174379851026164,-0.379778987031727,-0.7404335148943749
FEBOTPHFXYHVPL,-1.2327021964419387,-2.879509302827699,0.10309868711438815,-0.15342329304335503,0.06778659116107116,-0.9667607081489038,-1.8355265759090809,0.1641073206495636,-2.2807835150896163,-0.4600368794120505,0.9455815154323011,-0.7112978316179449
FELGMEQIXOGIFQ,-1.1117359873456478,-2.875825282158496,-0.2757059555354355,-0.3300400279338056,0.025849738587696562,-1.1442524363083946,-1.7982670679835453,-0.5829694562225796,-1.8578988889588708,-0.4915675064317635,-0.25785916914633206,-0.761568962955939
FEROPKNOYKURCJ,-1.2067417987075983,-2.4231588568160958,-0.16110717857526452,-0.4827236288419129,0.1834351465021696,-1.1311597430265425,-1.8163389515143513,-0.3903455636685802,-1.7719599012218623,-0.47034822391554687,0.7919447097324497,-0.713623994749818
FEZBIKUBAYAZIU,-0.781893651444391,-3.089153063966515,-0.41763589651113153,0.00659271482331988,-0.5130927058141412,-0.9682717152468852,-1.2023892348174596,-1.1465576337583272,-0.8738305918085243,-0.705644070559755,-1.449572902968196,0.10886156420657656
FFGPTBGBLSHEPO,-0.9378200041286208,-3.1835605364966195,-0.7854591282317354,-0.4912977919970202,-0.6154159285376981,-0.972188310983281,-1.4376577482855806,-1.4163905384924869,-0.8385308395245223,-0.7437368188390137,-2.0186930232732214,0.002871845195609416
FFINMCNLQNTKLU,-0.7332968694917672,-2.8555908950121003,-0.6738416274937545,-0.2417315231965441,-0.5352719795408947,-0.8896875982256991,-1.2650772771779302,-1.3051161538525011,-0.8811612108654107,-0.727671564699677,-2.00453913089542,0.0996740279577083
FFKUDWZICMJVPA,-0.819672675415853,-3.0385447806149766,-0.6092093068506444,-0.2857001720072917,-0.4794573935874286,-0.9152485042791495,-1.362277873709247,-1.2023847361800841,-0.3290786372874312,-0.7305518980727146,-1.7210749106375964,-0.05264088132331677
FGXWKSZFVQUSTL,-0.7736519785650079,-2.236765478833253,-0.8803690203819075,-0.6514552498668182,-0.4432922722041577,-0.4965264778880762,-1.7008510868886249,-0.27624600931561166,-1.8532337970638153,-0.6278036845595548,-1.0424195566894425,0.004732100666171257
FHFYDNQZQSQIAI,-1.0256303756499296,-2.910173830492374,-0.17648091509832856,-0.8375664833616017,-0.4515468686414966,-0.4057209087443627,-1.6248180553007778,-0.17647770111856306,-1.9753719647601966,-0.6300010075569108,-1.1870824874946857,-0.4862713041591491
FHRSHSOEWXUORL,-0.7187153294485599,-2.4954530465012654,-0.9067071181850375,-0.7465997564706198,-0.48304173324520716,-0.5049958453907112,-1.699068775538474,-0.26014471895872526,-1.8700944220687705,-0.6437127663298167,-1.3898944660536965,-0.10634270680627145
FIADGNVRKBPQEU,-0.7673968966807658,-2.5219124114928473,-0.7950501692112543,-0.7260270180923499,-0.429140787277149,-0.4994804058594827,-1.666985467410212,-0.16276279090289344,-1.8742292880628622,-0.630971460606952,-1.290588466181836,-0.10882031982257545
FIHJKUPKCHIPAT,-1.41161823309144,-3.154751516552369,0.24610942850238837,-0.11323648145148653,-0.27529680673791745,-0.9281250954811815,-1.244658973792907,-0.3822694551007492,-1.2049714983163418,-0.52265159839623,-0.45509171000791965,0.31057689084432016
FJLBFSROUSIWMA,-1.3752072062677618,-1.6209908987632666,0.9738012663599396,0.24768843794282525,0.5561553403794959,-0.28732281850613217,-0.8012590904271681,0.47324798917688077,-0.7468178359996557,-0.26635039391043214,1.1296178280326337,0.44997168612437477
FJLGEFLZQAZZCD,-1.1747685742228622,-1.5778166704738565,0.9110303754187219,0.19306257069639873,0.4939154544364332,-0.4811480470213367,-0.7665822704798562,0.6226721553755028,-0.6720865096455245,-0.2872422176220316,0.27557681309717236,0.663885656954604
FJUKDAZEABGEIH,-1.3774298325354237,-3.0217183360694344,-0.34640028645794174,0.11824430198609957,-0.13357380311884062,-0.8489429622464626,-1.6490138066034905,-0.0512398206465204,-2.004097521096242,-0.5376293098571907,-0.3634194392705428,-0.8406940447025526
FKENQMMABCRJMK,-1.2778450121897729,-2.940173149443543,-0.8715512260233536,-0.526075303833784,-0.6941587004069594,-0.8655946512961241,-1.5423942480332349,-0.23575188852504828,-2.0283630874350402,-0.5643513100349486,-0.8646881923668442,-0.5551648164607514
FKNXQNWAXFXVNW,-1.0299840281598347,-2.517576318700274,-2.133546444640709,-1.1634927347641641,-0.9417922328317712,-0.8619127576972543,-1.6423396118630722,-1.205634189534332,-2.3313346462233255,-0.627831018722797,-1.210354535657824,-0.7456921806059184
FLNXBVJLPJNOSI,-1.268260237868701,-3.26503000679231,-1.3189330032356155,-0.7326968058996166,-0.7578129517571848,-1.166507415403501,-1.3914170078591883,-0.476831097006823,-2.113258620658298,-0.561390857944192,-1.0189163159182293,-0.8462546961626723
FLOSMHQXBMRNHR,-1.3105526457461092,-3.102614002469268,-0.7062191113360965,-0.8001960948092252,-0.7259675659231296,-0.9164336785289179,-1.408865007289209,-0.08338627613868112,-2.0370486424686645,-0.567087414858841,-0.8111256102715214,-0.7168520860330027
FMHHVULEAZTJMA,-0.7036532411372137,-2.6746616492874575,-0.7190322200479665,-0.49517465181307774,0.156930718970724,-0.6771718844598458,-1.5348760785966429,0.21714974333436918,-1.8130761727508236,-0.5384546734379306,-0.5215262911522895,-0.4561951017939918
FMMWHPNWAFZXNH,-0.5791794620148177,-2.8077195831522994,-0.6480287194064929,-0.011006973051514036,0.28551890319732026,-0.45395416261472793,-1.2225996079733457,0.289676580864058,-1.6606201960225067,-0.5278678011803005,-0.4260819157203856,-0.4827283868962319
FNQQBFNIYODEMB,-0.6171584168774082,-2.714758269222457,-1.5997134544319684,-0.38984534069276616,-0.3548233339144288,-0.8944418677069534,-1.5612767830477843,-0.23948638311692372,-2.0513666265528414,-0.5866743061417605,-0.7207007851714601,-0.6488779442992255
FNYLWPVRPXGIIP,-1.214635795062351,-3.4813379885948015,0.8500809458189419,-0.9816593683088769,0.33696600820134004,-0.47800028563100816,-1.6262342736449136,-0.7954870554467638,-2.002597902048903,-0.5149550687482632,0.27357152368107873,-0.24829001472498616
FOCVUCIESVLUNU,-1.2645778928170117,-3.4134975662861047,1.5290111887957305,-0.594661304200494,0.42384943251330537,-0.09657943641028366,-1.4840091182302348,-0.005167883215169606,-1.8504343873617708,-0.41963268064264236,2.181841942391818,-0.5498042438093099
FOHHNHSLJDZUGQ,-1.0444773225253638,-3.1242810873559677,-1.2690416495067165,-0.8102950696994462,0.17926300672827397,-0.5334096025020516,-1.4421759128004883,-0.5226901608387368,-2.075257764916452,-0.5562698764758971,-0.32559499026172256,-0.725841554090446
FPCCSQOGAWCVBH,-0.4436794064953017,-1.306521187611142,0.22243296247032457,-0.5552339871929264,0.3548432600985204,-0.5286830810118577,-0.4104348139667403,0.28577894631569856,-1.3942207405031368,-0.47454795333894456,0.2006732788801534,0.013141611181315611
FPIPGXGPPPQFEQ,-0.7903349961316329,-2.4409015846472633,-0.5180802072958959,-0.35196046719299934,0.3325528991031749,-0.3784347998457399,0.32513042753942234,0.6380439112158648,-1.074016912025494,-0.1793110507766549,1.0590896460918007,0.5849020166623974
FSQKKOOTNAMONP,-0.6851471881969129,-2.5180923821510057,0.03932199282901169,-0.8686919675465793,0.26029605523692173,-0.43251985805087595,-0.5134596008650542,-0.4132452929381992,-1.1560765437533345,-0.44877031374065557,0.04179532629668304,0.09375988437467118
FSVJFNAIGNNGKK,-0.4400039029663597,-3.2099132837877082,1.506274064227166,-0.30833826560145333,-0.4469922808880261,-0.8176326246275439,-1.3051416412694885,1.0792190152221803,-0.886310773121922,-0.5327472249622615,-1.0512720055410676,-0.8233628460183472
FTALBRSUTCGOEG,-0.41326997034603874,-3.035868163803099,2.3366585688345287,-0.1824470545928798,-0.4782798021646129,-0.7118552897364178,-1.5270364821321498,1.1304527976423742,-0.8567746035994297,-0.5337664934745459,-1.1401951465838722,-0.6451072364933768
FTFRZXFNZVCRSK,-0.5988492079397288,-3.2796995912646847,2.4287932197085613,-0.06647058883259647,-0.3085236242202352,-0.8680136886125387,-0.5373645753217862,0.9548401676046632,-1.0565806024230968,-0.502929267852618,-0.9221632283378924,-0.9354944458203491
FTLDJPRFCGDUFH,1.3766297230030644,0.23845388327502876,-2.508419146275363,-0.4087659755392779,0.6253712820884963,0.09585297869063701,-1.5087112693341587,-0.6817325834755555,-1.9593027276303914,-0.6459049921586011,-0.8103487883588979,-0.7798826787510649
FTSUPYGMFAPCFZ,1.3558377606229697,0.3311163306396176,-2.1650612995552354,-0.32164482773421116,0.6588662302620305,0.21547393324154945,-1.5960030143930681,-0.8314050725247999,-1.938793226928266,-0.6463919194942422,-0.7366744575298314,-0.7848292757570684
FUBVWMNBEHXPSU,1.3446719704959118,0.476961998236652,-2.9227945773618966,-0.3910535163957853,0.6665739143780363,0.3815080701013612,-1.4886857658563677,-0.840845277178563,-2.156874846840778,-0.6538937301061292,-0.8838402733847606,-0.9076069267694193
FUSNMLFNXJSCDI,-1.0662264293137953,-3.240559372526716,0.6530503066896381,-0.019974687215807252,-0.15922142026020447,-0.8513789070149043,-1.388655253743859,0.037943742597034466,-0.8124397176053862,-0.5478793223369235,0.4646592909120949,-0.6959579552781557
FVNFBBAOMBJTST,-1.336979719832249,-3.3663100725295085,-0.37996180789448125,-0.16497652088592024,-0.31026672283397355,-1.2142353054546464,-1.5693023835297835,-0.7440309860689442,-1.2937850051146516,-0.5547399117819719,-0.7037968680518355,-0.9291578831984368
FYPMFJGVHOHGLL,-1.3344183845644961,-3.3560444183880254,-0.6199063062896217,-0.06518453768410003,-0.2045922085954907,-1.2743929580769773,-1.6576699841035416,-0.9493273862803466,-1.4401429933354382,-0.5706181153418549,-0.7717103057411049,-1.0727118386199297
FZSPJBYOKQPKCD,-0.9381086374395105,-2.6189195503465443,-1.2997680429468592,-0.741267819970634,0.524399008195175,-0.7354071626854107,-1.5151380141532447,-0.4322260439977306,-1.6089962407374783,-0.5611453093202455,-0.26206220226700505,-0.6451976363298995
GAGWJHPBXLXJQN,-1.2280666859064509,-2.5102882117558756,-0.46535640134848577,0.08346721089840393,0.39341091024026764,-0.2951175638966978,-0.7785342998570889,-0.1799718643947718,-1.7257501526460004,-0.5333777042659393,-0.005158449290403807,-0.5045734456753624
GAOZTHIDHYLHMS,-1.0499036765278602,-2.3987696975933965,-0.9729925886575534,0.06727982134096001,0.5937693055458656,-0.431642687019564,-1.4122795020138363,-0.0471627495047695,-2.0101297648970116,-0.5161885294143274,0.16491241598680217,-0.35221151467769557
GBABOYUKABKIAF,-1.2877514276851676,-3.350986767385228,-0.5748269171785728,-0.11371862253079607,0.42350430609494477,-1.1186407757131211,-1.7972560168375193,-0.2757022650260811,-1.6859637893872113,-0.48568400292734604,0.434058209787594,-0.819027898927209
GBBSUAFBMRNDJC,-1.2824960911276786,-3.1891605644258276,-0.8533309424741062,0.014710453181605609,0.47907990554048807,-1.0355750301598838,-1.485369273068951,-0.07081513097184987,-1.4681210823766337,-0.47371200727691853,0.31543416118756684,-0.7146601024023279
GBXSMTUPTTWBMN,-1.284773029685025,-3.446115946678436,-1.0987418603097074,-0.5187592741784826,0.11927222365630118,-1.149674027940041,-1.8135192095480304,-0.6748924526109479,-1.6924380037703892,-0.5142462845352775,-0.4861304510824149,-0.9899520549360652
GCKMFJBGXUYNAG,-1.0390415502178985,-3.4426237947090206,-1.2170175598866844,-1.0894765334990395,-1.1180363487958003,-1.2032883817329931,-1.4353535765353564,-1.6078874158320322,-0.770634180617957,-0.7553160046013944,-1.9951840448602913,-0.45771720525257015
GCTFWCDSFPMHHS,-1.0611507935446138,-3.2323459983226366,-0.6688485392258092,-1.0839321676066938,-1.0459738325548797,-0.8971259762641408,-1.4962486477308128,-1.7027358290667234,-0.8547483986067403,-0.7884107329435385,-2.6266430632455138,-0.5705550438673052
GCUCIFQCGJIRNT,-1.1192523973071347,-2.971796956273614,-0.3195873625488253,-1.1738378934249283,-1.3055471584366172,-0.9752066172759928,-1.3367068760534375,-1.8710100071497298,-1.752665199784015,-0.7991858199389349,-2.646368223219465,-1.5076832437017647
GDLBFKVLRPITMI,-0.9300355768557198,-2.7057335106316285,-1.0516274717627663,-0.2776964155124355,0.06498694779512214,-0.9749607891156935,-1.6260844045183998,0.2439252281760534,-1.8086846317413332,-0.597131740164134,0.13054611895639132,0.1503506880839245
GDLIGKIOYRNHDA,-0.8673366284528562,-3.0697287358704135,0.1830837049339238,-0.8921739066353038,-0.4699979655043316,-0.7561364951975567,-1.6829747374370427,0.37957422525704604,-1.4587501240750242,-0.5969376048038262,0.7118191744267731,-0.29119973950376876
GECHUMIMRBOMGK,-0.9085491603107203,-2.6340360897219264,-0.9372233038528969,-0.5453680798379634,-0.4136974042511591,-0.8606867272695957,-1.6309293317063291,0.2962905022078733,-1.5027292767437148,-0.587401098430655,0.7992540264517856,-0.12219104556855884
GFBKORZTTCHDGY,-1.1157098380597683,-2.651718911246235,-1.677017948052618,-0.6821645090310996,-1.3068843285849006,-1.1244199851484844,-1.4735154722310662,-1.6864822364471834,-1.5139074279231453,-0.7441042180357904,-2.416829629978582,-1.057242522748604
GFMMXOIFOQCCGU,-0.7844073956009318,-2.6327456608576196,-2.078014360705845,-0.5589361221995655,-0.9959175913596878,-0.8529970900966801,-1.5401194219997834,-1.8733737101473076,-1.61326705660035,-0.6999374153602469,-2.163147030289489,0.21655645656474556
GFNANZIMVAIWHM,-1.232566559471691,-3.3400186374811223,-1.7733738958411305,-1.3368647826782667,-1.1554032996848387,-0.9215783690285267,-1.752657083026125,-1.6796739685574147,-2.0257509769335327,-0.768425851217269,-2.2698672723626108,-0.7834328440767051
GFRUPHOKLBPHTQ,-1.0312792768924777,-2.958762879598237,-0.9546925469696461,-0.6736824317413365,-0.41733182623912474,-0.8662786946905934,-1.3605010104397652,-0.12919457952113872,-1.5027586038449627,-0.5718080176137779,0.05996896480671693,-0.7700055067808692
GGALEXMXDMUMDM,-1.2765668619504624,-3.4223039659051384,-1.525152841203464,-0.8801542799880258,-0.14965394366470805,-0.826185557056833,-1.4468504642293536,-0.1874473391246767,-2.006111918407254,-0.6005017793434622,-0.4998937693595944,-1.1518730424443238
GGUSQTSTQSHJAH,-1.0086442228986718,-3.268299904981916,-1.556480330625711,-0.8059077537032442,0.14109329401488985,-0.7129577074174284,-1.7125638607170657,-0.1205379069489095,-1.7033336463902737,-0.5447062948309395,-0.32884947468401143,-1.1085922668367503
GGXKWVWZWMLJEH,-1.1562765392032948,-3.372241973186702,-1.3702480721827244,-1.0661774911781507,-0.9544142103629583,-1.0537104975623441,-1.4785377603593726,-2.027962812703077,-0.4592844100141372,-0.7657782563908382,-1.7679520218334601,-0.4751742562693182
GGXMRPUKBWXVHE,-1.0691048131092584,-2.4498634252834646,-1.2817368700794685,-0.06296723529998632,-0.8121079425716321,-0.9470818222537034,-1.2038702059494693,-1.0991333408766728,-1.3930401271894621,-0.6490881088620734,-1.7987516273036421,-0.23155449864049527
GHASVSINZRGABV,-0.8267805208635791,-3.178908462748493,-1.436247403663847,-0.9116881340557853,-0.9123939339632527,-1.0505589304818612,-1.4193874293754154,-1.9972996124729006,-1.2417322117865066,-0.6857363147002131,-1.9124677186361372,0.11012681976803906
GHOSNRCGJFBJIB,-1.1176017882228588,-3.3533076054954223,-1.581915333061662,-0.6613484754214615,0.052950680638669506,-0.8457609527311339,-1.7040802822068546,-0.3070839675905965,-1.6264330568188488,-0.5788803792227446,-0.6244344057067912,-1.1880265861347201
GHXZTYHSJHQHIJ,-1.2543401441941047,-2.9912204184008124,-0.9316654403491604,-1.0504009961835248,-0.9223982740308803,-1.2890812950962003,-1.6411669779429423,-0.4840716088254484,-1.8203328594871917,-0.6041999597024171,-1.3965811248787514,-1.0683102522387018
GIIZNNXWQWCKIB,-1.1032643106480724,-2.82715369761573,-1.7599909553158564,-0.8370677357668361,-0.20385959143924803,-0.9616329209820655,-1.2010559319560425,-0.7384769312259918,-1.5419926241237623,-0.6384641528000808,-1.125647832005864,-1.1811021875973335
GIJXKZJWITVLHI,-1.219794147849135,-3.205124378961953,-1.566552653496646,-0.9935199556042071,-0.36514125451218504,-0.7012639140516891,-1.7092151206055046,-0.260549647897195,-1.791643470202593,-0.6380683015441881,0.22347596903073863,-1.011599043216927
GJJFMKBJSRMPLA,-1.2406755892252737,-3.214340867194169,-1.038662774304105,-0.7315409792519189,0.040127862975632124,-0.59622726012155,-1.7472156616699457,0.39539287228749787,-1.6095004891573752,-0.45726392168515906,-0.4056762296544837,-0.9110216458769876
GJPICJJJRGTNOD,-1.1345212167139285,-3.2575676917376777,-1.7177500217317,-0.5858330942076447,0.23411629619162702,-0.8226268255603638,-1.8128246291090506,-0.15987882343724202,-1.6921070546855668,-0.5616721191246683,0.24734699919414296,-1.1505350144850937
GJQPMPFPNINLKP,-0.6114358917533876,0.30684655477771805,-3.060200625759602,-0.0654459740647256,0.5654727149607034,0.28846449241005934,-1.239369966323038,-0.5440571156572648,-2.043295753924038,-0.620468121198534,-0.9716393408158395,-0.8325337692206929
GJSURZIOUXUGAL,-0.6332995091853718,0.2853151486263252,-2.8884556653027755,0.0343500470558977,0.48640285688813006,0.2879170113824147,-1.2994780330088773,-0.4206200616163808,-1.9285851636084523,-0.6208942259576605,-0.9251667158675408,-0.5788804438741915
GKCBAIGFKIBETG,-0.5374903187069504,-0.4485602888057435,-2.7442904137958957,-0.22154055082259266,0.4817768771636569,0.34158915344967894,-1.1750141606077837,-0.4922437560038839,-2.1002475486033267,-0.6043022674806922,0.25140910640949027,-0.6692619651167818
GKIRPKYJQBWNGO,-0.7265686994037085,-2.5592229060050187,-2.0880608941096024,-0.5222732118559377,-0.11358781586883628,-0.8244141715032112,-1.7035757587698146,-0.9526256533639204,-2.0181614523961464,-0.5141276437462361,-0.5564882505180431,-1.1923137694830148
GKNPSSNBBWDAGH,-0.527984293545738,-1.271722205338813,-2.3433057789039595,-0.6701930413949453,-0.19216643932267607,-0.983579275704298,-1.5234323914645302,-0.7600665889453699,-2.1257269071846583,-0.5775508166176448,-0.6856241302484064,-1.3005708288897055
GKTWGGQPFAXNFI,-0.6566183354900107,-2.927390873265173,-1.3746021366893448,-0.44543943283846166,-0.005647286880054039,-0.5539441157145111,-1.57828464436389,-0.9125844686085534,-1.6069652771540028,-0.5538085636301454,-0.37727189414782447,-0.8035486525453535
GLVAUDGFNGKCSF,-1.2727128693636103,-2.1436610524935933,-2.3253488041270014,-0.3431575913672548,-0.42784896557703195,-0.6599379026171067,-1.7805249485040886,0.3007696276418018,-1.1702384232711767,-0.4910048147049467,0.26347558100693663,-0.5285308090400551
GMHKMTDVRCWUDX,-1.2757031362108304,-2.691652352267105,-2.0744850071194096,-0.15971012796209919,-0.2553104790481935,-0.660337457165229,-1.7453018230863973,0.24222848405474062,-0.8551002256267338,-0.4420232444863307,0.5518846198807164,-0.18670375425870883
GMRQFYUYWCNGIN,-1.2176337264673511,-1.3112965249413064,-2.040981193394317,-0.20305637406814936,-0.26324229494237994,-0.5739235698275915,-1.6409914733942077,0.17398248840362063,-0.9579383739599151,-0.44345355949679316,0.3837952734297603,-0.3526835022098917
GMVPRGQOIOIIMI,-0.9917892833755196,-2.790932634103667,-1.495235223051083,-0.695752894581688,-0.8648108878947565,-0.6999513674835128,-1.6689327394157023,-0.3832668958538085,-2.143989234174574,-0.5325821158952636,-0.7292094051438741,-0.6757186750840988
GMZVRMREEHBGGF,-1.1816187008220504,-1.9569947607829479,-0.6881274114710586,-0.19948245400840758,-0.09404294523084467,-0.5709104820294802,-1.3906077009385953,0.23536537450644981,-1.7548048400918583,-0.49545189202514894,-0.5288115920800209,-0.6271389999588111
GNUXVOXXWGNPIV,-1.2123968855897072,-2.4824872142979877,-0.4398618174708259,-0.4967462912547066,-0.029237743664959636,-0.5324804792055301,-1.5202947980367847,0.36852900623520585,-1.9253364292702928,-0.490379771043942,-0.223674284831037,-0.6966290147862397
GNXFOGHNGIVQEH,-0.6882504636618212,-2.9040561310123616,-0.5141011513692237,-0.647284747598971,-0.06940547874723633,-1.0713977315504692,-1.6932489025595538,-0.9859550478827723,-1.6276359809436076,-0.5306915769110319,-0.47957816965110417,-1.1335934595256854
GOEMGAFJFRBGGG,0.019649355756913886,-2.415598724943937,-1.8224772462803247,-0.8066676241699153,-0.02755554023051938,-1.1194320308941397,-1.774432379573072,-1.2330749184308025,-1.8537254771237979,-0.6682522022562403,-1.0365179104059257,-1.136113910559157
GOTYRUGSSMKFNF,-1.1567473886373274,-3.231604877274898,-1.6927126411799969,-0.4821511801985104,0.10993055157071016,-0.34119565845559185,-1.730231764874824,-0.3240346974504563,-2.164540304920298,-0.5024842170450823,-0.26766508378083015,-0.8539151736806008
GPRBEKHLDVQUJE,-0.4239512573978818,-3.0302476720087608,-2.5488518657495844,-0.46761511837792047,0.5187222774096812,-0.37317361788502645,-1.785004439485633,-1.181162680874588,-2.059152205043944,-0.5225134998239594,-1.128754581369806,-1.495976955792936
GPXLMGHLHQJAGZ,-0.5866796424066041,-3.483599874529345,-2.492881699625241,-0.8533643584113403,0.011010847470813151,-0.746133889171447,-1.7922080304018118,-1.6836327572594814,-1.9265255596677342,-0.6056765742185232,-1.715227120515171,-1.7082927520090194
GQGRDYWMOPRROR,-0.33326164480971876,-3.548109386644993,-2.476331521290046,-0.891078816447078,-0.439490227321346,-0.7258530511236431,-1.7817937546988494,-1.6322031119523044,-1.5438769117007047,-0.595502835890534,-1.6631182111976854,-1.7076063210422288
GSDSWSVVBLHKDQ,-0.019573218918228594,-0.4464171368313635,-2.208924943336557,-0.44288987767891264,0.8271633265312255,-0.01558613594151228,-1.5893200832690804,0.04463707324872088,-1.5593465023252961,-0.47150451186792797,0.943663662683509,-0.7722503526082507
GSNHKUDZZFZSJB,-0.260929513991857,-1.0291786466907618,-2.511578778289838,-0.534051717120532,0.8608503526326576,0.12451000825168086,-1.584393063845135,-0.21823725807823735,-2.144640143279926,-0.5000697107403839,0.9401470847147162,-1.1156879751073716
GSNOZLZNQMLSKJ,-0.04614385011518758,-0.5348483853880633,-2.665617467977208,-0.5576037291572111,0.7593075670525941,-0.04107563252512098,-1.6353765402440723,-0.40708249369523614,-2.1138699022414724,-0.5111667551888042,0.7910188158276423,-1.0004524211179826
GSVQIUGOUKJHRC,-1.0389745479981087,-2.5164124326422583,0.06724590770980347,-0.28256888919277,0.6015814263644533,-0.4345211159448989,-0.5245251087040947,0.39858688193053127,-1.1432450188399987,-0.4467002571875014,1.5044790078370984,0.18308225348558543
GSYQNAMOFFWAPF,-0.9233203833293753,-2.623118481797612,-0.5408249245729388,-0.7601425352293321,0.5351244194732111,-0.2611663059847904,-0.5296430833109518,0.40049173951838546,-0.8659128986755689,0.13688872003552985,1.317990119097576,-0.07116712861244177
GUCKKCMJTSNWCU,-1.0098495986261535,-2.8356536888440127,-0.5189707359938202,-0.7874850325372019,0.33269697211315635,-0.2220912393905407,-0.40994007853306985,0.45695028225442724,-0.9302766537299387,0.02508899967292232,0.5027652660851794,-0.2657805723032324
GUDVQJXODNJRIJ,-1.173096972744106,-2.826659461968164,-0.07848249423693167,0.07851683086051005,0.3002266841689633,-0.6266504143747416,-1.7008289123020264,0.018110353013312784,-1.7990245878695001,-0.44475145333406135,0.10996044547766463,-0.41151249359820313
GUGOEEXESWIERI,-1.1360139503659339,-1.7644811935347664,-0.5695604031953947,-0.03818233698111049,0.1622205203478977,-0.4483350551580658,-1.7232877004455323,0.6758387930640303,-2.062098771683594,-0.5159755445681071,1.0011247868230435,-0.4604669848484511
GUHPRPJDBZHYCJ,-0.9012911331211813,-2.9262899631803667,-0.4460572203673797,-0.3264579856370589,0.12634445632616953,-0.7190198540086236,-0.9365818326226867,0.2263993925594609,-1.4362768111016395,-0.5760305583974233,0.7985090019612779,-0.41922030152596323
GUJRSXAPGDDABA,-0.8474509743628875,-2.4056236209638664,-0.7651398735251552,-0.23526834836695432,0.10555430740702883,-0.46685613586669966,-0.4226454653553839,0.2537091763899676,-1.6630853561176349,-0.4956486722199134,-0.12856091422667376,-0.6196528017667304
GVEAYVLWDAFXET,0.9657681506173679,0.21426785214585672,-2.2984832777318656,0.2991041163703736,0.538079329588244,-0.001287769704224121,-1.405565844347891,-0.6085866034346599,-0.9395240618917886,-0.6219861714802255,-0.9907777092050039,0.30615057848939975
GVJHHUAWPYXKBD,0.9771278154361889,-0.025402093825564222,-2.1005541107204584,0.31731251891946594,0.6056909916830995,0.06405942758324458,-1.5293934741828776,-0.518330002421317,-0.9402391940429896,-0.6056089301000716,-0.8662475784194547,0.31543498314173773
GWOFUCIGLDBNKM,1.074850977926542,1.510762725353723,-2.992771813482175,-0.5643801260215349,1.3165815034030184,0.18291055149157417,-1.8370090586402419,-0.0644617580559054,-2.703314026760324,-0.6066301562204216,-0.9890114630333131,-1.310377903210291
GWUSZQUVEVMBPI,1.1021703199815092,1.6904061167297573,-3.1331653310924956,-0.6721581455285739,1.5525076188034883,0.2146143363933291,-1.840848583142038,-0.01579678124432448,-2.829669519986717,-0.6013135438982982,-0.9672983441759168,-1.4011044525848357
GXDALQBWZGODGZ,-0.9143120042219597,-2.686608528294941,-1.5830640307524366,-1.1261457228189193,-0.7748082247326522,-0.6356999725524295,-1.3577181468852366,0.09044041672976993,-1.0813882998561415,-0.5871749223246513,-2.076469834192007,-0.12629443900368878
GXFAIFRPOKBQRV,-0.7885875880546926,-2.934664668786951,-1.9549517276111814,-1.0078577024946158,-0.8393781897765438,-0.83295140927843,-1.511420072762171,-0.002341241713897009,-1.6220334370243117,-0.6525243009275773,-2.2805748461210262,-0.31518098201186695
GYDJEQRTZSCIOI,-1.3560143140538161,-3.2159907547908073,0.4938582528854739,-0.5960018233193249,-0.3558899748709336,-1.0622476069964515,-1.5836805047749676,-0.46230324304423687,-1.7629784774287236,-0.5575093161660891,0.10789614108643562,-0.5046272269951704
GZHFODJQISUKAY,-1.3782179860501897,-3.1470490528251065,-0.44599650345240216,-0.6190968010730413,-0.22527715358086844,-1.1163408295387982,-1.515791381928716,-0.035171021168386954,-1.8900627370674292,-0.6065866309514406,-0.056529728156005335,-0.7443738879443405
GZKLJWGUPQBVJQ,-1.075027934829991,-2.5159493794745384,-0.5418737531143796,-0.17951704806679758,0.21153132250171341,-0.9485545887392246,-1.661674487113724,0.6895042229719118,-2.0412279829207707,-0.4741349563511621,0.9029131931505999,-0.6648947954915868
GZSOSUNBTXMUFQ,-0.9798346468284593,-2.4738059825713563,-1.1853951646603387,0.0465548061511947,-0.4121817206331593,-0.8981578334370679,-1.6336057129231356,0.35432883016841643,-2.0660631663134432,-0.512365976835599,0.5065235496018679,-0.5848679375580405
GZUITABIAKMVPG,-1.1187917415016533,-3.108038491747558,-0.0031638119618155203,-0.9240687230585626,-0.2763306635806146,-0.5103554883733169,-1.1721556539308702,0.2392336349011001,-1.1742802679474253,-0.580056765475131,-0.797119916382973,-0.6773875745808446
HAPOVYFOVVWLRS,-1.2152097196098492,-3.2347176438937564,0.10916885389497413,-0.7953313208371791,-0.10083134803724675,-0.8900093339032803,-1.503129681889041,0.03434363766665799,-1.2198976684729748,-0.5027162280105533,0.5403074498053263,-0.8175599766589545
HBBVCKCCQCQCTJ,-0.48307965696528365,-1.076356351819557,-3.99309474808923,-0.7726110760285666,-0.447578521309438,-0.2968267192250863,-1.4540512464350999,-0.7281008327935379,-2.0359787604936512,-0.6252472110446812,-1.293972055731779,-1.2052933124304372
HBNPJJILLOYFJU,-0.5594864282970666,-2.259767698381174,-3.9907199009311904,-0.7363927369941492,-0.5232321094753658,-0.33730299687293164,-1.4704363127492575,-0.8758312533503405,-2.200974075320396,-0.5629730047511556,-0.39075284948325467,-1.287054890539987
HBOMLICNUCNMMY,-1.2185711924748541,-3.0183218118077777,-1.713986757380245,-0.8705665632855452,-0.5975417092771664,-0.8679733548291525,-1.6759984845367915,-0.9247471037508141,-1.899393527798262,-0.6807762723356685,-1.2886164185207571,-0.7402897871933919
HBPDKDSFLXWOAE,-1.2903189946764666,-3.114633060092416,-1.9185320447661764,-0.8936794771311227,-0.569924246986387,-0.9728052018782519,-1.6868445595982244,-0.9685390801518019,-2.004702302993582,-0.6982823726162487,-1.239980579463535,-0.8628664686208223
HBUBKKRHXORPQB,-0.7503265805208337,-1.4843507934617517,-1.2030002506842303,-0.3810875245491722,-0.05222810079223843,-0.649986820381576,-1.5544567283603903,-0.23971165755916246,-1.558515167767424,-0.5116331416952782,-1.1826709710755787,-0.5389817589367214
HCFDWZZGGLSKEP,-0.8263807873044311,-1.7974613381107303,-1.1811755384113192,-0.15230114304362458,0.10447556427623747,-0.912092274967323,-1.2791093677177097,-0.5359516354542097,-1.5727942202787348,-0.5552794540933249,-1.225464369047836,-0.6855918333741738
HCIBTBXNLVOFER,-1.184605893391651,-3.1306901554628377,0.6623785377441833,-0.7527352132028392,0.012839314882891056,-0.7272248489947466,-1.7230016952145832,0.43162376908483696,-1.4005236280150315,-0.518295090775654,0.47422626200398543,-0.880617983354081
HCRKCZRJWPKOAR,-1.3135535531553695,-2.972341489423667,1.8965037668591689,-0.5625239607286121,-0.1556492634359984,-0.4579377136119053,-1.560579531070001,0.5656478305957724,-1.3999752547519286,-0.4580923749828488,0.5406146356204558,-0.5698315014260041
HCYAFALTSJYZDH,-1.0933537101309077,-3.37625662977837,-1.7841780860640244,-1.0526886521932362,-1.28599497579742,-0.7786410285647856,-1.3198281140159311,-2.284133369677515,-1.5333009100237422,-0.7551012986663896,-1.812500075760453,-0.2009608840296677
HCYFGRCYSCXKNQ,-0.9889692855331889,-3.1548558824004664,-1.6691426945785164,-0.9701912236170722,-1.23923212034444,-0.8924130280010364,-1.2047526135300366,-2.13189358717738,-1.5126584016452445,-0.7034592128701485,-2.048046777130631,-0.022283765060298326
HDACQVRGBOVJII,-1.1374092165863512,-2.7058658403614873,-1.097398776835658,0.03030058093230837,0.20491908527117125,-0.8031934496664922,-1.3513330979415734,0.5963498435904737,-1.6470966374158287,-0.5052990605575731,0.924522013807857,-0.7560039757832073
HDDNYFLPWFSBLN,-0.9156816929349364,-2.6697421776358783,-0.9286665535973897,-0.4643003773621872,0.22142593762962473,-0.8820608939403405,-1.4000091351818893,0.37279522320464553,-1.5115708254440592,-0.5104548118798364,-0.11883937324359298,-0.8196060916452701
HDDSHPAODJUKPD,-0.6555456143573262,-2.360589792149234,-1.164813366986532,-0.07500697116520114,0.18217173061187864,-0.900158919146582,-1.2379836563668887,0.6376672998891518,-1.6205827357391578,-0.48131176434186734,-0.04243124851953675,-0.35468577144594515
HDOVUKNUBWVHOX,-0.6086549535845851,-2.1898222351213192,-1.3530254723869626,0.04709107984401501,-0.028043647554354144,-0.9340600224984115,-1.3845833336386755,0.6646948860208302,-1.4887236322211772,-0.5001665711942587,0.33729373447201516,-0.1351643704463507
HDWIHXWEUNVBIY,-1.1768437328473949,-2.902465668242691,-0.49424571631066405,-0.20814468145868595,-0.010042394157883005,-0.9349269046369528,-1.6111902293368956,0.47974045274545685,-1.7719841638131186,-0.387533353855944,0.7300532971700044,-0.6253266332030448
HEFNNWSXXWATRW,-1.0117652733886144,-2.8847439261909207,-0.5293963609843727,-0.3265658331141719,-0.15901906852795017,-0.8927438553124463,-1.645622299037076,0.6343570820661807,-1.8224734389654826,-0.372320824213125,-0.3706533215909513,-0.6084270191921759
HEMJJKBWTPKOJG,-0.8669744317906285,-0.9272315613484383,-1.529449798016117,-0.66021514731314,-0.05942662424400262,-0.4885477826732907,-1.343199740349234,-0.5984061193372208,-2.003455388468259,-0.5330364589957223,-0.023719361986117085,-0.4464713092899264
HGBLNBBNRORJKI,-0.8107208623477591,-1.1836904545614253,-1.4592219819913113,-0.6552385370874491,-0.050455512822001974,-0.4806839753175854,-1.2797696723475385,-0.6032153623629233,-1.9088508481285769,-0.5163197306139475,-1.1267403361183757,-0.24050420569551498
HHJUWIANJFBDHT,-0.9741747931979565,-2.126153720629709,-0.5580818897403999,-0.20277440755361442,-0.12184314197059341,-0.38451102692052086,-1.0475978965762136,-0.3041398635354945,-1.5978642803345662,-0.5217666359989704,1.508089749293683,-0.7848130301558938
HIFJCPQKFCZDDL,-0.830119078252415,-2.983730817231541,-0.23449739796134678,-0.3683094698679257,-0.5859104323539231,-0.6874433492979017,-1.3633024462649606,0.0014880004290492794,-1.5909737297631223,-0.5712180127974795,1.3204044438178355,-0.7911835668564227
HJLSLZFTEKNLFI,1.3686992357285834,0.8000703242337674,-3.106849915731307,-0.8924066567465947,1.2268234958785567,0.169947766123946,-1.7025697116001433,-0.807491654674314,-2.6285830522062903,-0.6408797465600947,-1.3535277827863874,-1.48317358501067
HJMQDJPMQIHLPB,1.273841871416366,0.8710250444358462,-3.048125381063867,-0.8996081264545028,0.9147580620882233,0.11900465157589075,-1.6958346513258098,-0.6707444067024696,-2.376929815139624,-0.636471914988892,-1.1747012941503037,-1.3807378393749532
HJORMJIFDVBMOB,-0.41815840199849114,-1.6696287484565064,-1.8857302503563278,-0.3865261819759159,0.02708597663132387,-0.8068430832582641,-1.532775220968653,-0.2273519582159625,-2.167865991318475,-0.5076377763559238,0.7998864855091168,-0.7270861812586715
HKXBNHCUPKIYDM,-0.33978069954744855,-2.4274838194728905,-1.7351479118614697,-0.5930836989063415,0.025113293068156448,-0.7620435204245815,-1.5846820417215346,-0.3224208380378846,-2.190278515859097,-0.5306906457855481,0.5659060233989204,-0.7686877024970883
HLFSDGLLUJUHTE,-1.250790358698512,-2.8024844034359035,0.3927487882016618,-0.4804312379221602,0.28176570473674856,-0.1694518338312998,-1.4200169818018542,0.307639937404493,-1.3894477480005567,-0.15409263330963763,0.5465985116567521,-0.04197519934673287
HLVVITIHAZBPKB,-1.1909947695327654,-2.7194719002412318,0.19012507120190975,-0.20385615855409517,0.40588844939857827,-0.2875897812738744,-1.3937087221575466,0.6614749827966622,-0.8402323478923626,-0.21328004236417628,1.696504767948337,0.15735369224183257
HNJJXZKZRAWDPF,-1.1245016448453509,-2.4487863716707374,-1.708535421162521,-1.1088454277815607,-1.0649407787104215,-0.9526180734740513,-1.437213180004432,-1.203625378934594,-2.1012500431850754,-0.6359636341713508,-1.3334792088945604,-0.7776522711364869
HOGVTUZUJGHKPL,-1.118409211339948,-3.0617269053617853,-1.8718551401766599,-1.3279611283233979,-1.058763505155523,-0.7693146229523954,-1.4714741214379368,-0.7435341650976598,-1.9656644706548791,-0.5959655705613507,-1.3191958497029028,-0.8285969140207615
HOMGKSMUEGBAAB,-1.3185205414526455,-2.977834603832818,0.525322882955122,-0.04800958489269085,0.06876658968565075,-0.699190407028717,-1.2341075784933255,-0.22288504120603472,-1.3070226012931518,-0.47441589033554954,-0.08271336794893162,-0.69148174487354
HPHUVLMMVZITSG,-1.0323240196653778,-2.923930642081104,0.2318299659285448,-0.2399786298962182,0.16323464210979727,-0.7056372802897297,-1.2563960432623265,-0.5324606389301346,-1.117244641872459,-0.4995611779531397,-0.2704325895047814,-0.6075463835431487
HPJKCIUCZWXJDR,-1.322723299589968,-3.3811963341722464,-0.4269503439170885,-0.41122836953906744,-0.9127368847053449,-1.12981693458122,-1.6028681915149818,-1.2276893587194628,-1.5255758355141873,-0.5952677538730534,-0.8211270790468361,-1.171447714792147
HPMRFMKYPGXPEP,-1.3173363437702703,-3.4597918456571644,-1.1684600107027627,-0.6914178773901558,-0.8472723387310338,-1.049085776220057,-1.6763671436723824,-1.4656298310688718,-1.9998596277760063,-0.6812799303968239,-1.5460749185278582,-1.2928620937078814
HPNSFSBZBAHARI,-1.3756419075909565,-3.4591723283474014,-0.47854315362504873,-0.8047840292365479,-1.1410373276468346,-1.1267527574935952,-1.5526162936585004,-1.673754810775146,-2.0435338402487297,-0.6419245315578475,-1.6141245846254089,-1.6803831109858336
HQFWVSGBVLEQGA,-1.2693604877980031,-3.4984073655756815,-0.13158213706948996,-1.043578722110635,-1.3837421678326445,-1.135251565932985,-1.6041865262926858,-1.3928259430653676,-2.0690351488552876,-0.614122899181311,-0.9256075492846569,-1.6323046286696472
HQMNCQVAMBCHCO,-1.0012019442770266,-2.251160840388404,-0.5381337139598266,-0.811073341980381,0.080744894188715,-0.12703642390994377,-0.504868681221083,0.7074363964568765,-0.8062319361437271,-0.44599252800547895,0.044019427391945365,-0.05305307820829672
HRRBJVNMSRJFHQ,-0.9996205100880549,-2.8533151032093906,-0.5232422685682092,-0.6915464347853079,0.456842098477257,-0.39161704287460486,-0.42451422730025024,0.5803329839839376,-0.8703881707656911,0.010369108149886973,0.3351815756564965,-0.32584399745230996
HRSANNODOVBCST,-1.0362361916067058,-2.6387736597659934,-2.201074304619376,-1.0575842006411007,-0.8736013538763316,-1.0235930446129222,-1.6663683745943612,-0.8224924848931018,-2.4865998013025354,-0.6076360414099766,-1.576707184219072,-1.103254252369509
HSHGZXNAXBPPDL,-1.2327978207001113,-3.2573124664853177,-2.2878396509096177,-1.3354573589767316,-1.1026910027001826,-1.1335896428780186,-1.6997139424423098,-0.935958694410843,-2.4441497670772026,-0.692633776653235,-2.1465855054916783,-1.2173550671635418
HSHNITRMYYLLCV,-1.2067223385468266,-3.267536193359752,-2.586797515261758,-1.3986472736162694,-0.5764421221098377,-0.8717948976762131,-1.6652505992568893,-0.7267515111510984,-2.2264409942263557,-0.741368312803359,-2.054556924472301,-0.9552842145863765
HSMNQINEKMPTIC,-1.162812477635824,-3.1278068176542133,-2.603414733581806,-1.3091856215167383,-0.5276636965080272,-0.8527735070643931,-1.6980638869738127,-0.7160975469645716,-2.148266008242449,-0.7137012995157408,-1.8035235125271516,-0.7490548534985849
HSMPDPBYAYSOBC,1.4572820500714267,2.4195047298764147,-2.4961519967962866,-0.6633093583282443,1.3466911581978667,0.636863949524471,-1.6830219309794254,0.030108699625302656,-2.8451177288875704,-0.5987283771206194,-1.113741598025284,-1.3398872234435815
HSRJKNPTNIJEKV,1.3531147853072243,1.6152196257814009,-2.5385168682383554,-0.7927076189729158,0.8494528731153296,0.009633817054161381,-1.8099756673319773,-0.4770141880128197,-2.6803268622635805,-0.6089051777573127,-1.5038246846226968,-1.384307985869845
HSUGRBWQSSZJOP,-1.4088357260922955,-3.2670553302838536,-0.9792043090240835,0.11159889618762298,-0.8598891120806746,-0.6985141102652104,-1.2042575003510068,-0.18370114776069188,-1.8446704173453194,-0.6232490113604493,-1.17805700006574,-1.1912660982348815
HTGCJAAPDHZCHL,-1.1594334874634362,-3.198253278553941,-1.0799645574248469,0.2779383097109534,-0.13010920117757308,-0.6725558266960595,-1.186652944104197,-0.7512779724039469,-1.9029106402990876,-0.5797843359238217,-0.49625108612883273,-1.1680892110571994
HTQMVQVXFRQIKW,-1.1246117406160576,-3.178712321066954,-0.6392452941824192,-0.3840395535325089,-0.7173328658228986,-0.6697683315275702,-1.2987475346316728,-0.23642963730328834,-1.8598395298260004,-0.4993933786313981,-0.38518390333708996,-0.3170596649149379
HUCJFAOMUPXHDK,-1.1496947806404219,-3.1609327508078344,-0.770209921965538,-0.3933332060564955,-0.6741860245171506,-0.6727467677596262,-1.498327329251195,-0.29841582319794685,-1.8893782742657945,-0.5020780130340088,-0.2513504201697994,-0.34824318163196877
HUNIPYLVUPMFCZ,-1.3053494126892677,-3.166022497460238,-2.4626479736726035,-1.311735632168758,-0.7249753690954316,-1.0565404697392715,-1.5724556666649998,-1.674086102510392,-2.023421238720681,-0.8169885212073538,-1.8600748855298792,-0.9612930084627973
HUNXMJYCHXQEGX,-1.3420772213408223,-3.1866249614827526,-2.592019123468786,-0.9673257591512741,-0.6679643202662197,-0.9464996358640134,-1.5287636636723052,-1.5806380221929004,-2.042647188897962,-0.760674948745019,-1.646291697164429,-0.9298185687608009
HUPFGZXOMWLGNK,-0.9225978812050877,-1.815572550918501,-0.591993046859896,0.12292381712662627,-0.0041113851763806015,-0.6679283763971039,-0.2826456011436413,0.7964042815560932,-1.280155423789558,-0.32523354794489573,1.4461260279559423,0.17098295083888665
HVFLCNVBZFFHBT,-0.7939422617904612,-1.3695519999822237,-0.4399350505210729,-0.21024178969202292,0.5243528831291706,-0.3375510685227722,0.1309954173989054,1.0706614983065088,-0.9989203591982083,-0.04090996290738996,2.657957789035035,0.6081158447791462
HWHLPVGTWGOCJO,-0.6199030206846081,-1.1498079833926544,-1.8704574023860503,-0.7207173908238355,-0.07576245947996867,-0.7102211062764326,-1.131352791796722,-0.4760648924614219,-2.1364606037744904,-0.6506912955374223,-0.8006053680443238,-0.19457199290624025
HWVNEWGKWRGSRK,-0.5677077828220978,-1.4323937251457934,-1.5534135175011383,-0.7099833593016167,-0.15224637795987367,-0.7301541591404823,-1.2244445004106403,-0.5266411980691057,-2.0391561782954324,-0.6652927989267964,-0.9289373627505754,-0.33770673803897777
HWXIGFIVGWUZAO,-1.1920631974170197,-3.0261769109417163,0.6101574442706627,0.10779199100428397,0.053348613924280974,-0.8744670338307567,-1.6982579412247478,0.06430188185206515,-1.4233876016109615,-0.4325001014385932,-0.21879422520378317,-0.7406199684230008
HXCNRYXBZNHDNE,-1.1882806275371596,-2.765532098426318,-0.48813513218245885,-0.2753175802337201,-0.10020550056005478,-0.9069238980632377,-1.6183488792544436,-0.23549264933323422,-1.8868987226255887,-0.48555634294483013,-0.26557352636956444,-0.8449677018870947
HXGBXQDTNZMWGS,-1.0342999965485145,-3.0714125320549157,-2.031939868416858,-0.7221485868161868,0.25451511775986396,-0.9905774549268141,-1.8358671346057467,-0.15453486635972144,-1.8617974859081678,-0.5283103267009095,-0.657246726832061,-1.0602906473307945
HXHWSAZORRCQMX,-1.224400707145377,-2.938163552087839,-1.4562429156527548,0.15624711215960418,0.23673954159469945,-1.1109829322601155,-1.5765737676719065,0.07815817647166362,-2.298083004865561,-0.5061000043700312,0.4238345644293914,-0.9392786716741589
HXQVQGWHFRNKMS,-0.8272220875825902,-3.3026903909831855,-0.47632768924041863,0.21321673064196148,-0.5073783102135302,-0.9304058619238724,-1.3912229231985656,0.12175126423664567,-1.2921003960529436,-0.30084482557684733,-0.5552074721709482,-0.36858696380718275
HXYVTAGFYLMHSO,-0.49618890388408154,-3.4026364561953923,-1.4085389084546693,-1.3111159981230247,-1.1864998290327604,-0.8510988545532471,-1.3163189174540042,-0.7058130068364046,-1.4215113720716566,-0.5843723009195881,-1.4466520535373706,-1.2844941999472133
HYFHYPWGAURHIV,-0.19568096831795512,-2.200875607866352,-0.625044804738342,-0.820217070721232,0.5046576744985672,-0.5995692780522487,-1.8252250637558034,-0.43338295932599136,-2.431429133844513,-0.47838016068538747,-1.0080820810248816,-1.1454128053035382
HYPPXZBJBPSRLK,-0.3328196925181904,-2.381899800728191,-0.5225868033899707,-0.5547231793107019,0.4496999106836931,-0.7931428156415796,-1.8186517799942832,-0.3893326017793362,-2.26446443102792,-0.47100749877454706,-0.9841028438745654,-1.1211229620928638
HYWYRSMBCFDLJT,1.3365465572731277,0.74433735500081,-3.5627674914758423,-0.9889695974071951,0.7687015075392932,0.04891221261290414,-1.7191068033589598,-1.178528204324003,-2.775540437645735,-0.701049590766186,-1.6566638170660068,-1.4677201712251327
HYYBABOKPJLUIN,1.310918166621413,0.7469622510276205,-3.6414287117169164,-0.9762356316325573,0.9846674036375361,-0.13556700113003892,-1.7986502935549435,-0.7836454071441868,-2.835984756204301,-0.6926049691129981,-1.383091570761602,-1.5275735869603484
HZZVJAQRINQKSD,-1.3211039541900214,-1.612937096536845,0.0044425750523455765,-0.2426566257814686,0.3558662312900878,-0.5320896342002879,-1.5877059802104352,0.3900884203835208,-1.6508545515471962,-0.4445628568571667,1.7064598356415268,-0.6654678985345699
IAIWVQXQOWNYOU,-1.2918187245174424,-2.0723929378424746,-0.08807479227408564,-0.16028084340272267,0.3465294118139064,-0.5474862716981674,-1.6244156536639849,0.0911945676755175,-1.713198454287642,-0.45786673875257544,1.6773347218966006,-0.48933327136775173
IAKHMKGGTNLKSZ,-1.2829638744368357,-3.4479913807473945,-0.985504072984011,-0.70635099523084,-0.3431096410549784,-0.9663752471621112,-1.4855586341280032,-0.5473671943503716,-1.7401607835353388,-0.5301099721672627,0.6365486710598692,-0.9808660478764937
IAKOZHOLGAGEJT,-1.4509410939668923,-3.401741771327298,-0.695636663786384,-0.4329343269211294,-0.3533334338734854,-1.2968038949085303,-1.4952008533169991,0.052287358444661584,-2.0371264768363315,-0.41367350508813067,0.5392519403062532,-1.0170527410295458
IANQTJSKSUMEQM,-1.1237316097753247,-2.8117348677955665,0.2253271944194202,-0.37059659977616227,0.4828859774940635,-1.0905636609690774,-1.4023099296156558,0.47870737162241916,-1.517155056695937,-0.45122787282371357,0.2618390981165999,-0.6578104095727962
IAVUPMFITXYVAF,-1.351223059580439,-2.7183433596679234,0.8289615302887102,0.031093986437131953,0.8710812938038353,-0.553514194322154,-1.477373931298827,1.4477468800796036,-1.5787853849081817,-0.21219083646873255,1.6606087294512468,-0.23426088212566037
IBAQFPQHRJAVAV,-0.4065106491195227,-2.524702022111541,0.9826479498429095,-0.5593836713787601,-0.19826812104598446,-0.8433244144616834,-1.352007359488274,0.42280580961119835,-0.9511657208477565,-0.5403032940463454,-1.1714443819270464,0.18033130103515818
ICFJFFQQTFMIBG,-0.5593222099212057,-2.611191609827582,1.377509068368885,-0.6051616715029136,-0.4841052759488009,-0.9618156912157765,-1.30658996117562,-0.10782041544162553,-0.7908187634747373,-0.5856088359042698,-1.3951755166022948,-0.02800961085211324
ICKFFNBDFNZJSX,-0.7022758037513598,-1.941350672010152,-2.9635012506475786,-0.3644295249567565,-0.0624810988110677,-0.8008036845361097,-1.7543742307534562,-0.8850745007475764,-2.5692264768769766,-0.576030027551132,0.6038920110633239,-1.060296783526757
ICMGLRUYEQNHPF,-0.7488308591709181,-1.6640839651996573,-2.4340060636806626,-0.2024669619504684,0.2063527857126646,-0.8266756875091759,-1.767872906078499,-0.5628052118351496,-2.306767904745139,-0.5133751091306672,0.8924426923950846,-0.9695025038726812
IDCHQQSVJAAUQQ,-1.1051629677225856,-3.1803365007428077,-2.6373299374017787,-1.0608528314880479,0.08120039364126004,-1.0345475784359988,-1.704268117954129,-1.6792692653948837,-2.181227098837726,-0.6712726929132676,-1.3843096747468173,-1.2094422687529351
IDYZIJYBMGIQMJ,-1.0915754362558643,-3.195265085059367,-2.427299159148125,-1.0122224678803438,-0.045854435529242545,-1.0449960090608732,-1.6916391910812594,-1.7401502271120868,-2.1776213145941807,-0.6774884693084212,-1.0919396380956843,-1.2234092927288063
IEDVJHCEMCRBQM,0.5095597695479737,0.3365983182142757,-1.3918371509250584,-0.35151688839416867,-0.19580841823111367,-0.33415285380317833,-1.720992694617723,-0.24653503250703948,-1.0998342595980317,-0.5823422349394878,-0.07601201180932834,-0.06901261989456038
IEKOTSCYBBDIJC,0.35204308690420605,-0.17259457231558312,-1.138227583840808,-0.23496360401359384,-0.15505156239860574,-0.4163031689479713,-1.737041062163852,-0.255493315357152,-0.8519619883587362,-0.615230453159802,-0.10934569636349327,-0.0634992109395549
IENZQIKPVFGBNW,-0.9838077020165648,-3.084713491603167,-0.03507719911483102,-0.7833204624001776,0.2205216030916209,-0.6209318994691344,-0.5777942641711681,-0.5976189502445018,-1.2123622872395936,-0.4879192740979418,0.21903774434149714,-0.7368817658419454
IFFPICMESYHZPQ,-0.9360033092726943,-2.5319817887445084,-0.8153648299051881,-0.8934965348648163,-0.04843406762501416,-0.5591160564571168,-0.4667389001787142,-0.744226683325732,-1.458813601552423,-0.4794863314250941,-0.11363578879791895,-0.766116446833246
IIBYAHWJQTYFKB,-1.3060075838296021,-3.5727856137096663,-1.6303791078922698,-0.7189560168628428,-1.5430769969473483,-1.315247731027069,-1.5432956149325319,-1.9040130182622936,-2.236366318380469,-0.8309474981892202,-2.0057652146775795,-1.428025447355085
IISBACLAFKSPIT,-1.1699424224699069,-3.46872865285706,-0.9724653054154472,-1.1196454385915002,-1.1963073056631595,-1.076651986480447,-1.30565623516243,-1.332470879716058,-1.7801999814814833,-0.6747846167202017,-1.6179915030870002,-0.8606744152834869
IJHNSHDBIRRJRN,-1.422125954505572,-3.4921613255123973,-1.5534432461831231,-0.9657810991533549,-0.4973929406283946,-1.060403226970597,-1.7524817297768087,-1.6845765006545836,-2.2693428533441824,-0.7205644409041729,-1.111353069076716,-1.287475618984147
IKBKZGMPCYNSLU,-1.4261214603089858,-3.51263172138803,-1.6217009851196167,-0.9695782459252005,-0.16953510937750305,-1.0543937432844956,-1.6952805190756461,-0.5952416989501861,-2.2390091484836865,-0.685910488020627,-0.829834787510952,-1.3134006305039894
IKGXIBQEEMLURG,-0.03171126119977184,-1.2558579197672488,-0.9339251338330675,0.13560784625684086,-0.07607413379281103,-0.5551701525671391,-1.0054695812404848,-0.03949708535081713,-0.9386619744555202,-0.3481846680567948,0.22932435691177966,0.1350271160923352
IKQCSJBQLWJEPU,-0.09546948882365876,-1.3030854119379958,-1.1216862201738276,-0.09668967851915035,-0.11059369780866303,-0.541619838148157,-1.0150697609619692,-0.06812637199155208,-0.4176883348592657,-0.3126521313031652,0.23994903630806338,0.15262113901451632
ILNRQFBVVQUOLP,-1.00588558608991,-2.663950837536942,-0.5062172088818447,-0.484997015828683,-0.5491641702608896,-1.0680213623013346,-1.254812081848538,-0.34999970359752697,-1.2601049944765204,-0.5913043668478684,-1.2439848253263601,-0.5729880520856608
IMSSROKUHAOUJS,-1.0878380228823055,-2.9017486396184666,-0.5884402776193118,-0.6473288819593866,-0.4920512993790184,-1.087215344291198,-1.2897715560863494,-0.5889247218943546,-1.2749280552805482,-0.6143103260356723,-1.178043776759507,-0.7792589765481986
IMWZZHHPURKASS,1.1138338535394463,0.5930793031789849,-0.40411365798645604,-0.7728872040668086,1.3643966487444477,0.4394326412184535,-1.310719488483322,0.17388318484567408,-2.2366961815073974,-0.4845532065954777,0.9954448443466686,-1.0331438837754936
IMYZQPCYWPFTAG,0.8794778798078391,-0.20631886232618157,-0.8123498466697782,-0.8862948541196659,0.8733572890731199,0.39879529954170145,-1.1880553847321331,-0.11554804483005299,-2.380674670396603,-0.37513167319531204,-0.22158604914236113,-1.1038596990834795
IMZMKUWMOSJXDT,-1.2893614959455035,-2.666155498250496,-0.8400742660008083,-0.3911421759411782,-0.1902823233236136,-0.2491810093771353,-0.963638139059041,0.2370611988273691,-1.9230770647731878,-0.5200480329820739,0.24972615873827753,-0.593702475776111
INDBQLZJXZLFIT,-1.2664530046215623,-2.8383963416317886,-0.0598785325581192,-0.06984385040135357,0.13994433439701764,-0.44477943385484087,-1.2416296156485263,0.2615696647341439,-1.4742841849564692,-0.4397260218875867,1.607723223052941,0.08901619981014895
INJOMKTZOLKMBF,-1.280057871687456,-3.187531328391603,-1.6434804150734084,-0.3322258602405021,0.29806674407238787,-0.5110568379649094,-1.4266686542115625,-0.3763279716686916,-2.336570020399082,-0.5789398035188152,-0.8889761219452478,-0.9295448249882007
INWLQCZOYSRPNW,-1.2970133418353769,-3.380700789403199,-1.6871282468844826,-0.6124184596785892,0.2101120384572048,-0.5936850492903224,-1.6798487707053382,-0.9385217726606099,-2.2953836077692555,-0.6203651366233184,-1.300054475851087,-1.1162630899442785
IOVGROKTTNBUGK,-0.14628310267324493,-1.6190408785506198,-2.8734417820126357,-0.5808847650340654,0.040313874873576995,-0.2784769314506163,-1.3474810312756769,-0.10845834780007244,-1.7564083367495404,-0.4978512140844636,-1.3677206802913158,0.11733878190338747
IOYZYMQFUSNATM,-0.18940822368167778,-0.955358249169233,-2.5680472805226304,-1.1308427424594982,0.4527314249729971,-0.2832883035067614,-1.4149572563648174,0.21914935929370646,-1.6547393502688783,-0.5976994926038148,-1.5821289852011668,-0.37925334199386823
IPEHBUMCGVEMRF,-0.3898581122835146,-0.34995208293735713,-2.541443772619571,-0.39319568584177594,0.16343607241290684,-0.39145949561336074,-0.8093278088512866,-0.9006269834551008,-2.152453330810844,-0.5931051953242553,-1.4954585673729428,-0.5170415531788193
IPOKCKJONYRRHP,-0.5600890704217196,-1.2600918291923828,-1.9794423814891022,-0.4123762771652031,0.6140440395592639,-0.2954969009950139,-0.8921869665692781,-0.6315756461972052,-2.209683744661534,-0.5471617979084151,-0.9437098765688422,-0.45530520782101674
IPVQLZZIHOAWMC,-1.2109710763472992,-3.0329223803642824,-2.464161667635153,-1.1854279523850686,-0.6384220817269355,-0.9021636791157166,-1.785914693805304,-0.46921346231393324,-1.9797658296990182,-0.6823753857303163,-1.9364341621038736,-0.6450267498677021
IPWKIXLWTCNBKN,-1.1754860140377807,-2.8662816980020716,-2.340468279550282,-1.1593432036603522,-0.6376348087548511,-0.8192461397067033,-1.6462681704829123,0.034425141301487674,-1.7161209570333915,-0.6121224631833194,-1.6991589171559545,-0.4867058908752593
IQPSEEYGBUAQFF,-1.4435825121206238,-3.443190549103111,-1.004995015848679,-0.6057468380018977,-0.442256828131504,-0.5466635131040449,-1.6932143547212504,-0.6596056984265282,-2.2773967432674613,-0.5847899521984359,-0.5519771093843917,-1.0629115066066577
IRSCQMHQWWYFCW,-1.4758301784442753,-3.507054707137611,-1.130922856600796,-1.0414979585156294,-0.6201911625098251,-1.2751407693063468,-1.7123034526928824,-1.191599076005838,-1.8799826037297336,-0.7177698546131444,-1.161857643004513,-1.4020439779238332
IRYJRGCIQBGHIV,-1.2194727431299586,-3.060528885564673,-0.7401390616501338,-0.16984957145968052,-0.5906630068261035,-0.9636270290560172,-1.5353833442494484,-0.4766277102883531,-2.1833958980368533,-0.6152068223893847,-1.1736955825398192,-0.7578009282121193
ISEUFVQQFVOBCY,-1.189078897493757,-2.773119917938854,0.2275635609194843,-0.36174156534792995,-0.6451988711240089,-0.8296305741026019,-1.716703649176426,-0.7151804374421251,-1.476650714237689,-0.6188602779852024,-1.1518865250337802,-0.49146559300255055
ISWRGOKTTBVCFA,-0.7509101038366761,-1.5326758476500262,-1.7271866082057294,-0.488669795749781,-0.8970821519709526,-0.5692112790563073,-0.8732318730431993,-0.4520107406537588,-2.2563891340042797,-0.6406466396047207,-0.9737873289842838,0.11515690072932105
ITJNARMNRKSWTA,-0.6091605716881754,-0.3332405775641354,-1.5273454236672326,-0.3246439262282008,-0.7977707040011514,-0.5220106035994995,-1.0706805106636903,-0.1523229052584153,-2.1463114817558258,-0.6438964611657756,-1.1486169663027874,-0.29543700606128637
IUBSYMUCCVWXPE,-1.241476691497383,-2.38381078095433,-1.4440489609837348,-0.30473052213564716,-0.17954775212966517,-0.7391372505216426,-1.1885541727843576,-0.47237695041609107,-2.0944563742577786,-0.5619089498773938,-0.030759668119077405,-0.8821015755660864
IUWVALYLNVXWKX,-1.25696684582229,-2.2941010173893424,-1.4351317869196645,-0.44745272645263123,-0.10336362318557714,-0.773236968883099,-1.192547322430212,-0.2678268801674141,-1.9626831546092096,-0.5482998100759997,-0.36372372832829347,-0.8278441929783293
IVBHGBMCVLDMKU,0.06470445952193675,-2.6376169749613796,-1.8484883879433776,-0.670549064784941,-0.36416411875721305,-0.5469373540178499,-1.7702531303121711,-0.1757382642105561,-1.7800836819928918,-0.41387645862233235,-1.0170036324396068,-0.6691742745580789
IVQOFBKHQCTVQV,-1.3180706059174854,-3.2784356314029153,-3.252251108366709,-1.0820910867569877,-0.6585666858139071,-0.8187476579851095,-1.471808670278095,-1.1586615552588895,-2.497438215759794,-0.7686415150007883,-1.9402516484537695,-1.0756808090361911
IVTVGDXNLFLDRM,-1.0498696980358455,-2.8255863668524976,0.6676578206161872,-0.15547017508699693,-0.23185533400461886,-0.8206485552402768,-1.5920727819301859,-0.009595676378528857,-1.2007832841289126,-0.5559330153980901,0.028470384698752717,-0.332913986946121
IVVNZDGDKPTYHK,-0.7508101121150098,-2.418801643132967,-1.4300818295750963,0.8958545446992501,0.2654163309164095,-0.23936792241817753,-0.7732200393907929,0.21614292162100143,-1.9335159945336104,-0.55469898586838,1.1309338876557011,-0.40179624753813054
IVYPNXXAYMYVSP,-1.0971365232275736,-3.3674139529283473,-1.872976835392886,-1.2398324461589771,-0.6810234905269067,-0.8498620063817677,-1.733802776727122,-1.1387287352590691,-1.579283093931834,-0.6112523455596112,-1.9520644293783413,-0.40683929837843397
IWUCXVSUMQZMFG,-0.9037094081235755,-3.2278509002265943,-1.0679797854841433,-0.9913266336562283,-0.3412775100866896,-0.4855689721593673,-1.5852738333212912,-0.29076491101547525,-2.1234632833281175,-0.5310136336661788,0.2401776581928212,-0.8360414310970414
IWVRVEIKCBFZNF,-0.9461633942566873,-3.022654298599123,-1.1903478908614837,-0.7438777714762873,-0.7458569317230422,-0.7289512613742314,-0.983968790284002,-0.20481810589724586,-1.8265163113595126,-0.5960216060744687,0.7005283519796686,-0.6806340495744825
IXHBTMCLRNMKHZ,-1.21722784671798,-2.2977574940889998,-0.2503288244873786,-0.42441977447444185,-0.3592640519293867,-1.0549205141683151,-1.172346695558455,-0.21679663467367968,-1.4560630210637673,-0.5380070800805435,-0.7150130411376235,-0.4834376864648985
IXORZMNAPKEEDV,-0.5446208464836289,-1.9063276814671166,-1.2442780236389646,-0.4960142248902089,-0.14796763575693894,-0.8392666598628977,-1.1405101098620891,-0.49051155640238747,-1.2661095605013015,-0.6485081223477157,-0.24956988352405718,-0.7740433486094017
IXTMWRCNAAVVAI,-1.4252109789305594,-3.285768591512017,-0.5014528452739367,0.558192323562146,-0.7250010769110751,-0.810020744256732,-1.689927942982953,-0.8694810528429064,-2.483663019720564,-0.5940675425084062,-0.5705699394478257,-1.2016350871251593
IYIKLHRQXLHMJQ,-1.439399062911944,-3.074681935277575,-0.42439552943119063,0.6875989107683216,-0.027701837944199156,-0.5523945002712642,-1.0636821651471084,0.4755634848445457,-1.6119012798904402,-0.4842746246705377,1.1670498899702297,0.15972522336933057
IZEKFCXSFNUWAM,-0.7128583535024986,-3.0087496693636195,-0.7937121311537285,-0.40170683573659466,-0.4732227558617849,-0.6717591108022449,-1.6998911743370912,-1.245398460264979,-1.815805681298563,-0.6301779891469412,-1.2207938038527288,-0.787384841474614
IZJDOKYDEWTZSO,-0.7197787230476759,-2.144760337883866,-2.6421237937761415,-0.6090461237144217,-0.464999824175506,-0.8813759241684902,-1.318049060352672,-1.4650917002622112,-1.4026067353309561,-0.641110674168136,-1.7403276154967102,0.36418281005544817
JAQUASYNZVUNQP,-1.392717355543877,-3.4649990141891904,-3.0338721387160685,-1.2590444136423145,-0.8714658947680383,-0.373017241581265,-1.4541290346044244,-1.6769898267378882,-2.219689225060928,-0.6504362760397607,-1.8248168614490592,-1.1321046610157242
JARNORYOPMINDY,-0.8005711592146071,-1.6738406364938587,-1.354078855225337,-0.7934932216685648,-0.24913940715519198,-0.5513007422415939,-0.667943683897471,-0.27806357409911614,-1.5384834733209,-0.4461683471504339,-0.7127572888508794,-0.38815151903434697
JAUOIFJMECXRGI,-1.1812724615479464,-3.3324076985203557,-1.3776905189850404,0.32233780416389163,0.4579132557287659,-0.6280534175274727,-1.582559881919328,0.305257301008441,-2.0804730199355173,-0.46117253329876906,1.2227789697079277,-0.27508301287036935
JAYAGJDXJIDEKI,-0.7849158826011797,-2.544211374272996,-1.4691403390383597,-0.1980078527367774,0.2242996711909488,-0.6434639739845264,-1.5719822687820209,0.3534722058662991,-1.8713517874752679,-0.48909671589114634,1.0665700807621845,-0.7369931946097437
JBDGDEWWOUBZPM,-1.5305464005777956,-3.458790402935421,-0.5318764934884262,-0.2009580240831288,-0.36621395817526553,-0.9708693715035732,-1.5899842263324926,-0.2589853199574918,-2.027080852357007,-0.6258822284964077,-0.7246463778311628,-0.8645980404303267
JBIMVDZLSHOPLA,-0.8951568755440507,-3.496791384949021,-1.9897591404847792,-0.7185284839534732,-1.0715543504011502,-1.3645253249939877,-1.6856049683220893,-1.1240777504043777,-2.3977627823969954,-0.5902260095735149,-1.6885545382182887,-1.2805111271811729
JBKPUQTUERUYQE,-1.0856085895727432,-2.9055364518590836,-0.7948408074371947,-1.2664560081404312,-0.9107376917163761,0.0417106001488326,-1.0759517894023658,0.4486345337670484,-0.6228995045222226,-0.36663940821538626,-1.1305494687965831,-0.6055786768896301
JBMKAUGHUNFTOL,-1.0766457968803411,-2.1570226350436097,-2.403965452365743,-0.35971186749436757,-0.7707938957513522,-0.19039839928706553,-1.746820652075031,-1.0586856171566,-1.4275347840788992,-0.44445073147307756,-1.4648939048712908,-0.2999673310916602
JCCNYMKQOSZNPW,-1.2741204041000564,-3.1439694516598387,-1.1600686567361882,-0.7164950513742643,-0.7157887822749256,-1.0878057962142824,-1.1415509092748046,-1.0732640685154358,-1.6242060386288073,-0.5835153117893964,-0.8410533759980632,-0.7763281994753409
JCKYGMPEJWAADB,-0.861583376275123,-2.6976633482337844,-0.6249826584407664,-0.40824355744583785,0.28855625962881654,-0.5873517933033836,-1.4627381172126694,0.45536940313259644,-1.6774425945990545,-0.42946637988064534,0.4569985852922639,-0.6236793026971986
JFIOVJDNOJYLKP,-1.0593162325614671,-3.02113535578187,-1.0858992876940408,-0.7861745816520138,0.0405600234423689,-0.31407413592719763,-1.4926880747867646,0.26590254079880365,-1.650425485040454,-0.4413261185616866,-0.25720422888301403,-0.2321641862155368
JFJZZMVDLULRGK,-1.1646200668785907,-2.941146153195988,-0.45382312541885417,-0.6855564909309024,-0.45802695931265724,-0.9246698828994664,-1.3050982480814446,0.11597005560876787,-1.6093055859460188,-0.6342987294642789,-0.9600237747501201,-0.6997569109854012
JFPVXVDWJQMJEE,-0.9857406975069204,-1.2864514160393616,-1.8480937645565394,-0.3985238867410278,0.051776886740084425,-0.1668312005333017,-1.0546609551465518,-0.7170633470418797,-1.2931422061335458,-0.5306144090378444,-0.42599822026910733,0.43820358265751586
JGOAIQNSOGZNBX,-1.2098507673231185,-2.9596140291078274,-2.0458036722810746,-0.8465692075297668,-0.17184147994994955,-0.8258558374567957,-1.6507815476805885,-0.6474262208595215,-1.5605411989249631,-0.701742982671805,-0.20845828809914665,-0.6989364607043288
JGPJQFOROWSRRS,-1.0720259081152028,-2.8761768706792,-2.3527171070653683,-0.898776701331573,-0.4200525055198139,-0.8394029083647339,-1.755275308661409,-0.8196893115747496,-2.2258920290093087,-0.7253791831309467,-1.132887987109306,-0.948059972863552
JGSARLDLIJGVTE,-1.2694087640238934,-3.397692898995293,-0.7530996528813497,-1.0180728117990525,-1.806443183372051,-1.0434984096408852,-1.4179367929030224,-2.0038358802856133,-2.0881086304501033,-0.8889068378866242,-1.9473622961643775,-1.4541893670131742
JHOHXJYRVSLQCB,-0.7943467024324724,-3.502529540733386,-0.9071015779873141,-0.9256278536316845,-0.42228185597987966,-1.0967041491831844,-1.7378267022285907,-1.023055968490284,-2.0507059387081115,-0.6967837132390108,-1.0446102014451577,-1.288276060606269
JIEKMACRVQTPRC,-0.5160343614623815,-2.0175061133645302,-1.6614288715711185,-0.4834477103343059,-0.1893971344509981,-0.9318932480995428,-1.8320877030803675,-0.6414690213356417,-2.0012609301598494,-0.4738906478951913,-0.9883789486133552,-0.1421623012802547
JIVPVXMEBJLZRO,-1.2884180983613007,-3.203015851393539,-1.546784335438643,-0.3244914604701872,-0.19997709602346503,-0.8858021129918155,-1.6538636027432485,-0.09727326676633702,-2.5228518272961318,-0.5851487446787378,0.5060203229631917,-0.9054836147214509
JIVZKJJQOZQXQB,-1.4596111493588095,-3.0706659885898135,-2.1187508690866124,-1.1226872463118656,-1.2538859861498337,-1.07497572607662,-1.5438111856283194,-1.4120177169628207,-1.6425010317896067,-0.5941939785158948,-2.034062149062656,-0.8591432686145317
JJCFRYNCJDLXIK,-1.1763426569917508,-2.4156179262207296,-0.7748882079674904,-0.47581728615301855,-0.24482351678005018,-0.4263026436531122,-1.0599617362690836,-0.2074101704415357,-1.9080835711298436,-0.5005057710980982,-0.1425654891507848,-0.2850155767738348
JKKFKPJIXZFSSB,-1.0245753004922484,-3.4301959358698824,-1.2684020886826428,-0.9438746867829537,-0.8657459230119872,-0.903796018877317,-1.4591684199126238,-0.9570723131667929,-1.9236438722878253,-0.7038576922554556,-1.476426169408643,-0.98571349084249
JKOQGQFVAUAYPM,-0.9607286956844634,-2.9846096133624433,-0.8540362154738992,-0.32086001582423035,-0.6425328283504875,-0.7863046246444368,-1.5672190601465863,-1.294615847674603,-2.241739926072325,-0.6450875751762069,-1.2162380577513265,-0.5202480545281367
JLGKQTAYUIMGRK,-0.21675433193803256,-2.8627945318768693,-1.3317400468938618,-0.6726403422568294,-0.18769378376192078,-0.21570160584532594,-1.6981858050772012,0.18039905743840748,-1.8977136701523396,-0.5455074031074468,-1.0147383511697914,-0.888043482092898
JLICHNCFTLFZJN,-1.131446368846261,-3.2707230123603352,-3.7577528995132106,-1.7944072938269986,-1.7471079664600766,-1.0449458667677072,-1.6087162357617097,-2.525105451884237,-2.096200770895152,-1.0911341913269228,-3.0951291542917017,-0.8399329365628998
JLKIGFTWXXRPMT,-0.9272690416514751,-2.3896064744021683,-2.0705972112352677,-0.9888313634141597,-0.7931245006709585,-1.1930931037142214,-1.9228252313028438,-1.004890215272903,-2.2954329391996238,-0.41175536068145,-0.6691347415767552,-0.8874135780064872
JLRGJRBPOGGCBT,-1.3120240764855806,-3.045394463125226,-1.9565267166063582,-0.40288623189571116,-1.4540039305914152,-1.0348292200747768,-1.6975118482934695,-1.5291165717205428,-1.96926813652242,-0.5960290742770661,-2.168271355252631,-1.1552036605784055
JLVHTNZNKOSCNB,-1.0703422579288395,-2.8421577496639823,-0.8509200358757485,-0.567025976093817,-0.6626901784509434,-1.2376144109531264,-1.3227134296342087,-0.6836172314175314,-0.7977683882159659,-0.7055577645705703,-1.5491452733793574,-0.1502337337111677
JMPFSEBWVLAJKM,-1.340895430820918,-3.428935542315416,0.18503394031749412,-0.39533420751149345,-0.03429277993331081,-0.7795261959818021,-1.5048175910813342,-0.12234039444518066,-1.2080164105200324,-0.5481508070830405,0.6399981029143547,-0.9479454088110038
JNMRHUJNCSQMMB,-1.382657977173514,-2.718253697102385,0.24559792347021242,-0.3420301027937406,0.30347021728408513,-0.8559802101162348,-0.5391645050097038,0.10865412867370465,-1.319615132426384,-0.4808537764195761,0.2867357692176646,-0.5005955909540606
JNTOCHDNEULJHD,-1.2003680824888388,-3.2382978456335114,-1.2814666205455412,-0.16636063672505413,-0.8573892536242425,-1.0907481498233744,-1.3486420626065714,-1.4120084707406506,-1.389938945966243,-0.6989032661125578,-1.7346611050716723,-0.21663446745016918
JOAHPSVPXZTVEP,-1.0217498870732276,-2.324316894970542,-0.8304432889874083,-0.6850374282226217,-0.7013356255109932,-0.8784849435398663,-1.5049705552247845,-0.8104822065924843,-1.087179676997335,-0.6501274817356963,-1.7577914332747246,-0.5321448889967312
JOATXPAWOHTVSZ,-1.2913382677050802,-2.989174978138232,0.2352495346799429,-0.2179976813926619,0.19318560227601012,-0.8306883946667716,-0.3780768148636886,-0.3600827095489337,-1.3814624494807284,-0.625557331157079,-0.5018398670479672,-0.8958908876366576
JOHZPMXAZQZXHR,-0.2551880428534946,-3.196912798570134,-1.8520747795680197,-1.1619302482152747,-0.4393742366365804,-0.9667341390072839,-1.7965032795435603,-1.5849674164131025,-2.110826408121068,-0.6828685719262777,-0.7627931033854263,-0.8058621408341239
JQSAYKKFZOSZGJ,-0.4814619245850775,-1.92579840113136,-0.005531386082899417,-0.3879353444130065,0.13459996578122246,-0.6908223370171913,-1.0538289882973175,0.1783309202489435,-1.3785224564678118,-0.5198112463806258,0.6115112213447881,0.11061817580048035
JQSHBVHOMNKWFT,-1.4248091340571147,-3.228855578461059,0.31613351503871373,1.606458220501501,-0.35601933607219677,-0.8043536332278209,-1.4873724130365267,0.9112162617034044,-1.5841963194274449,-0.49260612203435966,-0.07870314434414694,-0.959905297190969
JQXXHWHPUNPDRT,-0.40133916814429765,-0.07924588551126055,-1.188218702372741,0.3087459760534636,-0.4772681700179371,-0.8293608098696629,0.8276920659683524,0.5597565741484718,-1.3327412768877882,-0.6121155883349849,-1.0144410827982135,0.37535960855702966
JRURYQJSLYLRLN,-0.8854747566478223,-2.293928580019019,-1.3801996701714432,-0.5552855864137027,-0.47975414556358076,-1.0914584119752002,-1.8213892474345474,-0.19437818184246264,-1.9100355463820433,-0.5853689634672232,-1.0623901720364397,-1.0133359118645675
JRWZLRBJNMZMFE,1.0233634392425224,0.34284212000433084,-2.945070193838682,-0.5803997417455039,1.096776592669072,0.32152088889911734,-1.6475921819342365,-0.1212595483442385,-2.363010920565101,-0.6206698118095395,-1.382450029867947,-0.7938342688367448
JSDRRTOADPPCHY,-1.3008740038367614,-3.520953441504336,-0.6504208724638537,-0.5822636708845479,-1.1583621845101957,-0.9096565308385438,-1.7808097899661202,-1.060022618872315,-2.020681954036989,-0.5851522974829164,-0.9957629076282655,-1.170825595285707
JSWZEAMFRNKZNL,-1.189223806912962,-2.079793174976387,-0.7204610022355761,-0.500764514263005,-0.05557193561444842,-0.827509354464022,-1.5158292491961132,0.286610236280031,-2.1305080880567595,-0.5333051346426803,-0.3040794298610418,-0.9617894442342543
JTEGQNOMFQHVDC,-0.9250963458071928,-3.0160863465153067,-0.17433765182774555,-0.742898903211604,0.45453671618214425,-0.9931013288529362,-1.6235301445646941,-0.4635693975200482,-1.1908670013800529,-0.5057065525934152,0.04004217037092843,-1.0749266376648063
JTLXCMOFVBXEKD,-1.0083351512168768,-2.8774262640213446,-0.6895698246213605,-0.5042258052835984,-0.4643704522036991,-0.9799902013375714,-1.581497285075684,0.5213428526876269,-1.5719117672686673,-0.575137820245288,0.15500694097614648,-0.7419002634929751
JTVPZMFULRWINT,0.4320129444990983,-0.11727876444356532,-0.5147682916166118,-0.4052068031497503,1.2808682868656334,0.37090956299605127,-1.3727323767728925,-0.030358440543990835,-1.7738889627976764,-0.4897172379359904,1.062572855245841,-0.7466327124602491
JTWOMNBEOCYFNV,-1.5624758669987804,-3.4370968274397637,0.6633603967902226,1.689847004207499,0.3830001782348424,-0.9418816294128471,-1.4561207976973454,1.0160949028992587,-2.1259358568056848,-0.43209218907415653,1.2347500267326528,-0.9853013521706918
JUQLTPCYUFPYKE,-0.9667820421354743,-2.6026426052108835,-1.4600649017003289,-0.5159311917611634,-0.3495588256865559,-0.8863494395432377,-1.731668329841076,-0.00396943613546333,-1.9747412182508397,-0.4350318668440807,-0.7741798808481375,-0.37376637229410425
JURKNVYFZMSNLP,-0.7617998657206415,-3.2997294273651456,-0.576658813824024,-0.3507999292894149,-1.0305638906053454,-1.045519601515414,-1.6549710476459558,-0.987214201155054,-1.3199192775487594,-0.6392344373317945,-1.7634462885188291,-0.941889412283046
JUUFBMODXQKSTD,-0.5132852539147958,-2.147592287328648,-0.5920526472143203,0.04908375682351422,-0.510222533788987,-0.5841254162068189,-1.23917914759796,-0.22000485714127105,-1.4553243202453285,-0.6333874922125219,-0.7374173315574059,0.15355099545713446
JVGBTTIJPBFLTE,-0.795209091443936,-2.026000128428611,-0.2176107430153279,-0.6948195907925274,-0.4544246385604274,-0.9324442777941175,-1.454444857113876,-0.01880462744579446,-0.80848014066693,-0.5984733504119601,-1.3440500588651938,-0.278238019373127
JVJFIQYAHPMBBX,-0.8160871632908819,-2.3164578570003607,-0.4750858830029041,-0.8933894408733427,-0.18877574817253054,-0.9415350082302378,-1.5769271466446173,0.20771385514623122,-1.1786062636435217,-0.6261564771702206,-0.23414245585098123,0.2715130953161505
JVVXZOOGOGPDRZ,-1.0837322922452781,-3.1723099158054757,-0.5117593202585631,-0.8201040794289516,-0.7713599564048255,-0.8869317909399231,-1.711049937646493,-1.353966619639631,-1.9635342139357104,-0.6450836146122829,-1.6452752382129465,-0.8973127005029391
JWBOIMRXGHLCPP,-1.2714493718098412,-2.5511254402400803,-1.1914378211826184,-0.7654639751610192,-0.22633775327103942,-1.0194385291297197,-1.5370819174576418,-1.3306984058596878,-1.817994975682146,-0.6962344323147932,-1.1089776473454291,-0.7535371452213675
JWCSIUVGFCSJCK,-1.1549816617899373,-2.520148808911681,-0.4424103831076002,-0.6335501354071935,0.3905629135374553,-0.32171901321812046,-1.7688816528741664,0.02636072685075541,-1.8813672516885738,-0.47595620672816286,1.1285114718889804,-0.771321968773932
JWDYCNIAQWPBHD,-1.2640246050353527,-3.313961504488003,-0.9731496042705854,-0.8964216143616542,-1.1528910796689098,-1.11437495516848,-1.4641385741739406,-0.749395665186308,-2.094633888539615,-0.6469350283458588,-1.2979873470671317,-1.3056660874141708
JWHAUXFOSRPERK,-0.622504922177348,-2.2115827623667332,0.17417520376999723,-0.7658146239734531,-0.24443879186152928,-0.6936396842144303,-1.0771081270012137,-0.32215745777251453,-1.579649199085682,-0.511899423946716,0.23216707454000735,-0.2957572038858777
JWUBBDSIWDLEOM,-1.2163935094705767,-2.7317779753706115,-2.8366454688322453,-1.42622381357304,-0.8755061983549174,-1.1387494763717734,-1.6684216276950026,-1.16665783279743,-2.2791186445374367,-0.8441200485518114,-2.248465813942681,-0.8461523763824905
JWZZKOKVBUJMES,-0.8285243495216189,-2.739994888221882,-0.5934932887767552,-0.051249512761424455,0.6400491800817666,-0.2692598373462178,-1.7791638498940863,-0.38539738090987863,-2.3438027879149623,-0.4308309263853221,0.2220710192306164,-1.095007254813286
JXDFEQONERDKSS,-0.8554862706792381,-3.1032659531903963,-2.3215707365781935,-0.9370750106212924,-0.6141787374735799,-0.6362587817249077,-1.3610910651598045,-0.2550575564254294,-1.7820307030762108,-0.664501467693691,-1.723365510905809,-0.6719843015996656
JXLYSJRDGCGARV,-1.1945970086022504,-2.852008264939226,-0.2959311477734553,-0.1711576689115368,-0.3939413678643711,-0.9112377208430615,-1.6984887343022528,-0.21743552697057322,-1.6538759896558444,-0.6228616269327464,-0.5593834656687849,-0.4875612666212046
JXTHNDFMNIQAHM,-1.1588842743107801,-3.454282163726654,-0.5796860536907671,-0.8072409901430091,-0.8309828288333969,-1.1113473612678766,-1.4242973483071562,-0.6289614915950902,-1.5328626045418354,-0.5409855035065925,-1.6376535353880155,-0.7208489112409031
JYGXADMDTFJGBT,-0.4886106976304966,-2.013693666858345,-0.6962482084729384,-0.5540952893993285,-0.34287945430550365,-0.8555625573653687,-1.7119831065592097,0.24544072364464978,-1.703995931917268,-0.5264768522083223,-0.9206154945597553,-0.657347395744817
JYJFNDQBESEHJQ,-0.9285746531114799,-2.9570736944426406,-0.7874189655305348,-0.24771281382218724,0.13644321316733377,-0.8342094817240202,-1.6026160324661642,0.2614912402434926,-1.9182308206334153,-0.4269777323516115,0.18621917660180162,-0.663986192246669
JYJTVFIEFKZWCJ,-0.617769867936298,-2.9010681093627557,-2.034972659547393,-0.45789873691352745,-0.26055918070667505,-0.3544430329676997,-0.8823456727481654,-0.6691480529553844,-1.8029749509367463,-0.6002831511606618,-1.148355209866474,-1.1677239084869868
JZFPYUNJRRFVQU,-1.1064944195109176,-2.2714121710375212,-0.14561368342852965,0.05081908079624416,0.7303526315372139,-0.5863274748441646,-1.4870820568608685,0.6545354039200793,-1.8431979447947189,-0.3653931955648542,1.7705607770006462,-0.2808439913707538
JZQKKSLKJUAGIC,-0.5214103672384109,-2.4365345668150935,-1.9193068265499647,-1.2961158280316665,-0.8048342771279735,-0.68862082233627,-1.1269631421369277,-1.203852909851945,-0.7635780815345765,-0.08329130118931374,-1.7723085927578193,0.1754532255628601
JZRWCGZRTZMZEH,-1.0052330575100872,-2.8736541898001855,-0.9018872600909276,-0.6021181588693341,-0.4847364106352815,-1.0154319160009542,-1.416499638764656,-0.2791507887852008,-1.6330590146198034,-0.5774788767705936,-0.7425408129576835,-0.8483778391282919
JZUFKLXOESDKRF,-1.189819596835943,-3.232204302876003,-2.3357714012943855,-1.2802182487669822,-0.5853852994432259,-0.8055591852828677,-1.683189094867069,-0.6701847556907642,-2.0157911257650096,-0.7416892132017456,-2.344058141383095,-0.860147058776404
JZUTXVTYJDCMDU,-1.296718583256634,-2.733225324549673,-0.3494825101549369,0.1644023479053213,0.5038118164805259,-0.3050103596325964,-1.4248086739366526,0.5173036979296196,-1.776778537466206,-0.3532337354979958,1.370276197531658,-0.518940085937103
KBAFPSLPKGSANY,-1.364685247425164,-3.4105083702864856,-1.2846300939110347,-0.7266523151190316,-0.257314671275565,-0.8600109078615936,-1.6363660074629451,-1.121316606649022,-1.8414696618904858,-0.5666057025314283,-1.6262391575217205,-0.8499885775458623
KBDSLGBFQAGHBE,-1.4937083817473726,-2.0721463915671148,1.6355741584851702,-0.2399452673367305,1.4260267168517067,-0.518922885020124,-0.698591588850807,0.5919386578159754,-1.2679483441822765,-0.3284012985852961,2.0671751806812577,0.727544013988054
KBOPZPXVLCULAV,-1.0926124861229916,-3.2079120580793425,-0.1587454015262802,-0.484727266055395,-0.20404831162588657,-0.831116387854409,-1.5822547087117056,-0.5041064280891275,-1.7580993834183856,-0.5238899076737389,0.0582141261215634,-0.7449445017710348
KBUZBQVCBVDWKX,-1.1980269741478422,-2.7133751261903316,-1.396735276065699,-0.9156583660799869,-0.8369018087682807,-1.246282549339373,-1.6527532921867711,-1.4456332868022785,-1.6799940775549491,-0.6192839984972695,-2.224198561203079,-1.0117167173697688
KCLANYCVBBTKTO,-1.0465445092704078,-2.850029103017707,0.03639063451181633,-0.5760729284548456,0.3028188720071139,-0.5356611161115679,-1.5729667219165044,0.33895513852121545,-1.9085787703181265,-0.45300450956944094,1.1495719769975725,-0.6014967565726197
KDLRVYVGXIQJDK,-0.6258921340158647,-1.6984891354165985,0.4570448124527761,-0.9443118201495542,0.3338415904227839,-0.36008747139236,0.2795391924997916,0.5772813114367691,-0.7553082754225846,-0.2514427451699903,1.4598975420080635,0.25004176380941506
KEDQCFRVSHYKLR,-1.124535598607895,-3.0475504467450873,-0.19390298622977956,1.328199003095703,0.8094450015343418,-0.5508535201255718,-1.538778414833316,0.23729014110554253,-1.863785193478174,-0.4457607444443538,0.8458837303022722,-0.47623298273324244
KEEYRKYKLYARHO,-1.1839960021688163,-3.336014663887986,0.07534686464122767,-0.9059799912640722,-0.8214225849506551,-0.8992839435814021,-1.5182724227660276,-0.7263236022563845,-2.1624133146955242,-0.5226713185497842,-0.4709737714618545,-0.878245934143141
KGFYHTZWPPHNLQ,1.3074619337796347,1.5175829286478797,-1.7141047095952535,-0.02740155236872299,0.852163372979813,0.47594834775133976,-1.4062849246362144,0.15010697029111555,-0.8596069007187142,-0.5028169948264561,-0.6476081434878656,0.07652505931098404
KHOITXIGCFIULA,-1.4890089316748716,-3.2572933691796906,0.16421827670648545,-0.40880399883898444,-0.8143605103664803,-1.0979822918147997,-1.697084567717532,-0.9416220383488407,-1.725991040943445,-0.6219294195249117,-1.6996976417036813,-1.1210285149059822
KIQQMECNKUGGKA,-1.0591468489137954,-2.344542592129607,-0.7065903282015212,-0.39770483426824865,-0.664768496050659,-0.79457605068247,-1.2244611840367992,0.03362680406984888,-1.1704978555242123,-0.5438849180880931,-1.318144549049165,-0.49527266831476124
KJADKKWYZYXHBB,-0.7927064959094894,-2.500624881941656,-1.5680853623109743,-0.11674640538991857,-0.0760807893316204,-0.5062748672719937,-1.6996997111450511,-0.15400245172586585,-1.3767505379282796,-0.5014553968224128,-0.8554139328283101,0.29237449804490145
KJFMBFZCATUALV,-0.9148399300164101,-2.1405276542896012,-1.1811776313730724,-0.48722351197664593,-0.5575821528530588,-0.9648956917818938,-1.5671675526737667,0.09450802906683267,-1.8002699083639007,-0.5907141164449558,-1.0746351545693815,-0.9070753758334521
KJHKTHWMRKYKJE,-1.272220417086309,-3.107727609128591,-2.475408136653959,-1.0250455212410325,-0.8335805762002608,-1.1020221259152854,-1.4401325863117664,-1.1864792570319573,-2.2616467318830096,-0.6743492381211276,-1.6002059110493994,-0.9340970602014098
KJHOZAZQWVKILO,-1.2940871322089902,-2.4582375552964097,-1.2394288304399497,-0.27839316681948795,-0.5889746812402645,-0.8745401174528737,-1.261183154008882,0.08811182748219705,-1.4513444446265218,-0.5807275025565104,-1.221755369874007,-1.0102816726764876
KJONHKAYOJNZEC,0.2306591686054668,-0.06761729521231039,-0.8329687665051657,-0.07719160157911925,-0.1675983916316343,-0.03440574808799324,-1.6161613198292666,0.4393122406522436,-0.7248010680005558,-0.5105546722014973,1.0204579640119915,0.24618157575207922
KLBQZWRITKRQQV,-0.23336371980225365,-1.7020894800937487,-0.8040838618908941,-0.3687485205575736,-0.11260397151103116,-0.7374624726959563,-1.552017881498577,-0.1553701154653387,-0.01580945585672667,-0.45050721467162436,-1.1396676585550258,1.6620727292682185
KLPWJLBORRMFGK,1.1690523728173277,2.1549342810312253,-2.3755603257095204,-0.4323801132897571,1.6968178572306458,1.1363977140054486,-1.6723234373046671,0.42493027916961673,-2.451175861309703,-0.54608570906189,-0.18484060615130402,-1.3879483979850658
KLSJWNVTNUYHDU,-1.0998288443288624,-2.7503136967617983,-0.7082980093507024,-0.5930114991803958,-0.3859953059597704,-1.048140468277951,-1.5183521058609575,-0.16643463914541207,-1.3959834128272879,-0.5716212799535794,-0.5730040329751057,-0.5084386708030787
KMPWYEUPVWOPIM,-0.8176952150418071,-0.22753243047858537,-2.5261527526891467,0.34325568741529433,0.15182427180226132,-0.4023195302067887,-0.7231073434540479,-0.356023180660844,-0.7840681397312946,-0.5755059658187354,0.5527250732752986,0.19158288004116736
KNAHARQHSZJURB,-1.1091878926007435,-2.9013377747592926,-0.974501652767565,-0.6543822413603785,-0.5000729135342938,-0.8619989078301682,-1.1810600414856323,-0.7670699965415424,-0.9846050061913196,-0.6985298379908447,-2.0764643702259544,-0.2007655426770178
KNHUKKLJHYUCFP,-1.0211636236742792,-2.529773656470725,-1.5419131215068922,-0.09292112266685679,0.269511392517406,-0.8583545586295367,-1.3001515151809209,0.5628341985594374,-2.0928874044939954,-0.5301205441144339,0.8153187485857597,-0.49899980328755245
KORNTPPJEAJQIU,-1.1534354599829924,-2.4384170108527194,-2.5064164278886945,-0.9571586005016046,-0.8568458810977233,-1.1638779178802363,-1.7343323793206569,-1.0503171358321666,-2.333023166616654,-0.5955734782568027,-1.8894649989998409,-1.139506082873399
KPJZHOPZRAFDTN,-0.459795689229601,-1.9786815257401833,-0.9426518640489085,-0.900778795314245,-0.7047430629604684,-0.8951676793775625,-1.3142101008195117,-0.16131629898860564,-1.165656010675638,-0.6850070779448094,-1.810580767557768,-0.3029675487239366
KPQZUUQMTUIKBP,-1.135867854085724,-2.7965254649652107,-1.6680101414670347,0.200132209075383,0.36845986458720686,-0.7269683774380181,-1.705255820584099,-0.019851233759120773,-2.35554280474817,-0.4961400605131954,0.876585150533034,-0.819670548162074
KPSRODZRAIWAKH,-1.2404677589123332,-3.0636059042849126,-1.3093044200998476,-0.648108403142774,-0.29368321794663793,-0.9151696527880298,-1.3296686748368884,0.15344589650786605,-1.9154583147838995,-0.5851420438520061,0.5538298983900658,-0.4101397659304339
KPYSYYIEGFHWSV,-0.674172361863662,-2.261787182939827,-1.038182206614701,0.030799439178435986,-0.23846345043469594,-0.778416558431054,-1.5849588927508718,-0.5228999832436213,-1.9258099721328334,-0.583592823993824,0.32325902878726104,-1.1414006285334126
KQKPFRSPSRPDEB,-0.5314216320897014,-1.8621651534709118,-2.6924816111937795,-0.862274284525063,0.09022462553386565,0.05417658254098166,-1.290876507947638,0.00704207946340071,-1.3788995431615652,-0.5654390797338229,-1.393351417491096,0.10146801387216466
KRMDCWKBEZIMAB,1.5702190695997134,3.008930685867688,-3.1699738707084713,-0.7959582962813919,0.5725293291876624,0.667761616638895,-1.8740104553414916,-0.9815528198180034,-2.552367701261666,-0.6800887951841987,-1.5039355700891,-1.2537821316724844
KRVOJOCLBAAKSJ,-0.9619525935884242,-2.6254245682006516,-1.2677298646395225,-0.7700531486454637,-0.2821433765184037,-0.7549374360943187,-1.209938072176578,-0.46236896527453375,-1.5078217375704168,-0.5610927084952216,-1.1956711431522593,-0.6452482717374232
KSCFJBIXMNOVSH,-1.2189855642629652,-3.22467337653419,-1.2744522422494753,-0.4331360016871045,-0.5628784444427758,-1.1156696143853355,-1.7301324756461298,-1.3242954810606764,-1.2635912913753373,-0.6320777508941039,-1.7336440359901006,-1.1828841560485224
KSMAGQUYOIHWFS,-1.4444950199522752,-3.4888900651383348,-2.4689046129127106,-1.5170169692739905,-1.1359580869992754,-1.4088611993008102,-1.91582431994979,-1.9222258617223749,-2.6114544297654554,-0.7075294068399937,-1.6165269711147279,-1.6400033266018834
KTEXNACQROZXEV,-0.6610893760403784,-3.2984091708776893,-0.5687079409278971,-0.8033400934527958,0.35169701419807853,-0.7220530536626836,-1.6514125088695895,-0.9293534065856043,-1.512040393616192,-0.5614427835972724,-0.666740074669325,-0.6072286915487484
KTHVBAZBLKXIHZ,-1.3582572542743907,-3.264481618957497,-3.444698377937855,-1.8859520092338489,-1.1231556270018905,-0.9765440879520202,-1.5752127018970041,-1.7722985329304548,-2.4355286173194424,-0.6728283751437545,-2.233053032111682,-1.625735433783384
KTUFNOKKBVMGRW,-0.5789521563433266,-2.332572444006519,-1.8302880933663148,-0.19497128895619772,-0.27686558465927896,-0.530198646789658,-0.5563493441221976,-0.17321441700060133,-0.3469242208742384,-0.6232675187715353,0.6364279315529938,0.8871557938517025
KUBONGDXTUOOLM,-1.0180436711734548,-2.4275857606276006,-1.207796529916902,-0.7119619662139608,-0.5777994656318772,-0.6911691713189679,-0.21968003529579633,-0.4773080896062041,-1.7314386370566208,-0.6433889856162472,-0.857075111657874,-0.8366193012635874
KVHHQGIIZCJATJ,-0.7477813114585101,-2.830852535911903,1.0528722293722348,0.2218005552742912,0.3762242494488144,-0.7362992063004488,-0.623543376880493,0.2545092116865741,-0.22226257703658536,-0.42527418467219524,-0.39246052677473847,0.2655924846439976
KVWDHTXUZHCGIO,-1.3220995662711927,-3.080817774092412,1.4805708653920944,0.33354417106314455,-0.0638267628965222,-0.7403970454788056,-1.1259858877672684,-0.0830217297762078,-1.7450792442580605,-0.5440262575426875,-0.5291501682062418,-0.9351928025824959
KWGRBVOPPLSCSI,-1.0542426143840644,-2.3199188182288992,-0.000811265753124149,-0.30895634140824535,0.44597271754365725,-0.6187873708729087,-1.5383153323863712,0.11820060847690525,-1.7148488933400903,-0.44636238522145494,1.6236575753756288,-0.7271301390418508
KXGVEGMKQFWNSR,-0.051393549080488224,-2.510959164290435,-1.7628102203338165,-0.9421084963051876,0.31725726881962285,-0.4713649643758374,-1.800325234213526,-0.3822470340072562,-1.8457087308865063,-0.5404147487280075,-1.150060021266528,-1.295441755492498
KXNPVXPOPUZYGB,-1.0389213596104212,-3.325482483371919,-3.287431808608524,-1.582840243061167,-1.3096384508033871,-0.9710998990404853,-1.8835221269265365,-2.4079037810362736,-1.878358697564887,-0.7892323671892919,-2.5531799983957932,-1.1430204901218957
KYGZCKSPAKDVKC,-0.6444685451124617,-2.591055432791623,-0.38341418276390055,-0.3828552185738565,-0.5205582652854028,-0.8201291524722933,-1.1500655945829772,0.1790157305451994,-1.3301994145507612,-0.6226376278616712,-1.0333589031016872,-0.7073362939283795
KYLIZBIRMBGUOP,-1.3148297679061327,-3.2481228594642713,-1.5357087569439036,-1.1409651691806775,-0.9152105608631645,-0.7884185099710785,-1.5202045702589668,-0.3715167718302162,-1.862967712816989,-0.5729981890936409,-0.7859173240793451,-1.034507837018575
KYRVNWMVYQXFEU,-1.0858074000623832,-2.7187484039686316,-0.023258334727382955,-0.057406062155328806,-0.3291326641566653,-1.0969436990275738,-1.4811989148148421,0.4451612316064909,-0.9679450625178858,-0.6138370884141205,-0.44168647877870354,-0.9718570520985692
KZNIFHPLKGYRTM,-0.9612308598830404,-2.890203855040438,-2.32870927054251,-0.7870323446629678,-0.02273696260897013,-1.0236881452207969,-1.4193127731241642,-1.1132565577469198,-2.199256862661711,-0.6706650777869536,-1.0341232697148406,-1.2868566546808227
LAINPTZBIXYTIZ,-1.2288745811358164,-2.2407522910496,-3.72733299279679,-0.38146090320808995,-0.47471276749892133,-0.6066840396355577,-1.0803300901265493,-1.3350038750545352,-1.9942458881196758,-0.63354104249502,-1.5782158459004,-0.742560464123514
LBHIOVVIQHSOQN,-1.032520015109937,-2.8085169963130223,-1.5578539571190058,-0.6412699757942333,-0.6054090991970187,-1.0604838977515045,-1.8365048580464305,-0.6243930275493806,-1.9959125844928662,-0.599780607118386,-0.22965172540770104,-0.8345012809562711
LBOJYSIDWZQNJS,-0.622393734897857,-1.5203249763324027,-1.3462182345315645,-0.6381712588288442,-1.0488183297566709,-0.6610268558779251,-0.2586782360547376,-0.46350308371408255,-1.6297439308347914,-0.6841202218539643,-0.9689281240088434,-0.10864550138493763
LBXHRAWDUMTPSE,-0.9494624587871348,-2.810005618214124,-2.312687192206586,-1.021201382401189,-0.06147063504436111,-0.7831040391666582,-1.4827472074356691,-0.7905754803868248,-1.8666333297784543,-0.645520571873037,-1.1119289832386998,-0.5396852963695535
LCFVJGUPQDGYKZ,-1.2784303254647895,-3.2196137171701698,-1.7852477127408677,-1.2621992342607247,-0.9842083773398994,-1.0067775197799065,-1.3731529041609882,-0.668303775742977,-2.2573408500776027,-0.6041900318152368,-1.0952391143513522,-0.8965754338974192
LCTZPQRFOZKZNK,-0.2845595801817583,-1.0845431082415284,-0.9873446066877388,-0.025899159108895353,-0.05388063970416586,-0.5314786465200771,-0.624950023607654,0.1634867155235404,-0.08318698356634723,-0.5627498337149319,0.6588177905804764,1.0481644982603067
LDMWSLGGVTVJPG,-1.406850557967127,-3.4463508595671724,-0.8989225972623018,-0.19981951710342377,-1.104495998411974,-1.3356123503596065,-1.8349735258027615,-1.4926228667054866,-2.2857428879290773,-0.6304653500442563,-1.8477318937644058,-1.4199334551778608
LEBVLXFERQHONN,-0.7251001850481157,-2.1638485417821625,-0.475379323930287,-0.5193470804688617,-0.12079209007352434,-0.6804506513615004,-0.22683530983584282,0.6530589817135224,-0.8632319102584308,-0.5522401001400845,0.10662645576953698,-0.4168064097997462
LEQAKWQJCITZNK,-1.0635249271678289,-2.5054821072683366,-1.1210918458120567,-0.2632388989228188,0.03920962008819868,-1.0186594524108505,-1.592747000455624,0.08789862662653043,-2.2130071637510107,-0.5049372126958914,-0.24503853793875707,-0.7831478392575387
LEZWWPYKPKIXLL,-1.125222071092331,-2.8138264517149016,-1.1478504069931086,0.012031283070295988,-0.3301838577824458,-1.064642416791095,-1.7783744701870492,-0.5581038650613783,-1.5391988039686597,-0.5887270579295435,-1.18396101248987,-1.023842307551954
LHGVFZTZFXWLCP,-1.2911111098848966,-3.108231563286045,-2.6439254311691616,-0.924090188452815,-0.4380020154322909,-0.8898077779322147,-1.4661039619154026,-1.11317182593445,-1.9753404029657309,-0.7254630814120404,-1.520040350009069,-0.9455359913137314
LKBFFDOJUKLQNY,-0.8505573661399284,-2.360935660223295,0.11982994766752607,-0.5905114183151936,0.3301955247761241,-0.29118723201492747,-1.3555809717873506,0.7043935405055801,-1.7171640077388917,-0.36993772504591715,1.4223476972749947,-0.15281088216531777
LKCWBDHBTVXHDL,-1.075462534037369,-2.701406380716599,-1.3330646485711046,-0.9218038677210764,-0.5664311492049978,-0.5904464630361725,-1.5951632796919508,-0.22576602548983107,-0.9766985043879868,-0.6137740657154258,-1.4040955072540533,0.608300291952042
LKJPYSCBVHEWIU,-0.8701279918265798,-1.9018675930979545,-1.2781350345462335,-0.5422271209790602,-0.49739091285859627,-0.8868576970560034,-1.7125012335714809,-0.18068335113316875,-1.55098974104867,-0.603235047958831,-1.2039308821142183,-0.7241716963510862
LLJFMFZYVVLQKT,-1.4086698984867099,-3.4686489433032506,-0.6394611647916211,0.3153010885767976,-0.20066096004157677,-0.8626696921601553,-1.6563319389483553,-1.286715485225424,-2.132533723243069,-0.6004820627684839,-0.5190112559989024,-1.0979704821763012
LMEKQMALGUDUQG,-0.18739850842108463,-1.343361324753655,-0.8124260101877709,0.23721282894862855,0.05285879541871228,-0.32510600460632677,-1.2540517776090325,0.8363795242914065,-1.0967965574842455,-0.49058441520427176,0.6979172540206775,0.9895270865779922
LMJSLTNSBFUCMU,-1.2419349064294019,-1.9597946701242368,-0.7287237735632603,-0.47268386614322255,-0.1832302120599686,-0.9284449800888717,-1.6141969212786134,0.36948638244885285,-1.6453350122601746,-0.519836630942434,0.028062466405120435,-0.5541943440591457
LMOINURANNBYCM,-1.1037885611395917,-2.8349120633373808,-1.0530196500559992,-0.3953199403147084,-0.39091105755321087,-0.8272575258617709,-1.5489942958676957,0.31439741606149374,-2.2055229571535193,-0.6267438082061749,-1.2191843167112766,-0.5529905689809747
LNEPOXFFQSENCJ,-1.1969578692999898,-3.187796492183342,-2.2607093079163376,-1.0180963428863634,0.11270302019363533,-0.6308682859447183,-1.6355573302654647,-0.7795551053500099,-1.8922047550995247,-0.6129628008016504,-1.1279719137648159,-1.2023469027813962
LNPDTQAFDNKSHK,-1.249168919426166,-3.202447430496127,-3.098501077212278,-1.3812060415835477,-0.961825509609093,-0.9511961519549685,-1.5022437440493421,-0.9714294317100662,-2.2888454846470156,-0.7970332813809626,-2.5660198729225243,-1.039939983004708
LORDFXWUHHSAQU,-0.9790821135020242,-2.356586077976841,-0.5497781351015709,-0.07819682947815733,0.0032072392776349313,-0.7354807249184169,-0.5837853814238639,0.5091509404490233,-1.456361234460177,-0.520270344758806,1.0228459103642584,-0.13638868855047087
LOUPRKONTZGTKE,-0.8760682033976226,-2.560946461283181,-1.9148766789680716,-1.0340701660523115,-1.0439224035566324,-1.1803465416880174,-1.2188561695574363,-0.8694258247774234,-1.845867660583126,-0.46372480137928695,-1.5226290783030012,-0.698791400330091
LPEPZBJOKDYZAD,-1.0654719737823926,-3.3754130107606386,-1.8209173556465228,-1.0310086171181227,-1.0572292265938077,-0.9075809307134324,-1.6723721164989527,-1.5821793544543523,-1.9546442709514926,-0.6068409599073101,-1.186566889565758,-1.1404382852149226
LPMXVESGRSUGHW,-1.1312500498882476,-2.918860720170413,-0.28309571022877805,-0.1517850503673467,0.1961428317091512,-0.6051931518029257,-1.337343474054038,0.32031462528883486,-1.6939543595215973,-0.5181815274043402,0.5829792178418148,-0.451120290709521
LPQZKKCYTLCDGQ,-1.3059353834823142,-2.8192690831911515,-1.7806695708109943,0.07452102150676211,0.028839172800870203,-0.9707012430159592,-1.7733441675796542,0.009057404925506,-2.008919652829467,-0.5177906460583057,-0.43526107670207437,-0.8812870249123959
LQCLVBQBTUVCEQ,-1.4038001108703462,-3.404581228656647,0.9978419186341557,-0.6960285596016211,0.7899187900253893,-0.4761533506864989,-1.2067617916499913,0.7961871747469556,-1.002341776129348,-0.17196919686312845,1.2705129617874114,-0.6895045076167212
LQOLIRLGBULYKD,-0.9889678158906038,-2.7355558321170745,-1.182991526854836,-1.1430336670795813,-0.11384141723472603,-1.123613072293576,-1.5804735282218967,0.13181349180114993,-1.4763283739098634,-0.6019641769049773,-1.3963600218994463,-0.5590845514011888
LREQLEBVOXIEOM,-0.47687326179228895,-2.027323911604641,0.1886923691311151,-0.7280583870412541,0.4824147984379714,-0.4702628236717782,-0.9427994095398484,0.09285738722440522,-1.1221052256181627,-0.34494972480559266,1.2267072008907738,-0.12754986154908182
LSLYOANBFKQKPT,-1.054138027868204,-2.640329456175584,0.673534719887718,-0.08027170184034402,0.13672047170023266,-0.5888100903129744,-1.5188836152564598,-0.34356591369948397,-2.0212987861314895,-0.47994366765514346,-0.5430435110788573,-0.341182262914649
LSNWBKACGXCGAJ,-0.8931676049530821,-2.1360567225684095,0.6462936164769819,-0.28502995684971033,-0.07133643537005088,-0.5769555939459616,-1.4771688897352167,0.3034400285307521,-1.089104040205496,-0.4973143187988951,-0.7564091767802398,0.06609174750384073
LSQZJLSUYDQPKJ,-0.9093248313181712,-2.850296604451703,-0.4191136262547073,0.09597969222356666,0.1701777304007412,-0.5850517329494843,-1.6414383672636765,0.2599612280734585,-1.882700488689845,-0.44688807055475643,0.8612087510469839,-0.1549381115840509
LTMHDMANZUZIPE,-1.1881091267510973,-2.8252398962672234,-1.6415372991307244,-1.0115908203988169,-0.43512731734329674,-1.0451744983587625,-1.679922454229271,-1.092160671175371,-1.6819430688163923,-0.6514028525004828,-1.0437290614742205,-0.516853041095798
LTRANDSQVZFZDG,-1.3386751309230274,-3.382654369367719,0.06977870278661219,-0.5602789819339373,-0.7371600471021715,-0.9354332301709992,-1.578876589119126,-0.4647788278502633,-1.6833968790717484,-0.5386910248297677,-1.1552394402166255,-1.233660017722266
LUKBXSAWLPMMSZ,-1.2609344741998048,-2.9900537514712946,-0.4993421566643226,-0.44739035491765555,-0.5879473633761112,-1.0305063378691226,-1.6467386800105799,-0.06860427376320598,-1.6747340039213556,-0.5703447582906969,-1.0635460855681795,-0.6377349842038952
LUZRJRNZXALNLM,-1.057434850062708,-2.7333796347245674,-1.4122117858910601,0.10990768385980307,0.14615401998883937,-1.0479518620432047,-1.744204754980732,-0.7579416442639584,-1.8116821371573069,-0.5949051447933085,-1.7234044403358744,-0.8949142507942681
LVWZTYCIRDMTEY,-1.1660423228013257,-2.741395418583667,-2.107486983566094,-0.4462268590103917,-0.5627596939587352,-0.9070376804230119,-1.4595935212784108,-1.145109503773988,-0.9570302688735206,-0.4400456668451433,-1.8828696978861579,-0.9837188629626773
LWAFSWPYPHEXKX,-1.0340581147735755,-3.3177108654944316,-0.7277547580145437,-0.970720629814448,-0.8201867602061348,-1.0747387782601097,-1.4511454940255555,-0.8635305454441842,-1.629667707092989,-0.6786851942560269,-0.7986470256496695,-0.8254591962056071
LWQQLNNNIPYSNX,-1.2130074493424707,-3.2845956290459406,-0.8802569947664647,-0.7759764167869552,0.07140154687907492,-0.9476912373353539,-1.6733577348673612,-0.6604013835766237,-1.7428002173651067,-0.5632552242404486,-0.9473672095171769,-1.0827787781780163
LXNHXLLTXMVWPM,-1.0368890310779968,-2.812725400113797,-0.9819670766551378,-0.3833628729816876,-0.04033763698218942,-0.6720676483842765,-1.6585715078319074,-0.05897704994561766,-1.5308150957911015,-0.49155074816100075,-0.37774862020485184,-0.47206760828416194
LZFZMUMEGBBDTC,-1.1438373208152053,-2.620166935138012,0.3378265980086965,-0.4772695258904045,-0.44471602593855664,-0.6559978621423304,-1.65114122570574,-0.6424615060799539,-1.4353606203561446,-0.5860853643956075,-0.43650914068812324,-0.3311439709705947
MAEIEVLCKWDQJH,-0.8307286692177824,-1.1480215020417337,-1.6395656052130452,-0.41615390052750645,-1.009124941920921,-0.5645121316511125,-0.7041176540469982,-0.5272687839307872,-2.2508857113001546,-0.6733125084620929,-1.3505261326765907,-0.6063430633527171
MAFMQEKGGFWBAB,-1.3645428328860247,-3.3375317802994284,-1.3961143478176077,-0.41403181931297206,0.011301339746001834,-1.078107547592145,-1.6490087523607262,-0.6236087432842776,-1.608289251396277,-0.5040889649902585,-0.8136570963424694,-0.9646056979020079
MBBZMMPHUWSWHV,-1.1974822156658635,-3.209607270289229,-0.9498721363651728,-1.2720245012546596,-0.8648692546237271,-1.0415427634320202,-1.3894996676549316,-1.679083965674734,-1.3632457047859559,-0.7805003750809889,-1.1025056562139306,-0.2181062770518079
MBUVEWMHONZEQD,-1.1382790512335839,-3.233276276452877,-0.4754622852384226,-0.35086521264758996,-0.3477311535886163,-1.2755291324707534,-1.4554385881674863,-0.9840321574556425,-1.5957267561403319,-0.5395770149642314,-1.3809275273081647,-1.1696138342316367
MCMSJVMUSBZUCN,-1.1065738963671232,-3.4762323788693155,-1.7292455732232792,-1.1964518527437407,-1.3564522866635251,-0.7585328466963329,-1.5987556032294021,-1.8336799636050254,-1.9043929623725102,-0.6849787411445651,-2.5924360021634985,-0.9841790390246181
MDKGKXOCJGEUJW,1.290856037557037,0.8986963106503363,-2.7292163991549843,-0.8645294178799598,0.8995668926429394,-0.13265245313924226,-1.6250937111923358,-0.6276128336049619,-2.4999916312558708,-0.6505794338892391,-1.3372276261939635,-1.3873855894458458
MDLAAYDRRZXJIF,-1.294672903553549,-3.4988400588673993,-0.16834893926654196,-0.7903961397876613,-0.5460615792687886,-0.7506776209078343,-1.4803980052966519,-1.1217303063449149,-2.1275368433730257,-0.5647733862654314,-0.6574906632781591,-0.923201253949425
METKIMKYRPQLGS,-1.119013587416764,-2.6570235279337564,-0.9921353039941307,-0.7632544359561331,-0.7260692134346353,-0.965651842226168,-1.1463606787426295,-0.628085342411619,-1.9384754705441447,-0.6847362818321521,-0.7763502416063386,-0.7906932892908154
MEZLKOACVSPNER,-0.8214561323803197,-1.473952350285704,-1.6789571020547813,-0.5396857287038851,-1.120511867050484,-0.3511950156373192,-0.5584819025121773,-0.4730838965194051,-2.43180934265845,-0.6156733384233751,-0.9921388897042945,-0.67164005034149
MEZZCSHVIGVWFI,-1.3251850658083768,-3.52355200497685,-0.19725997543700494,1.2651847625826582,-1.098870880269017,-1.2325732047527143,-1.3457074842565713,-0.9170724240777427,-2.098595678964445,-0.7853352438185939,-0.9319769781526848,-1.4069526577996936
MFDFERRIHVXMIY,-0.7965353838951248,-2.488112278917878,-0.2959216363829453,1.0262808355044577,0.28613900782630464,-0.6918912398208414,-1.1616680908729844,1.1894719450041824,-0.7920454911558019,-0.5619218968456829,-0.2094183724374027,0.10592456614229454
MFWNKCLOYSRHCJ,0.3295842704710671,-2.0017114519333217,-2.2042186106471764,-0.807011653093737,0.33303230817298113,-0.46908244790083986,-1.566884509285044,0.14702899121617294,-1.5855279328924903,-0.42295584314710194,-1.3210900270555568,-0.27659369204304474
MFYSYFVPBJMHGN,-0.7400562648441671,-2.1085727244292958,-2.6277161014274926,-0.2554884384554857,-0.029818628127299702,-0.020421613690385226,-1.2751252424594595,0.5103575877867654,-1.5548178865229687,-0.442386431580793,-0.6643884979481972,-0.18873991304380167
MFZWMTSUNYWVBU,-0.7139138951029588,-1.8423003502093063,-0.47522906506827656,0.2152972938167192,0.324135925517469,-0.07060599430386823,-1.2424331407434472,1.4794787427733072,-1.1341143530482878,-0.3800695127893762,1.0415945445553885,0.09743820747374277
MHWLWQUZZRMNGJ,-1.0003926507571728,-2.2317797242670516,-0.3853464715910577,-0.34553007862037277,0.42452894559074794,-0.6118960782799427,-1.7301796616071092,0.5211002378675994,-1.7109322180362492,-0.4545509988255685,1.5455826006977205,-0.4279359628882699
MINDHVHHQZYEEK,-0.5170511789927734,-3.230285239053562,-3.399713362338614,-1.0430648528366973,-1.4625051243195504,-1.1672703056828029,-1.684827503228977,-2.220730506537161,-2.4550596971925898,-0.8289243477573576,-1.9314629343041927,-1.3769832890314215
MIQPIUSUKVNLNT,-1.1193905380008407,-2.952532138412509,-1.8768834068545943,0.3858726538721249,0.06807573878972464,-0.49640983292779844,-1.6393407531358977,-0.3011170333487611,-2.1031548543929843,-0.4846518045304645,1.0070200293452045,-0.23058911452177017
MJFJKKXQDNNUJF,-0.5945766861139661,-1.985477252230144,-3.028626757004336,-0.24010146935575138,-0.14891866215116162,-0.8019322515633133,-1.6534084730932201,-1.3800494536112966,-0.9283649276829083,-0.6791062455510325,-1.6694902184209421,0.07436406977605803
MJIHNNLFOKEZEW,-0.6899640604975636,-2.6037695197337216,-0.6881259172826083,0.010494328489187197,0.5330238803999754,-0.5055665739697492,-1.555122910425289,0.0885191243201789,-2.2819589538279788,-0.44421987523380213,0.9317166480936049,-1.011457534394347
MJVAVZPDRWSRRC,-1.0027189757550878,-2.2280214830072578,-1.3881030737593325,-0.3620347975817814,-0.18321416368233576,-0.8786860742535165,-1.2764912961412376,0.319072370188852,-1.757640679204305,-0.4753709181053273,0.1606851135465634,-0.6638451576016597
MKJIEFSOBYUXJB,-0.847092740596939,-2.827230522006377,-1.2514954196065824,-0.13936193821629136,1.028486326980172,0.17814078118513266,-1.4948353501929068,0.3022843902247608,-1.3536341795454758,-0.1317120261196451,1.6006970056130747,0.460949910249733
MKUXAQIIEYXACX,-1.1474882819661993,-2.1044333883111226,-2.214081075900252,-0.3021863709789943,-0.5831951616952118,-1.2473595749708064,-1.4318652421935458,-0.6919356756953463,-2.365525941221932,-0.6998153373067435,-1.4954363816683445,-1.098377034850426
MKXKFYHWDHIYRV,-0.3291442953884871,-0.9754119178311135,-0.5316147367084936,-0.18414239370109484,0.02608715410718962,-0.11997863050232505,-0.5605557800503113,1.1904922340088242,-1.0909969268113309,-0.36791294989093154,1.9705313970709175,0.37357966689376554
MKXZASYAUGDDCJ,-0.9636432287325967,-2.5882592321459734,-0.6715632509417339,0.023866951859905925,0.27628516217058385,-0.47855010007693577,-1.3674406479171657,0.3557789468032866,-1.8749675821432001,-0.45236130596949486,0.856249605142375,-0.28511538021927385
MLDQJTXFUGDVEO,-1.2577663393336445,-3.127418471728334,-0.08878815532947773,-0.46908952353465894,-0.038727384493556546,-0.6436160628334215,-1.1867941420745103,0.34693766234068635,0.0015965389337630885,-0.37206992928962374,-0.08165483074441965,0.636070728512921
MLKXDPUZXIRXEP,-1.124839610519453,-2.8335733076187717,-0.45667369258948215,-0.930904970178038,-0.4039377299689374,-1.1362447856051727,-1.7657454743673784,-0.014776141069583455,-1.6558551076727577,-0.5773026294703913,-0.7421389618893466,-0.6573791525993973
MLYYVTUWGNIJIB,-0.7961502774391915,-1.863443944552831,-1.0190555905668073,-0.5058955191679636,-0.28418334491064856,-0.9888838791157621,-0.9649531025997691,0.6154415766653692,-1.5523792480648249,-0.48830470302820356,0.6070336140680396,-0.3103647584038298
MMOXZBCLCQITDF,-1.3492662745058903,-3.3320289081603742,-1.0494969906816785,-0.9197041502207945,-0.9929129802375124,-1.2935155724722005,-1.693817304791423,-0.853199331417099,-2.1066673474119018,-0.6527314541300282,-1.4950571284908047,-1.3875822090568863
MNIPYSSQXLZQLJ,-1.2576815123802272,-3.059175689214462,-0.2967733838528524,0.279968996878499,0.15379907323116687,-0.897583794876664,-1.6059312478301984,0.1283364207313383,-1.2012847887599132,-0.5136976541970135,-0.31872495834619763,-0.3274189357932637
MNJNPLVXBISNSX,-1.2746356722014487,-3.2740552905011135,-2.827304606808109,-1.7995991510580658,-1.2084152452038275,-0.7208421794386161,-1.4519636445635284,-1.7251664084648741,-2.1641820121239035,-0.8674835648497268,-2.9096132353872664,-0.8370716106374563
MNJVRJDLRVPLFE,-1.1327641856468196,-3.0543371088148943,-1.178070109625721,-0.9052648322134654,-0.6252565392057701,-0.9312447505039372,-1.898059184648302,-0.23801859654970214,-1.931747515751241,-0.4969198081965432,-1.134809597949516,-0.5466822973564973
MNSCVRXKDINXEY,-1.025434983233698,-2.706162861218146,-0.8054118438024963,-1.1108593786697663,-0.9203398932371739,-0.999165174343494,-1.6405399966462972,-0.4552252097889407,-1.7538382661652259,-0.6565107282791561,-1.140324340537703,-0.2904927365372403
MOYKHGMNXAOIAT,-0.9185105354516796,-2.408964143765763,-2.201300932693683,-1.0482100579590243,-0.933038721548695,-0.6730674898542375,-1.465536282694441,-0.07902828624757957,-1.8800987263078135,-0.6388185508818245,-2.3935961371884296,-0.8303132365387278
MQJKPEGWNLWLTK,-0.9919101228214244,-3.144680420156984,0.8521420688327008,-0.27795830082621953,-0.181355144875657,-0.8160992144381494,-0.552962989181558,-0.790519499139967,-0.6381528856626014,-0.6381103726969992,-1.051089788032325,-0.3104648666159557
MQTOSJVFKKJCRP,-1.265598848330903,-3.0510502086799667,-2.576513113249336,-1.2996814965320271,-1.429367004712041,-1.25967572339831,-1.632603583589897,0.06893440411691942,-2.0764170336489274,-0.6650601826000883,-1.9680188990874503,-1.0225714782078654
MRBDMNSDAVCSSF,-1.2895125566766652,-2.811706895284025,-1.5837375576078891,-0.1304145360593178,-0.2406839307241484,-0.713697232340556,-1.2794990525791425,-0.7785195571618448,-1.675284812402377,-0.505784107497051,-1.0453113489719903,-1.0846695960945265
MROJXXOCABQVEF,-1.1629627789203287,-1.9644769456418616,-1.9593058630880928,-0.5273478717676853,-0.8564944355026053,-0.8082779642217703,-1.7403529958147486,-0.9800422598652645,-2.0282792733748645,-0.5669687062796709,-1.8827843889048703,-0.926368832914839
MTXSIJUGVMTTMU,-0.914132953238892,-2.9287523783909384,-2.305521090064563,-0.9609102466652464,-0.3478809088812639,-0.21679090897983935,-1.4591184741206649,-1.2896194730131296,-1.5122280971572024,-0.5618130769761274,-0.6543160317409076,0.16712571266944354
MUHBBHLZPHKTTR,-1.501293466742965,-3.5308314115563113,0.1366529301121852,-0.7171211967442466,-0.3968473292800319,-1.0436998345943687,-1.5882491388119444,-0.8401771201248331,-2.04459746939964,-0.5452133907434383,0.6311081494729814,-1.3091836667495067
MUQUYTSLDVKIOF,-1.3380740978578745,-3.1931382340670686,0.06045524450852567,-0.11587059972115449,-0.13743421202468853,-0.5827701436712333,-1.0409148650759776,-0.6614481545108034,-1.6641932756117077,-0.6264663173261559,-0.766365037660289,-1.158123936665992
MUTNCGKQJGXKEM,-0.40065796450301255,-2.05585246306826,-2.1029405898544087,-0.2521550985641915,0.12838998693796755,-0.7878411399071097,-1.7180865947696202,-0.16078108064739366,-2.296563007408898,-0.581880982493062,-0.7349697193121747,-1.073107493141399
MVCOAUNKQVWQHZ,-1.2349547735743889,-3.1333881513584902,-2.2494927643570826,-0.9875952996796767,-1.11782316524828,-1.3547705143988495,-1.8485883436151682,-1.156018881996572,-2.1883176753873523,-0.6904951263313346,-1.5533265285379754,-1.196823385392665
MVFGUOIZUNYYSO,0.288541226099681,-1.2225784111347566,-2.394688662654403,-0.8845255761286333,0.025566539935278153,-0.3825819484046442,-1.6073761606349686,-0.20351013589124725,-1.4516854985213516,-0.30751679294910855,-1.2965900795509493,-0.1487119899354228
MVQVNTPHUGQQHK,-1.0716289004798136,-2.5661201907384372,-2.6403265779907774,-0.7612804701061897,0.03351271844648046,-0.8178278854737766,-1.5202219956434828,-1.0993516023907903,-2.412876805202072,-0.5318934271719149,-1.090431780283818,-1.4878824661773753
MWLSOWXNZPKENC,-0.6851598359401113,-0.9618710302579995,-1.7562337745000143,-0.4158314729071046,-0.06568423128225316,-0.6575815750520008,-0.8873110854371067,-0.29169496616551105,-1.9308283534017354,-0.6304936662872134,0.23409623114030773,0.5330809448838145
MWYHLEQJTQJHSS,-1.2742519038087596,-3.2056712888446044,-1.5806431748155183,-0.995643387895467,-0.7564235706524349,-1.1993796955517915,-1.8100441659943702,-0.9042940987590986,-2.387982698268818,-0.5187875248618253,-1.0066892655048525,-1.1287750354281345
MXJWRABVEGLYDG,-1.2508011992878783,-1.9718404380987442,0.008716577522953354,-0.048767335100132314,0.41517218656326554,-0.7782423571376278,-0.979927073251789,0.758154430391809,-1.389540488939024,-0.46264551916710384,0.8708485119417407,-0.43492306455551294
MXXWOMGUGJBKIW,-0.8246893971552685,-2.2895722481376812,-0.804783987354363,-0.801865425651396,-0.20450357973283373,-0.7289520499089333,-1.8162992041513941,-0.09666455615602061,-1.8971685821148874,-0.49099498301143807,-0.5665945928410736,-0.7272202727980479
MYEJFUXQJGHEQK,-0.9087589434553999,-2.8106879408489354,0.9767719977023895,-0.18041975877344338,0.060586441612166475,-0.7863557202089884,-1.3863378157863149,0.7397326952981862,-0.5843780861480453,-0.4882050624487936,-0.5430628455622545,0.13158082566165588
MYPYJXKWCTUITO,-1.2171134965310717,-3.372307253698513,-1.2762388090214845,-0.930004677816096,-1.0362010120684946,-1.2864384993477709,-1.0966763740363135,-1.7062787526764378,-1.735905948772843,-0.616921179670283,-1.7070187904584677,-1.406966067985515
MYSWGUAQZAJSOK,0.5154954807583191,-1.202295670717002,-3.0691631980164984,-0.48560526803497406,-0.04684300266432888,-0.2986273794783629,-0.6877828976042054,-1.0098061597560468,-1.653852944677618,-0.6761031441066426,-1.2456371931141148,-0.5506920580213824
NARHAGIVSFTMIG,-1.1607596157463242,-3.4795393498076255,-0.5710405909761623,-0.8983674383894988,-0.7033500486963478,-1.0122695430786455,-1.7913393695114426,-0.7853401716236605,-1.9879832651878884,-0.6036408367310229,-0.6441003928393527,-1.3998145256706362
NAUWTFJOPJWYOT,-0.30528637961512306,-1.5491145464695313,-0.4804770612658714,-0.5429930915381131,1.0270598259939412,-0.5122701194153526,-1.3551223988853924,0.22159002893199797,-1.2754049954223836,-0.48344547400583204,1.3669079239816337,0.48424842982702776
NBQKINXMPLXUET,-1.2974236800152932,-1.9781855974629277,-1.4223692888811557,-0.3006167346041944,0.016655263855220592,-0.7567265895238816,-0.536898454377405,-0.6605312529680638,-1.665703632775733,-0.54742775093567,-0.4219242330742543,-0.8318398776758839
NBQNWMBBSKPBAY,-1.305848785527314,-3.156934003657286,-2.0559774983177492,-0.41807518920394743,-0.25922709587655846,-1.0229556709303176,-1.6571994954820248,-0.00877344275472607,-2.5640415094696807,-0.5994222356301003,0.1595823368107981,-0.97926921044274
NCDNCNXCDXHOMX,-1.0834348508988079,-3.146011354963725,-1.5821065893344395,-0.9992907261199333,-1.0818775267862428,-1.3720438838361115,-1.483490956922403,-1.432115578111892,-1.3922810496232798,-0.5620556414174323,-2.3227861588556147,-0.9987716605468488
NCEXYHBECQHGNR,-1.0403368209999548,-2.514874948897877,-1.2920110988540356,-0.65838029305449,-0.03898205202475746,-1.136359452787654,-1.304073611807591,0.19604203110320909,-1.669847882352348,-0.6075940730521552,-1.11871080925427,-0.7294770129579297
NCMZQTLCXHGLOK,-1.402756301902196,-3.0943623213798306,0.0019859273828939416,0.8827910556954135,-0.5903460668838285,-0.9374098994411959,-1.4985557362957154,-0.07414708232646897,-1.6367384515862573,-0.5636759467044996,-0.7776510652358344,-0.5963717253750482
NDAUXUAQIAJITI,-0.7928870042720881,-1.7712429052028476,-0.7594935098883601,-0.2541720276512289,-0.13551000414826259,-0.6457493098855889,-1.2706363967565693,0.4415782452974311,-0.8709996349715392,-0.4973874523744166,0.9369557619299789,-0.28646641902259556
NDDAHWYSQHTHNT,-1.181473219164631,-3.270310361689375,-3.790479516863028,-1.5253826188726383,-1.4957377370438385,-1.1105867168931118,-1.5060140497394647,-2.2383084862480644,-2.328447346301459,-0.9682167534227872,-2.770025815715161,-1.2735898089215676
NDTSRXAMMQDVSW,-1.0373770182835025,-2.2960372947446417,-1.6939335578981156,-0.5698500162791199,-0.4460030246643958,-0.9608475610542461,-1.4624042599520126,-0.5182650941646498,-2.4613885973644405,-0.6031492307388121,-1.0633462354989303,-1.0143150336729623
NETZHAKZCGBWSS,-1.0368912429037114,-3.3078184525405177,-1.1189528635522614,-1.2381624566430967,-0.5273106978893906,-0.7957781554096827,-1.4775650584044329,-1.1798477434838943,-1.5757943476421084,-0.4488911315708787,-0.7616378639440056,-1.0607834823300517
NFACJZMKEDPNKN,-0.47197892125769036,-1.9534635584401892,-1.3930336791198914,-0.6542805509454765,-0.18285070728374514,-0.5869623322570394,-1.605410083524903,-0.44622269469572184,-2.052094465124501,-0.5627262361398968,-1.1400685451254886,-0.6788873882151008
NFBAXHOPROOJAW,-0.5757207999690134,-1.977410056175709,-0.9429197036744615,0.04404830726259053,0.06475164951636926,-0.3740995897956492,-1.5382250386240135,0.6165365160929414,-1.5794659451666981,-0.4308427759309705,0.28901519709312773,-0.12763880854887455
NFDFQCUYFHCNBW,-0.6626264337954979,-2.604137531284589,-1.2206651354723028,0.4486647333313158,-0.46288025898104185,-0.7981760959820373,-1.5479006149542613,0.6170281185225054,-0.5457569039136467,-0.6312486679569531,-0.7486748730098483,-0.4381214061052416
NFHRQQKPEBFUJK,-1.262904174595441,-2.685559483114453,-0.7825518024069896,-0.42823114792620937,-0.5523695344481065,-1.1868021920374403,-1.5146150797517712,0.016365386713604543,-1.4072035540610999,-0.6149001435608383,-1.6191891068512638,-1.0199784796702884
NFIXBCVWIPOYCD,-0.8753010157054704,-3.229204989079508,-3.1083702008637504,-1.277610557737796,-1.4580547974522775,-1.090159895263,-1.6534625637264038,-2.3718902020393804,-2.2048514178883494,-0.8383816275413529,-2.534599577526796,-0.9192975736295362
NGBFQHCMQULJNZ,-0.7647378031281806,-2.295621664736351,-1.0930672869123914,-0.43640908117979094,-0.4920122838587695,-0.9082804764482217,-1.8585164129436262,-0.8420448205966605,-2.251543522483755,-0.5127960311898445,-0.003057950633612855,-0.9860146298802666
NGOGFTYYXHNFQH,-0.8237880763036154,-2.1684690448635147,-0.6182891759205373,0.14570208427729975,0.021380642896975777,-0.8371841134344301,-1.6474173061294866,-0.04964971978739247,-1.6064982741226492,-0.5784528754390579,-0.3400545459277047,-0.5542374709132895
NHUHCSRWZMLRLA,-1.29300819678871,-3.3016182950976596,-0.8193213318894755,-0.33271516911768484,0.5026166431093969,-0.10665877042662739,-1.5516933266010833,-0.9033987027329178,-1.4195174184304375,-0.5018424211008236,-0.36870434317637946,-0.7267851991010441
NHZLNPMOSADWGC,-1.1830163738529067,-2.7698433129936864,-0.433576730368451,-0.3673079811412625,0.36557752652283115,-0.5675205491330475,-1.8766317559883354,0.4776808481090646,-0.9155774880201475,-0.43758903734134913,0.9307396377583548,-0.4067839677051737
NIJJYAXOARWZEE,-1.0189525302484397,-2.5054167427553597,-1.1997258123200079,-0.7796098381227202,-0.31917073653243266,-1.0535082771314035,-1.7709826317462063,0.08910858303985275,-1.5057082300459093,-0.550931295794561,-0.40481542345933963,-0.3601291815870744
NITYDPDXAAFEIT,-1.2478553196734763,-3.1637533467415926,-0.07372418761631862,-0.3030124607348478,-0.5532913156309516,-1.1456881589606702,-1.4918089739159996,-0.4850898425615482,-1.4424695036258397,-0.6096963811723168,-1.205198041042809,-0.708709007664774
NJCJBUHJQLFDSW,-1.1054551197824862,-3.2167866911157956,2.340059782528684,-0.3279344264560443,-0.026591079561490004,-1.0131976006235914,-1.531033590519756,-0.3759165210953868,-0.4967229626361171,-0.4889246347472329,0.9977417315698549,-0.6913079403427415
NJMYODHXAKYRHW,-1.0361324884835919,-2.0964871626707557,-1.5692215416945439,-0.7668207405394271,-0.7257487037031517,-1.1551638855928945,-1.4728123282045924,-1.0565354438708565,-1.8269191789128012,-0.5814787567718901,-0.8646269554028927,-0.6049223242720076
NKANXQFJJICGDU,-1.1691224922690509,-2.7328434540096818,-0.278128445280698,-0.07727165065687322,-0.03626824558196039,-1.0711009346835176,-1.7211197445204944,-0.14173755229050658,-1.4089586929343358,-0.4781393556013545,-0.8099884447423746,-0.5303630978462488
NLPRAJRHRHZCQQ,-1.1150647229552952,-2.6035623373971863,-1.9359754368927033,-0.8113336982251169,-0.18973001883704266,-0.8163731234972486,-1.546531878152828,-1.0151786722342675,-1.9137168409393992,-0.7162517151465837,-1.3101170903129946,-0.8702227562718469
NMKSAYKQLCHXDK,-0.8916130698479615,-3.2691040720271056,-1.190022170541423,-0.6899657429685231,-0.42375096487531444,-0.6629273537964657,-1.7065557437311667,-1.1981271981614512,-1.880742511317963,-0.6764439319357406,-1.0606643586156843,0.13208353236487902
NMUSYJAQQFHJEW,-0.9490848786179116,-2.321146522685501,-1.1490390044056091,-0.49615277407519764,-0.9973330508832035,-0.8781392372719737,-0.8385721536051508,-0.5889412450817338,-1.6176749443518645,-0.5980051114736434,-1.2401486840363092,-0.9024165758299652
NNAIYOXJNVGUOM,-0.5258829594641032,-1.6728184422295898,-0.649265390764436,-0.25700466460746824,-0.20085166643476696,-0.5742673192272268,-0.29300971888452987,0.13876031033433703,-0.9576631354668886,-0.3285774095438491,0.15880211015897616,0.33861633943392194
NNJVILVZKWQKPM,-0.7107038779640138,-2.5353072176952254,-1.7047828860859888,-0.7509720527531869,-0.3953667542187235,-0.7776887083902201,-1.4971374185280242,-1.4431682120742158,-1.6134214661991215,-0.6281543615118429,-0.5840643591191108,-1.0537487009229312
NNYBQONXHNTVIJ,-1.0602836961868412,-2.618049738163273,-1.5462862167424767,-0.9024112609281643,-0.7574573211252005,-0.8852130900270486,-1.159368332241466,-0.7384274859387212,-1.7451976817608181,-0.6040735177416445,-0.8235462181139879,-0.6781024420448879
NOIIUHRQUVNIDD,-1.0756879136332715,-2.7650983673645735,-0.9504464631148152,-0.9685035089426267,-1.134135247472261,-0.9440402769936959,-1.2006681016544078,-1.283754562156037,-2.0124081422123927,-0.7748224018282887,-0.9368454621788304,-0.8516428401302717
NOOCSNJCXJYGPE,-1.0834701523086805,-2.917176979512736,-0.6298049286529506,0.24032775808650084,-0.26221127806411954,-0.8871509123494782,-1.229821552475921,0.5470021782498629,-1.752627963662641,-0.5219804348822698,-0.03192599818916787,-0.6522636782476803
NOSIYYJFMPDDSA,1.3495355425494462,2.2702537424603864,-2.1182304351885626,-0.6725150281288338,1.2733737862725998,0.44337479374346234,-1.5399547971860477,0.8248517642010248,-2.105587196379148,-0.5309866985862586,-0.5407253334036939,-0.8150487699988974
NPGNOVNWUSPMDP,-0.17382657234391388,-2.518916237291138,1.9948392644737194,-0.4359042996940955,0.05624220668892188,-0.8524750028750567,-1.706861950642793,0.977020428968385,-0.8398852106035195,-0.4515750236151718,-0.8064176597992163,-0.12565728223108721
NPRHVSBSZMAEIN,-1.0262075189864328,-2.6601430841594746,0.157392843981909,-0.773300164248504,0.3113996166314847,-0.7002596830516676,-1.6222408965707686,-0.20498374514263618,-1.6895161284626257,-0.5192308369688478,1.2229279874462333,-0.07280700112383594
NPUKDXXFDDZOKR,-1.1744109971531196,-2.314422761385904,0.03466871666958891,0.047143695233244756,0.3321653005550805,-0.39387383379441526,-1.4322898705454923,0.750609807263058,-1.8422963173982434,-0.3817354417239913,1.8424588996032236,0.18139763753718743
NQDJXKOVJZTUJA,-0.6416168476129,-2.3856121917726294,0.014434592112984002,0.4991894001150131,0.42776073803753273,-0.4455564124335852,-1.193026388224946,1.2003263586102877,-0.8082125795836247,-0.3684042771481076,1.2383058821285362,0.90619133618753
NQPDXQQQCQDHHW,-1.2721538412609878,-3.2645287303378336,-0.44524929165149363,-0.0018202667493971369,-0.4222960607590777,-0.7786052715052824,-1.1568913174386255,-0.4396577155011195,-1.8370260039739394,-0.5493365583688314,-0.5421501223410067,-0.8619747067885857
NRFJZTXWLKPZAV,-0.006241750419127983,-2.8078219728375378,2.3043896283451546,-0.3023774717322069,0.275538135229671,-0.8894990759089928,-1.3206353267829718,-0.20602337618179406,0.6924496419475086,-0.49484680412331095,-0.5293886941652962,-0.4150096563073892
NRUKOCRGYNPUPR,-1.1228115711749858,-1.988849621515815,-0.96926216859529,-0.22953867498666897,0.013804774168468882,-0.9680781398247558,-1.343856385295367,0.6452280216991334,-1.7245324191162823,-0.5011586492035567,0.7390843554263421,-0.4104658015460364
NSKGQURZWSPSBC,-0.6052463335632895,-2.9408291422171744,-2.0351684202812947,-0.5183240466143029,0.12681246407570038,-0.9270815740445416,-1.7537337611795616,-0.9926837675810192,-2.008288210125474,-0.5334096164658791,0.0485590689816912,-1.1755697552725546
NSYZCCDSJNWWJL,-1.38637371488733,-3.279710252665596,0.3938147252257474,1.3052612644294164,0.237932330800427,-0.8835800405757228,-1.533316565455519,1.0586076931378274,-1.9760758497017152,-0.5108921267200943,0.9692897553976829,-0.8475853835349954
NTHXOOBQLCIOLC,-1.0157122534415415,-3.1187759428154824,-1.3979720930195703,-0.23352762462136534,-0.30169352215808787,-0.8165645357249622,-1.7555476712506348,-0.5220909351668492,-2.2793700938638057,-0.5402931069640554,0.3974508967045193,-1.051854417501795
NTJOBXMMWNYJFB,-0.3656866506072276,-0.20663204632305002,-3.0051977841338138,-0.30573839593621777,0.2521211260899872,0.11531929781086847,-1.4117731306852843,-0.9195116442516115,-2.117261860241729,-0.6993058348034606,-1.0107772413583103,-1.0169762132110909
NUHPODZZKHQQET,-1.317496548925808,-2.9244580367718624,-1.3330785371311504,-0.5708351264514977,-0.11850350460970446,-0.6530826763047384,-1.5776163659428235,-0.7756347935587234,-1.6974978233287605,-0.45633971578733445,-0.5761129042287737,-1.0988306039467903
NVEPPWDVLBMNMB,-1.406418071227045,-2.388822209891898,-0.12524251854030516,0.12706557883112451,0.5304833174652753,-0.8567763877129206,-0.501947143903883,0.0832984453655718,-1.581581280901835,-0.44969689939830293,1.0791193669438286,-0.5108777480937433
NWBJYWHLCVSVIJ,-1.328383999681019,-3.0463249174582194,-1.6212751457369994,-0.3728891771570131,-0.6089134754798067,-1.0276238326922695,-1.4016130377555474,-1.1968485055550522,-1.5780073103723586,-0.5805673602857442,-1.4560096970907228,-0.9868757541907542
NWIUTZDMDHAVTP,-1.0359776933249027,-2.527796024739763,-1.4297679236549279,0.01910744624327322,0.030279237574708524,-0.8626668592512753,-1.6488679810445208,0.5412067197978897,-2.2094401554677923,-0.5044456310864514,0.6614434482583081,-0.745913353879651
NWPRCRWQMGIBOT,1.2209404741205714,0.7066170536002242,-2.4913675689985557,-0.9344755953035804,0.5401492470584861,-0.19912575134503002,-0.7119859297831289,-0.7680289065540924,-2.4580740698246046,-0.6714120584495842,-1.6580739681296905,-0.831926883737164
NYMGNSNKLVNMIA,-1.4872245753656526,-1.9033125120019252,0.9020169648401717,-0.14795148422926988,1.2551590575706038,-0.4314340260728746,-0.673879539184396,0.6483405055401801,-1.0574131280922954,-0.3822001853565486,2.2722146524400246,0.9764805176489378
NYPYHUZRZVSYKL,-1.274250310163003,-3.325918505539132,-0.7005828645067319,1.449640560617238,-0.5035998718500654,-0.8448766236237748,-1.1111630621123552,-0.3194781947236436,-1.8892035140787633,-0.6781462443210698,-0.33887471021820154,-0.9881654455985671
NZCRJKRKKOLAOJ,-0.8439976240340443,-2.4829393186996236,-0.4242929498110433,-0.2027966737184296,-0.34513524972718707,-0.8476951350695023,-1.540792422270455,0.08875529415179673,-1.7309059651072864,-0.5576775834148777,1.126456219542662,-0.8525393652906752
NZHGWWWHIYHZNX,-0.509833494511228,-2.6642353980788114,-0.2973113224736453,-1.2291985399757825,-1.0647014386889038,0.0008456472207952377,-1.191596613632492,0.6683921539865441,-0.5948226164609528,-0.5102651014274702,-0.7832593293279435,-0.5213713197199139
NZLVRVYNQYGMAB,-0.7653065460768497,-2.0058888839925637,-0.7904097677268084,-0.7256408467444614,-0.41566249002212463,-0.5158145053759273,-1.3956386585510587,-0.008558474567221835,-1.4719346801012254,-0.5975980863565244,-0.508442455288328,0.10775130126231551
NZUPCNDJBJXXRF,-0.9201995595902772,-2.883612654851765,-0.9108839154787063,-0.2502045493589542,-0.3598709550907962,-0.906595888711587,-1.2223780643162427,-0.7183637814606891,-0.6024223300492615,-0.7231720329127803,-1.485493615013769,0.2917395059028611
NZZIMKJIVMHWJC,-0.9888617522098566,-1.9524123140506686,-0.6084705564067407,0.5488372138264729,-0.03334172456780643,-0.6884009921801733,-0.3401129944937253,-0.3808227394723924,-1.7342310552511317,-0.4891398504475932,0.5698124784410932,-0.4528153299649804
OBKXEAXTFZPCHS,-1.1330726537260012,-3.255313725206354,-1.9983782977546825,-0.5176616704614836,0.6267111521397182,-0.6182348293833183,-1.7369504666509836,-0.3615838562430677,-1.9971598181085966,-0.5585319506860547,-0.5098419875374566,-0.8875422657304206
OBMLHUPNRURLOK,-1.0316441204001734,-3.2482166722210803,-2.0795862710477677,-1.3915600571933862,-0.6322499856993221,-0.6238531560674014,-1.7148440194378676,-1.8522180928462966,-2.1947907434837415,-0.8030030494601964,-2.308000142443306,-1.2763441738688268
OBWGMKKHCLHVIE,-1.0613883387203336,-3.2192681660078746,-1.055652512312668,-0.6551013519208215,-0.0810958241467313,-0.8060176104802026,-1.540679815292286,-0.7858010695504556,-1.9731392219351038,-0.5058253910321937,-0.7108136628055021,-1.2067909480130512
OBZHEBDUNPOCJG,-1.0565721867772653,-2.932531434410905,-2.7668565045360864,-0.6283924545356113,-0.2247671822316881,-1.10913676417359,-1.840651494393705,-0.5216290248728013,-2.24079004065546,-0.6766027700376183,-1.0380719298267627,-1.1677643117738665
OCAPBUJLXMYKEJ,-0.8057825532937855,-2.030342994080589,-1.0278254158424558,-0.8593372750903515,-0.6149625059647214,-0.9232687009708149,-1.4216205703531801,-0.6360299903134383,-1.0397712009956157,-0.6701603992740446,-1.753345566836954,-0.42222763834914834
OCJYIGYOJCODJL,-0.9900123912254126,-1.9831138344236665,-1.8033157993582534,-1.0030174376253398,-0.826742383114918,-1.1426723661427962,-1.3642543896014785,-0.624179357913371,-2.226568662236472,-0.6693974801793952,-1.3813957783087067,-0.8255432019744839
OCUJLLGVOUDECM,-1.3975110118503233,-1.6861807621878135,1.516226921936905,-0.26258443526663117,1.3352963798528887,-0.23338245167976096,-0.9464286256084151,0.4660445965629204,-1.4417789541840538,-0.3469662728815723,2.306944761133619,0.4535683507048547
ODKNJVUHOIMIIZ,-1.1188620405847447,-3.426273783887787,-1.0884283151770189,-0.9009770793032198,-0.8705869419780111,-0.7442140305342003,-1.8728054565037433,-1.0165104052499327,-2.2682734304831174,-0.5521460186073196,-1.156492168312616,-1.0924631096955362
ODQWQRRAPPTVAG,-1.4946406950081663,-3.3864951304185547,-1.1725536822957894,-0.09216468708217569,-1.2809475179304752,-1.2456555786934949,-1.7586485036039026,-0.8107854868179087,-1.4605825733147473,-0.47433776268578676,-1.30347454689942,-1.578461680622051
ODUOJXZPIYUATO,-1.0171735186466477,-3.3084795694160847,-1.2359496156259953,-0.8844422234542653,0.12255293462299456,-1.2026622506210072,-1.623850318665385,-1.1671486864106424,-1.9459820825919798,-0.6570857746221027,-0.6471069496570789,-1.1555106647249096
OEBPANQZQGQPHF,-0.4042606080392066,-2.647861502904,2.1611372745846964,-0.5271334844201766,0.1989748639513951,-0.9660368581017897,-1.493499137820436,0.712681298785084,-0.45911970629197774,-0.5150241452442341,-0.7035113533374786,0.13667131680809746
OELFLUMRDSZNSF,-0.9096568084032026,-2.762324188047264,-1.215289712861003,-1.2198943142598728,-0.9321141052051116,-0.8253915828544071,-1.3664266731544004,-0.7032397955057892,-1.945110788380575,-0.6863918637145491,-0.8576320424567802,-0.6748154345069654
OEXHQOGQTVQTAT,-1.1412451736696996,-3.0141193183888593,-2.584321166143174,-1.0333370055739313,0.02064760365160699,-0.975198674488071,-1.6783742463805666,-1.388862673735015,-2.0219575398031835,-0.6288176023275001,-1.4032068321725955,-0.5376018916359269
OFBIFZUFASYYRE,-0.6383941967410972,-0.12103842763322288,-2.4075692675959623,0.49307671971035366,0.10128284169740316,-0.4561715565120349,-0.5494099836677016,-0.44453016861260874,-0.12623927417606184,-0.5941001563257011,0.49047296856644057,0.34803568738476864
OFCNXPDARWKPPY,-1.0167390547834971,-3.015763378894794,-2.4823199659035544,-1.2788771250509963,-0.7566659567721434,-0.7830912143910311,-1.6507090277107128,-0.05888446319881173,-1.417926671998247,-0.6595167039781504,-2.2316207306539595,-0.3406101969235363
OFHHDSQXFXLTKC,-1.3416032180652042,-3.4334029573188882,-0.4810782661326426,-0.9802064248207629,-0.41945419479469886,-0.7709653228676884,-1.6282591967099052,-0.9346264820906688,-1.8559814515066564,-0.6370833227652933,-1.101557181181865,-1.1255653685378195
OFPXSFXSNFPTHF,-1.3772230164054078,-3.035389197757531,-0.5586388779878103,-0.02350173279022995,-0.3121260886830449,-1.0564256940736034,-1.623355448942302,-0.5659927573221377,-1.2670187841067826,-0.5529878398329849,-1.1534235546579896,-0.901832205400205
OFZCIYFFPZCNJE,-1.2526175461362365,-3.0356942293700646,-0.12489462636584286,0.8912362153966975,0.7432084064034136,-0.6434603945125212,-1.3544798306013426,0.43194860402196295,-1.9292961512201516,-0.46758437618071985,1.6408477440045814,-0.40513267670073383
OGAKLTJNUQRZJU,-0.8217060079408007,-2.866195716977393,-0.7375484921713372,-0.2171427473700907,-0.11975716610027946,-0.4384254293601369,-0.12109027602912581,-0.07554647130984952,-1.7439555832286955,-0.5626939866611609,-0.3744303902581779,0.09104820006873847
OGHNVEJMJSYVRP,0.4800464332212767,0.255165039975692,-1.0032392872767708,-0.4287920954581951,1.1825261382025474,0.7354715527772925,-1.425731953155676,0.05249820549194162,-2.401139862627065,-0.46859592840758607,0.9941485606667679,-0.892223746491043
OGJPXUAPXNRGGI,-0.6899138793053673,-2.843909066784821,-1.966746906755501,-0.8314210435433036,0.11751289164895146,-0.9121734517372407,-1.7622718062770493,-1.0680375021459318,-1.8955464967484095,-0.5338511293358863,-0.7439294978046521,-1.255747804062921
OGSPWJRAVKPPFI,-1.3624168780831045,-3.382313850614903,-0.9593231539884686,-0.42117454185936265,0.2395881587092746,-1.291670446743241,-1.816120812632767,-0.4606248223089019,-1.7958078830405295,-0.5062328922560206,-0.49335152697606843,-1.2809982515242384
OGWKCGZFUXNPDA,-1.0902364438229064,-2.912454341165493,-1.4909437319042034,-0.6807622811732381,-0.7958981150729068,-1.0536901619007886,-1.7421781034128963,-1.4977979259150338,-1.561991006407003,-0.6368097413129438,-1.8516566155786125,-0.6260182679432728
OHCQJHSOBUTRHG,1.3664444836559035,0.6332882829523414,-2.9617076014105033,-0.2993748972962004,0.45793381759150975,0.14555431800956256,-1.4744851401471564,-0.9030436560740771,-1.2143867826221448,-0.6544773722962846,-1.3308195458269167,-0.11607013579765287
OHKOGUYZJXTSFX,-0.9583928821598091,-2.6948303702546723,-0.19618501081895834,-0.2124194999574678,-0.35001359103045215,-1.0296436578431287,-1.2661528341354482,-0.1086673402212844,-1.5256853559748422,-0.521478820347484,0.7987419834829096,-0.6852265826575504
OHXPGWPVLFPUSM,0.6195257841465359,0.2285096803837749,-3.183616543126706,-1.0191676790571251,0.160100175019922,0.15750814210454878,-0.7975097145975883,-0.3033293985953032,-1.671525920680231,-0.6814551717155276,-0.531310965194978,-0.7496826519888095
OIGNJSKKLXVSLS,-0.9233645823562574,-0.8382261804866382,-1.2165443927652888,-0.36402606881055405,0.11421420173801926,-0.17342468551717216,-0.8959658061750545,-0.4094642963292809,-1.010559834335174,-0.4946310318903558,0.19475436812233674,0.36982802834021933
OIPILFWXSMYKGL,-0.7076259892677934,-2.113746871836478,-1.2876725618442821,-0.46325567502439635,-0.19062801701707113,-0.6639812082722775,-1.8728806454103606,-0.4690611043488293,-1.9690681572127942,-0.5414270416769181,-1.0574787773503724,-0.6250243591159637
OIRDTQYFTABQOQ,-1.034149952584335,-3.309314739506581,0.033709332577691264,-0.5245556652403103,-0.5341236050134617,-1.0583473776214078,-1.4997740834237105,-0.826601875846812,-1.402339527875422,-0.6259080564313075,-1.302459243698277,-0.873475104587168
OIRFJRBSRORBCM,-1.135412104213671,-3.036584744899619,0.8864630073696758,-0.33631666540595884,-0.14861188468616138,-0.6501389342195313,-0.9373358708982119,-0.8099497244328601,-1.389948489533855,-0.5274729344263236,-0.611608498491841,-0.6318310704563501
OJFSXZCBGQGRNV,-0.6306290999393465,-1.4100166250009822,-1.505868546720381,-0.7463356381832011,-0.2775030760927472,-1.0414395790779638,-1.6262536524171893,-0.35075781584709753,-1.8010899602571246,-0.6144556179436191,-0.921284325101403,-0.699746360183912
OJGDCBLYJGHCIH,-0.972930101852753,-3.223877422846269,-0.8905716984502812,-0.9321368769832834,-0.8675213586594457,-1.0635394591326943,-1.4086760116562675,-0.8389918856888992,-1.7225932168464266,-0.6600353037953084,-0.8341276898109913,-0.8642611988374754
OJMMVQQUTAEWLP,-1.113847842683478,-1.3213544482906852,-1.7744700739282047,-0.27988709590915367,0.023580600661146776,-0.6562870972350986,-1.781234034572349,-0.7015198338451297,-1.2464496426049234,-0.544316129907084,-0.44582251957613095,-0.1534881135305097
OLBCVFGFOZPWHH,-0.9070893384753629,-2.97322258071463,-1.3022087789791905,-0.10939058232194786,0.5515393174445473,-0.5026529987078744,-1.596917321108924,0.09129939171623838,-1.9561805614231675,-0.5139077673140132,1.421895847342738,-0.6760688887727136
OLNTVTPDXPETLC,-1.1116238841256052,-2.362289544734696,-0.24419077742902726,0.16887353857860793,0.6658857150634825,-0.6168935163476269,-1.5960933941821296,0.6290956216282207,-1.8347971934191114,-0.36401363588568575,1.7978501139426073,-0.16865396937042684
OLOOJGVNMBJLLR,-1.4277470903947804,-3.3880885767189937,-3.6923452866927517,-1.4052897220092633,-1.8876343419254225,-1.4417601121129129,-1.749384006620576,-2.501555103538486,-2.434499374369636,-0.962006835895339,-2.900867808104341,-1.835153491448937
OMFXVFTZEKFJBZ,-0.8694188778829359,-2.935116562996437,-0.21671752187894366,-1.190995886720053,-0.553687679361037,-0.7930610902402188,-1.5810806287958348,-0.6369128748396807,-1.2229768401078207,-0.6726106195794602,-0.7116880876100724,-0.9467954370809846
OMZCMEYTWSXEPZ,-0.24957643103334362,-2.3972197694178745,-1.528599855212394,-0.9928267122427676,-0.13256836474336614,-1.1294063486599668,-1.4912750838603177,-1.0647432317879415,-1.8796131786350891,-0.6112314209140655,-0.273833845812674,-0.6114502154420753
ONKUMRGIYFNPJW,-0.5658970752595078,-1.978048918906906,-2.7981374761309223,-0.427102903556885,0.593130500341343,0.13967283275157913,-1.183703996761147,0.5388773773066077,-1.4158945871488686,-0.24905620497464712,1.3929530910112882,-0.49385152721728964
ONWXNHPOAGOMTG,-1.4238382864107222,-3.3873472951074852,-1.1081038059821733,-1.2272939351108503,-0.8593318739229368,-1.2663040642764756,-1.7805380199388279,-1.7320891507007201,-1.9205530790842056,-0.6806957818831363,-1.8915269344404302,-1.1736786222466056
OOGJQPCLVADCPB,-0.4325819862118383,-1.886259461388652,-1.9733256961654646,-0.8885250366716204,-0.4510536749609004,-0.8883301336029261,-1.344691668469652,-0.7685213622740671,-2.165596116736207,-0.6054684883274386,-0.9368218413018018,-1.1443912351257777
OOUGLTULBSNHNF,-1.4930527600972427,-3.278555414843038,-0.11703509202020417,-0.7695291650643401,-0.3881484941978965,-0.8748203089835656,-1.1663293798707755,-0.3750011262516601,-0.7983771465214834,-0.36641336735880115,-1.1132679378184944,-0.5129759277892676
OPNUROKCUBTKLF,-1.531256676138528,-3.3669095266556694,0.6658407139330362,1.5163252306647084,0.3401166248266726,-0.8118243017940564,-1.5460016990422603,0.8910428951786148,-1.8889437830865758,-0.40488225085051205,1.2823799165080652,-0.9436393972099862
OPQRBXUBWHDHPQ,-0.8999421597716257,-2.5745299949682297,-0.2532211942660674,0.061970508319048906,0.056257507376949095,-0.4722606797693043,-0.5689809300745712,0.5220251040444006,-1.6107821059885483,-0.5004180908222087,0.9913236333529971,-0.28480597445338107
OPXLLQIJSORQAM,-0.7484333800704306,-1.3103803686145556,-1.2868274134776876,-0.27589352159276687,-0.9849461773211282,-0.544652125769781,-0.7898218498301428,-0.24402649853577285,-1.7823257607501024,-0.6355596711250855,-1.1313300969786952,-0.17535052151863617
OPZKBPQVWDSATI,-1.0313668334834192,-3.139396466803131,-0.5622539424469011,-0.08859062597652279,-0.8243263741938027,-0.7199224741411021,-1.124702943530541,-0.539292090821721,-1.2233865512421243,-0.6282455777463843,-1.2841580093070104,-0.7876234877786578
OQDPVLVUJFGPGQ,-0.8997995630944617,-3.118908598878842,-0.146385700428818,-0.6172476791225904,-0.028646908116326864,-0.9403513423636318,-1.704989107133753,0.4464100926245703,-1.8521499306563431,-0.5487792895412131,0.004340353169964699,-0.32582845134312904
ORNBQBCIOKFOEO,-0.36378953671594333,-1.0171574571695412,-0.48848072283618993,-0.4157971594508796,-0.24340588927748297,-0.7024996045557269,-1.7035260248225474,0.6496880176978126,-1.24905672178832,-0.5048794575718434,-0.48891117606532286,0.12863102010780048
ORRZGUBHBVWWOP,-1.2737618657246939,-2.9999773971973513,-1.2026694216990488,-0.5679880323757185,0.02605284580541521,-0.8614688282132152,-1.7581635429396703,-0.2206758739013045,-2.036719708545563,-0.5135811815389763,-0.24038490049264388,-0.8494880724383183
OSUCQKNXQBPLDG,-1.1218087291778622,-2.640190127479389,-0.15988717517367976,-0.16348293528412497,-0.42135807470063646,-0.899621446291707,-1.7063321128331599,0.09625961534441316,-1.564030955441119,-0.5464325965209567,-0.3662258405186479,-0.6735504326733479
OTGJPAOGHQFBMI,-1.2869692729042963,-2.626374513850882,-1.6681610338792054,-1.097697665829658,-0.7814284732644199,-1.1120360370171236,-1.392279693238438,-0.5055959674436197,-2.0495845755493196,-0.5981719357480197,-1.1608539580644368,-0.9639583097686639
OTVAEFIXJLOWRX,-0.9947930282306847,-3.174672907989089,-0.379453054999011,0.02466332753437663,-0.3410621199117206,-1.2844984468159457,-1.2971299005284,-0.420427760146027,-1.102609161159547,-0.5547100743143033,-1.0161396452804996,-0.9440761178887574
OUDSBRTVNLOZBN,-0.7683960010949477,-3.006050485859597,-3.563319690160221,-1.3908689433790271,-1.031593156821797,-1.2407004148429317,-1.82022853784688,-2.432585716438624,-1.943734242415299,-0.7741412688137765,-2.7501803867749564,-1.2716938160725966
OUJTZYPIHDYQMC,-1.2273518284072846,-3.046346091103533,-2.22459962435991,-0.5895496384717657,-0.2712472490061216,-0.6370819768271709,-1.68263884500182,-0.9192373082734612,-2.2676134779839483,-0.6292932439155394,-0.6756467903997071,-1.1947054096666705
OVBPIULPVIDEAO,-0.16923441618676185,-0.8823580457170717,-3.613318577036996,-0.782286465398732,-0.09379012680658752,0.23832059345720957,-1.8133372321037124,-0.49531380610603276,-2.4487208624092593,-0.6447218837610798,-1.327519100464119,-1.4198983506917053
OVCDSSHSILBFBN,-1.2332198911132939,-2.861741396394972,-1.7744469072701112,-0.6370268580583021,-0.5422422792728621,-0.9756517153239531,-1.5611074023795413,-0.5007973025749464,-2.2063735432276745,-0.6370416352771333,-0.7335837803217438,-0.7506786203126983
OVGGLBAWFMIPPY,-1.1540786314691234,-3.4765847958835443,-1.044696728347132,-0.6518851570623713,-0.44971186485601145,-1.177931156660753,-1.797715272767911,-1.359629042742413,-2.1399627894550153,-0.6405401427987121,-2.088911972482909,-1.3188645472840392
OVGORFFCBUIFIA,-0.8714871382509234,-2.600296525919905,-0.6702635903926756,0.3319305417526095,0.1474448034957699,-0.17246122733202865,1.0443899365162852,0.5413842809019269,-1.5108460769153476,-0.5214501943141547,1.0220364692079755,-0.7320111704473751
OWQUZNMMYNAXSL,-0.3907506288964558,-3.34450258732236,-2.075625179501531,-1.2366755583840545,-1.2570522306301974,-1.236681328319012,-1.6286142603124476,-1.3920135863813083,-2.491274022195884,-0.6211604100775392,-1.8789823901251597,-1.4198301472337918
OWYLAEYXIQKAOL,0.338915068054879,-1.2289737588062646,-2.8758572912299267,-0.5114433345433647,0.41729924485741926,0.14853035696410852,-1.7813500991132138,-0.9942250037595832,-1.1447403484171743,-0.5629084523178403,-1.5514628426035588,-0.7028306410721435
OYHQOLUKZRVURQ,-0.5923116199177331,-1.8605803288316607,-2.161146179632114,0.06668274807017749,-0.12625307659201973,-0.32449770684416135,-0.22423358996898546,-0.4978990272703592,-1.091561632161247,-0.6131807475636998,-0.9476919011487425,0.3584873277286095
OYPPVKRFBIWMSX,-0.6792140665989642,-2.6491027816723394,-1.085540313915534,-0.10483447112520868,0.13525186935440514,-0.6590634234559598,-1.2885679347262207,-0.371515908238339,-1.975435316830808,-0.5817131439185936,1.0736525766355463,-0.703593672206631
OZGNYLLQHRPOBR,-0.45988155040538814,-2.4912355393485983,-2.4903230649064882,-0.8781140019458699,-0.21595384189510056,-1.0002706079825048,-1.6457971830643798,-0.5286754155525984,-2.02659660731778,-0.5890495686333399,-1.1564885712772681,-0.6894767982873562
OZLPUNFFCJDMJD,-0.9906446323938095,-2.516374237340765,0.18450916420572086,0.5419284861476437,0.5237871458115388,-0.8255163508412474,-1.495596500656197,0.7789677701443202,-1.0067344917534182,-0.46419830284644764,0.8611467953203755,-0.2187895981853433
OZVBMTJYIDMWIL,-0.8568992487566505,-2.0089138356004455,-0.6896582675504856,-0.5155887800644507,-0.7225207956065591,-0.8988717365171464,-1.6915957379690485,-0.6292329026118915,-1.4254719360526953,-0.6489260943763437,-1.4541347339310429,-0.26147419041272973
OZWKMVRBQXNZKK,-0.8908088114353724,-2.960619109796906,-1.1702203910982234,-0.7628295946629323,-0.49152466827627017,-0.6730333360479772,-1.3450332949249901,-0.5214483240560309,-1.8424611082898932,-0.6073504771647431,-1.1047605125137983,-0.45017547567909544
PAZJSJFMUHDSTF,-1.2074716848254017,-2.4599712998950367,-1.0130368612535627,-0.7594722004993778,-0.31911742655272995,-0.7839333886556668,-0.9631129944671748,0.29307605001195614,-1.9629100160031652,-0.6109072686736907,-1.2181580957589873,-0.30764296855511686
PBBGSZCBWVPOOL,-1.2893184238426285,-3.3697059318056968,-1.749538555547395,-0.48324896392722083,-0.17407770891762706,0.37582107258473474,-1.5840161652097702,-0.8166198586506669,-2.1357349708537314,-0.3663335128072423,1.0491040891789296,-0.8608521660718826
PBCZLFBEBARBBI,-1.015340374913891,-3.096574239195785,-0.9796853012332077,0.2174266912777903,0.010939289939981679,-1.0701801522317638,-1.619581125302452,-0.4202329441951086,-1.6785070231819899,-0.5353161799649526,-0.4375264430324303,-0.8706180640998519
PBJUNZJWGZTSKL,-0.11494111408485422,-1.1737133726541438,-1.0776542568272363,-0.4182643469651613,-0.4937272568934785,-0.3620316958873226,-1.1375628483255018,0.27389461053512537,-1.1178828950313247,-0.5147344318877076,-0.05535506571805793,0.8878051491596097
PBKZPPIHUVSDNM,-0.9242415076053327,-3.2054629218779582,-2.734284689116634,-1.571628647181954,-1.4048961148825785,-1.301758939240005,-1.5911145344601876,-2.2811919880204625,-1.0448377211023268,-1.0352622063682693,-2.881978971182991,-1.0163717096927565
PBMSWVPMRUJMPE,-1.0431817853820753,-2.6702275518094556,1.108215122020198,-0.4099665373864017,-0.007192434083967579,-1.0165989611026336,-1.5600822894671726,-0.6580682652901689,-0.7476915436378301,-0.5325153712026237,-0.7695497811530261,-0.5617273557494709
PCLITLDOTJTVDJ,-1.5426106239041268,-3.5279558744735766,-0.06965930502025885,-0.6231320875177013,-0.8432618151242065,-0.9171104716116335,-1.612459866301403,-0.5388585503262098,-2.06132171541365,-0.6366487818294404,-0.4036108441137534,-1.3206156522282095
PCSWXVJAIHCTMO,-1.404152793434229,-3.3982315236719196,-2.3781628502376146,-0.9782174799455187,0.09283925819906017,-0.950710590327932,-1.7639068174594044,-1.6633411064467991,-2.020722110967331,-0.5803846804343803,-1.050687035864005,-1.3501416158849058
PCTRYMLLRKWXGF,-1.2482187245600251,-3.1013120261121805,-3.084248754728856,-1.3330029709420652,-0.46417918731176366,0.0038569560638407976,-1.0728856257908146,-1.215845658126782,-1.5981891715386318,-0.8121283365173781,-1.8828182701472418,-0.645115707380957
PCZOHLXUXFIOCF,-0.6552721502924351,-2.1168790169180127,-0.9713725606335166,-0.6072119082779894,-0.4002537482314904,-0.689114127301684,-1.526987753828836,-0.44995498166375936,-1.5675003114808217,-0.6236300491916267,0.18724074548636488,-0.028032438442731757
PDWUPXJEEYOOTR,1.1667432744407837,2.1029517158953155,-2.291243523830808,-0.4329706992351713,1.6504070688092356,1.173608494499248,-1.4105036140740697,0.9409606771170599,-2.0314652180859385,-0.5430960387088877,-0.3574021787156318,-1.0106147174332658
PFOLLRNADZZWEX,-1.1263786512003298,-2.732056596894844,0.481170260318482,1.6450716706530657,0.1329914501056556,-0.5303251902328375,-0.652108141237175,0.9278592424212637,-1.5507917305050907,-0.36042863622200483,0.4511899489518052,-0.2482694317828825
PFTAWBLQPZVEMU,1.697256105822183,3.6908542562048403,-2.6436083854459405,-0.7667645793661346,1.0564186076569901,0.8494745671630805,-1.843506036383002,0.059310262912397244,-2.080441962836346,-0.648755847389044,-1.5172029807242975,-1.1538853354241803
PHLBKPHSAVXXEF,-1.0352764106215964,-2.9299457473235804,-1.5266499042685382,-0.7982618968373191,-0.5474253434967762,-0.886676157671592,-1.738676993224026,-0.9152609645412739,-1.8956321390095703,-0.5485414798268586,-1.0985977894023853,-0.3995869553713799
PHTUQLWOUWZIMZ,-0.008192728343602488,-1.8763548991332744,-0.22243260798506032,-0.732630911105777,0.18598541382115666,-0.06953101741198661,-1.3046370241740002,0.7341837180654391,-0.7699847912408411,-0.4619701137490051,-0.07399196165267477,-0.6462506324566474
PHVGLTMQBUFIQQ,-0.8003318441300835,-2.8261584735543828,-1.2430523534613238,-0.3889360900804028,-0.400934382223036,-0.9896594038888636,-1.7102674314969688,0.0016600195405216658,-1.9782373643524491,-0.6189766820388986,-1.4252780097561568,-1.0166962748754773
PHWBOXQYWZNQIN,-1.1247370972045023,-2.9678389971658277,-1.5002519671674075,-0.230611852745364,-0.2169936320623796,-0.9360916111655702,-0.8055189186877084,0.38695553037845887,-1.5009906528383608,-0.4586605206596156,-0.012104845307562388,-0.42962927351444347
PIJVFDBKTWXHHD,-0.6844173460302179,-2.9054055575794644,-1.1550982199728088,-0.8251672891085086,-1.2461385545964916,-1.125189555042579,-1.5248693630396506,-0.07164062856746613,-1.7891524491835773,-0.5407142433631382,-1.2984677552621644,-0.360444646193144
PJDFLNIOAUIZSL,-0.7112687833497935,-1.7619378567706225,-1.6916828824478776,-0.3453124758217251,0.10083941513569994,-0.687480949739997,-1.20375422153142,-0.09088368222345591,-2.0447455577956783,-0.535569259681512,0.8013561729566896,-0.33844877269304013
PJSFRIWCGOHTNF,-0.5759840461501617,-2.6459553749846183,-2.148281478854708,-0.9850510935399522,-0.1292438392025525,-1.0049467979448394,-1.7027057724294985,-0.5638863841804229,-2.0581193016979995,-0.6078734117706832,-0.7297025784803199,-1.193372414722624
PJVWKTKQMONHTI,-1.1928729613252163,-2.1684903572515855,0.29316848134299145,-0.11412997471064155,0.1176887657910039,-0.9458147399359578,-0.888494891416256,-0.17220719434066292,-1.577056794838603,-0.5454817413978339,0.729220862799294,-0.42958462617225185
PLDUPXSUYLZYBN,-1.3731808649000892,-3.3413421282495657,-3.5425839654418656,-1.348854212658213,-1.0701753167984402,-1.081153473508043,-1.6014877371190352,-2.1326742501942,-2.3043252981703586,-0.8281404140879636,-2.2371790814956625,-1.1534915044110052
PLDZOHPIBZVDLQ,-1.23455647745548,-2.099059589563217,0.19343135537118084,-0.013193917935467384,0.19617352343416944,-0.4756408352475916,-1.5191160352152626,0.41951104311736503,-1.561898923598034,-0.43754906005243815,1.6367798706075363,-0.4099948722331671
PMATZTZNYRCHOR,-0.7350584908420782,-2.3541154016789,-0.8045391449187617,-0.9277763238367172,-0.601168063653113,-1.1314983357738868,-1.5689756159316106,-0.7576002176300682,-1.793900163644528,-0.5867296341862936,-1.4094905977799514,-0.6649579816202346
PMRYVIKBURPHAH,-0.584022922989945,-2.4578990742252964,-1.5464016007961323,0.1609026823461542,0.07415048446321222,-0.720121548078701,-1.1657424028894645,0.8996534572875474,-2.094519679620892,-0.4522195870487431,0.5953176715736753,-0.46102707815703814
PNVNVHUZROJLTJ,-1.1811009701602664,-2.8647910403390875,-0.5520768197772621,-0.6435917488528708,-0.20131569874848423,-1.1571841211358156,-1.6981553032900853,-0.1694655602358027,-1.7277426806270146,-0.5884948928481076,-0.15952376142208535,-0.8946146615932318
POPFMWWJOGLOIF,-0.9516486688059411,-2.7116752902912054,-1.1724404592626856,-0.3871463683520331,-0.19738327216236815,-0.7189887787885898,-1.5134506067025177,-0.7138167847166046,-1.7825266580555068,-0.5320891612883931,-0.8296053703786579,-0.8745738149228398
POZRVZJJTULAOH,-1.0822854382657514,-2.881873690197637,-2.5372794442210473,-0.9183173335031958,0.1377194544250136,-0.8153621576937883,-1.6472579287613383,-0.8982492200081978,-2.12951764930609,-0.6574925043128059,-1.0621962320476517,-1.1235791037054867
PPQNQXQZIWHJRB,0.21416872931741363,-0.21744627003846007,-2.783567448526315,-0.5401068883053743,0.9062918930586641,0.10344498542636746,-1.4043791254794566,-0.12268886606060884,-1.7394747065108906,-0.521907783029487,0.7066412554202507,-0.8383402222406056
PQFRTXSWDXZRRS,1.4388010954219572,1.019616114877987,-3.712487991348144,-1.0995747478515128,0.819419024535075,-0.1690904588086594,-1.6737269258668541,-0.9404377654364664,-3.034364681893571,-0.7186069986739351,-1.7574971579969898,-1.5814013133581841
PROQIPRRNZUXQM,-0.32117534433645434,-2.4706650440585767,-0.6745555933113585,-1.1438772503706787,-1.149724390530135,-0.9689110637408371,-1.250338217096334,0.30790281253268065,-0.8515280692612419,-0.5891493732748675,-1.690463518484389,-0.5174332033625432
PSIFNNKUMBGKDQ,-1.2437081777449366,-3.227276157045294,-0.9321829887202049,-0.6315073832585241,-0.00970630517525659,-0.7307094200877225,-1.7884321224726196,-0.32843188691630876,-2.16732498315786,-0.6324761059619052,-0.5863259452833256,-1.0420591233977476
PTGXAUBQBSGPKF,-0.6292788710212104,-3.0651835532677905,-0.03615662145815596,-0.6291366509259373,0.1456338338091667,-1.0315997084817572,-1.8046629935592902,-0.4607733845524612,-1.4978402143130265,-0.4431835844913733,0.20493580694976998,-0.7872150954002548
PTKSEFOSCHHMPD,-0.1473682523923106,-1.6863853377255107,1.5517176577512528,0.3756745859281605,0.22761403365119887,-0.5463560221464601,-0.8034515177569262,0.927226935047189,-0.5415246790536516,-0.3649666266058065,1.4046899691115386,1.261447722332529
PTOAARAWEBMLNO,-1.0666494864189424,-3.164339866909193,-0.4835590138688185,-0.391517695668569,-0.33540374981308985,-0.8449183101319548,-1.3039376837891108,-0.9935417180636987,-1.6975902592929546,-0.5661060778848401,-0.8075354316359633,-0.4112828208954695
PTVWPYVOOKLBCG,-1.3515811575145116,-3.440770393312978,-0.4433574972290737,0.27582630635069305,-0.9195414212200541,-1.228613165922282,-1.5222471816814576,-1.1477283085209735,-1.629425574764213,-0.6400544214244754,-1.46211293773415,-1.4358561751789007
PUFQVTATUTYEAL,-0.8253342518900287,-2.9266233622872564,-1.8734981738131833,-0.9031915297286588,-0.12214637354831862,-0.5479835048583854,-1.1233396944073495,-0.571511387283364,-1.2235041670947475,-0.5742803044258431,-1.020535083965368,-0.5018673349522429
PUXBGTOOZJQSKH,-0.08905998760928373,-2.04301976824484,0.26759948115972304,-0.39346343633122016,-0.13931015949690945,-0.5903810061210305,-0.8738714612474758,0.46426570189026894,-0.9523669047208638,-0.5230618949828985,0.026350666841843055,-0.37092695316132407
PVLJETXTTWAYEW,-1.090455244848056,-2.596412047789526,-0.7153792163913846,-0.033431305505017786,-0.26797636665800245,-1.241982528209397,-1.2674695478880662,-0.7192357068212948,-1.1085584256992287,-0.6203325548474203,-1.4224382397905484,-0.9619856275918446
PVNIIMVLHYAWGP,-1.1932631704695003,-2.4362834158857534,-1.7989318937368353,-0.6256933184472087,-0.8919614500331727,-0.8661765563122901,-1.5552030903257323,-1.0475771998402186,-1.4075559223879959,-0.6714480974628274,-1.5435924091349604,-0.31407080012885513
PWKSKIMOESPYIA,0.1632690674157032,-2.3731762899730615,-0.9685364743071536,-1.1321376750424217,-0.7430816199023599,-0.9039509320851805,-1.3237586150715333,-0.8522833778743214,-0.3869282428406524,-0.7206753974899427,-1.5922202174536935,-0.32365087570789575
PYZRQGJRPPTADH,-0.8992227102907691,-3.0508961082795367,-1.7470513285716307,-0.8714100574985886,-0.277051069604094,-0.5659994025536219,-1.7538677681305175,-0.9629687131403204,-1.5474272465537884,-0.5834126916362243,-1.0187921964182267,-0.27762358846420065
PZBPKYOVPCNPJY,-1.4367879276839224,-3.484777224639855,-0.6178901618803992,-0.9486040468810248,-0.2552644980202476,-1.033279124466943,-1.6700343769850534,-1.1082887326327255,-2.1271404150599187,-0.6471165259350365,-0.8951030607068767,-1.2781037207805386
PZRHRDRVRGEVNW,-1.2007662223887727,-3.0098294749033605,-2.5615597931495175,-1.1246975246945656,-0.6092933612467206,-0.6580198853881434,-1.3333407184310166,-1.3457026646151575,-1.104036139759889,-0.8332645903365365,-1.7969305876293244,-0.7017571995270732
QAGYKUNXZHXKMR,-1.26591742434033,-2.443547842234143,-1.2908136410153896,-0.7177326521291358,-0.4701453511058884,-0.7806046852514259,-1.3776072975171192,-0.6712698559920675,-2.087802962084741,-0.5611188506645921,-0.8327874987470456,-0.657148977539264
QAIPRVGONGVQAS,-1.0523071023514547,-2.85189701527371,-1.016469544272687,-0.3912684193520879,-0.118056997887223,-0.3750563726370914,-1.1794270841311234,-0.3944563298804008,-1.709709094030729,-0.5550661020381,-0.8492440049962822,-0.8776581726708461
QANMHLXAZMSUEX,-1.0323362097135098,-3.2041342317607096,-1.0812107652689886,-0.5392028458634851,-0.3512973398515629,-0.6275093178137505,-1.1924960827439786,-0.3968991855326153,-1.4153497298721551,-0.588545738072507,0.025792850519507166,-0.4369955598897167
QASFUMOKHFSJGL,-0.7379372582469367,-1.8641745579393103,0.12508770700433602,0.36301063539204387,0.4330614907569407,-0.6667005337538037,-0.32807516615998866,0.5634060204937948,-1.2922859360227528,-0.48395781072049276,1.5858204414038024,0.4578131279360009
QAXBVGVYDCAVLV,-1.1154422582344619,-2.544278315658543,-1.0680314999917941,-0.6086036457762201,-0.46480343834220017,-1.0400740677912745,-1.5199465784414723,-0.3653545647699418,-1.6455877335333753,-0.583146086171357,-0.9805217747336326,-0.7168633747572085
QBKSWRVVCFFDOT,-1.188058705023744,-2.5273354912383557,-0.3703194058639113,-0.5819275319328682,0.3947779401679089,-0.4586374802837429,-1.7797781506361774,0.053787946959661936,-1.8409625504432596,-0.4596809666482855,1.2304628489220395,-0.688501783269424
QBPFLULOKWLNNW,-0.8735511282557804,-1.2322065700524139,-0.048430021268000584,0.12255837903822922,0.32997440688071095,0.09706540686126633,-0.8278371505355587,0.8426589722698707,-0.8478199127737078,-0.37806096346596985,2.2638287680898292,0.6097379831113462
QCDFBFJGMNKBDO,-0.4671816586313309,-2.4240228382507287,-1.340979303739528,-0.11522705081347115,-0.20232933563650884,-0.68864270773262,-1.3764610402399367,-0.42660572903993504,-1.9350351921376425,-0.5049907765183383,-0.9033508980615347,-0.44843283633278996
QCHFTSOMWOSFHM,-1.1830555727272323,-2.833591294733168,-0.612101014898093,-0.1925605327143451,-0.7742324241567653,-0.6021323829504559,-1.6165632102123773,-0.5450695808963173,-1.932271945039047,-0.4934451981698801,-0.7003487167348749,-0.7353964504469908
QDGZDCVAUDNJFG,-0.0783392364621491,-1.8007164606870736,-2.1324804282668635,-0.4071896316616537,0.46665942587289877,-0.723490874963228,-1.6490334450858668,-1.1032315312051484,-1.6775919666242087,-0.5062627939690326,-0.09629491816704419,-0.8180932028756759
QDIYJDPBMZUZEH,-0.4306731906479889,-2.6875759440178353,-0.850406840933988,-0.21025402364301143,0.8164132458145127,-0.45956742395226763,-1.6167133695626048,-0.11696611139151182,-1.9578327696031654,-0.4220738979499258,0.9588468744118511,-0.7057173413897847
QEVHRUUCFGRFIF,-1.296864884985613,-1.9969332777345914,0.5584246160225603,-0.6553776325327485,-0.27460044282689605,-0.03158149189273511,-0.5142034275795342,0.4753877996003788,-1.5624151872550014,-0.29267390279331773,0.18370925783731623,-0.23161165866737402
QFOHBWFCKVYLES,-0.8927548516505658,-2.3484925421200895,-1.543212825772173,-0.27781120943510096,0.15165665606078418,-0.3937749971653644,-1.3358052679408707,0.6989766239490386,-1.345636441664289,-0.3868333967129195,-0.2198339437870192,-0.1677451108035792
QGNJRVVDBSJHIZ,0.7854116017271049,0.11574262137899247,-2.057559386835909,-0.2805591369119301,0.40522586327036775,0.08803228269592452,-0.16587548547011868,-0.3415418116929184,-1.4014885506482957,-0.5748221132355573,-0.4947843908561589,0.3280403856113112
QHGUCRYDKWKLMG,-1.0265639134334317,-3.3808363077227503,-2.670884277474151,-0.13473276916656307,-0.9328751797636068,-0.8521544620423525,-1.4337867732983123,-0.9748555876649126,-2.0123503084913255,-0.7379211398808386,-1.5524470784178208,-1.148135867613279
QJQORSLQNXDVGE,-1.2112433420366935,-3.2223528413252205,-1.8055742833960862,-0.6561943788168347,-0.09669302418693287,-1.215162042288212,-1.8597030846575844,-0.8591682936681618,-2.2052781528790546,-0.5711941168089628,-1.1726447219527463,-1.306625697149517
QMGVPVSNSZLJIA,0.32078864199586077,-1.5089156026585666,-2.254572479977976,-0.8128858131050694,0.25166841580207683,-0.3769484434712493,-1.6380614758982244,-0.09387296561617278,-1.4135758309703441,-0.3152814126795558,-1.381039786983414,-0.10005101358720045
QNJKSUYWBCNWFI,-0.9448167170989374,-2.196406513524746,0.9504624468869327,-0.28690877031980316,0.09470934653700123,-0.48150967712139925,-1.7128148144276683,0.3367457924155732,-0.9169721588977628,-0.3887056890661808,0.38713307138645664,-0.15972074847693135
QOVTVIYTBRHADL,-0.708365396278474,-1.6251215103286258,-1.6561309291742097,-0.8281278109125876,-0.026039641137316383,-0.36374534298072914,-1.3525343642762107,-1.1188655482669836,-1.7196679640243389,-0.7026186879232491,-1.5952448122445881,-0.4283179180047903
QOYHHIBFXOOADH,-1.300205309167671,-2.9119444062534976,-0.27273229241132396,-0.38311358335099904,-0.34304801972321014,-1.0143304216931952,-1.517426059827053,-0.13156918908798323,-1.6203633700878841,-0.49030111414011945,-0.9289239480642986,-0.818992453011465
QPCDCPDFJACHGM,-1.0223168325407908,-2.198363207183688,-2.0040857836236907,-0.10953640891380526,-0.5576277512464867,-0.018753235577256236,-1.6993549634562515,-0.20225990597843893,-1.395008686049535,-0.5218538232476708,-0.7937780685636153,-0.22671793284000138
QPFYXYFORQJZEC,-1.186054716027208,-3.302030941041868,-0.9021004710899306,-0.8471330980003854,-1.0699630821508501,-1.1659357605617249,-1.3450783195477574,-0.7214862756802463,-1.6568095452267675,-0.5633653394272684,-1.8014038567596566,-1.2029518611082237
QPGGEKPRGVJKQB,-1.0328188900642103,-2.7838789823117644,0.17127011070978318,-0.22603409093849972,-0.3558909898189593,-1.0360031148979627,-1.546557080840784,-0.6197847690677268,-1.7565768762371134,-0.5552243887568161,-0.6772486593385791,-0.656757084687387
QPPBRPIAZZHUNT,-1.0913660361274438,-2.631293493245824,-2.891814131787165,-0.6735608728422897,-0.47151879364535343,-0.7077486037497196,-0.7567550330589904,-1.3303407943504681,-0.41804863632995304,-0.8018060392883058,-1.7636581501183455,-0.013315587527259205
QQQIECGTIMUVDS,-1.1573297146458588,-1.395514210311792,-2.7759562509985156,-0.903918562322405,-0.03040211102127926,-0.6137904485943727,-1.4884832854882475,-0.40044450632055895,-1.887818590025357,-0.5686746632765972,-0.10499929143093205,-1.0091709687182935
QRJJEGAJXVEBNE,-0.748757917770073,-3.130564931290301,-0.5377767547947241,-0.9019772756575495,-0.8054991056767475,-0.9875182083085075,-1.3289451109025354,-0.5081823543586682,-1.4572813149433717,-0.5998765128987894,-0.5913249225261412,-0.7317185449385593
QRJOQYLXZPQQMX,-1.5559508247836953,-3.421605926909264,-0.6514180843979476,-0.8701387350848659,-0.4001312525165196,-1.2005542606475401,-1.7245832451736394,-0.5707706869181509,-1.6488909021895368,-0.6144450122118423,-0.7636044739248822,-0.8635461876906149
QRZAKQDHEVVFRX,-1.1139856515422655,-2.63547113495894,-0.44292506199003345,-0.31449485492694523,-0.7558235060863983,-0.8464488540568005,-1.4031526450124538,-0.1595554411983521,-1.7727030759110698,-0.558525910972723,0.208702560795953,-0.5510812969511101
QSAVEGSLJISCDF,-1.0885711882280373,-2.4203921493504015,-1.1030412386063992,-0.7071274320396894,-0.223602690161683,-0.5634090690149034,-1.6764274110074786,-0.06208672988751745,-2.041617248612528,-0.5006004825737282,-0.18729683049160675,-0.6617225590265923
QSLMDECMDJKHMQ,-1.0065471772556196,-1.3064290324167631,-1.642180692583177,-0.8104293844726823,0.10014998880449869,-0.32247651847699743,-0.9891667150111807,-0.611292203380456,-1.230581114774878,-0.5369726199615027,-0.13188547333425177,0.22166840832921372
QSQQPMHPCBLLGX,-1.3671975258445253,-3.433258889747085,0.10268314590555017,-0.9492108442669668,-0.7481330496880294,-1.258742155267711,-1.730833928681375,-1.7585657561710688,-1.565480096253901,-0.7382798767581601,-1.8164820943048943,-1.2321051277192807
QTGIAADRBBLJGA,-1.4012295546528608,-3.4436972903910683,0.6341029988591889,-0.13555235341469796,-0.227105920504238,-1.1320547322132872,-1.5169910631526535,-1.1452731148572353,-0.2758858201553664,-0.7226581500340489,-1.087062543523131,-1.3601105305290022
QUQPHWDTPGMPEX,-0.8381307992973802,-2.5426016610103854,-2.7216046778946392,-1.139267251170182,-0.7256883080541053,-0.8414476917636552,-1.4810373468052846,-0.9252831310145143,-1.9929653680511787,-0.7697198987846767,-1.7041468140825249,-0.18845585114554886
QVYRGXJJSLMXQH,-0.8258279494571834,-2.4187719546554405,-1.8181863734998944,-0.026206115505443734,0.21763959462426008,0.07311921329471426,-0.614463936412783,-0.7900314397663036,-1.7028479764899642,-0.6550511562527509,0.4928442990329697,0.22695295675740115
QVZCXCJXTMIDME,-0.6137310976229426,-2.278345667376365,-0.36722798317455496,-0.6816719441000307,-0.380798424398054,-0.9486021698301244,-1.1919739871576474,0.06350516819613525,-0.7203401022662864,-0.5972536794162334,-1.157163156978733,-0.2565419540006617
QWAXKHKRTORLEM,-1.1056924485834903,-2.429577248259343,-1.5085933332199104,-0.6420562880222366,0.04104284314207922,-0.44937240298333714,-1.2912479998467417,-1.2653839014384298,-2.0379589421986783,-0.6445280669039744,-1.3348643443857957,-0.8597357194825797
QWCJHSGMANYXCW,-0.8755109274501698,-2.8550883361290147,-1.0131203542248515,-1.1113903058322523,-0.5157725067748766,-0.6607705410613267,-1.4136480360250467,-0.61542175169232,-1.986079125129415,-0.6570221510143188,-0.48742910047188526,-0.7532675977825743
QWCRAEMEVRGPNT,-1.3322401116859015,-3.1428067714935755,-0.7523411209445026,-0.41833874377628744,-0.40581757024946874,-0.9502216859029085,-1.6013526101886422,-0.4203372405126154,-1.9534159820124377,-0.644072464627773,0.01822689013684567,-0.9559297579538021
QWGDMFLQWFTERH,-0.897943097472601,-3.2451879442395577,-1.469103906383037,-0.6578231696624467,-0.9849858813707892,-0.7615468688930374,-1.5480588501384627,-1.922465095882639,-1.7469270168366542,-0.7789886130024959,-2.076466009246176,-0.08349690024616191
QWZFVMCWPLMLTL,-1.333966465560286,-3.000743845241042,-3.589332789684967,-0.250696531718146,-0.6741063597210164,-0.48056781916594354,-1.2950900755448584,-0.8329804815822235,-1.9809974697473105,-0.09795617701939074,-0.7442211098267989,-0.7646267803897223
QXHHHPZILQDDPS,-0.8390612000244777,-2.50872517007801,-0.3214743449946327,-0.38305355777241945,-0.17429337683407892,-0.7594391395191213,-1.5186876209257754,0.031014812383543703,-1.8887695217312805,-0.43471992855089214,0.6924261047234177,-0.4539191090840741
QXKHYNVANLEOEG,-1.3299662290525425,-3.446804917839575,0.3752022153066287,-1.0032895974335667,-0.38501930227594294,-1.1718107630605643,-1.6499933277919636,-1.0087837053622248,-1.4780867497943082,-0.5800062149601634,-0.5816919937203333,-1.2089753503636493
QXRSDHAAWVKZLJ,-0.6399127473523777,-2.9152370527130844,-0.29311794264593566,-0.301393123552949,0.163559770379282,-0.7556528043145955,-1.1667763757310332,-0.12785268730100205,-1.3882663183084771,-0.5805385965373742,-0.5912423258164086,-0.2476504326783853
QYIYFLOTGYLRGG,-1.3431356054091603,-3.3742304464845083,-0.09929557222422346,-0.7784997423491509,-1.2896526120572531,-1.1611424139017452,-1.812921205263632,-1.1337298192996117,-2.1515080421934467,-0.5779242109232438,-1.0861276308270877,-0.9919906872813123
QYQDKDWGWDOFFU,-0.43669632957271354,-3.009120114669731,-1.8773370908237794,-1.1719027946333715,-0.72486279630867,-1.295136404342367,-1.6783624079734332,-1.6439175815285445,-2.074382530102749,-0.7199864087391327,-1.1100085157946853,-0.9633517218146321
QZUDBNBUXVUHMW,-1.3256916498782652,-3.4795365900369086,-0.7032501573607702,-0.9559745781454188,-0.9049997168132723,-1.2771875164174546,-1.6248441919864356,-1.3449861959267124,-1.6757229868301986,-0.5727939809170212,-1.6104351566784167,-1.2751954950864428
QZVCTJOXCFMACW,-0.9996533050954511,-3.0895859306038753,-0.050451619586502794,-0.29487258988973997,-0.22251396162959716,-0.7670643824314672,-1.1661920940062838,0.13007065315444508,-2.08824204168804,-0.6489203417584437,-1.0907008401722327,-1.3451467871283194
RAOCRURYZCVHMG,-1.3629740409954352,-2.549133043941937,0.5375249749488304,-0.04750247757319897,0.5048755467879101,-0.6203197507138575,-1.1276424458316632,-0.467818434553082,-0.863393102925419,-0.45922810242574263,-0.09546634614622648,-0.24177873542962167
RAPZEAPATHNIPO,-0.7608934787005587,-2.5947657387208283,-0.8522895675705884,0.5056882593905002,0.21653882259341048,-0.7486694978352816,-1.5497363458961462,0.5659983452453783,-0.8962846543053828,-0.6006826034579063,-0.14334272114481433,-0.2864516128735396
RAVIZVQZGXBOQO,-0.8554403135387075,-3.3153694248758754,-0.7323233108146101,-0.5088092056415514,0.053501370368291876,-0.44787420500093567,-1.6342496354267544,0.004926184841149177,-1.5136939676639858,-0.45327072609506425,0.09620617567411126,0.11053977846349648
RBQOQRRFDPXAGN,-1.166698902726582,-3.389752485854757,-0.7941976611479761,-0.9829254567333239,-0.8463216488095532,-0.9566171684348943,-1.6639852564231965,-1.691285661521784,-0.4883439710750499,-0.7236187026815191,-2.080488187990636,-0.46354075072241085
RBTBFTRPCNLSDE,0.5455715402326778,-0.07477049189695788,-3.197158782073309,-1.0862565231862342,0.07686054366062614,-0.20904687023532253,-1.63337498612951,-0.7488366511145804,-2.534618515287076,-0.6221975594229838,-1.985600681086686,-1.4055680673634539
RCIMBBZXSXFZBV,-1.3785760199834818,-3.0657868537879662,0.4270772928266327,0.56667295874181,-1.0075383236684432,-1.0035352077337718,-1.7447669732846565,-0.689968874486321,-2.1053429112646316,-0.6444418245219882,-1.0978014943265446,-0.9618646814185285
RCKMWOKWVGPNJF,-1.1645238594789384,-3.0396612340413536,-2.2365361472464156,-0.6452022714605684,0.11263984781887615,-1.0123425632322254,-1.6681602140926985,-0.7788397584589065,-2.18375283613548,-0.5590903605096068,-0.5204098967055739,-0.8787854367437147
RDFCSSHDJSZMTQ,0.282012170557248,-0.05889150823899084,-1.4560395103462056,-0.7504846859993481,-0.45477298864296745,-0.5209509927125274,-1.8641750679900655,-0.955466497843001,-1.374241320184382,-0.6169879840804274,-0.6170129446907168,-0.30101593681343325
RDOIQAHITMMDAJ,-1.0768980547633757,-2.987254490391371,-1.357778839518155,-1.0070571392520777,-0.9229983795871697,-1.1717482178562018,-1.7123670103703534,-1.6327919439056453,-1.9383339565690367,-0.6454133345361338,-1.601910496845675,-0.48867508753687805
RDXLYGJSWZYTFJ,-0.8648931589885467,-2.8433001643683404,-1.8441386989432857,-0.8669357634236114,-0.7950027574869939,-0.9862811836812369,-1.8343775907393298,-1.31759264867988,-2.2444811416876416,-0.6665786197732968,-1.9873562519034498,-1.0329307008444226
REFJWTPEDVJJIY,-1.1072509117084277,-3.355842391589903,-1.9917276210846928,-1.3279171293679088,-1.405455042745932,-1.1179017266294722,-1.514299159314772,-1.6044284489011098,-2.2097097057302375,-0.6036045645844303,-2.3946998473930288,-1.0528016354756935
REQCZEXYDRLIBE,-1.09765859205132,-2.971543833934216,-0.23903458294745406,-0.9630828681530443,0.04761796725190978,-0.800665545066056,-1.6649428139730997,-0.8693376915681997,-1.781436223580119,-0.5815029419449573,0.4282929251248985,-0.14358342031670296
REYFJDPCWQRWAA,-0.6920567717702851,-2.340874988318458,-1.4298919448105036,-0.6598570189512736,0.2757474590745751,-0.41523013595796227,-0.13624931621007097,0.06982226212283246,-1.6314346910358906,-0.5161202835976136,1.6583175644099633,-0.3717573785913435
REZGGXNDEMKIQB,-1.3280072205105096,-3.332827050343466,-0.8189844626279534,-1.0679229607414753,-0.9939902961272761,-0.9314194813249201,-1.2773865020593025,-1.7616372608128792,-0.7732763888141394,-0.6594292549035008,-2.3198911428943703,-0.23909306469671174
RFDAIACWWDREDC,-0.5547687207213083,-2.391074638725258,-1.5031981020785217,-0.3703248060140384,-0.23900518402414647,-0.5367534348784399,-0.6813710890424868,0.02651042026372975,-1.5861043774412078,-0.5499569657387267,-0.393387613418256,-0.5080639352977915
RFHAOTPXVQNOHP,-0.9231372036021017,-1.5297265051585163,-0.2824829027726765,0.14090370614839537,0.5335380521105206,-0.41857879975085105,-1.3397216501439488,0.2867904989477709,-1.937921739124763,-0.47901999369931547,0.11864744373730195,-0.1412793551759456
RGCVKNLCSQQDEP,-0.9043617592802137,-2.3109567900839036,-1.3345724861718078,0.01874221588392863,-0.053892927176720375,-0.6589170746682319,-1.0640581531234008,-0.43752068702552804,-1.8552623458819981,-0.46553190147868095,-0.38064985998081813,-0.3148447066689782
RGPDEAGGEXEMMM,-1.0048419262277144,-2.9099134569534546,-1.9725545629383783,-0.9896091353779006,-0.1342932591536923,-0.6231707250885271,-1.7158585653341265,-0.8362974474507747,-2.7021150011900947,-0.6151684359816437,-0.573969873220759,-1.202091018838468
RHAXSHUQNIEUEY,-0.6488517710457435,-1.831055799209365,-1.452217771740976,-0.06813508437214641,0.14287602344942177,-0.8974081520100089,-1.7823785973217463,-0.24872279016800328,-2.0635361390323737,-0.5195950156831908,0.20109583696252212,-0.9463193269380363
RHMXXJGYXNZAPX,-1.0388269084268975,-3.1971034825447764,-1.363667681815879,-0.3918553771185738,-0.17575328072967372,-0.5299611426404882,-1.8216292221485766,-0.773892417708991,-1.8593113580520462,-0.5321689934037951,-0.46112368506679713,-0.8104029456675116
RIKMMFOAQPJVMX,-1.0625843748069599,-2.434398191391351,0.7007243287274596,0.004039144046964651,0.10657716329436263,-0.7991168662413749,-1.6750027468221909,0.7571529524392645,-1.3907676561513762,-0.45706863794601593,0.9716225403756527,-0.30645113968451915
RITAVMQDGBJQJZ,-0.8816813158824335,-2.5441977178107753,-0.968163530973787,-0.7094624053643287,-0.7154512851975129,-1.0826869692676062,-1.7705440510407378,0.3155712406554888,-1.9022322478834761,-0.5995624901662215,-0.18900811208385201,-0.956440939430057
RJMIEHBSYVWVIN,-1.2991428959801559,-2.2018725410471016,1.2567254646354946,0.47592017263695396,-0.08217473526570332,-0.9756061122952705,-1.3726322903449104,-0.40823378864544746,-1.021165763850124,-0.5600750113814282,-0.47713111999772473,-0.19882129824998418
RJMUSRYZPJIFPJ,-1.2333637327819917,-3.3114008262017234,-1.2651990982220942,-0.8906816717142567,-1.1260366125382877,-1.2341964441436009,-1.6828335995705892,-0.6192887647117011,-1.8322815554999714,-0.6667755861647328,-1.8019081872360898,-1.1119230133209943
RKLNONIVDFXQRX,-1.0913733848352383,-3.0992721658517577,-0.2687477512293675,-0.7104189746264247,-0.4355732549638301,-1.0987347834983399,-1.4154251776792557,-0.2740530251693043,-1.3834804587766283,-0.5833243476970525,0.3847986995824055,-0.7727080669030161
RKUNBYITZUJHSG,-0.2874368099409784,-2.5159084103460043,1.4714542535219985,-0.8296412798708468,0.02617451962616942,-0.7418266759930517,-1.3973579443257294,0.2702822408003977,-0.8449091531018779,-0.5599670874285172,-0.5205647681604498,0.036376642396058506
RLAWWYSOJDYHDC,-0.8487821703619498,-2.60770864706155,-2.64155330464342,-0.9197391031608042,-0.10921213053526899,-0.5935394054844936,-1.8478471335837001,-1.6248611385645897,-1.6828685673915655,-0.6442786451293951,-1.9148670510801087,-0.4518858720760595
RLFWWDJHLFCNIJ,-1.1563316523450935,-3.267155573274734,0.5583639245373482,-0.5237891870008279,-0.6024973680852332,-0.9564893320650345,-1.7505901584080625,-0.2600885482811056,-1.5161029731945006,-0.5434694175024734,-0.9180442244404264,-1.031664460386081
RLJFTICUTYVZDG,-1.0546085193166754,-2.8308137130917035,-0.29635491192186625,-1.0834406334940911,-0.385437611537222,-0.932766271805821,-1.7742596677323685,0.1348641666502205,-1.7834490711190316,-0.6022748156931524,-0.43412548027693776,-0.4779528872477695
RMEDXOLNCUSCGS,-0.6939262053842216,-2.3882282567840236,-1.6950683217938127,-0.5437010290151589,-0.3381228757575321,-0.5415388465590432,-0.8052979017996883,-0.263204150452248,-0.31769944057145955,-0.6120731645403809,0.7084984533459092,0.8221934890231481
RMHMFHUVIITRHF,-1.333024046142146,-2.68324500723362,0.8696046331525004,0.529727869903257,-0.022127309214058453,-0.5893394106290467,-1.092349587046201,-0.39580795987564094,-1.3867676035487306,-0.5196375630983069,-0.2014940931875243,-0.8739947056055248
RMMXLENWKUUMAY,-1.1019903363594956,-2.5339125958867834,-0.3684024371687271,-0.26730765995496925,-0.02427801523485961,-1.0674764699415888,-1.7909938416392528,0.08243323084060632,-1.8334295103655824,-0.498529796178692,0.8742989819062698,-0.6691352108049171
RMUCZJUITONUFY,-0.8124712997527949,-1.4892289432537513,-1.0561359160932022,-0.7318035325859812,0.11226596044805022,-0.5703600163656584,-1.4182587295596065,0.4877184478333059,-1.43397397393308,-0.48086804351329754,0.29015044557990183,-0.05295799014957618
ROBVIMPUHSLWNV,-1.3640183792196805,-3.163939952843963,-0.10878844128662796,-0.684168827244665,-0.38497456049272766,-1.2202280412917805,-1.6103450512897057,-0.0696877050020338,-2.0361023698069536,-0.6232236113906452,0.4680201152280793,-0.7525100093951113
RONZAEMNMFQXRA,-0.9829668725170341,-2.3532684690738948,-1.0699800617549646,-0.678501788030538,-0.26376041786842347,-0.6320706417305076,0.23205762027337892,0.1905201124520581,-1.5685602461274337,-0.5999690768974921,-0.3267358756643754,-0.45133217099104794
RRAFCDWBNXTKKO,-1.3422195312222989,-3.261747402532048,-0.37231881965987695,0.7416753105179242,0.04296072328470006,-0.718842000699955,-1.4935438133222103,0.16069361454478462,-1.9003905934466299,-0.4851584730564251,-0.08208773517439531,-0.7347472995407126
RRGUKTPIGVIEKM,-1.0900852998252144,-2.1573138775704708,-0.8562474294952322,-0.31513830935874115,-0.3862388249335196,-0.9727451216990959,-1.7222099833783042,-0.32173724055083547,-1.8558848184361,-0.5585191408579703,-0.7483154972315315,-0.49414281004776794
RRKTZKIUPZVBMF,-1.1705568279886815,-2.394672995584501,-2.0137458027442774,-1.0589715845720375,-0.32095567347902165,-0.845217264070385,-1.6731012661214177,-0.8512325207274006,-2.21244441901324,-0.6721293988614297,-0.9948251231488977,-0.9070467865189539
RRZXIRBKKLTSOM,-1.1894266534401203,-3.389876124455534,-1.3218643816883184,-0.7341075885026133,-0.8316206015929016,-1.171500092449522,-1.8503136929921908,-1.6474097818186098,-2.081604181663763,-0.7808838401200842,-1.808258567661792,-1.1006538896036755
RSEPBGGWRJCQGY,-1.05630226280869,-2.579747400573755,-0.3780193488992369,0.8299478306362014,-0.2946382133306643,-0.821560255584115,-1.2693719168612028,0.020988728189996503,-1.108270433418229,-0.529526679712005,0.32541623814577414,-0.3423839890182925
RSUVYMGADVXGOU,-1.160630156945615,-2.334770596878977,-0.435421446162558,-1.1065247016213595,-0.34140606994418,-0.7251460187407444,-1.310018595666478,-1.3037597138619603,-1.729266022745487,-0.6446586389094853,-0.5247625805218169,-0.4259990927703938
RTGDFNSFWBGLEC,-1.2983295852645569,-2.7782328207299085,-2.6425435652996017,-0.6508829905864796,0.24162051357763625,-0.9613359123466112,-1.7703584174987,-0.8004037604724106,-2.3782133728216373,-0.4572921573456086,-1.0402524842122642,-1.4022162788404768
RTHCYVBBDHJXIQ,-1.4056091805637119,-3.309841879105797,0.8858788544684048,-0.5201572995956735,0.625904887252603,-0.7305680486421158,-0.7253259443424049,-0.4710548488889872,-1.2452377950995974,-0.3626908417563506,0.39156121313924824,-0.4023994687119408
RTRQQBHATOEIAF,-1.1513159438474805,-2.871484608296075,0.2522176482767453,0.6919950129717845,0.17260747877242089,-0.6712235520970717,-0.8675277067210274,0.3780704340478614,-1.552712179631212,-0.5006160565284192,-0.5318266863895207,-0.26164259187099503
RTXOFQZKPXMALH,-0.09279016872195371,-2.359568683476587,1.1705231985651892,-0.6332958562561454,-0.05763713177875488,-0.8302825320691202,-0.8439753907559,0.49849955547130714,-0.6523438958917505,-0.5573449482519217,-0.5996858065924616,0.662276915971199
RUDATBOHQWOJDD,-1.3348144026654416,-3.3740421494219586,-1.6589736197453648,-1.0471596925288764,-1.2407356679470785,-1.1250091785485412,-1.8088962901008472,-1.4836211847958514,-2.3335844676683766,-0.8146999723044926,-2.527305136222884,-1.6159231871351305
RUZYUOTYCVRMRZ,-0.8182356508297057,-2.4821503042582074,0.3876290262617956,-0.087489564268068,-0.6709468837427455,-1.0897376021454128,-1.8283903186501167,-0.8574988330706566,-1.6119585661932574,-0.5738435878731258,-1.914287395149561,-0.5465953822089119
RVOLLAQWKVFTGE,-0.7870450235439446,-2.300141066441889,-1.2298642909699995,-0.4890625314217022,-0.26083340936513005,-1.0266826817294963,-1.8936966194072635,-0.2617846010491259,-2.2458507910939365,-0.45422074611418617,-0.9505741205553813,-0.2156820469013837
RWTNPBWLLIMQHL,-0.4034895255257108,-2.1891223618432707,-1.2075060118645435,-0.7032581889748867,0.018747610578138875,-0.5666477279376626,-1.4246961867203538,0.07996833451252673,-1.749137236164215,-0.5164733531882101,-0.5008030105255765,-0.24406037435391242
RXPRRQLKFXBCSJ,-1.0778548415558244,-2.6342740532961835,-1.186706661115791,-0.1506209745320289,-0.3539686338448012,-0.5933727083096463,-1.3101724358749975,-0.4206082284166085,-1.7842962152312767,-0.5788526557236998,-0.21102351040077397,-0.6309532276870599
RXQCGGRTAILOIN,-1.2233710891459437,-3.3951406749762776,1.8188504402938719,-0.270597279714752,0.3499092210305829,-0.955465199788914,-1.625241433442291,-0.1537624090791875,-1.3952228330186074,-0.5006475322169937,0.2984245592908386,-1.034183138184157
RXWNCPJZOCPEPQ,-0.5600655977044956,-1.8373189735969475,-1.2209489117282408,-0.09821843646896686,-0.026053710219433084,-0.1863447632184985,-0.9336294173182805,-0.30311393775109186,-1.0756866577224942,-0.5081771751092461,-0.14345117578767724,0.6853827766582585
RXZBMPWDPOLZGW,-0.9679463687521587,-1.962245141911436,-0.4279455023770622,0.3881738951665554,0.3644356085181224,-0.2699708384179659,-0.6953110759365629,0.6283739642702599,-1.3461809992258955,-0.4509832746350593,1.1138466088234873,-0.6492491254696665
RYMZZMVNJRMUDD,-1.4241447729086323,-3.3586148676286394,-1.631322914381009,-0.6043176627675281,-1.4902651645562435,-1.0097489477271555,-1.606701967278976,-1.970225053587082,-2.180047648969807,-0.7299178376455202,-1.7330457203353038,-1.3687598266780678
RYYVLZVUVIJVGH,-0.8412645320615536,-2.229533930828988,-2.1384288761195194,-1.0353540241113697,-0.9866749858215207,-0.8952234832242765,-1.2492820472945287,-0.6630332594348558,-2.267838792503067,-0.6765274733969225,-1.4271554145854142,-0.7991865609526819
RZEKVGVHFLEQIL,-0.4554933031684153,-2.902902432977669,-0.19504275922745098,-0.6231057407235024,-0.01608164993475622,-0.8392607856559838,-1.206453106475177,-0.6500847960344924,-1.5872782166603434,-0.6805630494674577,-0.8188809719600527,-0.11916588079566862
RZJQGNCSTQAWON,-0.9837768851221292,-2.803379301050735,-1.124084698438726,-0.6920226292515221,-0.9146925379407952,-0.9901550072627466,-1.0361708780168377,-1.1101935165726156,-1.7684653524598501,-0.7280444193049457,-1.3802933366519736,-1.0758465937849557
RZVAJINKPMORJF,-1.1255452296795296,-3.085782330102132,0.08363075984584113,-0.5477782370495337,0.041809002038510505,-0.5795630138105714,-1.1366669826808433,-0.5971353237092905,-0.8763373399244032,-0.5643284101945303,-0.3617719099394607,-0.460697784854492
SAPNXPWPAUFAJU,-0.5013021353353051,-2.554614074296406,-1.7990023792332448,-0.906880649583258,-0.8217983286779043,-0.842290127228769,-0.977813852972182,-1.42778202725894,-0.8343185436254493,-0.6936050258995388,-0.9048453345545289,0.05819412628415777
SBDNJUWAMKYJOX,1.5348192007289565,2.7594032665331567,-2.788625934482092,-0.7106655285423618,0.6025098499695637,0.5112502771265098,-1.847462872525837,-0.5638050244291728,-2.2852174213669856,-0.6242994280999143,-1.046286851312588,-1.017078927114281
SBUJHOSQTJFQJX,-1.0846386240343082,-2.832016291214697,-0.11449315695068446,0.2698582947300743,0.8662210283727649,-0.15546972585922936,-1.4005004862345563,1.5863949979342282,-0.27087303687905145,-0.06388618262658464,0.44379536308570133,0.45824715240740743
SCKYRAXSEDYPSA,-1.2972714306766056,-3.4583466740053193,-0.8774944282972528,-0.22422337966672132,-0.7302807297532666,-1.2488905746289616,-1.7905507690453215,-1.849666813878085,-2.0853201885074304,-0.60115178974238,-1.7318794117319918,-1.3672229447798303
SDUQYLNIPVEERB,-1.0338555980748794,-2.8818319061865845,-2.243948724704727,-1.0333961486467984,-0.6548018833910825,-0.7489060308665921,-1.822403286209115,0.28678216405483453,-1.8131050594864677,-0.617484513928489,-1.8121446292205596,-0.5945889178003597
SECKRCOLJRRGGV,-0.793910287146429,-2.455357764959151,1.131050235779127,0.4168159022012508,0.4900594133177497,-0.7586241077328845,-1.3137069686498437,1.041530475650432,-1.4372543149657706,-0.40189635032019305,0.8223801293138374,-0.5580415134111509
SEEPANYCNGTZFQ,-0.6421873513618935,-2.7501565869163036,-1.4055182834210138,-0.5999302121461604,0.026853148358686747,-0.7818671628658629,-1.667993695356434,-1.1236204977116682,-1.7212013464982259,-0.5570246155717733,-0.5855664657321329,-0.7312631311710036
SFBODOKJTYAUCM,-0.6795150626973122,-2.493671248755675,-1.9669025679918297,-0.6898433316413112,-0.34486102494882975,-0.4427772685243504,-1.4104100413599756,-0.8631129642657918,-1.9056795965900433,-0.6134563846023675,-0.39805791337304214,-0.4713997766577037
SFLSHLFXELFNJZ,-1.5104416151065025,-2.2985015999527083,1.679831851019532,-0.20307075188099163,1.4065350606095561,-0.4934397022706208,-0.4028316290335584,0.6563653200955778,-0.7047782737626215,-0.34532233976443555,2.0655633893705474,1.0522041334838177
SGDBTWWWUNNDEQ,-1.1820553405537393,-2.445565124634248,-1.0934273232485132,-1.022717142094859,-0.5793772698789527,-1.1089863995333986,-1.6716176293401692,-0.7844761380166466,-1.8384310484207518,-0.6239061984598586,-1.293647850883092,-0.513461847032907
SGOOQMRIPALTEL,1.3790563285719966,0.8313997488742589,-3.268724013532032,-0.4803581563490819,0.6698326670338897,0.24553635660992876,-1.4901651101543338,-1.1115931573699105,-2.3592921734797363,-0.6940769185679413,-1.080951882790088,-1.099178959879074
SGRYPYWGNKJSDL,-1.0849264856090368,-2.6217933648410834,-0.15148984680493133,-0.16293589291186297,0.42293725091147305,-0.8721656219237715,-0.6417883051961542,0.3563401990239366,-1.0855435663190074,-0.40844054387352524,1.3315943298663124,-0.11511920052108605
SGTNSNPWRIOYBX,-0.993451313013798,-3.1024917039101303,-0.1315999674880654,-1.1677659850121984,-0.7496913388405526,-1.0436529295730783,-1.4472485699657731,-0.42059922897621027,-1.477351962050536,-0.5763061457208785,-0.4995956635246217,-1.1067674045899212
SGUAFYQXFOLMHL,-1.3485048199012661,-3.2200364970528366,-1.6598784240786668,-0.8870515343439666,-0.2606811532095343,-0.7539974025074198,-1.683284916690102,-0.7181470836703159,-1.9670601613596521,-0.6204345252026137,-0.956166884058052,-0.8640679148054256
SHGAZHPCJJPHSC,0.817533056797907,1.3647390993467081,-2.590350338912399,-0.5390909323828582,0.595854750282373,0.3380241806647763,-1.7153363415369798,-0.5346668051290071,-2.3059111866766187,-0.6347989283839546,-1.2136993438530153,-1.2290506590754315
SHZKQBHERIJWAO,-0.5461392478382059,-0.8088083270543684,-1.9284174466205504,-0.26543134441648997,-0.22759996512588376,-0.5156784427882208,-0.8896099773653149,-0.12613117792327333,-0.9813723162208983,-0.5753173992284168,-0.5264457483960004,0.16985461579513794
SIYLLGKDQZGJHK,-0.6730299799896365,-1.00471403919343,-2.093008343135582,-0.20822820693166305,-0.6697875171346322,-0.4522924319731074,-0.5202203618169718,-0.12138275636957833,-1.9808111506182169,-0.5865556079543262,-0.8835671462792996,0.5148648318851328
SJYFDORQYYEJLB,-1.2069742367445842,-2.231262816701859,-0.41750425697901883,0.6604749423994001,-0.014120843202754444,-0.692800638488244,-1.0076950684379757,0.6657545264730734,-1.456894130728282,-0.4103321144070648,0.3325900925820046,-0.34037267682033456
SKIVFJLNDNKQPD,-0.380315454852114,-2.427741310894011,-0.18328152582869162,-0.919605765633497,-0.7301678467511297,-0.809552090749473,-1.648220354109191,-0.6595251378390745,-1.466703536000497,-0.6622207734834541,-0.714125307455003,-0.47719597373430245
SKPLBLUECSEIFO,-0.9634817980028226,-3.2056641861884607,-1.3609952822928195,-1.4505541170055372,-0.8895298698175416,-0.8434423001622375,-1.5138268323388009,-1.7180766559316902,-1.7357577223306562,-0.7964593831597776,-1.259460755185783,-0.6311197235494032
SKVLYVHULOWXTD,-0.5248351731198446,-2.482638343285875,-1.2819391561068922,-0.42978352315520807,-0.22293304060085842,-0.5877067622261305,-1.4398831572122575,-0.33738935658922586,-2.0058270203383253,-0.5277003016144906,-0.8054375697626103,-0.33548159574193953
SKYSRIRYMSLOIN,-1.1472790307800236,-3.03378209970011,-0.6376481135671864,-0.30552172805924654,-0.18423944390649896,-0.859356111111116,-1.4829124978857189,-0.2471476027542745,-1.4663141925005674,-0.5835417801446484,-0.10740573914941036,-0.5573777800436953
SLVMESMUVMCQIY,-0.9782172566628589,-3.0707498360860255,-1.956533202612816,-0.253794427665236,0.09913894286479334,-0.5851829091800597,-1.245453318940248,0.013312923834584161,-1.8043603994731199,-0.5056945919270114,0.09215356158836505,-1.0562601508449354
SLXKOJJOQWFEFD,-0.9109109408731508,-1.8255968930039637,-0.9699767278651228,-0.7356475428300207,-0.7363734769340557,-0.9297043556299215,-1.6746609724598585,-0.26747002998223174,-1.4443087790757114,-0.5853105123173677,-0.5954673501333745,-0.7499730507512083
SMANXXCATUTDDT,1.3981234412216366,2.406805588721746,-2.484912322076852,-0.8396266566488038,1.5482046838787473,0.41311492254943766,-1.7247972916266725,0.14277028384825508,-2.5766690140786896,-0.6254861476420684,-1.2331314076051645,-1.4947408791484516
SMEROWZSTRWXGI,-1.2659776470375064,-3.318376395873729,-1.017739861269448,-1.0770576058391799,-0.9028442187296668,-1.0880394684577597,-1.876679700697475,-0.9812259918462928,-2.1010482839214046,-0.7130819545548135,-1.9059881681656345,-1.2587202126118333
SMTZFNFIKUPEJC,-1.226806107096558,-3.463608788889802,-0.8391410955297066,-0.2783201556327843,-0.39939789073931076,-1.2092242072679384,-1.834949048347816,-1.3036613362934344,-1.9845385391600585,-0.6622134671823627,-1.0982710933138198,-1.1367088000476506
SMYALUSCZJXWHG,0.008417601862933529,-0.965074581643891,-0.8661052933729831,0.23350620541002065,0.009565009085118408,-0.4690798465836699,-0.8676384142792335,0.349304821546614,-0.8173770438467417,-0.3029529699551604,0.3187582680263994,0.2613059135185781
SNBUBQHDYVFSQF,-0.8893581571695519,-2.7932563624892532,-2.3990538768703034,-1.0878406296502852,-1.0643880273324362,-0.7335343641181676,-1.585308772849936,-0.15038965518446162,-2.046457978811411,-0.6524147943015238,-2.5402502589848743,-0.8169329979311785
SNICXCGAKADSCV,-0.6465252911567471,-1.7360794500621026,-0.7169312377801438,-0.4728501170222982,0.14523865886458817,-0.48083504101288194,0.26261855519752214,0.5892036139059476,-0.8502197371005575,0.19037001505526618,1.1994327447411015,0.5070636493513117
SNPPWIUOZRMYNY,-1.2712985804692298,-2.9807865081599236,-1.6939508876455436,0.25803774480486463,0.5844166104730062,-0.7270259977707539,-1.5339468115359305,0.6164697572042461,-0.8768849033916435,-0.2288064479215211,-0.3504380715356147,0.33027285003811874
SNTQPLDRUZOSDP,-1.4294675732035411,-3.4074879485900884,-0.6017524450912379,-0.9347894678999172,0.1392710785163954,-0.7729569551295323,-1.5595179999717248,-0.36609733312164133,-1.876047520732401,-0.5954455369000159,-0.3106227712972836,-0.7537295676493398
SOYKEARSMXGVTM,-0.3531429308695111,-0.7231633817506713,-0.5208228428494613,0.16552122416773318,0.1593866151041397,-0.4461996438501876,-1.26679109428002,0.4836705296452476,-0.5375559604169957,-0.3339297360017681,1.1802138826452382,1.0103192117422355
SPFYMRJSYKOXGV,-0.8015295008602689,-2.8917892598572763,0.5670277310405238,-0.8745327471460032,-0.4989207224642044,-0.7530790620594541,-1.4603602912550018,0.41204606253350534,-1.168725069511824,-0.491753963613023,-0.49510311806592533,-0.5856427280339132
SPIUTQOUKAMGCX,-0.7828363458871312,-2.835922459049118,0.3785307626347622,-0.4167926589018407,-0.10622452951767733,-1.2147074372306508,-1.3155923596942705,0.5548477957745267,-0.35951367521143585,-0.4397188857632621,-0.3130677434500486,-0.919684476749246
SPTMROWPYQRZSX,-0.7422736217148149,-2.0014986577720295,-1.5491332622770373,-0.5614737303240167,-0.5631367763567886,-0.9883813800702028,-1.2982225104369416,0.4920208906573054,-1.8948180646174106,-0.5681275247144396,-0.8272950927809047,-1.027031061519589
SQVIAVUSQAWMKL,-0.9465024837717609,-3.210208083802267,-1.3045148137838516,-1.1589710030420672,-0.5402727227211066,-1.1060304240928782,-1.7726058642466476,-1.3312511616126477,-1.5785887963676788,-0.6474364353294232,-1.0494002134970541,-0.7393419383178592
SRBPKVWITYPHQR,-0.7952874179743193,-0.7628071520037212,-1.2446648917803915,-0.5804051497783672,-0.03844013223480871,-0.3350270361856455,-0.8068440297879262,-0.12576749219032926,-1.4419594975862742,-0.4858430832909569,-1.0604534981736151,-0.2290409775200538
SSOLNOMRVKKSON,-1.1247031110857872,-3.323554873221435,-2.222548332322623,-1.1598345885739065,-0.8687290434747048,-1.0916699323724424,-1.7171543028160945,-1.3309629677659576,-2.2411587252919487,-0.7244767117948617,-2.437943859294398,-1.2911197871526467
STECJAGHUSJQJN,-1.5245384119713474,-3.37394617220546,0.15435899012645307,1.6676946165578863,0.36281949432583827,-0.8756373144007528,-1.4103159896763082,1.0514041681122794,-1.8368322640052568,-0.4215671285984106,0.7675860728229016,-0.6640603059186486
STJMRWALKKWQGH,-1.2341329304651292,-2.9028122797522506,-0.0982023294900831,-0.22690586519214795,-0.11626062198930737,-0.624348400922552,-1.3951160129546272,-0.2980146115142148,-1.3217614594428329,-0.528798149803966,-0.49929919320579297,-0.8515515173193531
SUBDBMMJDZJVOS,-0.998130448760736,-2.878777823629778,-0.028619396662022407,-0.4385356260778183,-0.45518062875900756,-0.4877738176293867,-1.3461127892376312,0.183150601518889,-2.0047823776498053,-0.5216351305820854,0.6616019964732803,-0.6016806254691602
SUDAHWBOROXANE,-1.1595876249509554,-2.8895134268833282,-0.7728121365138394,-0.5088319235103238,-0.6369192135384246,-0.9114656142144447,-1.5384146349830614,-0.6848016354985592,-1.9393417089612788,-0.6191688729023296,-0.8942771621593277,-0.7725985236503803
SVEBYYWCXTVYCR,-1.2328200381681487,-3.5028834835142226,-1.3804526667561428,-0.689645541521313,-0.35765219831786865,-1.1788973853632836,-1.8685250945791116,-1.4168787203671454,-2.501206190193704,-0.6574409444733693,-1.8925353142313004,-1.5047805749304355
SVFXPTLYMIXFRX,-1.2770695944830108,-2.8743136934984053,-0.06368085121523384,-1.1269342130785514,-0.5029915802370074,-1.0976512646599654,-1.7697218288854715,-0.034730140009386026,-1.9320734334953145,-0.6288651417591302,-0.7861252205781956,-0.8453258509491475
SWLMUYACZKCSHZ,-0.11562342981291489,-2.9924626255970868,-2.178294013069392,-1.39625133645546,-0.6475416835376198,-1.2103991724533025,-1.7553152616114358,-1.677792786184399,-2.0078174439979986,-0.7304245467793529,-0.9440419729848158,-1.0498487341973297
SWZMSZQQJRKFBP,-0.704938631069812,-2.6712616608640944,-1.6139892406608596,-0.9036444475406303,-0.4763800083587151,-1.0108911447943076,-1.7431550433847447,-0.16407533703901842,-1.8909005921973825,-0.6072288172451468,-1.0918605652455213,-0.793465332949324
SXYIRMFQILZOAM,-1.0809082643990977,-2.0374927211637837,-2.5764537840003214,-1.0107962241544497,-0.6396166725689841,-0.9821757147661306,-1.6673119059465242,-0.7474450237904663,-2.013810259091916,-0.6724084070071055,-1.5557545567395905,-1.2847780212617652
SXYZQZLHAIHKKY,-0.7289873905611859,-2.1592890002998213,0.16585056683917215,-0.07939945978255591,0.04151180357208737,-0.10743085385045857,-1.3829733850453105,0.24102472778230621,-1.9661873670334844,-0.5267365411100327,0.06975899840603145,-0.4185290067000326
SYLKGLMBLAAGSC,-0.5576042819368192,-2.1305241315078822,-2.272059872767539,-0.3953264155413342,-0.31549869898118077,-0.5825368024203341,-1.8143144407223613,-1.55543503812385,-1.5165446594851493,-0.7077288638565409,-1.8525784766658433,-0.1298837604758511
SYTBZMRGLBWNTM,-1.1468057685867923,-2.8073241200702928,0.09137473172441629,-0.5615336640254446,-0.2544377636932835,-1.0499163520122479,-1.6987829528530005,-0.5869516388302611,-1.6796071967462411,-0.5199709946566533,-0.13827688426474188,-0.6612379081068926
SZLZWPPUNLXJEA,-1.3137375198023815,-3.0616166878734945,-0.579092684138801,0.5585681953593536,-0.4100287287817048,-0.7729057115439454,-1.447032874443328,0.13974949093787936,-1.6143704797685727,-0.5734048117852698,-1.001883653837659,-0.5087625079017533
SZRPDCCEHVWOJX,0.5666837974555632,-0.05862016245825045,-3.240510838748829,-1.110223772729987,-0.02082560225480055,-0.22398930333691236,-1.6075047730894152,-0.8044671582413613,-2.6463927435635535,-0.6433206585285024,-1.9244819531172506,-1.433218584291422
SZWKGOZKRMMLAJ,-1.0963009226696196,-2.733489492793497,-0.6535030362939269,-0.7049859860684571,-0.14853783599955778,-1.1746621126605648,-1.685847035535723,-0.5750725066776217,-1.553227652139875,-0.5540515819174188,-0.27296735029354097,0.08599761101874372
TTWJBBZEZQICBI,-0.2464677267763026,-2.5161567979695985,-0.9518449786771075,-0.33677886948433755,-0.5993654296157251,-1.0895237268314324,-1.5687240224876,-0.3720454545692957,-0.5000224149774709,-0.5873703165723672,-1.9062439327662681,-0.7658422115548336
TUEWQXNXQFRUTK,-0.649390763013221,-2.172615901996991,-1.8314385130051976,-0.590328920017463,-0.4033577108815535,-0.49816164563239246,-0.9445454933252718,-0.437261244801957,-0.3230129978015648,-0.6559857838881091,0.6922031951387001,0.7507209604220704
TUFADSGTJUOBEH,-1.2110425720722904,-2.983284612702111,-1.17875064819591,-1.0141402334828933,-0.8007736037477162,-0.6189747010428734,-0.1271191045991938,-1.3085725452874781,-1.7956846654027545,-0.6391287428259442,-1.0492990852350204,-1.4186648255540768
TUZYXOIXSAXUGO,-0.9790532501553618,-2.4907637745092366,-1.522658108189113,0.4032252876747954,0.2543969971328006,-0.7156917704033644,-0.7755118393694495,0.46699543580723524,-2.2673762035006764,-0.4398062817921505,0.8711721105765561,-0.5900766500496288
TVQZAMVBTVNYLA,-1.2837854646502476,-3.3421538601310097,-1.4680657943192605,-0.4534226832002668,-0.034964129458380205,-1.147521686293969,-1.7190733091214587,-0.6441689991145395,-1.6238950610633105,-0.5142257457798162,-0.22008342065020567,-0.7878038694480506
TVURRHSHRRELCG,-1.1848713974599407,-3.1715627586783106,-0.8442026293130667,-0.4414595747487347,0.3778645608209867,-1.2297582344660152,-1.6208604359147634,-0.4773319359048379,-1.3528107114883872,-0.49090158002407797,-0.5811909914764148,-0.8924461099740868
TVYLLZQTGLZFBW,-0.9741564412468424,-2.9017506645444215,-1.7537991366907244,-0.8005919329914071,0.022291212394661464,-0.8533848466745406,-1.7424333577826716,-1.003170050099159,-1.5061129494102812,-0.6072366654356469,-1.2297143187795418,-1.0389659845759616
TVZCRIROJQEVOT,-1.1133695540023447,-3.1168871824828956,-0.2562540077066069,0.0528654758036804,0.027530620763490814,-0.5619721453912457,-1.6595612500009043,-0.8118744151700943,-2.110780104097095,-0.5470748890728228,-0.385624528040302,-0.8675013287986562
TXCGAZHTZHNUAI,-1.0853267286702373,-2.361487821802771,-1.7299235757574527,-0.9325560172391717,-0.8190638728640103,-0.9847031911216155,-1.739146029099531,-0.8113719685590619,-2.06873893875345,-0.6751008467318236,-1.599280103680604,-0.2211989009161038
TXUZVZSFRXZGTL,-1.119876397812434,-3.0928230660547236,-0.58415361231363,-0.19863752814895214,-0.698130887129326,-0.9167255788588733,-1.6953165401101637,-0.9787023140149749,-1.615547527871534,-0.6090826906547236,-1.4114765205435944,-0.7817926972230063
TXVHTIQJNYSSKO,-1.2331987388354642,-2.297060888458635,-1.3702723912261912,-1.0585853489685875,-0.1063871723962192,-1.0617418639366558,-1.4901098404229731,-0.49081718805447444,-1.7414558638108497,-0.5858348379439512,-1.2550281074004834,-0.4701070144296654
TYMRLRRVMHJFTF,-1.3061609352211354,-3.307182340347152,0.08921899504235364,0.8352659648745409,-0.13650725762648663,-0.6705185284287857,-1.6530519584524848,-0.5209143346906501,-2.0111632380147486,-0.5454481162879885,0.986224876002122,-0.455876830470593
TYNLGDBUJLVSMA,-0.78776668619027,-3.1558460800609285,-0.7615031582755758,-0.9889795321930765,-0.8824251508849962,-0.9879216074718806,-0.8659955171825893,-0.6297548461464685,-1.4454603839556077,-0.6556268106189743,-0.9554251601003159,-0.6323343541954878
TYQXKHPOXXXCTP,-1.2238297286949906,-2.830872106964651,-1.2195631351666343,-0.8018734249357171,-1.1522815014049594,-0.8200279666237552,-1.4323602903289243,-1.719037754234719,-1.7026976457980878,-0.7352049180355431,-2.6141181966373033,-0.8588420685817357
TYYBFXNZMFNZJT,-0.4756795677239116,-1.6571935349314149,-0.8279771911337668,-0.15484852723739165,-0.7027497739990455,-0.6094594633059474,-0.4502179753172263,-0.15531036789601052,-1.878699513796191,-0.5928401286464982,-0.7550701652594536,-0.0704260802425376
TYZROVQLWOKYKF,-1.1562721265143834,-2.368125835808319,-0.7777284229824605,-0.0887278219998697,-0.33216327884610014,-0.591677252480683,0.2417715007805958,-0.1728222485232978,-1.8958191921700072,-0.5629765419548294,-0.42415502265809296,-0.7275322350395349
TZBJGXHYKVUXJN,-0.3038820928442847,-2.2089042736636344,-0.878645582795545,-0.5263843389280465,0.44699328299744345,-0.506889869393296,0.015106157502083335,-0.03033381815795593,-1.243054465412908,-0.5773208272991766,-0.2899941861803594,-0.5430585371226389
TZFWDZFKRBELIQ,1.0518046973867348,0.7227827791779275,-1.6385615497789807,-0.26987010018939134,1.275136976012164,0.8837992216439852,-1.7736618273484956,0.7863181034467256,-1.5631308492301692,-0.5384956731581609,-0.2999543346755436,-0.7794405412548083
TZJUVVIWVWFLCD,-0.6775797081651425,-2.5598778949919367,0.21328489741089623,-0.49451408727399676,-0.2661230592571031,-0.9726223372599707,-0.9339278818268157,-0.1719029894797236,-0.29922988790230703,-0.47210796528523236,0.042025316518391656,-0.09682920484770573
TZRHLKRLEZJVIJ,-1.3537296642490073,-3.3167396398214626,-1.9420429385380655,-0.6188057857945398,0.1589863782462221,-0.5694206874473038,-1.6644513445237832,-0.40719582710151553,-1.8813188737755,-0.4850788366906982,-0.8674244867053793,-0.938413182319884
TZXKOCQBRNJULO,-1.345270719396176,-3.463778572880153,-0.9681000120983826,-0.6271198247163661,-0.32623493646049195,-0.6917197258483402,-1.6738646552115757,-1.1987956275861014,-2.497676605644303,-0.5960975200301548,-0.5269586912998239,-1.379635746180107
UBCHPRBFMUDMNC,-1.4174936580261284,-3.4716225277912955,-3.3596210439452046,-1.7390631928198053,-1.311271094782906,-1.2426393330988905,-1.827603498041774,-1.9540250105546173,-2.6914999372632185,-0.912835622266482,-3.01750214667405,-2.0574206237124546
UBPYILGKFZZVDX,-1.173151188790428,-3.050109750438588,-3.113746663287271,-1.5365281202353458,-1.2140272623005732,-1.1851817981163741,-1.587151213250614,-1.8323559753608258,-2.1525981420053366,-0.6323594982404681,-2.33344367719511,-1.7008185575747092
UBQNRHZMVUUOMG,-0.9760930196216437,-3.1939580022011023,-3.9301059627516035,-0.4013566998647385,-0.7954497464545293,-0.6423714649099542,-1.5696441804408394,-1.1422922730303582,-2.004455299542784,-0.5090856546293621,-1.0190744897230593,-1.0866132114654683
UBRKDAVQCKZSPO,-0.967382829456529,-2.735103551172462,-0.3387402676488418,-0.17014191824643676,-0.0731975149074987,-0.8689728309686569,-1.6386638543008747,0.16635664552876436,-1.767166664739466,-0.41530910249170405,0.7278721645563271,0.417806995637069
UCFGDBYHRUNTLO,-1.444950088329525,-3.5590390016963527,-1.2869321612527966,-0.8936945014747031,-1.428016522638188,-0.9082016444256117,-1.4331848036371946,-2.1319447563978113,-2.2935137609475715,-0.7835858224222517,-2.164602774956244,-1.8309059641382222
UCHDWCPVSPXUMX,-0.7926037595881328,-3.172104893383037,-1.5920097175100945,-1.0112234024214175,-0.8405575730257671,-0.8445257597500616,-1.3364023283390634,-1.729529974692842,-1.3928271755038792,-0.7512841889297984,-1.7108031960107406,-0.0713453425240032
UCTWMZQNUQWSLP,-0.9518930472284882,-3.0841928476439433,-0.9134499784155944,-1.043812575621143,-0.8297061596425988,-1.2820113025017719,-1.8124609512389787,-1.4810892673101272,-1.6752363014318377,-0.6781282549255463,-1.7577338857234617,-1.20212575728643
UDMBCSSLTHHNCD,-1.2748462861339327,-2.9794471103233984,-0.5627289876006494,-0.3071032349711877,-0.21289397219613046,-1.0445514443619885,-1.3691291454047299,-0.354917553399445,-0.7492258020762887,-0.279452401062544,-0.2612640693862927,-0.6587021418018691
UEJJHQNACJXSKW,-1.0252085222041396,-3.0196128191994065,-2.5950812255246065,-1.1574228817906982,-0.8799110110099888,-0.7435039694089529,-1.8048043196442314,-0.4180205130132958,-2.197523141716067,-0.657836718033702,-2.6444532381376016,-0.4617783332938517
UEQUQVLFIPOEMF,-1.4431622531977992,-3.565500699107896,-0.007892807741142809,-0.6497298050009273,-1.8280579499030345,-1.3560174458851528,-1.7335233406390569,-1.9455546504865393,-2.0670163152208696,-0.77403818353821,-2.3681679292647413,-1.9230817231994197
UFLGIAIHIAPJJC,-1.1943297326508941,-2.818378520181366,-0.31878353950023525,-0.0679887346230359,0.0169880303248864,-1.0842581595513423,-1.635051651617635,0.15353801952058638,-1.6402155391270916,-0.4265083698905357,-0.4897676401316152,0.014168389537966107
UGJMXCAKCUNAIE,-1.1405616323556071,-2.6789699345683324,0.703212027130365,0.22901710455590196,-0.4778658362063995,-0.5442442507528955,-1.6855004389847377,0.11156947932450859,-0.8365518053515967,-0.4041283684538429,-0.4859777498777413,0.33518703454923926
UGTJLJZQQFGTJD,-1.1951567345321064,-3.2699327291489113,-2.0322562561991377,-1.2766845031048781,-0.9681312734152956,-1.2545934063159938,-1.7320835449113217,-1.0260873985367058,-2.321890665515176,-0.6793090588597926,-1.8767128588457265,-1.0353460517078283
UHDGCWIWMRVCDJ,-0.015935086668651188,-1.3063118849575384,-1.1278713919892018,-0.013980616355089138,-0.10529260266083758,-0.5597854263759691,-1.057709970489064,-0.04732386131685475,-0.8043173156861527,-0.4256938702972094,0.14665424068271438,0.1283223142527916
UHWVSEOVJBQKBE,-1.1983347340696922,-3.081699288907146,-2.309911521606384,-1.279512208836669,-0.584368239761506,-1.016144720433319,-1.6630413986040564,-0.6680570616163188,-2.100182856444548,-0.7297690704948067,-1.9179216902611314,-0.7734755612860089
UIARLYUEJFELEN,-1.0904612165093694,-2.8153542841206596,-1.3053498645708845,-0.9176465356766184,-1.1270384150609956,-1.1282323595246542,-1.427802374758313,-1.2051526166890716,-1.7946393735355368,-0.6384107367525046,-1.6603128967782588,-1.1076974654469196
UIAYVIIHMORPSJ,-1.2849417130659289,-3.3361683912357827,-0.8639459837774794,-0.9144470941017933,-0.15286760185401088,-0.8206866885868107,-1.828292985469955,-0.40175225048785695,-1.8275107908548684,-0.5773006184761516,1.1384616200050865,-0.5139755860046047
UIEATEWHFDRYRU,-1.4811914948616747,-3.387544201537801,-1.0849713501712577,-0.10894693705147537,-0.3075330510914065,-0.9703715475942194,-1.1669018280055272,-0.753549199862371,-1.712364857200286,-0.5374091514078739,-0.5355742649565185,-1.1814699257226113
UIKROCXWUNQSPJ,-1.350569521390054,-3.3635351034863925,-0.6492823298420319,-0.7778762978976618,-0.6491813737177601,-0.7726783370520572,-1.5256366787853626,-0.8272916417531595,-1.8656685370717647,-0.4810475828753751,-0.942529530920899,-1.3002641397201486
UJEWTUDSLQGTOA,-1.1265164385283033,-3.333417748107248,-1.28119304043615,-0.698034831352714,-0.4520888045078323,-1.2013686050017949,-1.5291801622188448,-1.3970010696164323,-1.8730772637195985,-0.6235877051185017,-0.5786248410960438,-1.1902307728681456
UJVLDDZCTMKXJK,-1.0891619508548063,-3.3246086325648188,-0.6061383554677309,-0.4746488279041494,-0.6628966300475597,-0.9781288420101429,-1.4835690233372374,-1.3796879171840213,-1.6954543913460043,-0.5660337820910901,-0.4256436319100394,-1.012476876647149
UKTAZPQNNNJVKR,-1.09301506927113,-3.5313372448896874,-0.27699152513998104,-1.242951956242924,-0.46395362712053045,-0.8021795129613074,-1.786631105431431,-1.1752576391046898,-1.737905247717576,-0.5534247819876992,-0.4644488307374691,-1.3460583558203594
ULDXWLCXEDXJGE,-0.8386643592376639,-3.2090484100798538,-1.414383547703432,-0.7849405843048038,-0.6066873436214033,-1.143826501114086,-1.664803855636468,-1.5789927086681916,-1.8602983289156707,-0.61998370232844,-0.3150634691229398,-1.2992758151742887
ULFRLSNUDGIQQP,-1.2814617118583633,-3.3486942299085385,-1.466031746887056,-0.6448184523491396,-0.7060755318352685,-0.7112599639320607,-1.3855329705968726,-1.1757603857808552,-2.065710032935943,-0.6864890844106781,-0.7928705714936086,-1.453489648307812
ULGZDMOVFRHVEP,-1.2543472238614755,-2.9647901758801463,-0.8836323429129402,-0.15281460303066705,-0.4538060663498398,-1.242118018348569,-1.269240659275888,-0.9483226481532939,-1.2919874325367189,-0.5531778486014589,-0.7193928661708192,-0.7436626825879926
ULLNJSBQMBKOJH,-0.9057283280430015,-2.6204467296682217,-2.5509825072422347,-0.9328902556410743,-0.6514314339941976,-0.8580708055499486,-1.6920771794907137,-0.5494235983325229,-1.428344878399264,-0.5291708516870126,-0.8908354816201459,-0.7693926308480674
ULSDMUVEXKOYBU,-1.0595262729277588,-2.6752389319632393,-0.9982702486917916,-0.22720678004348782,-0.6404558848816497,-0.9729381355952884,-1.5522402480755797,-0.6596419293940781,-2.1078768812144273,-0.5117513032180316,-0.8245069552360873,-0.6723521901453542
UMFJAHHVKNCGLG,-1.2437009815931734,-3.0708273315238093,-0.27477279371079205,-0.582976861219984,-0.5545654171297256,-0.8765503404802562,-1.497371989166656,-0.9802572717826827,-1.8636392181743486,-0.5573843532759915,-0.5762695944057507,-1.0248634622912072
UNAANXDKBXWMLN,-1.3542288595539715,-3.1721619158117424,-0.5458451340534196,-0.3112851734629005,-0.7350201553626471,-0.9506155269425219,-1.5527555023869932,-0.4039344868520454,-1.9904887398122075,-0.5547664696690948,-0.0605165937182745,-0.9510922678160112
UNBRKDKAWYKMIV,-1.2497809633600518,-3.2096533412826522,-0.6881737435068394,-0.9520351533562166,-0.9807281689608324,-1.188469562616814,-1.4818984445252286,-1.1603842947199445,-1.9834674285587528,-0.6546829043879092,-1.1083410584026532,-1.0785003129113497
UNFWWIHTNXNPBV,-1.3349334628012586,-3.2243454884352913,-1.0955134655856298,-0.4855886337950799,-0.6621749388221524,-1.2510510846602019,-1.3743908431422354,-0.6831552916005137,-1.817004409349058,-0.5791701441925252,-0.36421666340165637,-1.3412978094740524
UOACKFBJUYNSLK,-1.2947555688680081,-2.867411669493197,-0.7754388849179985,-0.498834336672882,-0.7332842340634824,-1.010429456020998,-1.6283702622165674,-1.4692890661417153,-1.2071594349522068,-0.5648527873183345,-1.3544238281283505,-1.211326968751033
UOCJDOLVGGIYIQ,-1.331185182505476,-2.787734588996532,-0.8844184666080155,-0.6087905947928625,-0.5880515549882606,-1.0846108044297078,-1.3109835746429934,-1.418456748398826,-1.4609355440888898,-0.6309666817519249,-1.4802787580984615,-1.3246827139694126
UOWZUVNAGUAEQC,-1.0315899507985662,-2.3877748379543347,-1.2250957896932992,-0.5422902862790477,-0.42033143323941025,-1.0161525380634024,-1.3630265045115968,-0.8084049422787137,-1.5505756718515418,-0.5724379881660031,-0.6062780411295163,-1.0232349893057933
UOZODPSAJZTQNH,-1.3898707954279683,-2.618715541206538,0.10778505974572414,0.24329083457507472,-0.23208652340381627,-0.6252136227334734,-1.6201079030084458,0.36926966721621873,-1.1167456675253307,-0.2841373324933538,0.18964472328507537,-0.21124253179391472
UPSPUYADGBWSHF,-0.9057612570981234,-3.331407328551411,-1.4138084220917375,-0.8196160519306661,-0.5329153047210673,-0.6848403016282757,-1.5142473817382234,-1.4361419499972785,-1.626670549482856,-0.5786535828664953,-0.28675389457991124,-1.2695503771825727
UQGKUQLKSCSZGY,-1.1684680670566723,-2.5164334773078414,-0.6238385889281387,-0.26951743153094176,-0.6722649479135172,-0.9995708941154091,-1.510923434649372,-0.7185850608500484,-0.8366089407447808,-0.49688232292826284,-0.9768988154508036,-0.568160693583228
URKOMYMAXPYINW,-1.1478229007197442,-3.357470389689766,-0.47508440125062606,-1.480104252804894,-1.0369812588668712,-1.118805800160184,-1.7208707111135721,-1.7599704209059126,-1.5606409683555307,-0.7811750681586712,-1.577565438758845,-1.2753298271057676
URWAJWIAIPFPJE,-0.8457634291004784,-2.9626883009634053,-1.559106189476227,-0.951041044328869,-0.6236753175737952,-0.8029214652590732,-1.7257520070351728,-1.1290745299647655,-1.545661189463391,-0.7253072376014741,-1.5254348035949032,-0.6042046729741724
UUQMNUMQCIQDMZ,-0.4294965295115128,-2.647955708605012,-0.35559576975953505,-1.1011216690680539,-0.5829505144071812,-0.8866480506947443,-1.623261591802251,-1.1557971776065137,-1.6046091425489941,-0.5391373563240893,-0.4352693688827952,-0.8472272291100712
UUTKICFRNVKFRG,-1.2750615391598177,-2.8170460726097923,-1.1504672454605633,-0.7969274963461125,-1.026603848468043,-1.2982757108101497,-1.4412839886674815,-0.9557431941478762,-1.7373644133914046,-0.6193092404316723,-1.7337452259316368,-1.3053323262767316
UUVWYPNAQBNQJQ,-1.239310080192807,-3.1583314441029744,-0.6615182834532286,0.014448685473606239,-0.5639585425177607,-0.9975883334240871,-1.5963141535274854,-0.7490105859497422,-2.0598520148070123,-0.5799753422765668,-0.5116023273619152,-1.0322183766173472
UVKZSORBKUEBAZ,-1.1201231419989126,-3.343653652200368,-1.502833182678077,-0.26456652425385196,0.07506084010773185,-0.8063776281216003,-1.6915025932212275,-1.0571730729836595,-2.0305590518391923,-0.49227603089938154,0.1410431876174223,-1.162759618401258
UVTNFZQICZKOEM,-1.2577123663246668,-3.4421861564370744,0.0079843378466518,-0.8315236059624125,-0.13819609360994056,-0.7012926101248346,-1.6140159464890476,-1.0358999230416899,-1.2550122252692506,-0.48915087220519643,-0.2332881106680128,-1.0914745058194124
UWKQSNNFCGGAFS,-1.3179916479007694,-3.2142973393063348,-1.539676355777761,-1.11314664826601,-0.8451536296264807,-0.9184030190805976,-1.617716673305028,-0.2906440175915254,-1.9280133074696018,-0.572916480043379,-0.926582619344019,-0.9268798061046062
UWWDHYUMIORJTA,-1.2744571164801917,-3.4127749193315786,-1.3040777909129648,-1.3804729149262882,-0.6426212638932334,-0.7829707313473819,-1.8009348454862824,-1.2910552121659,-2.0307379283373885,-0.6652799181498187,-1.1890109647842648,-1.54606741682907
UXABARREKCJULM,-0.9603258563887485,-3.219481803352835,-1.3095451867571626,-0.8246590465634657,-0.5863363010817892,-0.5704641265234303,-1.6055786984134968,-0.9698708558402366,-1.5909436362483327,-0.5843687188724157,-0.4539156007240761,-1.0762725227725127
UXOWGYHJODZGMF,-1.2973539899177633,-2.041611429806497,-0.5061214974663719,-0.006703774404901976,-0.20034752911381215,-0.4765003971950579,-1.229017506149522,0.4310525609475952,-1.1671516042851677,-0.4362661559597947,1.0509749283501564,-0.3020703120717627
UXVSDVSUISWXKD,-1.134440246436454,-3.379477008184347,-0.998104325605254,-0.8529032420861953,-0.5574290146073468,-0.9803450677155436,-1.5464407028474623,-1.4870609660989704,-1.7953818219289954,-0.6382383432014391,-0.22752740069860425,-1.2797587488549815
UXXQOJXBIDBUAC,-1.385303321896416,-3.013675610247708,-0.19702173785149713,-0.21137205007141827,-0.7865644334988325,-1.1771963383566642,-1.5853998099975837,-0.4294026193788426,-1.6957102575704366,-0.48981432279943826,-0.7828299208312159,-0.9840548480353992
UYIFTLBWAOGQBI,-1.3527018704252796,-2.9221305870553786,-1.0174213229583013,-0.37929285182057604,-0.6436458222179334,-1.0643738678512267,-1.6802450329866094,-0.7827560520887473,-1.643568180219368,-0.4757338218386911,-1.2872331915812885,-1.333616490689228
UYNVMODNBIQBMV,-1.127580666166378,-3.488811445768162,-0.5126978807186616,-0.31865090698837667,-0.4514207282956548,-0.8938800346965872,-1.6772865257466154,-1.4122386130818683,-1.9167256959985082,-0.593710716870396,-0.6628686336550945,-1.248252452539711
UZHSEJADLWPNLE,-1.032528875446502,-3.0588545133314953,-0.37749733762561527,-1.32278406845436,-0.925469170937828,-0.7838010993926003,-1.5069008133836963,-1.3333039799985131,-1.2302114597474623,-0.6241548267946624,-1.3376600781985688,-0.7999290655079301
VABCILAOYCMVPS,-1.275192951595142,-3.3362914175681997,-1.7668261860415506,-1.0708638304538658,-0.6188556115062291,-1.0287366787555339,-1.5413479490931636,-1.4713606444328873,-2.174270516127969,-0.7951163073334531,-1.7093036428633168,-1.1183786222273806
VACCAVUAMIDAGB,-1.198134443135132,-3.2123627527557046,-1.593321082944491,-1.0648891723828324,-0.9448674297123218,-1.1621282365252783,-1.7530714963793248,-1.3655421084568788,-1.8668886599471475,-0.634021197728083,-1.5216510358493034,-1.0629997907535045
VAOCPAMSLUNLGC,-0.7693130594930861,-3.031538945958957,-1.087641201053495,-1.0117615695752928,-0.685453972179816,-0.8136249778888088,-1.8417311191563706,-1.0279133535911766,-1.5402592476983088,-0.7136666391702227,-1.403952694452259,-0.6107684002137357
VCKUSRYTPJJLNI,-0.8571389814689172,-2.9718250763138547,-1.019090535213113,-1.0405123670300944,-0.6503912017553204,-0.7704631119640243,-1.7857142103152954,-1.0504011708152783,-1.6239354652180407,-0.7122909515713058,-1.2614338636215077,-0.5740249402668041
VDCRFBBZFHHYGT,-1.1371674704336203,-3.384475357921893,-1.4662513948282014,-1.2776992818667041,-1.0376861947763918,-1.2007141173221108,-1.7916099827350598,-1.4265523649814034,-1.7186115192795597,-0.615998029380268,-1.3419679562785543,-1.3719694838433847
VDEUYMSGMPQMIK,-0.8830924140816288,-2.683827066986319,-2.6710139893678675,-1.0919382010626824,-0.7205172341942092,-0.883686891383709,-1.723656709450926,-0.955237352339686,-1.4914084633274434,-0.5680241471453484,-1.1749798748733533,-0.8884709491163357
VDHAWDNDOKGFTD,-1.3129513493130809,-2.9616125857194153,-1.617191352484327,-0.6936923779153783,-0.7677588457080597,-1.1149557002323722,-1.4829856815421747,-1.423883737120387,-1.723997008831092,-0.5997762733386782,-1.1675371319960384,-0.5570333861595009
VEMKTZHHVJILDY,-1.3894932768100463,-3.1879680229032954,-1.2493551036387833,-0.44028920397417687,-0.5529528440815085,-0.9247484536441558,-1.5365692075241433,-0.4166414868171244,-2.1581535114636643,-0.45029595467929084,-0.08463538532451388,-0.7934157473741613
VEQOALNAAJBPNY,-1.4628004311209541,-3.1684872715320296,-1.166747375724845,0.2558818111813987,-0.39326061301182436,-1.20511521871759,-1.7432648631834242,-0.0871913455654327,-2.0931990795968005,0.17379182746691146,0.5636715006163595,-1.325733961870705
VFLDPWHFBUODDF,-0.6033571074869815,-2.442419277317529,-0.2958993584296176,-0.8864161052112141,-0.6415190278330872,-0.524343568585685,-1.508857283426246,-0.160417392459612,-1.2947731097326811,-0.49694344136318686,-0.2379158686749764,-0.6971409478971862
VGEREEWJJVICBM,-1.17612785677537,-3.2751022416966244,-1.6910895492137976,-0.9893425127642016,-0.892080169732259,-0.7999104645341846,-1.5250867176908358,-1.2956532536841672,-1.5381074329667803,-0.6137909240951441,-0.6924037713277358,-1.0688063770498797
VGGGPCQERPFHOB,-1.344377217176419,-3.516388802903796,-0.14641858122625961,-0.7927899584252177,-0.4480027229279126,-0.6979702699278203,-1.6260294811962108,-1.324463363488933,-1.8026999551582408,-0.5303303583243035,-0.42836262391661695,-1.2998349942865084
VGIGHGMPMUCLIQ,-1.1112490411894949,-3.253944393047517,-1.2797453983115645,-1.3170535115798052,-0.7086215858397455,-0.7405584222257596,-1.6153833969109321,-1.178576524874781,-1.8979668668566565,-0.6253156979087111,-0.7176550107221935,-1.1681798330347972
VGKDLMBJGBXTGI,-0.8851700308048384,-3.015687054160181,-1.1854322739344267,-0.9385449952368018,-0.6420593552282796,-0.6734207726885646,-1.7942421869304248,-0.999260174147985,-1.5979923287840423,-0.7009339324895906,-1.5540765947743354,-0.5924692957629337
VGLGVJVUHYTIIU,-1.0971953576228803,-3.318289596762324,-0.041110003164373014,-1.052518661796333,-0.4530799962853821,-0.9557942198096647,-1.5778805246697627,-1.3588307068800147,-1.380236741220434,-0.6057956516185261,-0.5169211627939686,-1.3186901241789788
VGZSUPCWNCWDAN,-1.3452325119861266,-3.320604539401304,-0.6788910468741258,-1.1310991133642334,-0.6373369116839459,-0.6221138694805245,-1.30555877716321,-1.5070961702383139,-1.974808313186762,-0.6449875738639426,-0.9194044736111238,-1.4912935890069228
VHGCDTVCOLNTBX,-1.2879732189880964,-3.3818695165495596,0.034879144163056014,-1.224418480682816,-0.8647669574398027,-0.6754659827906186,-1.4485706789769008,-1.3400501250643955,-1.803429065958587,-0.658807507676628,-0.7389273298998251,-1.3806199240641144
VHOGYURTWQBHIL,-1.338538215038889,-2.92283788232019,-0.5452905938521642,-0.30236969710518674,-0.19729254053860767,-0.6902392668953062,-1.553507262333394,-1.1694621583793658,-1.5477130172300908,-0.37585880035139185,-0.4701945359093297,-1.206496919616758
VHVPQPYKVGDNFY,-1.2305167362734166,-3.328784318356801,-3.5393653181973894,-1.6813799732424335,-1.3161224027770382,-1.1932745492082866,-1.680573339306235,-2.3806859350339162,-2.2367361486815978,-0.8531608114553073,-2.659755524624439,-1.478593923908726
VHYCDWMUTMEGQY,-1.232217213908571,-2.762121078955655,-3.3479917178576444,-1.3946180155984593,-1.5694698300857537,-1.184481087239747,-1.5449498038332954,-2.0699444902228334,-2.384463053056842,-0.750390863367616,-2.11613893877277,-1.4655310277352065
VJJPUSNTGOMMGY,-1.0978872328955076,-3.247494159346516,-3.000314261427843,-1.5117381311089733,-1.291808628930681,-1.0663214382541828,-1.6618834000858658,-2.043803349723364,-2.5046896262197524,-0.7295666148207588,-2.466383738434069,-1.9078100259462896
VJYFKVYYMZPMAB,-1.3170291121565412,-3.303792328260938,-2.7169447981532606,-1.4264477952725765,-2.126262030915109,-1.4165255552026053,-1.7265487354547036,-2.2394050812097075,-2.016796002026301,-0.8458976889764582,-2.7397043702069834,-1.6934591036985944
VKYKSIONXSXAKP,-1.2213794119134422,-3.266832123904557,-2.8430816148972387,-1.446406007672944,-1.4464641831803706,-0.8483706774850667,-1.5784276300176963,-1.7183840106362052,-2.179598544700118,-0.7161024754886586,-2.6447282327262456,-2.084447072943644
VLPIATFUUWWMKC,-1.2294310292002133,-3.4146425682868036,-3.3109878748390646,-0.9584692152768839,-0.9667375330959881,-0.6689170617187327,-1.5848057291269577,-1.8769048599783091,-2.333808518477494,-0.6885842190872302,-1.8758418006290616,-1.4174482184788113
VLYWMPOKSSWJAL,-1.2271129258300273,-2.8695185521227518,-2.6290661973999283,-0.9317131456626466,-0.8623967173387264,-0.835527460968909,-1.5635322498692397,-1.478357189454503,-2.048685782509288,-0.43252140308723885,-1.5443956122018225,-1.2222040287942098
VNFPBHJOKIVQEB,-0.7554088831125116,-3.2539855304265166,-2.857337601143167,-1.370090004498506,-1.3279531090025485,-1.0870508699479218,-1.7281061782227911,-2.37245545469646,-2.0753146637434736,-0.7484842428641694,-2.4570984813423875,-0.8952502355667968
VOXZDWNPVJITMN,-1.3778588890339696,-3.3594724886887923,-3.1167752169563396,-1.4704072877970549,-1.5346329125836151,-1.286734273852011,-1.6680475378937525,-2.2030072840894466,-2.128136013172153,-0.7044900495622298,-2.8282785667065626,-1.8462931160512162
VPJXQGSRWJZDOB,-1.3711032099573273,-3.330780607665788,-3.09590852639026,-0.9888494598255324,-1.354638672328219,-1.4036336834121992,-1.773082943908174,-1.776681853540977,-2.312927033522483,-0.47926533686321104,-0.3451475621010367,-1.637664418588235
VQHUQHAPWMNBLP,-1.3216254838976942,-3.2133955393918323,-3.6452717102278798,-1.2629217174231562,-1.185130416560207,-1.1719861571816543,-1.7203398400980094,-2.246377887424093,-2.310151626956598,-0.8475854002041805,-2.3724639354696566,-1.276407734780495
VRBKIVRKKCLPHA,-1.2047485868757362,-3.280851337928799,-3.6515816064759328,-1.5358367303242044,-1.3829272294125667,-1.0940577207558864,-1.7284838555766855,-2.4147253282160066,-2.2214476950686683,-0.9102249163920377,-2.7572669482490935,-1.4645018236169371
VRDIULHPQTYCLN,-1.5130701741872217,-3.555193400688054,-3.377550668533594,-0.7509214292717438,-1.0219882429876532,-1.192191869773936,-1.7124179917968012,-2.2502003574881178,-2.4702649028967247,-0.6443628259911436,-0.7556015600879137,-1.7284682840318997
VREFGVBLTWBCJP,-1.231224510022692,-3.0295176730231272,-3.55722497239338,-1.727818699896304,-1.1395449379135696,-0.9958684241382418,-1.6946242508925549,-2.304880422841466,-1.95181233746536,-1.0099303678534652,-3.2112085451824526,-1.0802683113778453
VRQVVMDWGGWHTJ,-1.2182834500039623,-3.289155891701413,-2.3472286327431244,-1.382016761335579,-1.2494795456512524,-1.0325484144571655,-1.6483745027857255,-1.9270890814450097,-2.2779671488477073,-0.7539002371755114,-2.4682461919991145,-1.818808168737541
VRYMTAVOXVTQEF,-1.3864728142865435,-3.488615371082102,-3.798023132067546,-1.4455926711093001,-1.3395132817039994,-1.1438628911108766,-1.52069236042689,-2.2234558158528244,-2.340604847344408,-0.8572000319809976,-2.281577271271536,-1.7656432227116308
VSBHRRMYCDQLJF,-1.375446669974428,-3.423222232882617,-3.6191214985404216,-1.4818110646339469,-1.3680736642913136,-1.2357912517817633,-1.7313268958946895,-2.291628359461434,-2.477228949874693,-0.7280162031134438,-2.125787825698338,-1.8861660043734492
VSQQQLOSPVPRAZ,-1.3833238224167144,-3.228417262262645,-3.1359124445381332,-1.75184314725026,-1.1890547121317994,-1.212289456953687,-1.6128872518215833,-1.9265424208707114,-2.120916372696349,-1.0184388190225246,-3.2960849239798558,-1.7885054227742392
VSWBSWWIRNCQIJ,-1.1011453581104909,-2.637524435868831,-1.8886097493114806,-0.2724638712575888,0.3548898778015502,-1.0030461904015293,-1.5354790728801808,-0.5893016095947582,-1.937881939326441,-0.5242307037671161,-0.47140683306844855,-0.9569108346200794
VSWPGAIWKHPTKX,-1.1175922054923153,-3.4613095705232566,-1.3213265693963183,-1.0445228068919494,-1.776580121697195,-0.9868097372876589,-1.644939018233016,-1.8068571618810172,-2.3357659914228384,-0.8320368875205568,-2.6543167924513362,-1.6530241799559757
VTJXFTPMFYAJJU,-1.1737517374137916,-3.2339669394858883,-1.519219083514537,-0.5847822571804604,-1.2694567832088959,-1.0188498584244219,-1.3976588090006132,-1.8120537211875773,-2.035328683099299,-0.722994667040302,-2.4537729190452007,-1.5252161780356448
VVIAGPKUTFNRDU,-1.1046974910673744,-3.2751537254431513,-2.015988342141822,-0.7980685785875611,-1.4043431194565938,-0.9093724814038517,-1.4427150442396015,-1.902426478581002,-2.387791727338322,-0.8311459477501462,-2.833049210969342,-1.5851359469598667
VVWYOYDLCMFIEM,-0.9010328675461191,-3.0698214568929316,-1.7747931179442828,-0.49639314981049165,-1.2269838158348858,-0.9584081586725282,-1.4166391286253877,-1.9108115351352246,-2.106742298726727,-0.7123854450210183,-2.301953870840465,-1.2060741893657008
VWLHWLSRQJQWRG,-1.1755623953685004,-3.4328825162371595,-0.40770490133363135,-0.306929967875379,-0.7829272150809218,-1.1002740807204487,-1.6079887425093635,-0.5584171081709064,-1.5403368840098604,-0.47551421477723865,-0.7359607941505324,-0.9952169425344892
VWPOSFSPZNDTMJ,-1.1361899695161866,-3.5464263129537343,-1.27445999448859,-0.7374422847217106,-1.3457492253915606,-0.8793899563151327,-1.49149486560641,-1.688228155917375,-2.04414664601388,-0.7198779176031015,-1.578416914943674,-1.4765409121749011
VWQWXZAWFPZJDA,-1.26231418448843,-3.5200136899998964,-0.6722308438326672,-1.0760379799655166,-1.4282765831898803,-1.1010806394954646,-1.5707970231734099,-1.671554390390362,-2.222333027183064,-0.7672046004051506,-1.9083677315526926,-0.28920989325064
VWUXBMIQPBEWFH,-1.2357962625316774,-2.7968706707787305,-1.2601031415245694,-1.1681851508717889,-1.44935185185013,-0.7340599975712365,-1.7005757963013575,-1.2398722609385622,-1.8387162614259058,-0.8066253288809155,-2.7495207109794584,-1.4560317919674297
VXJABHHJLXLNMP,-1.0783148751402902,-3.156523524993224,-1.7320974495963386,-1.041437543292318,-1.0904357762675443,-0.672677017000125,-1.2948274351639535,-1.3969819303785096,-1.8632686640514937,-0.7564001386176802,-1.9656382655790032,-1.380129469934316
VXVNYCRICCVPTD,-1.2150751884387225,-3.0884001600247704,0.042330838945941036,-0.5744116898997151,-0.4525215975352314,-0.4856819383892511,-1.703984772070062,-0.9457874058682606,-1.8049460739562977,-0.6078295033257153,-1.178890350945986,-0.8316336694786715
VYFYYTLLBUKUHU,-1.3795966345288921,-3.3129533928139883,-0.2327860906569516,-0.6480204769570913,-0.17647854209772507,-0.7027891533904367,-1.4123557621387544,-0.5078863650872647,-2.0146495596678817,-0.6528017968761823,-0.7405123840243779,-1.2419737875039085
VYQNWZOUAUKGHI,-1.3767948915380486,-3.2724489763206184,0.30524180506187454,-0.33991514032295395,0.5008676049025045,-0.5962223364934527,-1.465107747342089,-0.06269093369416744,-1.7763776504002744,-0.5721133064353213,0.3931113888478127,-1.0497873556404858
VYVKHNNGDFVQGA,-1.1421868493857976,-2.5959226929245847,-0.2300761169158928,-0.20909262139130846,0.3680489783268778,-0.680999871265791,-1.1779135233312943,-0.32190295708389566,-1.4233141519144092,-0.4863733104359511,-0.5217398941379933,-0.8474716114933645
VZGDMQKNWNREIO,-0.8337893836585866,-2.659313488435692,-0.14553948311700987,-0.9374635527382162,-0.013010208536290596,-0.10657007985784786,-1.0213422078493815,0.40354729858007377,-1.3591290288540911,-0.3681373406491774,-0.008861783987198557,-0.26950418621607913
VZJFGSRCJCXDSG,-0.9193041168683218,-2.720404523722917,-0.6860639708995926,-0.61643672186442,0.21958737625867245,-0.3103019271979792,-1.0604919501705155,0.6721255644610579,-1.597749305182797,-0.4651854198276949,0.24313108717066587,-0.5848641414100038
VZYCZNZBPPHOFY,-0.7850095630075017,-2.412970308960935,-1.1934832211207749,-0.5688205981106236,0.062275501336988004,-0.5290454221169272,-1.4140544787889509,0.7125741123654207,-1.8468094776231907,-0.48383516395308135,1.0678147995036256,-0.5135244690092728
WAEXFXRVDQXREF,0.43930436241538756,-0.6159422196278371,-0.9772825650518453,-0.41835515464788775,-0.35691175037153283,-0.33315642251631,-1.700302806135581,-0.08132672540666469,-1.0760463236717703,-0.5331423223094418,-0.2679592564925739,0.36231381484918485
WAOQONBSWFLFPE,0.3074116915744083,-0.24582014472797598,-1.1407855836605105,-0.2675411893264263,-0.2529235752573727,-0.47543373513054055,-1.7129181193791971,-0.6604554537045824,-0.8418365784394326,-0.6318930742837148,-0.3335172958823796,-0.03017079009001102
WAZQAZKAZLXFMK,0.08926735754295066,-0.25398544666161904,-1.9082688320978496,-0.7112184384678771,-0.39055009886642966,-0.5557426639550956,-1.7916541638126255,-1.1509344279980223,-1.534031038038483,-0.7262629779596965,-0.8103725268626373,-0.548089194335798
WBPYTXDJUQJLPQ,0.6256464417752619,0.13634731214600912,-1.2496931102670918,-0.3961138517350071,-0.2874783746787248,-0.4448726860309562,-1.758340648256557,-0.7143898937353798,-1.0381846363153773,-0.6288645335037442,-0.3251083623944298,-0.15295396503984077
WCDWBPCFGJXFJZ,-1.2755168795570724,-3.148738958508927,-0.038290368657464026,-0.4246133889616324,0.16750373386249184,-1.003928044073525,-1.0322501510309807,-0.8007079820353231,-1.3454105567508727,-0.5631932861891134,-0.07892248960366409,-0.5646046281398082
WDDPHFBMKLOVOX,-1.3592705441566988,-3.0393039619218416,-0.44638175229960647,0.104961031475985,-0.47517748477335653,-0.8453434823652843,-1.6467656054125532,-0.3697126103327024,-2.0066695025328363,-0.5837405733954527,-1.0609542770419145,-0.8861344915599132
WDFKMLRRRCGAKS,-1.1657508734086623,-2.6153201802770893,-0.0853451559986687,-0.5871985114994507,-0.41953227579478336,-0.9885539919801418,-1.0123172798499156,-0.540142280652594,-1.6966389779450226,-0.5988796555571444,-1.0698156382045967,-0.7095971212125423
WDJUZGPOPHTGOT,-1.2086362213966997,-2.786083247120967,-0.29698120743754625,0.4777436662155805,1.0384646887511138,-0.4040342950756849,-1.2237449011558814,1.618131521644138,-1.2379579688906515,-0.26218388631255535,2.3414782548360358,0.2129422596207075
WDQPAMHFFCXSNU,-1.1791880702509627,-2.318714914378839,-2.315568013995127,-0.9908257739387379,-0.5514916094595149,-0.9457958966258836,-1.6777863790764622,-0.6219982827215785,-2.2305042398395396,-0.6554505840377681,-1.6140823837844147,-0.7369933286864313
WDZCUPBHRAEYDL,-1.0657206026908765,-2.3260302933052266,-2.4116510193704315,-1.0466760847283485,-0.4707323305029812,-0.931735541700667,-1.6705354570971034,-0.6646362583365467,-2.234482836340976,-0.6394759281595522,-1.4127461437073292,-0.7799786702655438
WDZVGELJXXEGPV,-0.9953723997230874,-2.9909121356304573,-2.178343680335041,-0.8582247770255919,-1.006627548304853,-0.732873396316582,-1.430501770938309,-1.9046661362872122,-1.960071654283055,-0.6735942395078319,-1.877603984341532,-0.7632680194980228
WEQAYVWKMWHEJO,-0.5500319323012955,-2.9848936118924154,-2.0470783600407003,-0.9005605461608766,-1.0248651550648742,-0.7339109269505599,-1.7217869546217421,-1.525914782850098,-1.6187537663603928,-0.6078871952902033,-1.8509849538540202,0.17384685133440006
WEUCDJCFJHYFRL,-0.9959768725560785,-2.9947287673300442,-0.7151424356855922,-0.538064828163573,-0.5939894188003301,-0.8998477917776977,-1.3512173127080072,-1.2624193799798733,-0.8573586133616469,-0.7038908256753575,-2.2195528125668837,-0.016067163449854562
WEXRUCMBJFQVBZ,-1.2535412949171034,-3.164077121042594,-1.0989824783427973,-0.7572501424494155,0.5987147154322967,-0.7482849461609156,-1.2671715295504895,-0.6461364442180065,-1.8529427181844436,-0.5447842673411208,-0.10474226762727265,-0.8688894830253111
WFJIVOKAWHGMBH,-1.2075275506634846,-3.418435970771876,-0.24331267690747496,-0.573443180260096,1.1580907867296597,-0.582717542399486,-1.530633043621246,-0.39941509174220835,-0.6381536396005572,-0.41305175868206395,0.05976928054694234,-1.0273590009371771
WFNAKBGANONZEQ,-1.4454769068804891,-3.3188727001675025,-0.17336914533629286,0.46216157357389354,-0.19922230488881465,-1.1698770972453685,-1.5953747884402656,-0.3113584461670395,-1.5606558355533182,-0.528470293950033,-0.5210879508601773,-0.8607717407871336
WFPIAZLQTJBIFN,-0.9406250901143668,-2.7018617506817675,-1.5632715114249394,-0.6026031559426015,-0.04860523365401629,-1.0852072764450031,-1.6778851068226535,-0.8892560369037348,-2.0128337610523013,-0.5628705334615154,-0.4263719513455679,-0.9639444018172174
WFWLQNSHRPWKFK,-1.146473977410129,-2.657537641781715,-1.0305781944355532,-0.32162079206264393,0.05483621167430381,-0.9812999188016326,-1.648590819626343,-0.1174851096218931,-2.2479307198094824,-0.5248604853385819,-0.1869126387109553,-0.8115911675698744
WGQKYBSKWIADBV,-1.068994401614053,-2.5102586107875733,-1.3125260316292504,-0.41883292288969,0.11085174071329397,-0.9954312793725568,-1.6658725211542904,-0.01775451447997768,-2.2241367822875238,-0.5419113450140779,0.19645339287234226,-0.8403101823642021
WGZDBVOTUVNQFP,-1.0950486793893333,-2.982289036970294,-1.702599506023834,-1.1002173308858438,-1.1421108459405414,-0.8305606513977294,-1.6161517229196827,-0.513372444098362,-1.7957929726365347,-0.5315810733280556,-1.0302339993102503,-0.6838703501278627
WHBHBVVOGNECLV,-1.211901797332326,-3.0127509306498723,-1.374833248685414,-1.468512521545129,-1.1657513038177976,-0.9676074532038526,-1.7366405673927352,-1.1568582950026887,-2.1423774707872623,-0.6498706994759282,-1.4744954545746027,-0.912405805072753
WHQCHUCQKNIQEC,-0.7136433903230921,-2.812022604644819,-0.9937533169246329,0.028929820567816716,-0.7294492791586967,-0.907725521343288,-1.2498560626198814,-1.6929800914926603,-1.0279729463794602,-0.6484933012265495,-1.452744728026384,0.5099796121134962
WHTVZRBIWZFKQO,-0.860951000891576,-3.489658419215401,-0.766393496837916,-0.9695397617498239,-0.5491232830878239,-1.2152353130082054,-1.7739698664372245,-1.1051954152397292,-1.8958210035148386,-0.6874164821140807,-1.113038824435865,-1.2255626953995573
WIGIZIANZCJQQY,-0.7972884946698889,-3.1351270977492502,-1.6333426411780323,-1.114091330579508,-0.7633650952899548,-1.0763582411732262,-1.7128324592950332,-1.05621446299546,-2.176027737952264,-0.7389767228660701,-1.494678558472977,-1.2746238539383228
WIIZWVCIJKGZOK,-0.8888591159111618,-3.4056933822800204,-0.9205910409647267,-0.9224305222102667,-0.41518257568332173,-1.2827339537339286,-1.765415316560193,-0.7754667331725571,-1.932798997301872,-0.6676212494902493,-1.1137099537215687,-1.103537509315484
WIKYUJGCLQQFNW,-0.7094571185540235,-2.3037980362244683,-2.2041559643125357,-0.6132320259374471,0.21076762267598095,-0.9331011546935026,-1.655011262044344,-0.6307439314470051,-2.0330262832968637,-0.5419053774644694,0.0818441575054345,-1.321729880728972
WJAJPNHVVFWKKL,-0.911478557750376,-0.9246527552806522,-1.144370469132732,-0.32793503867150503,-0.8830940867846393,-0.42989540598250175,-1.0758169659866565,-0.12203491577388385,-1.6235731078336675,-0.6471705691306109,-0.7805013040770685,0.26503669687952924
WJCNZQLZVWNLKY,-0.5805521768990721,-0.31806369045330096,-1.1045283440207103,-0.37574314032415745,-0.7034393543522072,-0.5062506927777254,-0.807499607736711,-0.2959063517144181,-1.9232560907794563,-0.6411469383029533,-1.1656394561008283,-0.08308596969736755
WJFKNYWRSNBZNX,-1.216599684926516,-3.510193683261959,-0.1473185777473969,-1.091575561616324,-0.8321513047954767,-1.1901281167845492,-1.644867617293785,-1.0260875040255257,-2.115057360366595,-0.6435275882808489,-1.0345366294914662,-1.4945502619125666
WJJYZXPHLSLMGE,-1.2270913887050308,-3.506088649725609,-0.2724090042965669,-1.1692964182267231,-0.8822978206829378,-1.2107214149917276,-1.7094819129142311,-1.1528671048150743,-2.095179136881191,-0.661289920787195,-1.41347004750784,-1.5268711157468238
WJOHZNCJWYWUJD,-1.3413244889192775,-3.5217341077822497,-0.5221787996272298,-1.1284388875482203,-1.0734621653495522,-1.2217934910653907,-1.7776622853093291,-1.268050980592379,-1.9604655316573913,-0.6827948317210242,-1.7101549858290337,-1.591226588470143
WKGXYQFOCVYPAC,-1.1774911222491395,-3.074345057957532,-2.6011048461084707,-1.208141921830412,-0.5865034742396065,-0.7661774957161747,-1.8216529572087132,-0.42905344034145065,-2.0240186168584935,-0.6668490358578322,-1.8138980111147107,-0.6235074747954065
WKSAUQYGYAYLPV,-1.083824727693877,-3.346701392999802,-0.7424757619433925,-1.0308580609535924,-0.9832631233744118,-1.2185085314666846,-1.7929346843549154,-1.2895108402961513,-1.9422730723332597,-0.681384609254684,-1.4351872149101634,-1.4083346331730093
WMBWREPUVVBILR,-1.2317919663931411,-3.4784021969272647,-0.3160529204215075,-1.168568935374326,-0.9527563834601542,-1.2342253124906695,-1.7554803370217051,-1.257091255005124,-1.9921747082321914,-0.6758348963213233,-1.2764972589337418,-1.3846324423824579
WMPXPUYPYQKQCX,-1.1568889072344617,-3.4226062759705203,-0.5421151395837067,-1.12666387307652,-1.1402552584158872,-1.1582513385067768,-1.634839020790966,-1.4095637471326743,-2.0200497981646954,-0.6625236545424219,-1.2989941832283922,-1.3824898938131525
WMWTYOKRWGGJOA,-1.404664077420511,-3.270092097019795,-2.400965788148605,-1.323823421407475,-0.7609886902437506,-1.0422225044585791,-1.4768920650202184,-1.6958871403184606,-1.9729792935624644,-0.7819147327919209,-1.652308527151686,-1.1015129617629797
WNIDXAKKFOKNEF,-0.788685640866248,-2.698684808728835,-1.7243189967339865,-0.06962273169854272,0.2337863209453133,-0.9193272303126832,-1.4720321153330065,-0.6013257076868324,-1.973563964865832,-0.5691128986145301,-0.32997951832554073,-0.7636482877095792
WNMJYKCGWZFFKR,-0.9691571961148515,-3.156682883777872,-0.707086937612149,0.33168479599896733,1.2283555773494832,-0.22357751103686954,-1.6524353672204282,0.9575946870167857,-1.6886260113203835,-0.33038992818910673,1.9065450926702727,-0.5228312107267443
WOXKDUGGOYFFRN,-1.4392716154954046,-3.520791601061378,-1.7407205421588674,-0.9539925460139992,-0.14244630027225308,-1.058631444998269,-1.7159957355714366,-0.5832729685346426,-2.159550759361729,-0.673789252710643,-0.733499108807289,-1.3190964744937745
WPNJAUFVNXKLIM,-0.9723296480425287,-2.9247009922403415,-1.179267704845006,-0.4473639846843117,0.10915258721020164,-0.7299410554138024,-0.9189871706746547,-0.08464684153798588,-1.573087096809558,-0.5463242478279067,0.8780456793187295,-0.5715224588703659
WPSYTTKBGAZSCX,1.2003714830397774,2.0878352467431425,-2.1910280095814643,-0.5058461479585714,1.7619493637067194,1.3507254170793288,-1.7452840210866976,0.78306985347897,-2.0693262522606664,-0.5136133665159656,0.45998988223976534,-1.1355992310363296
WPVVMKYQOMJPIN,1.196084968164615,1.9173996563965858,-2.759057689486627,-0.5259032843531155,1.4457596183907693,1.0983967505237935,-1.2928004436405527,0.9123484485006894,-2.543015542923637,-0.5711357572785982,-0.49152079776666335,-1.1235592396558678
WREGKURFCTUGRC,-1.0134240211439196,-2.3824442338390877,-0.38647708497929223,-0.7565337419727749,0.14671815158556523,-0.0711351934968398,-0.5267468185592084,0.6206585820714665,-0.8733441611628954,-0.4356602975689438,0.06607007985372426,-0.0937004056832762
WRJPSSPFHGNBMG,-0.9619967569767831,-1.3663102992062737,-1.4375359054229182,-0.4529397100314026,-1.051463805428345,-0.5664398224307274,-0.7826357083682565,-0.5866635994380942,-2.424802497268218,-0.6534448672074568,-1.190491367238465,-0.4495843259803019
WSEQXVZVJXJVFP,-0.795510591930689,-0.8496133816087921,-1.591637631884322,-0.4014367753088991,-0.9146605791679936,-0.5434429012743596,-0.7017604964821513,-0.4868717017000483,-2.129297567646628,-0.6457089020241643,-1.3187679016123026,-0.3760009039280215
WSPOMRSOLSGNFJ,-0.6430057812397922,-2.8488297376076157,0.8506481573553527,-0.4336451836022342,-0.2925791445480478,-0.8721128047852326,-1.70542000766397,0.05479766322858959,-1.0224955846336339,-0.5623508196013614,-0.9856228920745471,-0.08055224158622563
WSSJONWNBBTCMG,-1.45360480288442,-3.518754977318219,-1.179828709458709,-0.529360182557338,-0.4943154937103906,-0.9626988396528089,-1.7386413057578427,-0.845370841307576,-2.439922864503949,-0.5908125120871299,-0.7494108271485533,-1.2693512175131239
WUBBRNOQWQTFEX,-1.0677874434149577,-2.512516745890387,-1.2736623107750957,-0.27338759734079005,-0.07996923001235556,-0.2665727962818904,-1.1728429189715388,-0.3014201326579639,-1.9345566313078417,-0.5705951010506395,-0.4013517533737762,-0.08868383868905932
WUKZPHOXUVCQOR,-1.395379843103673,-3.4076528465375535,-2.877707721196427,-1.3005447226015001,-0.9618382094883464,-0.6937838249092454,-1.4809304873633409,-1.5344961655763747,-1.7924550946578208,-0.5676316901268229,-2.1045261898877627,-0.746717213674707
WUWFMDMBOJLQIV,-1.431014794460253,-3.351414100812007,-2.6090535903364023,-1.255316166644332,-0.9706896508401217,-0.4678974993583941,-1.5413811891211922,-0.896823255481684,-1.7164498739906515,-0.052507453737473515,-1.807346284529221,-0.7963592433501446
WVVSZNPYNCNODU,-0.7363309431275253,-3.15518381156097,-0.6552599308281469,-1.114871759554326,-0.6070559988721971,-1.1237087922035225,-1.6494163265519255,-0.6973775859326733,-1.6980556492395515,-0.5377001600112687,-0.749802578347436,-1.3333961559255496
WWJZWCUNLNYYAU,-0.7145711700797305,-3.059074323041661,-1.816564182520111,-1.2529312454622672,-0.8382708557824442,-0.9663858266369533,-1.711593588341951,-0.7232764251083174,-1.9840053810941354,-0.6537156590470248,-1.2957687270286322,-1.1989869710599637
WWSWYXNVCBLWNZ,-0.7333613791389906,-2.1642508421754254,-0.06810550785248502,-0.2684966344145803,-0.20643061792957534,-0.13875673604867816,-1.4292684410518877,-0.4114286540102946,-2.120102487739596,-0.6212911418388496,-0.20971697346864349,-0.6356964013081485
WWXBHTZSYYGCSG,-1.2562524648254296,-3.4270643301102592,-0.5953466148268045,-0.7744032885789847,0.1893512170740279,-0.2822735552555019,-1.5517569706714387,-0.2552329657313211,-1.613302714860103,-0.09156945759691723,0.0683747305877683,-0.9085434624640687
WXFIGDLSSYIKKV,-1.0403937824236027,-3.363994251195856,-1.6289624636105022,-0.7916572639189806,-1.023877074836515,-1.140904094444412,-1.750599944148925,-1.26064362316882,-2.4381061080427964,-0.6240810915713721,-1.5924027968344603,-1.3076476035603903
WXNXCEHXYPACJF,-1.1867131725343638,-3.096617582458451,-0.4089360073418049,0.037898039210450506,-0.5578666291307539,-0.9206508280746564,-1.0955188531099274,-0.35663916354308767,-1.7906078970167818,-0.544175710809701,-0.7248835313891279,-0.4853490303161425
WXNZTHHGJRFXKQ,-1.2805714089330893,-3.42343407618772,-3.5354508684520933,-1.782619492855736,-1.6782772608313616,-1.1950660655113765,-1.7490943906493364,-2.2643636838099415,-2.085105872106287,-1.036922000237706,-3.278261918470256,-1.4840462573729822
WXURHACBFYSXBI,-1.5175282283241869,-3.554708769551282,-0.9338151600806388,-0.11977478269004914,-1.2665657781039796,-1.2083244697538702,-1.7933912136234593,-1.789164624056701,-2.399406625566137,-0.6380383339232539,-1.324365938516479,-1.5101720897061597
WYDUSKDSKCASEF,-1.5294017856859246,-3.554813378403894,-1.1552245595781305,-0.07041578906955698,-1.4116015288451986,-1.4122467188239858,-1.6226024031648911,-1.8065329994617152,-1.9255183865719725,-0.7397112968163169,-2.027869166809543,-1.8271273750919792
WYJAPUKIYAZSEM,-0.7971387586466149,-2.5717576505690993,-1.206459062514638,-0.6813812559266155,-0.1981279340695907,-0.3850074068913508,-0.2968930797681946,0.35047146489323167,-1.6924961829287348,-0.4526693491451875,1.747159135395252,-0.4410072662498638
WYWIFABBXFUGLM,-1.0629868131356113,-2.642681641763822,0.06372687201258888,0.07269694541941388,-0.0371877188351523,-0.49173213712271935,-1.4792411624042006,-0.21730347495481647,-1.725851051784801,-0.5517853189154489,-0.6350266164702233,-0.6553454453213597
WYZDXEKUWRCKOB,-1.0521573383587244,-2.8559512264391196,-3.3707684674654503,-1.0977446332330456,-0.2402194882407278,-0.9624587078301274,-1.833238342325414,-1.7418225626853518,-1.5966033300866802,-0.6899976905424784,-2.222547478547949,-0.7030077317795651
WZHJKEUHNJHDLS,-1.0458878487554641,-2.913934014774417,-3.4039394102068,-1.1504839944860181,-0.21883299992274519,-0.8398886098201482,-1.831775675281124,-1.6837676390166423,-1.5683864221371366,-0.7404550674586615,-2.4689045088509722,-0.5878859567303744
WZOZEZRFJCJXNZ,-1.3601285216362977,-3.25062667457898,-2.288628502138981,-0.6845309578810812,-1.8368847700880742,-1.1475202706228933,-1.549377318068248,-2.125341875717597,-2.291085502597558,-0.7397010504376623,-2.209851868324768,-1.4227181632136414
XAGMUUZPGZWTRP,-1.1288339176337014,-3.4533331070447235,-0.6980775737228126,-1.1174919298456252,-0.9105551735043005,-1.2210814648614519,-1.823007849157506,-1.267288486695452,-1.8597760558317729,-0.6465542100785601,-1.0121560581723563,-1.3756555997929518
XAUDJQYHKZQPEU,-1.195804794857269,-3.4390886434565267,-0.4929531888911729,-1.0961040287980124,-0.8224121716021501,-1.1365851642838147,-1.8093357656767952,-0.9645716933010798,-1.9328511502424643,-0.6322040316941654,-0.9613695870163335,-1.4029842512027417
XBHBWNFJWIASRO,-1.101804925168864,-2.3658418379050064,-2.411797098167912,-0.7071676277510908,-0.044978510965268184,-0.9656333346082617,-1.531886916336001,-0.7245778338126504,-2.1323474893992826,-0.6063856199767275,-1.422528416842431,-0.792482420758563
XCTYLCDETUVOIP,-1.1884146747824529,-3.0738223214377007,-3.190801603799347,-0.9459462354717624,-0.674065295339641,-0.8785889306916457,-1.5810226091688886,-1.416646907161846,-1.9162321572304974,-0.7068689673899773,-2.2106581243457626,-0.6677249815915095
XDRYMKDFEDOLFX,-1.209365897847987,-2.9505982116506213,-3.0895478019727562,-0.8256258577737254,-0.5929726130270451,-0.7832663187912433,-1.3946505538580405,-1.1313141079494977,-1.8353758471589297,-0.6477963105435746,-1.9072381930044962,-0.5083713769341559
XEAQIWGXBXCYFX,0.3205759509896339,-0.08436940125171923,-0.8936459675669702,-0.09359364166371421,-0.265404016835512,-0.06843827078699963,-1.6605497209872944,0.04217966788301687,-0.638387241794301,-0.5742136323768486,-0.20258851362158906,0.1773862034287348
XEDWWPGWIXPVRQ,-1.5158618895841323,-3.254848326015528,-2.2386960046843005,-1.199481013524861,-1.2606723777120208,-1.081946191804849,-1.4070427829142451,-1.5645598496486837,-1.6850608478871985,-0.6277634983261934,-2.1413823821351525,-0.9849579363948824
XEEQGYMUWCZPDN,-0.7958309556412215,-2.657017264843745,-2.5906062203508866,-1.2046351439501513,-0.7493743160835391,-0.6796231073591299,-1.5881049390070001,-0.10278011129117834,-1.7568479812518647,-0.6373704948907851,-2.1744272735878982,-0.448910383110233
XEFQLINVKFYRCS,-1.0175743610800931,-2.6775440202154157,-1.031086373034996,-0.7011877695284452,-0.4521928290498186,-0.8672718307946192,-1.6043460175855389,0.36442732255517224,-2.058756289809864,-0.6501672435892504,-1.3054234689352895,-0.5375195557014385
XEYBRNLFEZDVAW,-1.3497687974436139,-3.1570273519355205,0.4310568076866002,0.05828101495689182,0.03242931823296258,-0.5614434868291489,-0.954669490937381,-0.22790790793392945,-1.7376179698179783,-0.624159993830398,-0.7327918930925041,-1.1318984736618969
XFCLJVABOIYOMF,-1.1444130705825208,-3.4446665399032326,-1.7455168290078862,-1.6348054613679175,-1.5090646565157269,-1.242963318184936,-1.4344838432738383,-1.699440444147985,-2.0386996356034746,-0.668170146399722,-2.061359204738712,-1.4928725344283975
XFDJYSQDBULQSI,-1.2867436468691162,-3.040970681455656,-0.9800151239390595,-0.7125579638703705,-0.7392949640779681,-1.063981080417296,-1.5094383437923051,-1.0987598752140877,-1.4799089005192265,-0.6229474046918438,-1.3121097481858432,-0.6342523233508519
XFOHWECQTFIEIX,-1.2701998776432808,-3.0391732949657073,-0.9943931785143787,-0.8232362927248036,-0.8017997940991347,-1.229239210677868,-1.3528761331338657,-0.9857004278804713,-0.7725852365802737,-0.6017485262811421,-1.491608820411343,-0.5620104177832829
XFYDIVBRZNQMJC,-0.9910995960079729,-2.4139969325054915,-0.2266681265023263,0.28069857969989015,0.13547120280599184,-0.4360974723599594,-0.3689220973178583,0.6567925812788842,-1.63846741124435,-0.46185448721743166,0.9384482871951616,0.15354095545123037
XGALLCVXEZPNRQ,-1.393879337855881,-3.551592647731377,-3.1604368847209225,-1.0000058752781813,-1.5024483563635787,-1.2734811479214538,-1.7064611967505339,-2.0610850221461403,-2.438422444781514,-0.6695225546117982,-1.4904024887856517,-1.88417005046102
XGLHZTBDUXXHOM,-1.039302111219015,-3.4368015645329124,-3.4760279402659857,-1.1392473947429325,-1.168320462751156,-0.9862843429820787,-1.5522599228656306,-1.7812863745501266,-2.262911956765698,-0.6814565894262895,-1.8212854917085075,-1.7573808743933368
XHCADAYNFIFUHF,-1.1910835915236462,-3.3164806088421956,-3.6740412615156472,-1.3822806238090253,-1.228418247497118,-1.066670794434669,-1.6646412776268977,-2.145579782385104,-2.2623157468409345,-0.7226158181800584,-1.9792548807345438,-1.676748132792179
XILVEPYQJIOVNB,-1.0737362006301536,-3.495243210109594,-2.9505256404490168,-1.4228053914627934,-1.5257508766501544,-1.0661513580229216,-1.570752281701481,-2.205659083505391,-2.325296036211536,-0.8785786966742466,-2.2832349147100426,-1.2562568330592345
XIQVNETUBQGFHX,-1.0644731567924772,-3.493557809016013,-2.975960716328418,-1.1530037322922793,-1.3822344895781065,-1.0428833109040834,-1.5928690896677522,-2.1573111835421406,-2.379211021755072,-0.849607949994634,-2.1741799992060082,-1.2290150289517527
XIURVHNZVLADCM,-0.6542297903840513,-1.8264526328577664,-1.8237375922496626,-0.14435280700706093,0.1250623155870246,-0.948340961296327,-1.5624280173195517,-0.32960396581315476,-1.89385661166055,-0.5045120857986186,0.16270790526646772,-0.9142207149626765
XJGVXQDUIWGIRW,-1.5150940515207074,-3.32353590025389,0.17715867721929646,1.7143265209280185,0.2903403932551772,-0.8081352084351724,-1.3671189589201131,1.0943861733595392,-1.8904945045767343,-0.39055865672979984,0.8168817355497723,-0.5775746188169482
XKFPYPQQHFEXRZ,0.9795060262948503,0.35106238471358214,-3.036732479674585,-0.7697489472841436,1.4070455517596974,0.29725548245827743,-1.5857156688048715,0.03239166801419194,-2.6464526488000377,-0.5864760189260744,-1.413297087799458,-1.410520657867797
XKLMZUWKNUAPSZ,-1.3412679001041017,-2.8906128110838347,-1.342148205557815,-0.06333002277967448,0.13957920723082112,-0.8523564688707936,-1.769090167232302,-0.509762449903282,-2.093357570010108,-0.46218205654784916,-0.518880719492817,-0.8007522803048338
XLMALTXPSGQGBX,-1.0007471379049917,-3.0089412434389997,-3.122559151563151,-0.8401918199018596,-0.5523017323784198,-0.7413122335376539,-1.750299228426245,-1.5775664077781162,-1.7115131784770092,-0.767021728942084,-2.1561712864747626,-0.7073650263428822
XMAYWYJOQHXEEK,-0.6336283660564141,-1.969055437224483,-0.6611931865120843,-0.08690664176369199,-0.45892582866894005,-0.5114701232847945,-1.5207517315506878,0.28924936049136735,-1.378496517349868,-0.5350179146258408,-0.6962947728798852,0.24059484097606107
XMVJITFPVVRMHC,-0.3611561446442312,-3.2110570618031757,0.8234584387411903,-0.5062372606923464,-0.6593067301310693,-0.7370882109723522,-1.3247060987952088,0.862890276153911,-1.009201358265213,-0.5691056824991418,-1.404565717143348,-0.926048782503362
XMXHEBAFVSFQEX,-1.088851932498228,-2.72851263969241,-0.7962652934899319,-0.7244497988064472,-0.29788219479548617,-1.0963023483771663,-1.7892529634300818,-0.24410390404991938,-1.7615615704131793,-0.5780301290942316,-1.1297962385773737,-0.773966441562072
XNKLLVCARDGLGL,-1.0428292874185863,-3.3941459823122657,-0.6649789978081047,-1.1779557702386203,-0.33635297402115466,-1.186939251881979,-1.853257277899284,-0.9501988964139498,-1.9068999371635973,-0.5941461896444649,-0.7563694567793887,-1.2619271467162918
XNMYNYSCEJBRPZ,-1.1083034236980387,-3.04917302992644,-1.292144689045057,-1.3132432122970794,-1.028758584099997,-0.11582414294036102,-1.3263366567350656,0.020679108069026092,-0.9134220292236258,-0.6239105340756638,-1.7575261369652724,-0.6894844953542528
XOFYZVNMUHMLCC,-1.2499525528733186,-2.7384575987621496,-2.120469057295053,-1.2511936562442263,-0.7486900859885617,-0.7323610878405136,-1.6435836618790047,-1.4117546101274496,-2.3503311509612494,-0.6281397244592408,-0.9782336655838041,-1.2176486514285003
XOXHILFPRYWFOD,-0.9750416894130689,-2.0412477153043835,-0.8823758407524059,-0.388093701542877,-0.3295820731966495,-0.6844650342293755,-1.4711440598597276,0.21197847493049798,-2.131463682384082,-0.5886894354866544,-1.1459271303303638,-0.5575121485703025
XOZLRRYPUKAKMU,-0.5014045360150661,-1.743650025522563,-2.422368295455244,-1.2244585969351731,-1.0906669855639959,-0.6630101857765753,-1.5045168651389522,-1.045787696897301,-1.797501536289422,-0.7638575836108454,-2.6616750355329,-0.7836556437067763
XPCFTKFZXHTYIP,-1.1235357806651975,-3.017775288882961,-3.33958554832047,-1.2096242710869138,-0.37595127817610746,-0.9140011737032465,-1.7990467723102166,-1.78857044716719,-1.6122523368135513,-0.7047067412748307,-2.1820689456099647,-0.737910977766713
XPCTZQVDEJYUGT,-0.5528810580836694,-2.44587511867042,-0.32113601277961445,0.2721282009887465,0.5697928348150376,-0.4706150380136779,0.5941134212356765,0.6198175263637399,-1.3805357868891108,-0.5085331536186463,-0.04648752956265461,-0.3696250352190937
XPOQHMRABVBWPR,-1.126883805406314,-3.047419475960148,-0.39948401632595104,-0.46639085986874584,-0.3331602009070988,-0.9997718189962392,-1.4684917723090318,0.15936481094001156,-1.899336675003038,-0.48044007396952093,-0.6318958576835886,-0.7016490062703168
XQFRJNBWHJMXHO,-1.1515151958581533,-3.4797393265703698,-0.6722367278055977,-1.2117759201447018,-0.7920313025027487,-1.1996906551347983,-1.818760677738597,-0.9597581869871865,-2.0676992528369786,-0.625924947521847,-0.9607526463368387,-1.5130154294004523
XQYZDYMELSJDRZ,-0.7639772866134534,-2.6831469447671874,-0.7048577188456603,-0.01831305541449828,0.014279012100693211,-0.6808669736624758,-1.1932253290579307,0.2839384119540811,-2.1156788401744357,-0.5015187374724002,0.7908343796192765,-0.3622061903879904
XQZXYNRDCRIARQ,-0.6519788017096504,-3.087869354397295,-0.3051160552964003,0.2636155327587801,-0.6640428686701645,-1.064518939880876,-1.2330471041717548,-0.12468486933397223,-1.2122871736577243,-0.5575329962426759,-1.074795347872764,-0.7431322699290518
XRECTZIEBJDKEO,-1.1949587945054767,-3.0829097284340077,0.06151269311613454,1.6356673856116934,-0.0032273260949035243,-0.7195210523456833,-1.1498150113683465,0.9924874334321585,-1.6959128246369637,-0.38076309935486863,-0.23181822002865896,-0.6658375700835817
XRXDAJYKGWNHTQ,-0.7942023008563001,-2.5991566781361843,-1.716011061238149,-0.950962839138842,-0.8692220886703104,-0.8732323419276481,-1.122914878810421,-0.9669546070976232,-1.8277441753260617,-0.48968940046318976,-1.13505134975527,-0.8692518830545974
XSBSKEQEUFOSDD,-1.0097854739549987,-2.6974549969916746,-1.5080158431366568,-0.6564242737942985,-0.20001881647269026,-1.1341744795247546,-1.763093118656456,-0.39625174454490125,-1.4389466146124175,-0.4538964323400434,-1.0000175340487658,-0.810681818080368
XSCGXQMFQXDFCW,-1.2384728887752818,-3.0686679988645684,-0.4228910246547445,-0.3857958044915162,-0.2831367755571072,-1.1537223674203052,-1.547327842098061,-0.5715779317370845,-1.3321970827660412,-0.5604877651151099,-1.1547928194580723,-1.042092208404268
XSDQTOBWRPYKKA,-1.0523437282608488,-2.5280671826694108,-1.7752397714341206,-0.8454688758898838,0.06207047196837123,-0.7653372291493147,-1.8112785334750576,-1.5973949779367094,-1.305418352508451,-0.533471581763772,-0.9674479992310063,-0.9616762565674475
XSFJVAJPIHIPKU,-1.192438391973349,-3.1077922270500338,-2.6849343881327874,-1.6026912222572027,-1.2079760417433574,-0.5487529984189133,-1.1848695797697122,-1.533525889336864,-1.641530845100672,-0.8880904453340706,-2.189158649423608,-0.812352653193641
XSTXAVWGXDQKEL,-1.2323406954636296,-3.1019514325847566,-1.624158545148976,-0.5757315537453578,-1.175606837830578,-0.8700170956091122,-1.3015472142471933,-1.8527716023823697,-1.819857997271239,-0.704219325570664,-2.770534214005793,-1.306126055256787
XSVMFMHYUFZWBK,-0.9758868084688859,-1.3651628489523662,-1.569028489285997,-0.4253724645780884,0.11108799430231575,-0.3952869516479884,-0.9467198468807275,-0.5261843018419786,-0.9671841672061189,-0.5380895452116872,-0.5711465758109423,0.0706091567715551
XTKDAFGWCDAMPY,-1.3192436750100824,-3.4610750173679685,-2.987182004782725,-1.6528252886792238,-1.3771858379325483,-1.0427004290225588,-1.6058579121187486,-2.0712214502495474,-1.9871937704141955,-0.8409187421904243,-2.4890496545087712,-1.1037674185326463
XUBOMFCQGDBHNK,-0.9477867113941975,-2.2157840344365725,-1.2235053810593717,-1.0509624452616941,-1.0355296634814746,-0.6051381570476981,-0.873579764966463,-0.757050889463067,-1.572571964721273,-0.6754057619941973,-1.9614762092488853,-0.868305027557542
XUFQPHANEAPEMJ,-0.8180240064216393,-3.3926730372225373,-3.3572963123037005,-1.388137634216045,-1.5367314112729966,-1.1292931321098076,-1.6805032968157547,-2.100109922902461,-2.378234169767106,-0.9288392784152888,-2.33137462503942,-0.994120813002072
XUFXOAAUWZOOIT,-0.5534190831116876,-2.123927433289167,-2.1416666476768054,-0.7618392604576034,-1.0590171778104318,-0.7003448411975461,-1.206124920972622,-0.8970801694046913,-1.932908784157674,-0.7668865094328774,-2.432110160038253,-0.8994440767133358
XUIIKFGFIJCVMT,-0.5934696005898379,-1.5490506678318385,-1.4313191403192924,-0.7336362697743909,-0.20404027129518534,-0.5424392187359645,-1.5358692118611261,-0.34575812816924695,-1.8743624214312455,-0.5983145066194846,-0.7346813013659202,-0.6455723483536351
XUKUURHRXDUEBC,-1.0343188124356992,-2.920362171185219,-0.6109873098756384,-0.06613545129039207,-0.42528878704676193,-0.9005553194562219,-1.2252585686030577,-0.8078089624201428,-1.3863975574333989,-0.6874165672935192,-0.6623458648880513,0.3898767588860572
XULIXFLCVXWHRF,-1.1159557722948152,-2.843537648597991,0.016104161399459794,-0.824402159147566,-0.6240003209973575,-0.9198802542388673,-1.007089849843981,-1.1127832689204271,-1.5689972439286368,-0.6403625900430544,-1.0752831579163298,-0.9378322025955095
XVTVPGKWYHWYAD,-1.3677649928308417,-3.296024949500262,-1.2745326609180796,-0.7725086513524223,-1.4586370161020128,-0.997205910868776,-1.6757621081931766,-1.8021079262263147,-2.046749209675179,-0.8568254321802127,-2.3676756544201885,-1.548359497949251
XWTYSIMOBUGWOL,-1.1346592100127406,-2.6038529340659213,-2.493980978962124,-1.4051535245808773,-0.7088992088298371,-1.1751484883926624,-1.6450867914758944,-1.1565828532898412,-1.8109859117588014,-0.6930223363914741,-2.114516865005867,-1.1546769233633294
XWVOEFLBOSSYGM,-0.4685884022444617,-2.509576316399562,-1.2946607662762732,-0.8426460287262616,-0.1269869120417333,-0.8391580442361938,-1.166913673493168,-0.6357622026552561,-1.7809746819294099,-0.47358008060404333,-0.4729302724410198,-0.9079831534138586
XWXYUMMDTVBTOU,-0.9690557940426363,-2.4371853981055467,-0.1196717592170678,-0.1386230983713401,-0.011323423973405917,-1.0603841983337006,-1.4529957194934944,0.4043478692560166,-1.2086755443437842,-0.5319484487635495,0.3486016367071217,-0.7731407828415244
XXANNZJIZQTCBP,-0.9173920236857308,-3.0107976537075603,-1.743438192263805,-0.872064582182917,-0.5754445396427055,-0.7973396440382637,-1.7217152598853929,-0.9261716652180738,-0.7565450175284639,-0.701796624632959,-1.5223078233870535,-0.42895482916017436
XXEPPPIWZFICOJ,-1.1223887795599374,-2.6686756560404814,-3.172823275346166,-1.053303154190648,-0.16824387917029737,-0.9082292421218547,-1.8552643709701764,-1.6635513370739436,-1.5215358569183695,-0.7238867802339184,-2.3419182791871895,-0.41823664682641665
XXPANQJNYNUNES,-1.0034466770018124,-2.476868625701627,-0.25779194327874505,-0.08402044656989875,-0.1903875790103572,-1.0703874521907188,-1.241563489934862,0.00836651437186591,-1.3656854573358435,-0.5349749139701704,0.31707583344747975,-0.4069321587448216
XXSMGPRMXLTPCZ,-1.4503332482258615,-3.436739696135149,-0.9579985352214764,-0.7827953033732576,-0.07291022498297162,-1.2189083178857427,-1.7220425233737722,-0.8692111622510166,-1.6288071729251095,-0.627763723909402,-0.4135240015614755,-1.0998495569237428
XYLJNLCSTIOKRM,-0.3620257009171003,-2.6717821349547046,-2.5142200207892373,-0.8545133519397936,-0.16436703306998168,-0.671147925442111,-1.7806535305979254,-1.5082924982087778,-2.255209612664933,-0.5951313661832859,-1.4048163700992164,-1.6055523176670252
XZNUGFQTQHRASN,-1.3430849826460487,-2.986899733631957,-0.8561732274095983,-1.13708314586124,-0.6180738773349901,-1.1970307224702887,-1.9317949875525728,-1.309402924805661,-1.6720240791471197,-0.6207002956066967,-1.4009692046592166,-1.2732751187992775
XZTYGFHCIAKPGJ,-1.0463670024974292,-2.7288873091641546,-0.497303908429676,-1.0359853308734355,-0.49583014389494406,-0.8291878585716671,-1.3255115655768295,-0.7411098984858698,-2.215172612410647,-0.7010348075832649,-0.9503713882298924,-0.8328335078202223
XZWYZXLIPXDOLR,-1.0203380041697516,-2.921593031078148,-0.5478173158213353,-0.5177580391395533,-0.8532051370942851,-1.1154859623518927,-1.0745377235368276,-0.9412646187141237,-1.399269860636904,-0.6145659501727389,-1.825821854534569,-1.1492070991007073
YAORIDZYZDUZCM,-0.6898489846374098,-3.130109082579859,-1.5598270112618575,-0.3026265085060863,-0.27741950183292874,-0.7734585658341842,-1.1302628503684922,-0.4960239406808139,-2.1447916777821425,-0.6024849901079934,-0.5321001625203525,-1.0999577360770512
YAPQBXQYLJRXSA,-0.9294551500418453,-2.9865620216711384,-1.261412614211754,-0.12241477571471365,0.5125332563653491,-0.9030748663183209,-1.580989638881292,0.11649754621323755,-1.7137315266153548,-0.4620354444711968,0.6716827104572837,-0.8194806255690134
YBBLVLTVTVSKRW,-1.5152677597497555,-3.244261746507117,-0.20145324691866395,1.623773286661313,-0.5701270896271582,-0.7869310974025812,-1.0772253761010917,0.5749850417097054,-1.8211139962313097,-0.4556778932502129,-0.521473006110311,-0.74683449732579
YBCNXCRZPWQOBR,-0.9215817746409966,-3.0221955126632825,0.21265094655068648,-0.5229180309512438,-0.3597423058444712,-0.512047716717535,-1.1373478149517167,-0.5488369248949152,-1.7537057709996768,-0.520546968317306,-0.9120133809918198,-1.0809274321076663
YBJHBAHKTGYVGT,-1.2007025539428113,-2.9758078507264196,-2.7585370919411765,-1.564618705090389,-0.9288286386113471,-1.0916918668311724,-1.711277687044519,-1.1342877802053668,-2.509217614227556,-0.8463659330668801,-2.2900261076968818,-1.036523152644045
YCOYDOIWSSHVCK,-0.950331141717907,-2.2631468955979295,-0.792157401388973,-0.6394650136705804,-0.20849900315028558,-0.9079436641553391,-1.4776073773941243,-0.8170250002686548,-1.0485977384371152,-0.687573848803152,-1.67301536894043,-0.5024708674503633
YCWSUKQGVSGXJO,-1.1951688482678522,-1.6601910944643006,0.2479286615320668,-0.14029883890024222,0.4274198813994944,-0.5104762370452797,-1.5366457709620154,0.3859180218215279,-1.5012612544380906,-0.45784746772735263,1.7448421339830353,0.10095914883162796
YDDXVAXDYKBWDX,-1.2602922933387093,-3.3560498463920023,-1.5367557200248,-0.3648785713223723,-0.3952247337403655,-0.583154337695434,-1.351921249523938,-0.8368688525674857,-2.206268598654883,-0.5971112024809967,-0.43579452022113835,-0.6757898336886287
YECBIJXISLIIDS,-1.3623009727002868,-3.171150410907656,-1.2351085887944764,-1.1640797161723668,-0.8961969149954327,-1.1636436559318795,-1.806265776814559,-0.583964166043965,-2.2343048109923465,-0.6940504128147272,-1.471745737434514,-1.1059404793393852
YEEZWCHGZNKEEK,-1.2395066542416024,-3.081709523579153,-3.749541884426718,-1.5030244494993887,-0.9392612788119324,-1.108325105788418,-1.7258809874795111,-2.1128627344240054,-2.3859371800308504,-0.7143369090223605,-2.831651068994203,-1.365926049713888
YEHCICAEULNIGD,-1.181429045805849,-2.981837105101544,-0.26599129084144757,-0.43186370217074416,-0.34930863091187264,-0.8675459561375616,-0.9249089296119009,-0.8422444578677358,-1.3603880767902687,-0.5844080332956207,-0.5907912009033711,-0.6447177092499017
YEJCDKJIEMIWRQ,-0.696616490176909,-3.0989741768316854,-0.2856945464216172,-0.41692669056407844,0.5422820180061949,-0.6672272515394149,-1.3180169355853195,-0.29660168565239026,-1.974561035898253,-0.4291012503465258,1.098226431938882,-0.7224075627516948
YEZNLOUZAIOMLT,-1.0342136504152886,-3.3978667761033114,-0.6110454531969458,-1.2275343865189168,-0.8538064582367092,-1.3279146812971079,-1.5918315888346541,-0.9824163005960853,-1.8699142267529245,-0.5973903728743337,-1.1313571846624573,-1.3997069900369519
YFAGHNZHGGCZAX,-1.00850062295079,-3.004579800576542,-2.6008184230570026,-0.9944216364881193,-0.8592769181618818,-0.6083614132420704,-1.4399220063416205,-0.4423229619209414,-2.027276654223739,-0.6688419166066241,-2.2527277446755942,-0.9257147281850764
YFGHCGITMMYXAQ,-0.8592448468632817,-3.1865010593264267,-1.1330203653688056,-0.6137712593094121,-0.06422580744017782,-0.9476332079319555,-1.5031735279642615,-0.010334911543966815,-1.748159330097077,-0.5651291950402998,-0.4107300852537914,-0.8278825458516181
YGCODSQDUUUKIV,-0.7855951936042885,-2.60198792810381,-0.5570753697096943,-0.19177097725758852,0.24631612269722455,-0.5656397597218749,-1.7427807103812567,0.6504400415863538,-1.7406972839299755,-0.4067690233548803,1.0878853746998791,-0.4192899481192432
YHXISWVBGDMDLQ,-0.8007709757889634,-2.99994631967799,-0.9395852519902808,-1.1725414101360159,-0.6503905734888492,-0.8295925668941877,-1.6704624621104602,-0.46182411158827036,-1.8100353551629622,-0.5930652644576093,-0.5966042438014612,-1.0725897099263353
YJGVMLPVUAXIQN,-1.5045763937513812,-3.516164975789216,-2.7134233485117862,-1.42478483873205,-1.704947307831363,-1.2941107841897677,-1.7703238202741147,-2.139226399492584,-1.9481224923409626,-0.689845360611436,-2.5560816672228266,-1.3206877614833952
YJQPYGGHQPGBLI,-0.7775198751097778,-2.9267774621203557,-1.9323683644381369,-0.84258387939781,0.004091089709491373,-0.9403165595622387,-1.7624504154980616,-1.1941802924706462,-1.8975545046782925,-0.5176194857244405,-0.7232590574771524,-1.2886562271925468
YKGYIDJEEQRWQH,-1.3121343286403,-3.531739627722193,-2.454870421341579,-1.267514709647823,-1.45497709664154,-1.1673594989239793,-1.3741629856392281,-1.9719740123626044,-2.727121665494157,-0.8309232213836706,-1.9950691582550033,-1.8463253657146999
YKPUWZUDDOIDPM,-0.9208994703201602,-2.506210118209112,-1.763745241779837,-1.1297796893920247,-0.9076367370721423,-0.893235239280894,-1.70247324031978,-0.8466916304667799,-1.0468861466757464,-0.7498784025856297,-1.4213336072088225,-0.4539053392459008
YKYBWGJKLYMCFI,-1.3014026145062265,-1.523517476793037,-0.3157915754732656,0.4499205744436425,0.18077288923004306,-0.7559259939937107,-0.802626393957044,0.0821916617310227,-2.082699516535423,-0.41450570155411676,1.2123026149700806,-0.31935010497008104
YLJREFDVOIBQDA,-1.2284421770891438,-3.2336890142626675,-1.1147373824334221,-0.7646991648940726,-0.17447625630515584,-0.6680616006460186,-1.6257584042771778,-0.6594386019690002,-1.8438770154121404,-0.43647660729547466,-0.7290316938009455,-0.796320356216513
YLUSMKAJIQOXPV,-1.3976844728038489,-3.3838700516935574,-2.549633342683328,-1.4836079535257032,-0.906698476088738,-1.3262703852705413,-1.8736287810719605,-1.469423990530148,-2.6696392359996217,-0.7032960239362107,-1.6585471832220926,-1.4520104484677776
YMBXTVYHTMGZDW,-1.2026768312711051,-3.0694726363731784,-1.1007622807193014,-0.9040344220159706,-1.0941735966578163,-1.1524802295327066,-1.8148217056617393,-1.3606030185405664,-1.9337602987462112,-0.5977810099210266,-1.6456106623150253,-0.9126107071702952
YMTINGFKWWXKFG,-0.934483095645436,-3.1918158567728527,-0.4301430977642799,-0.8006374845048663,-0.29541659621540606,-0.9925529979237689,-1.8083522311931173,-0.5583058889243735,-1.301022700952518,-0.5746123887539799,-0.6323534465299255,-1.0580707877532625
YNNUSGIPVFPVBX,-0.8942340839375353,-3.217341613335572,-1.3574348791064632,-1.1502875277261566,-1.5053033050275815,-1.0096362832904844,-1.6420523827710882,-1.0964635131669562,-1.563515854513923,-0.6014454513976378,-2.4452189798276303,-0.9954543299160539
YNVGQYHLRCDXFQ,-1.4624482539931707,-3.3727325854862453,-1.1103664227355512,0.2868446455734686,-0.7607265473057833,-1.1443405420453354,-1.7527348757002954,-0.6529626700790867,-1.7998042394852964,0.42992017263269977,-0.8287786514636593,-1.2380100580113758
YNZFUWZUGRBMHL,-1.336577163006487,-3.2097774892749062,-1.307567473248876,-1.242922545379195,-0.8064958973033118,-0.9324949610193364,-1.3368693739988184,-0.446864607690796,-1.657970583859534,-0.6140819293223811,-1.2410235142088613,-1.0368620488949019
YOSHYTLCDANDAN,-0.45857667156412857,-1.4862622625405724,-2.7909572246714003,0.01822593595698684,0.037586792148328635,-0.3796160221416669,0.09998714343702257,-0.7995877007091557,-1.4921983815492688,-0.7024198124311067,-0.30975185949444706,0.7674523540416792
YPELFRMCRYSPKZ,-1.2959017559221644,-3.383555663768291,1.1103502619591015,-0.11287310538068175,-0.019078654576044126,-0.7862103579729164,-1.2240222049488427,-0.17793096119152013,-1.5715041349550438,-0.42631638785950177,0.014556188550584838,-0.3882345016478598
YPHMISFOHDHNIV,-1.0724635335094155,-2.9154512260138175,-1.35570094673397,-0.6810105171853932,-0.918302918676408,-0.6323395801815203,-0.7968247286461686,-1.0729122076168733,-2.263990004472492,-0.696831253825026,-1.4039126772835586,-1.1369069859091496
YQNQNVDNTFHQSW,-0.884016181721208,-2.1179948038512437,0.24810456662259361,-0.6659730110407499,0.07896602156254547,-0.38920310462365154,-0.5182076808958473,0.05615884340676129,-1.3826421615923863,-0.48031716686721093,0.5133960059652847,0.18264151988512128
YRCWQPVGYLYSOX,-1.3095009203726562,-3.308165957172841,-1.0669587789707355,-0.8570381760947869,-0.6017500697445746,-1.0537355216873974,-1.5732261929429927,-1.426714801363597,-2.039712455979269,-0.7665008186967681,-1.2884006650458648,-1.1993204020607289
YRWLZFXJFBZBEY,-1.0674259285322791,-1.9279768923248841,-2.7143659297450475,-1.089719204111642,-0.7019632381653633,-0.9458125002241957,-1.5207829043562753,-0.03651765437532295,-2.2712738842598235,-0.7109662143476105,-2.1321875320681656,-1.0836035249368103
YSAUAVHXTIETRK,-1.0402086162733433,-2.6066978479309926,-0.6203366938881631,-0.8091847642936634,-0.45129242862934815,-0.5046040328995642,-0.5875291615881526,0.017959898656079172,-1.9073206673876222,-0.5733143850240515,-0.38812189622952487,-0.5289815332833941
YSEXMKHXIOCEJA,-1.5637016902487522,-3.3611186188071103,-2.6285687119901984,-1.5956702555913618,-1.6172387398631423,-1.382246064500196,-1.5864108919763575,-2.1338888181169753,-2.221961376703822,-0.7236477715430902,-2.752345189857061,-1.0268222883641147
YSGASDXSLKIKOD,-1.1294154577731759,-2.9966567723271766,0.1258887448115958,-0.2609708456335937,-0.46985790346162526,-0.7833197698647946,-1.7616563097074391,0.3243256599228442,-1.443604815134473,-0.38132981695351653,-0.23138437489355398,-0.509324878695253
YSIITVVESCNIPR,-1.5379270052291505,-3.4381821292107215,-0.9838136928959977,-1.1252084356772223,-0.8873888769550518,-1.1015817406733412,-1.8198403446109754,-1.3596622485540384,-1.6423827267132973,-0.7003082229141478,-1.757607338501177,-0.9814400839465622
YSXKPIUOCJLQIE,-1.048572004501329,-2.6889534710517315,-3.2428814664547936,-1.0461050353922097,-0.22604390094103655,-0.8974362453596304,-1.7647402894656194,-1.7102830374048477,-1.516963619579345,-0.6848440248869343,-2.184686963472176,-0.43902810786927543
YUGZHQHSNYIFLG,-1.2258874282099923,-3.4675853748981273,-0.34857392665514014,-1.0482365063369377,-0.6445130672099115,-1.2055931603491898,-1.7733446627616334,-0.9893413626240123,-1.7064412509874576,-0.6195714895751633,-0.9273211682911784,-1.3575991282018698
YVQVOQKFMFRVGR,-1.3377952807261797,-2.8941499384070513,0.23291861818222842,1.0255472304362385,0.313694281197575,-0.5181087334594827,-1.142589416777946,0.5312721462208585,-1.4735639582965008,-0.48454886410127196,0.47398790206544744,-0.5915613289365478
YVUQSNJEYSNKRX,-0.8521325643656793,-2.54158317675296,-1.230886860685297,-0.5277794915223781,-0.45956042145686793,-0.5021571687169429,-1.6472542508572545,-0.6864759704867329,-1.4339615125473957,-0.5657804694494957,-1.0659140461693646,-0.5062910152956954
YWJXCIXBAKGUKZ,0.22462120482488615,-0.237994324772909,-2.01123694237167,-0.6713179069479124,0.2773639380904725,-0.5918266124895205,-1.4030995043901024,0.6136550842756567,-1.4005158687262007,-0.5517210929892631,-0.27987239581554046,-0.06248744121693666
YWPHCCPCQOJSGZ,-1.3019368583293367,-2.8224132959066344,0.5415954757230186,-0.1418139906438968,0.7908602463874057,-0.7733842741674128,-0.8821632603184255,1.1221040133175157,-0.6938434671603403,-0.34755633345767856,0.49598965974204895,0.21427002353973415
YWXYYJSYQOXTPL,-1.3238971197603113,-3.043668969821523,-1.9894901693213674,-0.632000690242463,-0.34461539086295195,-1.3790224220137943,-1.7405214550891261,-1.1607232881800276,-1.4406978388165632,-0.47408700261373476,-1.6921800689618798,-1.0267099088716694
YXBQLONCIPUQKO,-0.8653866885590784,-1.3351467236929921,-1.450853948969282,-0.5559749851540495,-0.9695282979109197,-0.6900514374045355,-0.09818981128357991,-0.5771359839191261,-1.852715099744348,-0.6678802968325993,-1.728535515241885,-0.5700410479280433
YXOLAZRVSSWPPT,-0.9391098301235635,-1.941500560520034,-2.4856142911491035,-0.5076707442242452,-0.3371900489376634,-0.5478465927195908,-1.082540400550761,-0.7219548486362835,-0.7988018304287396,-0.682921100807455,-0.009686735413572196,-0.03232114997629369
YXSLJKQTIDHPOT,-1.1466394489821559,-3.0239488853006766,-2.387332009680006,-0.6975259242269859,-0.1834120352107924,-1.096820197424699,-1.7297536213683036,-1.6324640114358175,-2.0510164896174885,-0.6428153684171439,-1.1284497447919644,-1.1415675534035759
YZOFLYUAQDJWKV,-1.2862485657471001,-3.3982186732991093,-2.6550638666093964,-1.3207295036065463,-0.8908502587486649,-1.2891884628311696,-1.8585578283768356,-1.5353035562102237,-2.3958168647014007,-0.5687374487344781,-1.3148955766265602,-1.4328928530509766
ZAFYATHCZYHLPB,-1.427724608860242,-2.523800567254257,-0.7517965923036438,-0.4561455262811422,-0.06972328745901463,-1.0912124574307387,-1.5119460815851415,-0.2547523335442292,-1.8241387588157465,-0.5080903836295251,0.3341257406912271,-1.1350326630156231
ZAHQBPYQBHTECE,-0.4954606525999148,-1.8801174403761796,-2.453794403592735,-0.1214489522727226,-0.10195760657493765,-0.6312749785443731,-1.368483150808373,-1.2798516479492037,-0.9013032572505653,-0.6651646104964165,-1.4735019266768123,0.05152361379090366
ZAIPMKNFIOOWCQ,-0.9218296968868503,-3.314961704920108,-0.845318801191626,-0.9001608737662044,-0.6177589957013329,-1.169737087529077,-1.797124521286917,-0.8452773836491991,-1.925308266198876,-0.7177057154266275,-1.1285265473100288,-1.016930141201384
ZBFDAUIVDSSISP,-1.1006847705367941,-2.600793710056234,-1.8487293831324287,-0.6912558187960431,-0.23044936145474867,-1.0104971772153892,-1.6107374190075623,-1.0830113389626361,-2.099492131753116,-0.5201211935645107,-1.0103140238094372,-1.2517817289578077
ZBIAKUMOEKILTF,-1.3195531694541591,-3.1559278840737095,-2.808034152983362,-0.9103381659366457,-0.9828231517346173,-0.7764619888128297,-1.614851533188968,-2.137127434393495,-2.326282150973818,-0.6774381180527327,-2.0819095490608737,-0.7431317909128585
ZBMZVLHSJCTVON,-1.1887098599924824,-3.0924553696866903,-2.916480854285055,-1.8115265018553268,-1.0079866863479356,-0.735573300151996,-1.4653596658360295,-1.9188722505839177,-0.9896655869162955,-1.0320783663752033,-2.5117240369182054,-0.275547455327606
ZBNZXTGUTAYRHI,-0.9015418217840343,-2.5288819295182074,-1.0543937270566879,-0.9447057556025129,-0.8108931227306231,-1.1523869535483982,-1.5652187456302462,-0.8483880080842776,-0.9618988506790279,-0.744308019277891,-1.6436108865418109,-0.4951633657474821
ZBPLOVFIXSTCRZ,-0.9562742887272815,-2.1432986078826537,-0.08311796972038055,-0.22596116522834553,-0.23356659624282605,-0.4941992636515329,-0.7734981176315641,0.3472834770735984,-0.935016957704693,-0.3223963367135809,0.630140914922489,0.548460731294854
ZCDNRPPFBQDQHR,-0.47653352811413546,-0.6822573310845573,-1.4022002095269521,-0.03551746213004471,-0.48008070395972247,-0.5572066781604381,-0.23200814910779663,0.25475630133564653,-1.7087428768549788,-0.5814131662315599,-0.8413905645907785,0.24063941893895902
ZCGOMHNNNFPNMX,-1.3526972324165814,-3.354946975416066,-3.2596226438944447,-1.1467529701099881,-1.1505500344404123,-1.5255938854298503,-1.8369521341153958,-1.5992915653697484,-2.4431274640149714,-0.8336746234431827,-3.00762062507597,-1.9544470231292757
ZCVMWBYGMWKGHF,-1.0048595003341876,-2.5349747963353897,-0.694740034273232,-0.4252985122050868,-0.11032719883195616,-0.9414302339485123,-1.4705019909238315,-0.6668215578098787,-1.771925432704695,-0.5598405288297643,-0.8372314637412227,-0.8305148351114435
ZDIGNSYAACHWNL,-0.9207030491826663,-2.928761570868779,-2.5763775713789125,-1.2365689885921038,-1.2122111944621228,-0.9114254195560154,-1.3160487654248254,-0.28976422529850987,-1.916927200781299,-0.7235840631132247,-2.501439448359125,-0.47715199054448676
ZDXPYRJPNDTMRX,-0.6558107677097506,-2.687434997920069,-2.500849216309375,-0.8167476482573841,-0.8102341914780006,-0.866132081957617,-1.5171881391610968,-0.4836552767574225,-0.829583674976234,-0.6210893810260185,-1.4328599350266895,-0.42997964516113313
ZEKZLJVOYLTDKK,-1.2675802246328578,-2.6508442183172174,-1.2807903727717618,-0.153628974021366,0.08192642208671044,-0.7930776782709217,-0.995113392887145,-0.5508856267374176,-1.6943280550002027,-0.5301114023152563,-0.8311994863860308,-1.1073251278758356
ZEMIJUDPLILVNQ,-0.7403404736817017,-2.766761152540994,0.9846216799195326,-1.036000014683828,-0.3793227197276225,-0.03863338154539662,-1.2438099548781598,0.9295734629038566,-0.4674643731077639,0.13331015548608105,5.5315226590038375e-06,-0.45331853997451277
ZESRJSPZRDMNHY,-1.0109836387736644,-3.036976384863962,-1.243635306724189,-1.326057188981539,-1.0639816719065671,-0.8871814943580714,-1.6566472133364096,-1.0314543315716893,-2.0891980210285537,-0.6364172627164274,-1.0612368657487676,-0.8702584801553286
ZEUITGRIYCTCEM,-0.11225312113249272,-0.811796499010401,-2.014926565049568,-0.39629123835039987,0.3577906450633894,-0.33759867256481163,-0.4440864669002819,-0.5878587031549027,-1.8450322365311427,-0.5219864372504639,-0.926950598833407,-0.23173499597258923
ZEWQUBUPAILYHI,-1.219352526814142,-2.887993879885172,-0.3959642702123177,-0.6490727432572203,-0.3969633460745582,-0.5391087000645072,-1.724681385289876,-1.1470776005122076,-1.8675534517220735,-0.573114753912292,-0.9541304725084969,-0.870231589516564
ZFMITUMMTDLWHR,-1.011592344534522,-3.0569895602754853,-1.979041417560986,-0.49752370221234543,0.18303033029281385,-0.6833609374861099,-1.7524240482572313,-0.8485705449054464,-1.9364295551096666,-0.5323720035489162,-0.5711923727103065,-0.8712532739152141
ZFRKQXVRDFCRJG,-0.9609260709028252,-2.8749392807805942,-2.6070212284378824,-1.0105230274219181,-0.48084905140191875,-0.6904671508443281,-1.4000867643178856,-0.5843787762204435,-1.9368307260330402,-0.7127333075071577,-1.4120183567902425,-1.093517453442403
ZFXYFBGIUFBOJW,-1.0002587995204828,-3.0408194798882873,0.2373544309410933,0.24873432137702692,0.07747669920015285,-0.9289047916886527,-1.5760683718454436,0.19600577321760848,-1.375137961995609,-0.5192069093678437,-0.6387553864109288,-0.7658713928679363
ZGUGWUXLJSTTMA,-1.015642345759778,-2.8610504933555947,-0.7770176958280259,-0.387983468260658,-0.26601116126059143,-1.1037485807757696,-1.5148856636876957,0.2588626468625949,-1.5478936128608718,-0.6032122137235109,-0.9088028606815169,-1.022366315602962
ZGVSETXHNHBTRK,-0.5888996249013577,-2.4734781607805436,-1.7159660272803712,-0.7583692907070194,-0.08111039160896978,-0.9129671942565051,-1.670083397648191,0.11096073445588252,-1.903814272765024,-0.5011315031379278,-0.5788109490508684,-0.4971656060013954
ZGXJTSGNIOSYLO,-0.6689696511443354,-1.5576424334498018,-1.30832694733967,-0.36715774119507116,-0.016919807906785198,-0.4817880580356471,-0.8916755940499541,0.15644201344321076,-1.4852833966393013,-0.4193979670185079,0.08726957352193149,0.4265685401341973
ZJJXGWJIGJFDTL,-1.2174482352113958,-2.8455455068651774,-0.8913294223548532,-0.4671452991761176,-0.5009238920333501,-0.9545025324634545,-1.3400138015302028,-0.6042847297601966,-1.4648609369994157,-0.5940375798071453,-1.2830187909347037,-0.8804686080189135
ZJVFLBOZORBYFE,-1.3634625343233617,-3.144432503150291,-0.31906193843766784,-0.6471136831575433,-0.5617913047696634,-1.004762363114092,-1.6689648674151223,-0.4685134025693032,-1.706648710260572,-0.6390286271215344,-1.3833055891670725,-0.8998255826781797
ZKLPARSLTMPFCP,-1.3139454921981149,-3.356035598498781,-0.5783820063778047,0.6219595054434999,-0.15673323147228624,-0.8214570536384411,-1.5145657044811667,-0.46561496250760215,-1.7686414874202723,-0.5654148534436777,1.0183689565116953,-0.7635505651685254
ZKMNUMMKYBVTFN,-0.5833080129106106,-1.174283839967273,-1.6799123255144957,-0.35963889614539396,-0.5421833128903919,-0.469087603093797,-0.6890661800624605,-0.10910234020726323,-2.4788199006093343,-0.6123446412339616,-0.962326264239693,-0.5184945324959196
ZMEULISFKSVRLQ,-0.6331886808277806,-2.0359674585350795,-2.828191347853607,-0.06733958303064592,-0.027113101724153082,-0.5102050290695825,-1.7129190229430067,-1.1956511951115005,-0.6226004159224203,-0.6548499597871,-1.3447160734937733,0.3135271551482445
ZMISODWVFHHWNR,-1.3258736440442904,-3.4171640690761267,0.8570777681966315,-0.06825192600017335,-0.45270286002212723,-1.1314941128403646,-1.4028443320787827,-1.0579521569992307,-0.1108922793098264,-0.7140358175589987,-1.7626354169994736,-1.232472249716051
ZNEWHQLOPFWXOF,-1.283832783455133,-3.2280193166343922,-2.9944344571358004,-1.0937614632369679,-0.6311275333305845,-0.7036117760143958,-1.292567197068706,-1.0184310799594274,-0.9167336533528188,-0.8728054503930334,-2.031460473637052,-0.7173410778283106
ZNNLBTZKUZBEKO,-0.6939582341125373,-1.2550535156330729,-2.818665829584021,0.05004237076449115,-0.007039456826528214,-0.7238575528611838,-1.6208090425730064,-0.8719180141538305,-1.009879855526548,-0.6619214409287366,-1.4235859804765023,0.5207273560468468
ZNRGQMMCGHDTEI,0.807029289714666,-0.34712906601813354,-2.569539832561227,0.202898038846424,0.38543739507645025,-0.05465288154496525,-1.4776818231060058,-0.7160471848491613,-0.36835876576403415,-0.6118957972873802,-0.5816014901112126,0.2784482430205102
ZOCSXAVNDGMNBV,-0.7924360875350824,-2.07449544880524,-0.8782877086748451,-0.3938615959574292,-0.37146945953416116,-0.43125764896657387,-0.6922796638949743,-0.2522966975169371,-2.5744137637986206,-0.5847214108244347,-0.5581330391002028,-0.5708464684584469
ZOWYFYXTIWQBEP,-1.117400432819204,-3.2122381769449966,0.8100375466685219,-0.7962087298522963,0.4313093182654247,-0.6709241167591167,-1.7713863394851541,0.48671716293525946,-0.578443868910805,-0.5344149179157948,2.1907208801422215,-0.793493732457651
ZPAKPRAICRBAOD,-1.28562259883501,-3.044482005185638,-1.0573158039257764,-0.6524968066300831,-0.9200113409260969,-1.094762144361553,-1.4663360896821702,-0.4105641540145068,-1.9921681857311433,-0.8072505478789553,-1.2093200516577582,-0.9993380760910568
ZPEIMTDSQAKGNT,-1.4485360473244433,-3.4282589686071017,-3.497581547581051,-0.8227108295916703,-0.9112852769414991,-1.3273023614546506,-1.7725539841463855,-1.1103026327578691,-2.094770880574353,-0.657865212190837,-0.6860731158419121,-1.5653214198307697
ZPFXAOWNKLFJDN,-1.4808085322083122,-2.8026855229721046,0.12414098962675313,0.1586512627576103,0.4372392450677878,-0.9626468713535048,-0.9598133691861692,0.23749968538399746,-1.7502545868814257,-0.42592338166443033,1.0972934016927498,-0.4314271194890573
ZQDWXGKKHFNSQK,-1.2585384940454887,-2.2362386262620646,-1.447859619671226,-0.4958460115298132,0.4182953941307306,-0.37540121501159895,-1.712270463470176,-0.4629202976413126,-2.0426839662002263,-0.534395946772584,-0.25068125811080944,-0.9337644701238361
ZQSIJRDFPHDXIC,-1.3105503917289956,-3.3556846350885885,-1.2316853290121514,-0.08202556196958366,0.24011723635267607,-0.22573300231956647,-1.7298101645916721,0.007142901987978527,-2.4656053843813974,-0.440731101325309,1.3569977805679223,-0.9536899169280701
ZRJBHWIHUMBLCN,-0.5106448713377307,-2.601591150391008,0.45419066036699685,-1.312495088580837,-0.7652156561603262,-0.7735125716893533,-1.6125645218307123,-0.6633232535600615,-1.2593785470030328,-0.59060621358583,-1.4551591686617142,-0.9889342349064123
ZSCDBOWYZJWBIY,-1.1321003370071272,-1.820323247033758,0.39924608977863774,0.6205260145360187,-0.06307898569195673,-0.8895130789808721,-1.540539777479149,1.0968619097856258,-0.8871425740226448,0.12668730287195068,1.7930313035789314,0.6302079594980531
ZSJLQEPLLKMAKR,-0.7079357101045086,-3.300491726486299,0.27530529671203574,-1.0104863753416347,-0.4856410800552343,-1.1000661116651715,-1.683239936186465,-0.6122337936610687,-1.1205947749677287,-0.6050071062695513,-1.1454270947624168,-1.2485538314559381
ZSKVGTPCRGIANV,-1.4330749675826828,-3.4646156741462177,-1.5237823587047536,-0.9794381177067231,-0.5611564572591292,-1.3219383607457342,-1.7806851035494127,-1.6039989549628677,-1.7413246528470623,-0.561349148740123,-1.9784152696637474,-0.9909646991031309
ZTVIKZXZYLEVOL,-1.0531677663766348,-3.0318125946253383,-2.7802238383009588,-1.2969135900773394,-0.8602582667439747,-1.0336883337459313,-1.5086253474109212,-0.5671282341542738,-2.5442052679087186,-0.7630486461229241,-2.3605972839591765,-1.0513706226677766
ZWPODSUQWXAZNC,-1.0082534414990207,-2.8639062874137347,0.6700547292833634,-0.10703518764240551,0.1189099466391204,-0.9232203992882083,-1.49349160999367,0.3399393095144387,-1.8075211448489492,-0.43264285300364913,1.0303845184751896,-0.36716008788460497
ZXNRTKGTQJPIJK,-0.6359827147022189,-0.3820111909264429,-2.3092183278988783,0.3841107197758573,0.11535057375134744,-0.32923533781689046,-0.8434161735732999,-0.3643361777793109,-0.08998246036358623,-0.578430989204034,0.5070869872088637,0.3801995154561141
ZXRVKCBLGJOCEE,-0.27568174474638757,-2.3240612784359196,0.1529079758178749,-0.27028448669536176,0.658453738273955,-0.5426762992880692,-0.9182274856449462,0.7940264691033024,-0.14957541118735845,0.9876813804076927,0.15265959895159556,0.6270986875359453
ZYGHJZDHTFUPRJ,-0.26855724638209144,-1.508300404600596,-2.040023917209717,-0.6164556038364567,-0.22914389346962177,-0.9512453546892863,-1.6567309349155392,-0.7924350017431343,-2.0916214010604848,-0.5963805243813363,-0.7367530988256348,-0.9422029145374212
ZZHLYYDVIOPZBE,-1.1207599046093812,-2.447873910051313,0.03391598911735493,0.08273788241066744,0.18987869253828626,-0.40280004239691647,-1.5047167096499965,0.7261327873377047,-2.0227139733747133,-0.42163029781297817,2.2410511421305572,-0.09730594841734741
ZZIALNLLNHEQPJ,-0.8391490829622763,-2.9139049804606167,-1.1310035024555525,-0.11521301213283652,0.6375770566908827,-0.9243865184905029,-1.7219324551123816,0.007811675456257897,-1.7112577109077618,-0.4470817406397073,0.1455221815119379,-0.7712853371871737
ZZIKIHCNFWXKDY,1.4447374375238091,2.0196764336770343,-2.682784196848967,-0.5775168311307677,1.335122438634028,1.1081037916496277,-1.5836055874517627,0.5348199768596258,-2.149126983731863,-0.6085345752029574,-0.8939996245483561,-0.8480662193484935
ZZORFUFYDOWNEF,-0.9716642528541191,-2.5514750250489957,-1.1176261318805178,-0.8777277011560589,-1.043439343103634,-0.7193692378418496,-0.7087071114474631,-0.6063873176360681,-1.5281662096203719,-0.6640175458693738,-1.648975350370494,-1.0206463941380277
ZZPKZRHERLGEKA,-0.9970322995000439,-2.563970456388249,-0.05317576087343369,-0.5285172511712792,-0.36854287782544026,-0.6894664441414308,-0.6351186128169888,0.2917532909268962,-0.8129778669989578,-0.343950740019995,0.15040813543668047,-0.32827364894407646
ZZUFCTLCJUWOSV,-1.0747517754224236,-2.5803134410871715,-0.8589479105807941,-0.8371592193437505,-0.7311775176897878,-0.4914668286897432,-0.9505139292975615,-0.8511456748151722,-2.1589174932389623,-0.5909813213684407,-1.0222272813569047,-0.7304361703021358
ZZVUWRFHKOJYTH,-0.8213385042334616,-2.5655761032066717,-3.401087794169222,-0.21507681667789064,-0.31907084182393164,-0.4902036388575105,-1.3169278588758342,-1.2128632308104756,-0.538457265053186,-0.6979024432191404,-1.2970193805008574,-0.2757398352428454
ZZZRUAITSXLWBH,-1.1027781057513297,-2.379569711391307,-0.8788383220847187,-0.5502266233033102,-0.40395675422793703,-0.6431740525126799,-0.7768802923532463,-0.1403891660292402,-1.4067182390536452,-0.5249114820290804,-0.05371466444061056,-0.4904747166360073
