variant,task,cell,n_repeats,n_outer_folds,n_unique_compounds,mean_auprc_c0,mean_auroc_c0,mean_log_loss_c0,mean_brier_c0,mean_auprc_d0,mean_auroc_d0,mean_log_loss_d0,mean_brier_d0,mean_auprc_c1,mean_auroc_c1,mean_log_loss_c1,mean_brier_c1,mean_auprc_d1,mean_auroc_d1,mean_log_loss_d1,mean_brier_d1,mean_delta_auprc_c1_minus_c0,sd_delta_auprc_c1_minus_c0,nb_auprc_c1_minus_c0_n,nb_auprc_c1_minus_c0_mean,nb_auprc_c1_minus_c0_naive_se,nb_auprc_c1_minus_c0_corrected_se,nb_auprc_c1_minus_c0_correction_factor,nb_auprc_c1_minus_c0_mean_test_train_ratio,nb_auprc_c1_minus_c0_t_stat,nb_auprc_c1_minus_c0_p_value,nb_auprc_c1_minus_c0_df,nb_auprc_c1_minus_c0_ci_low,nb_auprc_c1_minus_c0_ci_high,nb_auprc_c1_minus_c0_significant_nb,nb_auprc_c1_minus_c0_empirical_variance,nb_auprc_c1_minus_c0_variance_degenerate,nb_auprc_c1_minus_c0_inference_valid,mean_delta_auroc_c1_minus_c0,sd_delta_auroc_c1_minus_c0,nb_auroc_c1_minus_c0_n,nb_auroc_c1_minus_c0_mean,nb_auroc_c1_minus_c0_naive_se,nb_auroc_c1_minus_c0_corrected_se,nb_auroc_c1_minus_c0_correction_factor,nb_auroc_c1_minus_c0_mean_test_train_ratio,nb_auroc_c1_minus_c0_t_stat,nb_auroc_c1_minus_c0_p_value,nb_auroc_c1_minus_c0_df,nb_auroc_c1_minus_c0_ci_low,nb_auroc_c1_minus_c0_ci_high,nb_auroc_c1_minus_c0_significant_nb,nb_auroc_c1_minus_c0_empirical_variance,nb_auroc_c1_minus_c0_variance_degenerate,nb_auroc_c1_minus_c0_inference_valid,mean_delta_log_loss_c1_minus_c0,sd_delta_log_loss_c1_minus_c0,nb_log_loss_c1_minus_c0_n,nb_log_loss_c1_minus_c0_mean,nb_log_loss_c1_minus_c0_naive_se,nb_log_loss_c1_minus_c0_corrected_se,nb_log_loss_c1_minus_c0_correction_factor,nb_log_loss_c1_minus_c0_mean_test_train_ratio,nb_log_loss_c1_minus_c0_t_stat,nb_log_loss_c1_minus_c0_p_value,nb_log_loss_c1_minus_c0_df,nb_log_loss_c1_minus_c0_ci_low,nb_log_loss_c1_minus_c0_ci_high,nb_log_loss_c1_minus_c0_significant_nb,nb_log_loss_c1_minus_c0_empirical_variance,nb_log_loss_c1_minus_c0_variance_degenerate,nb_log_loss_c1_minus_c0_inference_valid,mean_delta_brier_c1_minus_c0,sd_delta_brier_c1_minus_c0,nb_brier_c1_minus_c0_n,nb_brier_c1_minus_c0_mean,nb_brier_c1_minus_c0_naive_se,nb_brier_c1_minus_c0_corrected_se,nb_brier_c1_minus_c0_correction_factor,nb_brier_c1_minus_c0_mean_test_train_ratio,nb_brier_c1_minus_c0_t_stat,nb_brier_c1_minus_c0_p_value,nb_brier_c1_minus_c0_df,nb_brier_c1_minus_c0_ci_low,nb_brier_c1_minus_c0_ci_high,nb_brier_c1_minus_c0_significant_nb,nb_brier_c1_minus_c0_empirical_variance,nb_brier_c1_minus_c0_variance_degenerate,nb_brier_c1_minus_c0_inference_valid,mean_delta_auprc_d1_minus_d0,sd_delta_auprc_d1_minus_d0,nb_auprc_d1_minus_d0_n,nb_auprc_d1_minus_d0_mean,nb_auprc_d1_minus_d0_naive_se,nb_auprc_d1_minus_d0_corrected_se,nb_auprc_d1_minus_d0_correction_factor,nb_auprc_d1_minus_d0_mean_test_train_ratio,nb_auprc_d1_minus_d0_t_stat,nb_auprc_d1_minus_d0_p_value,nb_auprc_d1_minus_d0_df,nb_auprc_d1_minus_d0_ci_low,nb_auprc_d1_minus_d0_ci_high,nb_auprc_d1_minus_d0_significant_nb,nb_auprc_d1_minus_d0_empirical_variance,nb_auprc_d1_minus_d0_variance_degenerate,nb_auprc_d1_minus_d0_inference_valid,mean_delta_auroc_d1_minus_d0,sd_delta_auroc_d1_minus_d0,nb_auroc_d1_minus_d0_n,nb_auroc_d1_minus_d0_mean,nb_auroc_d1_minus_d0_naive_se,nb_auroc_d1_minus_d0_corrected_se,nb_auroc_d1_minus_d0_correction_factor,nb_auroc_d1_minus_d0_mean_test_train_ratio,nb_auroc_d1_minus_d0_t_stat,nb_auroc_d1_minus_d0_p_value,nb_auroc_d1_minus_d0_df,nb_auroc_d1_minus_d0_ci_low,nb_auroc_d1_minus_d0_ci_high,nb_auroc_d1_minus_d0_significant_nb,nb_auroc_d1_minus_d0_empirical_variance,nb_auroc_d1_minus_d0_variance_degenerate,nb_auroc_d1_minus_d0_inference_valid,mean_delta_log_loss_d1_minus_d0,sd_delta_log_loss_d1_minus_d0,nb_log_loss_d1_minus_d0_n,nb_log_loss_d1_minus_d0_mean,nb_log_loss_d1_minus_d0_naive_se,nb_log_loss_d1_minus_d0_corrected_se,nb_log_loss_d1_minus_d0_correction_factor,nb_log_loss_d1_minus_d0_mean_test_train_ratio,nb_log_loss_d1_minus_d0_t_stat,nb_log_loss_d1_minus_d0_p_value,nb_log_loss_d1_minus_d0_df,nb_log_loss_d1_minus_d0_ci_low,nb_log_loss_d1_minus_d0_ci_high,nb_log_loss_d1_minus_d0_significant_nb,nb_log_loss_d1_minus_d0_empirical_variance,nb_log_loss_d1_minus_d0_variance_degenerate,nb_log_loss_d1_minus_d0_inference_valid,mean_delta_brier_d1_minus_d0,sd_delta_brier_d1_minus_d0,nb_brier_d1_minus_d0_n,nb_brier_d1_minus_d0_mean,nb_brier_d1_minus_d0_naive_se,nb_brier_d1_minus_d0_corrected_se,nb_brier_d1_minus_d0_correction_factor,nb_brier_d1_minus_d0_mean_test_train_ratio,nb_brier_d1_minus_d0_t_stat,nb_brier_d1_minus_d0_p_value,nb_brier_d1_minus_d0_df,nb_brier_d1_minus_d0_ci_low,nb_brier_d1_minus_d0_ci_high,nb_brier_d1_minus_d0_significant_nb,nb_brier_d1_minus_d0_empirical_variance,nb_brier_d1_minus_d0_variance_degenerate,nb_brier_d1_minus_d0_inference_valid,mean_delta_auprc_d1_minus_c1,sd_delta_auprc_d1_minus_c1,nb_auprc_d1_minus_c1_n,nb_auprc_d1_minus_c1_mean,nb_auprc_d1_minus_c1_naive_se,nb_auprc_d1_minus_c1_corrected_se,nb_auprc_d1_minus_c1_correction_factor,nb_auprc_d1_minus_c1_mean_test_train_ratio,nb_auprc_d1_minus_c1_t_stat,nb_auprc_d1_minus_c1_p_value,nb_auprc_d1_minus_c1_df,nb_auprc_d1_minus_c1_ci_low,nb_auprc_d1_minus_c1_ci_high,nb_auprc_d1_minus_c1_significant_nb,nb_auprc_d1_minus_c1_empirical_variance,nb_auprc_d1_minus_c1_variance_degenerate,nb_auprc_d1_minus_c1_inference_valid,mean_delta_auroc_d1_minus_c1,sd_delta_auroc_d1_minus_c1,nb_auroc_d1_minus_c1_n,nb_auroc_d1_minus_c1_mean,nb_auroc_d1_minus_c1_naive_se,nb_auroc_d1_minus_c1_corrected_se,nb_auroc_d1_minus_c1_correction_factor,nb_auroc_d1_minus_c1_mean_test_train_ratio,nb_auroc_d1_minus_c1_t_stat,nb_auroc_d1_minus_c1_p_value,nb_auroc_d1_minus_c1_df,nb_auroc_d1_minus_c1_ci_low,nb_auroc_d1_minus_c1_ci_high,nb_auroc_d1_minus_c1_significant_nb,nb_auroc_d1_minus_c1_empirical_variance,nb_auroc_d1_minus_c1_variance_degenerate,nb_auroc_d1_minus_c1_inference_valid,mean_delta_log_loss_d1_minus_c1,sd_delta_log_loss_d1_minus_c1,nb_log_loss_d1_minus_c1_n,nb_log_loss_d1_minus_c1_mean,nb_log_loss_d1_minus_c1_naive_se,nb_log_loss_d1_minus_c1_corrected_se,nb_log_loss_d1_minus_c1_correction_factor,nb_log_loss_d1_minus_c1_mean_test_train_ratio,nb_log_loss_d1_minus_c1_t_stat,nb_log_loss_d1_minus_c1_p_value,nb_log_loss_d1_minus_c1_df,nb_log_loss_d1_minus_c1_ci_low,nb_log_loss_d1_minus_c1_ci_high,nb_log_loss_d1_minus_c1_significant_nb,nb_log_loss_d1_minus_c1_empirical_variance,nb_log_loss_d1_minus_c1_variance_degenerate,nb_log_loss_d1_minus_c1_inference_valid,mean_delta_brier_d1_minus_c1,sd_delta_brier_d1_minus_c1,nb_brier_d1_minus_c1_n,nb_brier_d1_minus_c1_mean,nb_brier_d1_minus_c1_naive_se,nb_brier_d1_minus_c1_corrected_se,nb_brier_d1_minus_c1_correction_factor,nb_brier_d1_minus_c1_mean_test_train_ratio,nb_brier_d1_minus_c1_t_stat,nb_brier_d1_minus_c1_p_value,nb_brier_d1_minus_c1_df,nb_brier_d1_minus_c1_ci_low,nb_brier_d1_minus_c1_ci_high,nb_brier_d1_minus_c1_significant_nb,nb_brier_d1_minus_c1_empirical_variance,nb_brier_d1_minus_c1_variance_degenerate,nb_brier_d1_minus_c1_inference_valid,bh_q_auprc_c1_minus_c0,bh_q_auroc_c1_minus_c0,bh_q_auprc_d1_minus_d0,bh_q_auroc_d1_minus_d0,bh_q_auprc_d1_minus_c1,bh_q_auroc_d1_minus_c1
standardized,NR-AR,HA1E,20,100,968,0.46057604189408735,0.720261679330444,0.3820814322538494,0.10608068210862305,0.46057604189408735,0.720261679330444,0.20906013468059623,0.053844289601216906,0.46051633968858624,0.7202479860597086,0.38208438061680056,0.10608320635697924,0.46100676377990496,0.7196191422586673,0.20909826956868133,0.053841072322388384,-5.9702205501129255e-05,0.0005970220550112926,100,-5.9702205501129255e-05,5.970220550112927e-05,0.0003085503754203026,0.2670984749413978,0.2570984749413978,-0.1934925712529237,0.8469696581637132,99,-0.0006719330908044616,0.0005525286798022031,False,3.5643533416990697e-07,False,True,-1.3693270735525288e-05,0.00013693270735525283,100,-1.3693270735525288e-05,1.3693270735525284e-05,7.076897395521263e-05,0.2670984749413978,0.2570984749413978,-0.19349257125292377,0.8469696581637132,99,-0.00015411426849833466,0.0001267277270272841,False,1.8750566343639315e-08,False,True,2.9483629512749854e-06,2.9486182866840484e-05,100,2.9483629512749854e-06,2.9486182866840486e-06,1.5238922443331238e-05,0.2670984749413978,0.2570984749413978,0.19347581577628079,0.846982743667578,99,-2.728896528350897e-05,3.3185691186058944e-05,False,8.694349800567573e-10,False,True,2.5242483561813133e-06,2.524339752099421e-05,100,2.5242483561813133e-06,2.524339752099421e-06,1.3046184335416841e-05,0.2670984749413978,0.2570984749413978,0.19348556568595046,0.8469751292874746,99,-2.3362211754659818e-05,2.8410708467022448e-05,False,6.372291184029366e-10,False,True,0.00043072188581757127,0.011878175643475899,100,0.00043072188581757127,0.00118781756434759,0.006138827742357791,0.2670984749413978,0.2570984749413978,0.07016353999406087,0.9442050282776921,99,-0.011750044182960535,0.012611487954595676,False,0.00014109105661726408,False,True,-0.0006425370717766105,0.01101625441895547,100,-0.0006425370717766105,0.0011016254418955472,0.0056933733153794195,0.2670984749413978,0.2570984749413978,-0.11285700694190125,0.9103724523232923,99,-0.011939424915419645,0.010654350771866423,False,0.00012135786142315595,False,True,3.813488808512122e-05,0.0007649965949231022,100,3.813488808512122e-05,7.649965949231022e-05,0.00039536225601299033,0.2670984749413978,0.2570984749413978,0.09645556070448018,0.9233537577754182,99,-0.0007463496022825698,0.0008226193784528122,False,5.852197902439409e-07,False,True,-3.2172788285337108e-06,0.0001557673234649926,100,-3.2172788285337108e-06,1.557673234649926e-05,8.050299939493874e-05,0.2670984749413978,0.2570984749413978,-0.03996470756015064,0.968201747467174,99,-0.00016295269487526438,0.00015651813721819695,False,2.4263459059447635e-08,False,True,0.0004904240913187005,0.011512803016221953,100,0.0004904240913187005,0.0011512803016221953,0.005949997429706486,0.2670984749413978,0.2570984749413978,0.08242425263415502,0.9344757714413661,99,-0.011315661670138,0.012296509852775401,False,0.0001325446332903293,False,True,-0.0006288438010410852,0.010977564115552315,100,-0.0006288438010410852,0.0010977564115552316,0.005673377558874339,0.2670984749413978,0.2570984749413978,-0.11084116904178942,0.9119666973971445,99,-0.011886055725668497,0.010628368123586328,False,0.00012050691391106189,False,True,-0.17298611104811923,0.03605790854943056,100,-0.17298611104811923,0.0036057908549430562,0.018635293497804357,0.2670984749413978,0.2570984749413978,-9.282714601114318,4.014776232356328e-15,99,-0.20996257630280218,-0.13600964579343627,True,0.0013001727689590976,False,True,-0.05224213403459086,0.013972848883059535,100,-0.05224213403459086,0.0013972848883059535,0.007221387773484559,0.2670984749413978,0.2570984749413978,-7.234362102311299,1.006020521116203e-10,99,-0.06657093406815646,-0.037913334001025256,True,0.00019524050590881807,False,True,0.9122335307647836,0.9864927236033054,0.9972165182884257,0.9103724523232923,0.9944839159520431,0.9600985593353303
standardized,NR-AR,HEPG2,20,100,668,0.5368775232288627,0.7976937875691057,0.37375672936099397,0.10235917491929944,0.5368775232288627,0.7976937875691057,0.18326737605341367,0.04806240475073302,0.5368775232288627,0.7976937875691057,0.37375672948184535,0.10235917496918176,0.5368775232288627,0.7976937875691057,0.1832673761342155,0.04806240475527093,0.0,0.0,100,0.0,0.0,0.0,0.2657936050151701,0.25579360501517007,,,99,,,False,0.0,True,False,0.0,0.0,100,0.0,0.0,0.0,0.2657936050151701,0.25579360501517007,,,99,,,False,0.0,True,False,1.208512667716377e-10,2.600187507280503e-10,100,1.208512667716377e-10,2.6001875072805032e-11,1.3405312148827606e-10,0.2657936050151701,0.25579360501517007,,,99,,,False,6.760975073017597e-20,True,False,4.988231327995862e-11,1.0553613110790037e-10,100,4.988231327995862e-11,1.0553613110790038e-11,5.440933688511795e-11,0.2657936050151701,0.25579360501517007,,,99,,,False,1.1137874969223937e-20,True,False,0.0,0.0,100,0.0,0.0,0.0,0.2657936050151701,0.25579360501517007,,,99,,,False,0.0,True,False,0.0,0.0,100,0.0,0.0,0.0,0.2657936050151701,0.25579360501517007,,,99,,,False,0.0,True,False,8.080180607938914e-11,1.6333590317892754e-10,100,8.080180607938914e-11,1.6333590317892752e-11,8.42081104187076e-11,0.2657936050151701,0.25579360501517007,,,99,,,False,2.667861726727599e-20,True,False,4.537906612978038e-12,4.377871942204323e-11,100,4.537906612978038e-12,4.377871942204323e-12,2.2570195329575554e-11,0.2657936050151701,0.25579360501517007,,,99,,,False,1.9165762742339852e-21,True,False,0.0,0.0,100,0.0,0.0,0.0,0.2657936050151701,0.25579360501517007,,,99,,,False,0.0,True,False,0.0,0.0,100,0.0,0.0,0.0,0.2657936050151701,0.25579360501517007,,,99,,,False,0.0,True,False,-0.19048935334762981,0.0456575186498905,100,-0.19048935334762981,0.00456575186498905,0.02353881355590533,0.2657936050151701,0.25579360501517007,-8.092563921933124,1.5199218221024155e-12,99,-0.23719546622365956,-0.14378324047160007,True,0.0020846090092650985,False,True,-0.05429677021391084,0.01809407044878299,100,-0.05429677021391084,0.001809407044878299,0.009328429650925426,0.2657936050151701,0.25579360501517007,-5.820569189641081,7.25867560763491e-08,99,-0.07280639845823329,-0.03578714196958839,True,0.0003273953854055219,False,True,,,,,,
standardized,NR-AR,HT29,20,100,960,0.45749012004264,0.7121392742948757,0.38470112937365775,0.10716656944965264,0.45749012004264,0.7121392742948757,0.21101841480693928,0.054336722830876656,0.45749012004264,0.7121392742948757,0.38470112921257005,0.10716656938355866,0.45749012004264,0.7121392742948757,0.2110184147250678,0.054336722847802436,0.0,0.0,100,0.0,0.0,0.0,0.2668456338651351,0.2568456338651351,,,99,,,False,0.0,True,False,0.0,0.0,100,0.0,0.0,0.0,0.2668456338651351,0.2568456338651351,,,99,,,False,0.0,True,False,-1.610876337876377e-10,6.100071130157685e-10,100,-1.610876337876377e-10,6.100071130157684e-11,3.1511200552962684e-10,0.2668456338651351,0.2568456338651351,,,99,,,False,3.721086779298325e-19,True,False,-6.609396127621459e-11,2.477699822634551e-10,100,-6.609396127621459e-11,2.477699822634551e-11,1.2799079609922381e-10,0.2668456338651351,0.2568456338651351,,,99,,,False,6.138996411083286e-20,True,False,0.0,0.0,100,0.0,0.0,0.0,0.2668456338651351,0.2568456338651351,,,99,,,False,0.0,True,False,0.0,0.0,100,0.0,0.0,0.0,0.2668456338651351,0.2568456338651351,,,99,,,False,0.0,True,False,-8.187146890992203e-11,2.792603925125476e-10,100,-8.187146890992203e-11,2.7926039251254762e-11,1.442578299039358e-10,0.2668456338651351,0.2568456338651351,,,99,,,False,7.798636682626217e-20,True,False,1.6925799754818893e-11,7.648948294410105e-11,100,1.6925799754818893e-11,7.648948294410105e-12,3.951225134618524e-11,0.2668456338651351,0.2568456338651351,,,99,,,False,5.8506410010559265e-21,True,False,0.0,0.0,100,0.0,0.0,0.0,0.2668456338651351,0.2568456338651351,,,99,,,False,0.0,True,False,0.0,0.0,100,0.0,0.0,0.0,0.2668456338651351,0.2568456338651351,,,99,,,False,0.0,True,False,-0.17368271448750228,0.0332644307635533,100,-0.17368271448750228,0.0033264430763553297,0.017183441417401538,0.2668456338651351,0.2568456338651351,-10.107562872220413,6.373959299085428e-17,99,-0.2077783902331668,-0.13958703874183775,True,0.001106522354023231,False,True,-0.05282984653575621,0.013036095647708799,100,-0.05282984653575621,0.0013036095647708799,0.006734069416858379,0.2668456338651351,0.2568456338651351,-7.845159184652825,5.14346628561454e-12,99,-0.0661917012253228,-0.039467991846189626,True,0.0001699397897362123,False,True,,,,,,
standardized,NR-AR,MCF7,20,100,1259,0.45855788479782644,0.7362722685512094,0.37256252066151363,0.10178183795150776,0.45855788479782644,0.7362722685512094,0.19122608971725508,0.04858130985898065,0.45855788479782644,0.7362722685512094,0.3725625206082141,0.10178183794215681,0.45857759860320224,0.7365028510754812,0.19121409480800455,0.04857630860400093,0.0,0.0,100,0.0,0.0,0.0,0.2695075896173618,0.2595075896173618,,,99,,,False,0.0,True,False,0.0,0.0,100,0.0,0.0,0.0,0.2695075896173618,0.2595075896173618,,,99,,,False,0.0,True,False,-5.329952590393816e-11,3.2049549439169946e-10,100,-5.329952590393816e-11,3.204954943916995e-11,1.6638241681248443e-10,0.2695075896173618,0.2595075896173618,,,99,,,False,1.0271736192537987e-19,True,False,-9.350985125111677e-12,1.3918693883198893e-10,100,-9.350985125111677e-12,1.3918693883198893e-11,7.225767499649922e-11,0.2695075896173618,0.2595075896173618,,,99,,,False,1.937300394141983e-20,True,False,1.9713805375805582e-05,0.00019713805375805586,100,1.9713805375805582e-05,1.9713805375805586e-05,0.00010234248656827393,0.2695075896173618,0.2595075896173618,0.19262581980216262,0.8476466200952134,99,-0.00018335589133251323,0.00022278350208412438,False,3.8863412239514124e-08,False,True,0.0002305825242718451,0.0023058252427184513,100,0.0002305825242718451,0.0002305825242718451,0.0011970488925558684,0.2695075896173618,0.2595075896173618,0.19262581980216267,0.8476466200952134,99,-0.002144622180122205,0.0026057872286658953,False,5.316830049957604e-06,False,True,-1.1994909250473696e-05,0.00011994799033664125,100,-1.1994909250473696e-05,1.1994799033664125e-05,6.226994411228695e-05,0.2695075896173618,0.2595075896173618,-0.19262758978623992,0.8476452375618643,99,-0.00013555198792757176,0.00011156216942662437,False,1.4387520385798982e-08,False,True,-5.001254979708023e-06,5.001226483019486e-05,100,-5.001254979708023e-06,5.001226483019485e-06,2.596342737518792e-05,0.2695075896173618,0.2595075896173618,-0.19262691737253063,0.8476457627836955,99,-5.651832769682048e-05,4.651581773740443e-05,False,2.5012266334455453e-09,False,True,1.9713805375805582e-05,0.00019713805375805586,100,1.9713805375805582e-05,1.9713805375805586e-05,0.00010234248656827393,0.2695075896173618,0.2595075896173618,0.19262581980216262,0.8476466200952134,99,-0.00018335589133251323,0.00022278350208412438,False,3.8863412239514124e-08,False,True,0.0002305825242718451,0.0023058252427184513,100,0.0002305825242718451,0.0002305825242718451,0.0011970488925558684,0.2695075896173618,0.2595075896173618,0.19262581980216267,0.8476466200952134,99,-0.002144622180122205,0.0026057872286658953,False,5.316830049957604e-06,False,True,-0.18134842580020952,0.031015184105877187,100,-0.18134842580020952,0.003101518410587719,0.016101260016819913,0.2695075896173618,0.2595075896173618,-11.262995915274141,1.9695015522319205e-19,99,-0.21329681886623256,-0.14940003273418648,True,0.0009619416451214569,False,True,-0.05320552933815588,0.011796013679419182,100,-0.05320552933815588,0.001179601367941918,0.006123796743102424,0.2695075896173618,0.2595075896173618,-8.688323856941244,7.873612950379589e-14,99,-0.06535647064341338,-0.04105458803289839,True,0.00013914593872504444,False,True,,,0.9195154182654453,0.9077105180685876,0.9422480043060276,0.9884878393598033
standardized,NR-AR-LBD,HA1E,20,100,869,0.553857307831608,0.825974831957604,0.1705635534903876,0.042142900125073914,0.553857307831608,0.825974831957604,0.13961864999786483,0.033940516601725174,0.553857307831608,0.825974831957604,0.17056355345536073,0.04214290008403647,0.553857307831608,0.825974831957604,0.13961864995216897,0.033940516561639725,0.0,0.0,100,0.0,0.0,0.0,0.2685402073007554,0.2585402073007554,,,99,,,False,0.0,True,False,0.0,0.0,100,0.0,0.0,0.0,0.2685402073007554,0.2585402073007554,,,99,,,False,0.0,True,False,-3.5026907208024485e-11,2.8323329304860004e-10,100,-3.5026907208024485e-11,2.8323329304860004e-11,1.4677394307233424e-10,0.2685402073007554,0.2585402073007554,,,99,,,False,8.022109829115415e-20,True,False,-4.1037444900582364e-11,8.179565866954194e-11,100,-4.1037444900582364e-11,8.179565866954195e-12,4.2387218041727215e-11,0.2685402073007554,0.2585402073007554,,,99,,,False,6.690529777184212e-21,True,False,0.0,0.0,100,0.0,0.0,0.0,0.2685402073007554,0.2585402073007554,,,99,,,False,0.0,True,False,0.0,0.0,100,0.0,0.0,0.0,0.2685402073007554,0.2585402073007554,,,99,,,False,0.0,True,False,-4.569587430669486e-11,2.5187724155172783e-10,100,-4.569587430669486e-11,2.5187724155172786e-11,1.3052496588523002e-10,0.2685402073007554,0.2585402073007554,,,99,,,False,6.344214481170746e-20,True,False,-4.008544588277041e-11,6.400517825653425e-11,100,-4.008544588277041e-11,6.4005178256534244e-12,3.316803716343896e-11,0.2685402073007554,0.2585402073007554,,,99,,,False,4.096662843650725e-21,True,False,0.0,0.0,100,0.0,0.0,0.0,0.2685402073007554,0.2585402073007554,,,99,,,False,0.0,True,False,0.0,0.0,100,0.0,0.0,0.0,0.2685402073007554,0.2585402073007554,,,99,,,False,0.0,True,False,-0.03094490350319174,0.023010411515957833,100,-0.03094490350319174,0.002301041151595783,0.011924194340157117,0.2685402073007554,0.2585402073007554,-2.5951357903467382,0.010891717268208792,99,-0.05460509204601538,-0.007284714960368099,True,0.0005294790381337248,False,True,-0.008202383522396746,0.00718840746817333,100,-0.008202383522396746,0.0007188407468173329,0.0037250949461417123,0.2685402073007554,0.2585402073007554,-2.201926028997572,0.029992169680924684,99,-0.015593780060510456,-0.0008109869842830375,True,5.16732019284901e-05,False,True,,,,,,
standardized,NR-AR-LBD,HEPG2,20,100,598,0.554404204127764,0.8176311134117804,0.18252270106817453,0.04604759668081506,0.554404204127764,0.8176311134117804,0.1458896537751627,0.035393570835145605,0.5545250915862776,0.8177237060043729,0.1825237560475494,0.04605062108733296,0.5542381566895949,0.8172072717460408,0.14598957219840528,0.035404250351293555,0.00012088745851354554,0.0012088745851354557,100,0.00012088745851354554,0.00012088745851354557,0.0006237468679220825,0.266228325901189,0.256228325901189,0.19380852190290535,0.8467229185989613,99,-0.0011167616502678979,0.001358536567294989,False,1.46137776258642e-06,False,True,9.259259259259301e-05,0.0009259259259259304,100,9.259259259259301e-05,9.259259259259305e-05,0.0004777529475147655,0.266228325901189,0.256228325901189,0.19380852190290532,0.8467229185989613,99,-0.0008553729044994427,0.0010405580896846287,False,8.573388203017916e-07,False,True,1.054979374879722e-06,1.0550231005158067e-05,100,1.054979374879722e-06,1.0550231005158069e-06,5.443636276449983e-06,0.266228325901189,0.256228325901189,0.19380048947129824,0.8467291912842692,99,-9.74637600269994e-06,1.1856334752459383e-05,False,1.1130737426219861e-10,False,True,3.024406517898315e-06,3.0243812822798328e-05,100,3.024406517898315e-06,3.024381282279833e-06,1.5604996377790826e-05,0.266228325901189,0.256228325901189,0.19381013905281502,0.8467216557356843,99,-2.7939291823145833e-05,3.398810485894246e-05,False,9.146882140604606e-10,False,True,-0.00016604743816904798,0.0011583389474655844,100,-0.00016604743816904798,0.00011583389474655845,0.0005976718340826579,0.266228325901189,0.256228325901189,-0.27782376330968883,0.7817270184969929,99,-0.0013519580227951426,0.0010198631464570466,False,1.3417491172156779e-06,False,True,-0.00042384166573981586,0.005091416577828071,100,-0.00042384166573981586,0.0005091416577828071,0.0026270344192495204,0.266228325901189,0.256228325901189,-0.16133845169066993,0.8721556346437371,99,-0.005636447892611482,0.00478876456113185,False,2.59225227689825e-05,False,True,9.991842324260744e-05,0.0007700950256569526,100,9.991842324260744e-05,7.700950256569526e-05,0.0003973483818439916,0.266228325901189,0.256228325901189,0.25146301786586306,0.8019773878772112,99,-0.0006885069716667855,0.0008883438181520005,False,5.930463485415825e-07,False,True,1.0679516147951516e-05,9.177916864421832e-05,100,1.0679516147951516e-05,9.177916864421832e-06,4.7355589807448225e-05,0.266228325901189,0.256228325901189,0.2255175406192874,0.8220415705581849,99,-8.328424789667905e-05,0.00010464328019258208,False,8.423415797023868e-09,False,True,-0.00028693489668259355,0.0016620996534498686,100,-0.00028693489668259355,0.00016620996534498687,0.0008575988491788565,0.266228325901189,0.256228325901189,-0.33457938633818274,0.7386502007305138,99,-0.0019885970708176186,0.0014147272774524314,False,2.7625752579981736e-06,False,True,-0.0005164342583324088,0.005167260354554407,100,-0.0005164342583324088,0.0005167260354554407,0.002666167774161712,0.266228325901189,0.256228325901189,-0.19369908500780092,0.8468083808907553,99,-0.005806689551390251,0.004773821034725433,False,2.670057957174973e-05,False,True,-0.03653418384914411,0.023377391175557267,100,-0.03653418384914411,0.002337739117555727,0.012062106942474348,0.266228325901189,0.256228325901189,-3.0288393249521053,0.003131012303209183,99,-0.060468020915312275,-0.01260034678297594,True,0.0005465024181750229,False,True,-0.010646370736039405,0.008080236740127011,100,-0.010646370736039405,0.0008080236740127012,0.004169185472749782,0.266228325901189,0.256228325901189,-2.5535852999645043,0.012187473734766379,99,-0.018918939225053263,-0.002373802247025547,True,6.529022577649839e-05,False,True,0.9151934799884585,0.9374705761197741,0.8547756967435856,0.8964361968407615,0.8547756967435856,0.8964361968407615
standardized,NR-AR-LBD,HT29,20,100,862,0.5606883996491119,0.8348215871205419,0.16529115075951065,0.04031566977719009,0.5606883996491119,0.8348215871205419,0.13124555353706252,0.03174107217500513,0.5607326430306735,0.8349229384718933,0.16526986514750344,0.040312191789091074,0.5610856754326384,0.8346530744623141,0.13124568771843217,0.03172886445510062,4.4243381561536175e-05,0.00044243381561536176,100,4.4243381561536175e-05,4.4243381561536175e-05,0.00022854347273428772,0.2668339088833951,0.2568339088833951,0.1935884715157672,0.8468947638784075,99,-0.00040923645119449994,0.0004977232143175723,False,1.9574768119996793e-07,False,True,0.00010135135135135198,0.0010135135135135199,100,0.00010135135135135198,0.000101351351351352,0.0005235402219862934,0.2668339088833951,0.2568339088833951,0.1935884715157672,0.8468947638784075,99,-0.0009374660319104701,0.001140168734613174,False,1.02720964207452e-06,False,True,-2.1285612007202888e-05,0.00021285373565184564,100,-2.1285612007202888e-05,2.1285373565184564e-05,0.00010995165878692798,0.2668339088833951,0.2568339088833951,-0.1935906401235077,0.8468930702983739,99,-0.000239453557218724,0.0001968823332043182,False,4.530671278094578e-08,False,True,-3.4779880990129174e-06,3.477903841278291e-05,100,-3.4779880990129174e-06,3.4779038412782914e-06,1.7965449151216767e-05,0.2668339088833951,0.2568339088833951,-0.1935931615034161,0.8468911012208717,99,-3.9125336846324504e-05,3.216936064829867e-05,False,1.2095815129178293e-09,False,True,0.0003972757835264468,0.0026326351294564867,100,0.0003972757835264468,0.00026326351294564865,0.0013599131750167606,0.2668339088833951,0.2568339088833951,0.29213319704881197,0.7707961052739081,99,-0.0023010869909218037,0.003095638557974697,False,6.930767724848373e-06,False,True,-0.00016851265822784734,0.001886496511968925,100,-0.00016851265822784734,0.00018864965119689251,0.000974488045283872,0.2668339088833951,0.2568339088833951,-0.17292429501149906,0.8630639850202282,99,-0.0021021083567226667,0.0017650830402669722,False,3.5588690896709207e-06,False,True,1.3418136960652304e-07,0.00022640729834797648,100,1.3418136960652304e-07,2.264072983479765e-05,0.00011695288287326359,0.2668339088833951,0.2568339088833951,0.001147311347185252,0.9990868869082108,99,-0.0002319257113553326,0.00023219407409454565,False,5.1260264745229634e-08,False,True,-1.2207719904512512e-05,8.562293963828775e-05,100,-1.2207719904512512e-05,8.562293963828776e-06,4.422935878767658e-05,0.2668339088833951,0.2568339088833951,-0.2760094253935667,0.7831161659715272,99,-9.996836336537989e-05,7.555292355635487e-05,False,7.331287792301869e-09,False,True,0.0003530324019649106,0.0026761958339319722,100,0.0003530324019649106,0.0002676195833931972,0.001382414878829189,0.2668339088833951,0.2568339088833951,0.2553736995827945,0.7989642853629766,99,-0.0023899786346257878,0.003096043438555609,False,7.162024141554844e-06,False,True,-0.00026986400957919933,0.0021334422257165263,100,-0.00026986400957919933,0.00021334422257165262,0.0011020502455606008,0.2668339088833951,0.2568339088833951,-0.24487450610014835,0.8070604505755649,99,-0.0024565707882348497,0.0019168427690764512,False,4.551575730470285e-06,False,True,-0.034024177429071295,0.02190509455001014,100,-0.034024177429071295,0.002190509455001014,0.011315288755831742,0.2668339088833951,0.2568339088833951,-3.0069208274986097,0.0033451354455618855,99,-0.05647616518960823,-0.01157218966853436,True,0.00047983316724488405,False,True,-0.00858332733399046,0.00728877610582645,100,-0.00858332733399046,0.000728877610582645,0.0037650878943133763,0.2668339088833951,0.2568339088833951,-2.2797149960175807,0.02477031268101905,99,-0.016054078557807192,-0.0011125761101737274,True,5.312625712086659e-05,False,True,0.9533106715611323,0.8938692996895801,0.907477402149763,0.9552595559028173,0.9538609038942543,0.9165243885373127
standardized,NR-AR-LBD,MCF7,20,100,1145,0.5814481912031496,0.8339291142984898,0.14855616888791853,0.034438656777986604,0.5814481912031496,0.8339291142984898,0.11365092616452867,0.02667934593952661,0.582233638636896,0.8339424667994304,0.14853105446126408,0.034425087178839894,0.5845693123225536,0.8359895974518426,0.11286798784466842,0.02648616226056587,0.0007854474337464179,0.007756968897822623,100,0.0007854474337464179,0.0007756968897822623,0.0040201951371782,0.2686025724202408,0.2586025724202408,0.1953754499334399,0.8454994624459053,99,-0.0071914919058153415,0.008762386773308177,False,6.017056648178752e-05,False,True,1.3352500940586598e-05,0.000458709060525455,100,1.3352500940586598e-05,4.5870906052545504e-05,0.00023773460468839224,0.2686025724202408,0.2586025724202408,0.0561655757187231,0.9553231030851774,99,-0.0004583645316423368,0.00048506953352351,False,2.1041400220814554e-07,False,True,-2.511442665441288e-05,0.00029833146718196546,100,-2.511442665441288e-05,2.9833146718196546e-05,0.00015461589822396123,0.2686025724202408,0.2586025724202408,-0.16243107560669226,0.8712974778810199,99,-0.00033190591288313797,0.0002816770595743122,False,8.900166431094414e-08,False,True,-1.3569599146702246e-05,0.000151750374307541,100,-1.3569599146702246e-05,1.5175037430754098e-05,7.864748781284828e-05,0.2686025724202408,0.2586025724202408,-0.1725369687458147,0.8633676376800028,99,-0.00016962327765852834,0.00014248407936512383,False,2.3028176102478793e-08,False,True,0.0031211211194038697,0.01122262729947832,100,0.0031211211194038697,0.0011222627299478317,0.005816337836340999,0.2686025724202408,0.2586025724202408,0.5366127634304229,0.5927389678198695,99,-0.008419755011165275,0.014661997249973014,False,0.00012594736350299602,False,True,0.0020604831533527555,0.008632399460379414,100,0.0020604831533527555,0.0008632399460379414,0.0044739035040527765,0.2686025724202408,0.2586025724202408,0.46055601143078406,0.6461272409688925,99,-0.006816712018802858,0.01093767832550837,False,7.45183204435588e-05,False,True,-0.0007829383198602137,0.00371888961541567,100,-0.0007829383198602137,0.000371888961541567,0.0019273845421493474,0.2686025724202408,0.2586025724202408,-0.40621801344692227,0.6854591545345794,99,-0.00460728740046875,0.0030414107607483224,False,1.383013997164651e-05,False,True,-0.00019318367896073563,0.0010874083845254711,100,-0.00019318367896073563,0.0001087408384525471,0.0005635698630715414,0.2686025724202408,0.2586025724202408,-0.342785680390813,0.7324864612493056,99,-0.0013114285546267153,0.000925061196705244,False,1.1824569947362948e-06,False,True,0.0023356736856574517,0.01381743951892984,100,0.0023356736856574517,0.0013817439518929839,0.00716114811003666,0.2686025724202408,0.2586025724202408,0.32615910881439575,0.7449924329496842,99,-0.011873597786541654,0.01654494515785656,False,0.00019092163485928408,False,True,0.002047130652412169,0.008673851262600372,100,0.002047130652412169,0.0008673851262600372,0.004495386680782124,0.2686025724202408,0.2586025724202408,0.45538477505476826,0.6498296314682303,99,-0.006872691803182073,0.010966953108006411,False,7.523569572571407e-05,False,True,-0.03566306661659563,0.019603313168440394,100,-0.03566306661659563,0.0019603313168440393,0.01015978603375181,0.2686025724202408,0.2586025724202408,-3.5102182760659932,0.0006756216860937968,99,-0.05582228628846714,-0.015503846944724124,True,0.00038428988717994854,False,True,-0.007938924918274025,0.006544664153021634,100,-0.007938924918274025,0.0006544664153021634,0.0033918953845267436,0.2686025724202408,0.2586025724202408,-2.340557127584201,0.021261037638849258,99,-0.01466918123799605,-0.0012086685985519983,True,4.2832628875846376e-05,False,True,0.9496676923390279,0.9824610937734007,0.9195154182654453,0.9077105180685876,0.9422480043060276,0.9884878393598033
standardized,NR-AhR,HA1E,20,100,849,0.5260950641790935,0.8183783099187042,0.37253616336766604,0.11189827799815827,0.5260950641790935,0.8183783099187042,0.2909840915824986,0.08479209041190577,0.5261682416518427,0.8183806616640839,0.3725449098551673,0.1118995836555477,0.5255419587493436,0.8180766900178368,0.2910333224311905,0.08480246910327205,7.317747274935116e-05,0.0010519009690855097,100,7.317747274935116e-05,0.00010519009690855098,0.0005463405973501407,0.2697598030743203,0.2597598030743203,0.13394112226745786,0.8937210410409311,99,-0.0010108808018101777,0.00115723574730888,False,1.1064956487630346e-06,False,True,2.351745379632897e-06,5.950732248957531e-05,100,2.351745379632897e-06,5.9507322489575315e-06,3.0907154828392566e-05,0.2697598030743203,0.2597598030743203,0.07609064608795657,0.9395005384777513,99,-5.897475515376707e-05,6.367824591303287e-05,False,3.5411214298783158e-09,False,True,8.746487501268829e-06,0.00014989291735055684,100,8.746487501268829e-06,1.4989291735055684e-05,7.785199216524476e-05,0.2697598030743203,0.2597598030743203,0.11234763887228436,0.9107752567042009,99,-0.000145728755061731,0.00016322173006426866,False,2.2467886671860862e-08,False,True,1.305657389422815e-06,5.64565418403115e-05,100,1.305657389422815e-06,5.64565418403115e-06,2.9322627984813295e-05,0.2697598030743203,0.2597598030743203,0.04452729782947961,0.9645737831420012,99,-5.687679812082661e-05,5.948811289967224e-05,False,3.187341116566843e-09,False,True,-0.0005531054297498178,0.005017052029880709,100,-0.0005531054297498178,0.0005017052029880709,0.002605776858751941,0.2697598030743203,0.2597598030743203,-0.2122612409777606,0.8323396445070569,99,-0.005723532044734465,0.004617321185234829,False,2.5170811070530143e-05,False,True,-0.00030161990086737813,0.0022078448479665924,100,-0.00030161990086737813,0.00022078448479665924,0.0011467194237335498,0.2697598030743203,0.2597598030743203,-0.2630285095244555,0.7930752339895527,99,-0.0025769600200637554,0.0019737202183289994,False,4.874578872692625e-06,False,True,4.9230848691958204e-05,0.0004414018597349054,100,4.9230848691958204e-05,4.414018597349054e-05,0.0002292570905497735,0.2697598030743203,0.2597598030743203,0.21474078980021688,0.8304111424807183,99,-0.0004056649566304634,0.0005041266540143798,False,1.9483560177743312e-07,False,True,1.0378691366262974e-05,0.00017322616561627992,100,1.0378691366262974e-05,1.7322616561627994e-05,8.997090941151074e-05,0.2697598030743203,0.2597598030743203,0.11535607936108223,0.9083965457235774,99,-0.00016814311223070871,0.00018890049496323466,False,3.0007304454118844e-08,False,True,-0.000626282902499169,0.0051181578063183965,100,-0.000626282902499169,0.0005118157806318397,0.0026582895875333756,0.2697598030743203,0.2597598030743203,-0.23559619141430574,0.8142327080604093,99,-0.005900906164101917,0.004648340359103579,False,2.619553933037794e-05,False,True,-0.00030397164624701103,0.0022083222132972717,100,-0.00030397164624701103,0.00022083222132972719,0.0011469673596776952,0.2697598030743203,0.2597598030743203,-0.26502205462274786,0.7915434953744449,99,-0.00257980372414665,0.0019718604316526283,False,4.876686997742161e-06,False,True,-0.08151158742397682,0.033125718449130016,100,-0.08151158742397682,0.0033125718449130014,0.017204970179734737,0.2697598030743203,0.2597598030743203,-4.7376767627291265,7.234828655430951e-06,99,-0.11564998090480788,-0.04737319394314577,True,0.0010973132227710327,False,True,-0.027097114552275654,0.012069701888193621,100,-0.027097114552275654,0.0012069701888193622,0.006268810784694485,0.2697598030743203,0.2597598030743203,-4.322528703280402,3.678081221459651e-05,99,-0.0395357951770669,-0.014658433927484409,True,0.00014567770366986468,False,True,0.9122335307647836,0.9864927236033054,0.9972165182884257,0.9103724523232923,0.9944839159520431,0.9600985593353303
standardized,NR-AhR,HEPG2,20,100,585,0.4767965961319724,0.7817274239015526,0.3797896595096069,0.11518834853660867,0.4767965961319724,0.7817274239015526,0.284157932552807,0.08075951236947851,0.4773377694290099,0.7821795527024069,0.3797246289614666,0.1151680677204803,0.48206460590833844,0.7838046821291786,0.28298801989942834,0.0803677220367727,0.0005411732970375965,0.004398428422221793,100,0.0005411732970375965,0.0004398428422221794,0.0022785321639452816,0.2683584465719551,0.2583584465719551,0.23750961500607223,0.8127522905937834,99,-0.003979928847220392,0.005062275441295585,False,1.9346172585408496e-05,False,True,0.0004521288008541469,0.0020094028383016763,100,0.0004521288008541469,0.00020094028383016766,0.0010409374799102817,0.2683584465719551,0.2583584465719551,0.4343477005872781,0.6649811722084983,99,-0.001613316992244563,0.002517574593952857,False,4.0376997665748335e-06,False,True,-6.5030548140243e-05,0.00045205455380618507,100,-6.5030548140243e-05,4.520545538061851e-05,0.00023417928901637729,0.2683584465719551,0.2583584465719551,-0.2776955571664371,0.7818251563556752,99,-0.0005296930630987899,0.0003996319668183039,False,2.0435331961690905e-07,False,True,-2.0280816128351862e-05,0.00019553994103847143,100,-2.0280816128351862e-05,1.9553994103847144e-05,0.00010129619087152541,0.2683584465719551,0.2583584465719551,-0.2002130184152151,0.841724691355847,99,-0.00022127443517889168,0.00018071280292218794,False,3.8235868541328887e-08,False,True,0.005268009776365984,0.01832543192266652,100,0.005268009776365984,0.0018325431922666519,0.009493183029426996,0.2683584465719551,0.2583584465719551,0.5549255460509075,0.5801972250723302,99,-0.01356852491439761,0.024104544467129577,False,0.0003358214551522851,False,True,0.0020772582276259253,0.007838767407652351,100,0.0020772582276259253,0.0007838767407652352,0.004060742144577114,0.2683584465719551,0.2583584465719551,0.5115464498035127,0.6101075777395965,99,-0.005980135171349706,0.010134651626601557,False,6.144627447127277e-05,False,True,-0.001169912653378735,0.0034535591525125765,100,-0.001169912653378735,0.00034535591525125764,0.0017890584667313047,0.2683584465719551,0.2583584465719551,-0.6539264507750947,0.514675309024103,99,-0.004719792790307122,0.0023799674835496528,False,1.1927070819903384e-05,False,True,-0.0003917903327058282,0.0011443861175668886,100,-0.0003917903327058282,0.00011443861175668885,0.000592830058044113,0.2683584465719551,0.2583584465719551,-0.6608813561148325,0.5102234048940903,99,-0.0015680937832408333,0.000784513117829177,False,1.3096195860798164e-06,False,True,0.004726836479328387,0.0169952371902073,100,0.004726836479328387,0.0016995237190207302,0.008804097931007249,0.2683584465719551,0.2583584465719551,0.5368904930828733,0.5925478219800095,99,-0.012742403878118716,0.02219607683677549,False,0.00028883808715140537,False,True,0.0016251294267717786,0.008021693941302806,100,0.0016251294267717786,0.0008021693941302805,0.004155504171044522,0.2683584465719551,0.2583584465719551,0.39107876201777175,0.6965794030804445,99,-0.006620292391479798,0.009870551245023356,False,6.434757368793414e-05,False,True,-0.09673660906203835,0.03915892382396726,100,-0.09673660906203835,0.003915892382396726,0.020285624517068328,0.2683584465719551,0.2583584465719551,-4.7687271831658,6.3846462066268196e-06,99,-0.13698768910074546,-0.05648552902333124,True,0.001533421315051271,False,True,-0.03480034568370763,0.014342383513889256,100,-0.03480034568370763,0.0014342383513889256,0.007429831523216574,0.2683584465719551,0.2583584465719551,-4.683867403313827,8.97519006031534e-06,99,-0.04954274333892753,-0.020057948028487725,True,0.0002057039648594823,False,True,0.9151934799884585,0.9374705761197741,0.8547756967435856,0.8964361968407615,0.8547756967435856,0.8964361968407615
standardized,NR-AhR,HT29,20,100,841,0.4786615930379755,0.804727946887287,0.3711915175345091,0.11150747237035613,0.4786615930379755,0.804727946887287,0.2828839095496066,0.0817856456973791,0.47861063986963936,0.8047731957560653,0.3711754291268657,0.11149905697285983,0.4787694530267092,0.8047464997629826,0.2828938720119373,0.0817837732224971,-5.09531683361919e-05,0.0005095316833619189,100,-5.09531683361919e-05,5.0953168336191894e-05,0.00026376029022191137,0.267963989860489,0.257963989860489,-0.1931798311767215,0.8472139054521463,99,-0.0005743108073293584,0.00047240447065697455,False,2.5962253634963083e-07,False,True,4.524886877828149e-05,0.000452488687782815,100,4.524886877828149e-05,4.5248868778281504e-05,0.00023423184761398673,0.267963989860489,0.257963989860489,0.1931798311767214,0.8472139054521464,99,-0.0004195179338405896,0.0005100156713971526,False,2.0474601257141384e-07,False,True,-1.6088407643370383e-05,0.00016088377629472253,100,-1.6088407643370383e-05,1.608837762947225e-05,8.32818702215065e-05,0.267963989860489,0.257963989860489,-0.19318019156606012,0.8472136239826172,99,-0.00018133770629022975,0.000149160891003489,False,2.588358947485032e-08,False,True,-8.415397496261966e-06,8.415380584670275e-05,100,-8.415397496261966e-06,8.415380584670276e-06,4.3562418154159486e-05,0.267963989860489,0.257963989860489,-0.19318021939189425,0.8472136022502204,99,-9.485268604645479e-05,7.802189105393087e-05,False,7.0818630384845436e-09,False,True,0.00010785998873370228,0.0010785998873370228,100,0.00010785998873370228,0.00010785998873370228,0.0005583398022282753,0.267963989860489,0.257963989860489,0.1931798311767215,0.8472139054521463,99,-0.001000007311549647,0.0012157272890170514,False,1.1633777169634381e-06,False,True,1.8552875695733162e-05,0.00018552875695733163,100,1.8552875695733162e-05,1.8552875695733162e-05,9.603940319608697e-05,0.267963989860489,0.257963989860489,0.19317983117672144,0.8472139054521463,99,-0.00017201013613871976,0.00020911588753018607,False,3.4420919658132634e-08,False,True,9.962462330670718e-06,9.962530612143295e-05,100,9.962462330670718e-06,9.962530612143295e-06,5.15712771434692e-05,0.267963989860489,0.257963989860489,0.19317850715535997,0.8472149395330425,99,-9.236613998835315e-05,0.00011229106464969459,False,9.925201619789225e-09,False,True,-1.8724748820034275e-06,1.8724615945112035e-05,100,-1.8724748820034275e-06,1.8724615945112035e-06,9.692842068995653e-06,0.267963989860489,0.257963989860489,-0.19318120203287792,0.8472128347928416,99,-2.1105176423601092e-05,1.736022665959424e-05,False,3.506112422919439e-10,False,True,0.00015881315706989417,0.0011882329782328732,100,0.00015881315706989417,0.00011882329782328732,0.0006150916330110437,0.267963989860489,0.257963989860489,0.25819430560688955,0.7967929465476322,99,-0.0010616620878817762,0.0013792884020215647,False,1.4118976105601638e-06,False,True,-2.6695993082548332e-05,0.0004907778367379838,100,-2.6695993082548332e-05,4.907778367379837e-05,0.0002540523168223596,0.267963989860489,0.257963989860489,-0.10508069131766631,0.9165243885373127,99,-0.0005307909066915287,0.00047739892052643196,False,2.40862885033215e-07,False,True,-0.08828155711492838,0.03304163219723256,100,-0.08828155711492838,0.003304163219723256,0.017104079652604097,0.267963989860489,0.257963989860489,-5.161432763877916,1.265078998811007e-06,99,-0.12221976190158018,-0.05434335232827659,True,0.0010917494582571954,False,True,-0.029715283750362777,0.011881585499817314,100,-0.029715283750362777,0.0011881585499817315,0.006150531050494607,0.267963989860489,0.257963989860489,-4.83133627103194,4.95530195027448e-06,99,-0.04191927172153468,-0.017511295779190875,True,0.00014117207398946908,False,True,0.9533106715611323,0.8938692996895801,0.907477402149763,0.9552595559028173,0.9538609038942543,0.9165243885373127
standardized,NR-AhR,MCF7,20,100,1111,0.4727375450873674,0.8129329963416879,0.3565195928420007,0.10565549679228202,0.4727375450873674,0.8129329963416879,0.26345632446362943,0.07550967591426894,0.47079764172769456,0.8128378027003778,0.3564470595285907,0.10563264211256355,0.47224192255378283,0.8129408459182877,0.2634624235716223,0.07551374232295775,-0.00193990335967279,0.019117192381745807,100,-0.00193990335967279,0.0019117192381745804,0.00993744337491228,0.27020981043118836,0.26020981043118835,-0.19521151331238795,0.8456274463678619,99,-0.021657946958831394,0.01777814023948581,False,0.00036546704456067987,False,True,-9.519364131014729e-05,0.0008813979900807916,100,-9.519364131014729e-05,8.813979900807916e-05,0.00045816574119706034,0.27020981043118836,0.26020981043118835,-0.2077711900969126,0.8358344420823127,99,-0.0010042938715938946,0.0008139065889735999,False,7.768624169184592e-07,False,True,-7.25333134099787e-05,0.0007354328838300099,100,-7.25333134099787e-05,7.354328838300099e-05,0.0003822905839503698,0.27020981043118836,0.26020981043118835,-0.18973345526970975,0.8499064768524431,99,-0.0008310807704864557,0.0006860141436664983,False,5.408615266185248e-07,False,True,-2.285467971847102e-05,0.0002338481200403656,100,-2.285467971847102e-05,2.338481200403656e-05,0.00012155825002052971,0.27020981043118836,0.26020981043118835,-0.18801422128577158,0.8512503402053677,99,-0.00026405262000493674,0.00021834326056799472,False,5.4684943246413235e-08,False,True,-0.0004956225335845071,0.00495171113605206,100,-0.0004956225335845071,0.0004951711136052061,0.002573984089338658,0.27020981043118836,0.26020981043118835,-0.19255073706063544,0.8477052676114059,99,-0.005602965396563912,0.004611720329394898,False,2.451944317490199e-05,False,True,7.849576599771036e-06,5.6782420253289504e-05,100,7.849576599771036e-06,5.678242025328951e-06,2.9516472643563295e-05,0.27020981043118836,0.26020981043118835,0.2659388435251529,0.7908393552213286,99,-5.071750876832956e-05,6.641666196787163e-05,False,3.2242432498211824e-09,False,True,6.0991079929118004e-06,6.866095402925056e-05,100,6.0991079929118004e-06,6.866095402925056e-06,3.569113754301315e-05,0.27020981043118836,0.26020981043118835,0.17088578321611256,0.8646623490175505,99,-6.471985213856284e-05,7.691806812438643e-05,False,4.714326608206859e-09,False,True,4.066408688828058e-06,4.243506744887118e-05,100,4.066408688828058e-06,4.243506744887118e-06,2.205847341298926e-05,0.27020981043118836,0.26020981043118835,0.184346786502167,0.854118503185568,99,-3.9702388181628816e-05,4.783520555928493e-05,False,1.8007349493902463e-09,False,True,0.001444280826088283,0.019726052631201526,100,0.001444280826088283,0.001972605263120153,0.01025393933997766,0.27020981043118836,0.26020981043118835,0.14085131364658818,0.888273602490802,99,-0.018901759432037143,0.02179032108421371,False,0.00038911715240893266,False,True,0.00010304321790991832,0.0008864073460650767,100,0.00010304321790991832,8.864073460650767e-05,0.0004607696900638481,0.27020981043118836,0.26020981043118835,0.22363280426635657,0.8235038639301699,99,-0.000811223811856171,0.0010173102476760075,False,7.857179831581326e-07,False,True,-0.09298463595696839,0.03222379640379749,100,-0.09298463595696839,0.0032223796403797484,0.016750480179987412,0.27020981043118836,0.26020981043118835,-5.551162411932615,2.3808027759837808e-07,99,-0.12622122267600963,-0.059748049237927155,True,0.0010383730546733917,False,True,-0.030118899789605788,0.012293638694501705,100,-0.030118899789605788,0.0012293638694501705,0.0063904435315979575,0.27020981043118836,0.26020981043118835,-4.713115707960013,7.984227380319693e-06,99,-0.04279892617266147,-0.017438873406550107,True,0.0001511335523509496,False,True,0.9496676923390279,0.9824610937734007,0.9195154182654453,0.9077105180685876,0.9422480043060276,0.9884878393598033
standardized,NR-Aromatase,HA1E,20,100,759,0.38398484509695224,0.7476790793441569,0.4918997861515048,0.1546829524372203,0.38398484509695224,0.7476790793441569,0.2562890269820713,0.06949813211489828,0.39351680634944164,0.7584072384306022,0.49053200864675456,0.15412674362593384,0.3840930230327541,0.7558286243081781,0.254466372437517,0.06908651418643595,0.00953196125248942,0.03479054520216624,100,0.00953196125248942,0.003479054520216624,0.018089061778715866,0.2703395675471746,0.2603395675471746,0.5269461384506416,0.5994097729325227,99,-0.026360661765726403,0.04542458427070524,False,0.0012103820354639726,False,True,0.010728159086445234,0.025097697948543194,100,0.010728159086445234,0.0025097697948543198,0.013049344471511194,0.2703395675471746,0.2603395675471746,0.8221224529604932,0.4129828630988388,99,-0.015164571420003388,0.036620889592893856,False,0.0006298944423163093,False,True,-0.0013677775047503187,0.003735808011048499,100,-0.0013677775047503187,0.0003735808011048499,0.0019424030728058333,0.2703395675471746,0.2603395675471746,-0.7041677002572599,0.4829814332253799,99,-0.005221926608474207,0.0024863715989735698,False,1.3956261495414142e-05,False,True,-0.0005562088112864303,0.0016265004971342653,100,-0.0005562088112864303,0.00016265004971342651,0.0008456857403298709,0.2703395675471746,0.2603395675471746,-0.6577015370620696,0.5122562983599281,99,-0.00223423279289813,0.0011218151703252695,False,2.645503867178012e-06,False,True,0.0001081779358019952,0.05948918144875815,100,0.0001081779358019952,0.0059489181448758146,0.03093091735523651,0.2703395675471746,0.2603395675471746,0.0034974047022139484,0.9972165182884258,99,-0.0612654726061724,0.06148182847777638,False,0.0035389627094432707,False,True,0.008149544964021142,0.024342807694847184,100,0.008149544964021142,0.0024342807694847186,0.012656845407299708,0.2703395675471746,0.2603395675471746,0.6438843725878942,0.5211393220439058,99,-0.016964382245767757,0.03326347217381004,False,0.0005925722864683113,False,True,-0.0018226545445542569,0.006538659251588555,100,-0.0018226545445542569,0.0006538659251588556,0.0033997228403478083,0.2703395675471746,0.2603395675471746,-0.5361185691148254,0.5930791651703022,99,-0.008568442234803625,0.004923133145695111,False,4.27540648083846e-05,False,True,-0.0004116179284623259,0.001803929023783938,100,-0.0004116179284623259,0.0001803929023783938,0.0009379382635720942,0.2703395675471746,0.2603395675471746,-0.43885396773845026,0.661723634606918,99,-0.002272690930510694,0.0014494550735860423,False,3.2541599228500715e-06,False,True,-0.009423783316687424,0.05942699400014446,100,-0.009423783316687424,0.005942699400014446,0.030898583495755524,0.2703395675471746,0.2603395675471746,-0.3049907876191784,0.761013440754791,99,-0.07073327646657195,0.0518857098331971,False,0.0035315676158932056,False,True,-0.0025786141224240933,0.03429004031475564,100,-0.0025786141224240933,0.0034290040314755637,0.017828828322289436,0.2703395675471746,0.2603395675471746,-0.14463172093032797,0.8852956821534135,99,-0.037954877505048897,0.03279764926020071,False,0.0011758068647875668,False,True,-0.23606563620923754,0.044047838552822,100,-0.23606563620923754,0.0044047838552822,0.022902316367013637,0.2703395675471746,0.2603395675471746,-10.307500447825639,2.3365909863934804e-17,99,-0.28150880057348077,-0.19062247184499434,True,0.0019402120811754721,False,True,-0.0850402294394979,0.01606427497224117,100,-0.0850402294394979,0.0016064274972241168,0.008352489468462142,0.2703395675471746,0.2603395675471746,-10.181423126673572,4.399113912533356e-17,99,-0.10161338063011824,-0.06846707824887757,True,0.000258060930383774,False,True,0.9122335307647836,0.9864927236033054,0.9972165182884257,0.9103724523232923,0.9944839159520431,0.9600985593353303
standardized,NR-Aromatase,HEPG2,20,100,512,0.3462324266702403,0.7172167001569957,0.5073252430877948,0.1617786583258159,0.3462324266702403,0.7172167001569957,0.28206171794415963,0.07762018358041776,0.3493381249059604,0.7194365488326443,0.5069232981571813,0.16161555589937762,0.3564462067456475,0.7245100890104914,0.2801783401173529,0.07711894415618978,0.0031056982357201115,0.029627560356626403,100,0.0031056982357201115,0.0029627560356626404,0.015380722285533412,0.2695018049439395,0.2595018049439395,0.20192148184362096,0.8403924487752598,99,-0.027412991649682656,0.03362438812112288,False,0.0008777923326855404,False,True,0.0022198486756484824,0.015546845779619466,100,0.0022198486756484824,0.0015546845779619465,0.00807092161737384,0.2695018049439395,0.2595018049439395,0.2750427746528889,0.7838565689644694,99,-0.013794610811842564,0.018234308163139527,False,0.0002417044136952716,False,True,-0.00040194493061342264,0.0033843054214370083,100,-0.00040194493061342264,0.00033843054214370083,0.0017569135355724869,0.2695018049439395,0.2595018049439395,-0.2287790050421859,0.8195126125844364,99,-0.0038880425502314042,0.003084152689004559,False,1.1453523185567927e-05,False,True,-0.00016310242643827465,0.0014993456383004236,100,-0.00016310242643827465,0.00014993456383004237,0.0007783637462936395,0.2695018049439395,0.2595018049439395,-0.2095452508096952,0.8344532178436461,99,-0.001707544966273918,0.0013813401133973685,False,2.248037343090505e-06,False,True,0.010213780075407207,0.0393886451153503,100,0.010213780075407207,0.00393886451153503,0.020448049195759654,0.2695018049439395,0.2595018049439395,0.4994989975633106,0.6185361817695908,99,-0.030359585764102588,0.050787145914917,False,0.001551465364023009,False,True,0.007293388853495549,0.030010540011865577,100,0.007293388853495549,0.0030010540011865578,0.01557954067109534,0.2695018049439395,0.2595018049439395,0.46813888852493224,0.6407142900178913,99,-0.023619799842810783,0.03820657754980188,False,0.0009006325118037846,False,True,-0.0018833778268066655,0.006834736344609348,100,-0.0018833778268066655,0.0006834736344609348,0.003548155175313538,0.2695018049439395,0.2595018049439395,-0.5308048080620482,0.5967428180195992,99,-0.00892368747224705,0.005156931818633718,False,4.671362090032395e-05,False,True,-0.0005012394242279761,0.0020136370364144344,100,-0.0005012394242279761,0.00020136370364144345,0.0010453507365491886,0.2695018049439395,0.2595018049439395,-0.47949401736934677,0.6326447837569531,99,-0.0025754420759609635,0.001572963227505011,False,4.054734114419907e-06,False,True,0.007108081839687095,0.03645455411998445,100,0.007108081839687095,0.0036454554119984455,0.01892485801103178,0.2695018049439395,0.2595018049439395,0.3755949891694624,0.7080215854679723,99,-0.03044294223069706,0.044659105910071245,False,0.0013289345160868754,False,True,0.005073540177847067,0.02665618494806907,100,0.005073540177847067,0.002665618494806907,0.013838175433380527,0.2695018049439395,0.2595018049439395,0.36663360731853734,0.714674764718748,99,-0.02238440209501759,0.03253148245071172,False,0.0007105521959856641,False,True,-0.2267449580398284,0.05330467208411546,100,-0.2267449580398284,0.005330467208411546,0.0276723546582477,0.2695018049439395,0.2595018049439395,-8.193916305284395,9.20614548153654e-13,99,-0.2816529132408837,-0.17183700283877304,True,0.002841388065995078,False,True,-0.08449661174318783,0.019884132201080533,100,-0.08449661174318783,0.0019884132201080534,0.010322561547166013,0.2695018049439395,0.2595018049439395,-8.185624406994771,9.591998704873464e-13,99,-0.10497881334806633,-0.06401441013830933,True,0.00039537871339004777,False,True,0.9151934799884585,0.9374705761197741,0.8547756967435856,0.8964361968407615,0.8547756967435856,0.8964361968407615
standardized,NR-Aromatase,HT29,20,100,758,0.3721073280941304,0.7343394001166835,0.49273512232953387,0.1551727951560731,0.3721073280941304,0.7343394001166835,0.25726904977652265,0.06961951021446758,0.3771050995282738,0.7406468381463925,0.49197513766208006,0.15485530690791596,0.3782585766216333,0.739245875276249,0.25583502840338485,0.0692287438152451,0.004997771434143369,0.03529214357478316,100,0.004997771434143369,0.0035292143574783157,0.01830780615978394,0.2691017588859214,0.2591017588859214,0.27298581766294766,0.7854327489977593,99,-0.03132888789303501,0.04132443076132174,False,0.001245535398103108,False,True,0.006307438029708888,0.016970855415394975,100,0.006307438029708888,0.0016970855415394974,0.008803634459108645,0.2691017588859214,0.2591017588859214,0.7164584194182351,0.4753950767601809,99,-0.011160882698940456,0.02377575875835823,False,0.00028800993353024094,False,True,-0.0007599846674538646,0.002781228841739729,100,-0.0007599846674538646,0.00027812288417397287,0.0014427629881046183,0.2691017588859214,0.2591017588859214,-0.5267564206455484,0.599541039393835,99,-0.0036227394454603685,0.002102770110552639,False,7.735233870124914e-06,False,True,-0.000317488248157137,0.001210084230878235,100,-0.000317488248157137,0.00012100842308782351,0.000627731423822025,0.2691017588859214,0.2591017588859214,-0.505770837827535,0.6141418403871244,99,-0.0015630435802994804,0.0009280670839852064,False,1.46430384582017e-06,False,True,0.006151248527502932,0.032405612166892854,100,0.006151248527502932,0.0032405612166892853,0.01681041744555624,0.2691017588859214,0.2591017588859214,0.36591884451560647,0.7152063817303911,99,-0.027204266729907046,0.03950676378491291,False,0.0010501236999110742,False,True,0.004906475159565549,0.016815060324541307,100,0.004906475159565549,0.0016815060324541305,0.008722815726238224,0.2691017588859214,0.2591017588859214,0.5624875399817142,0.5750553814152151,99,-0.012401483669322855,0.022214433988453953,False,0.00028274625371796315,False,True,-0.0014340213731377871,0.004256759671843438,100,-0.0014340213731377871,0.0004256759671843438,0.0022081948855206084,0.2691017588859214,0.2591017588859214,-0.6494088825858771,0.5175779915647104,99,-0.0058155590972225535,0.0029475163509469797,False,1.8120002903832657e-05,False,True,-0.00039076639922246056,0.0012587152508388715,100,-0.00039076639922246056,0.00012587152508388715,0.0006529587746318542,0.2691017588859214,0.2591017588859214,-0.5984549322317925,0.5509032057066564,99,-0.0016863782684833233,0.0009048454700384023,False,1.5843640826943633e-06,False,True,0.0011534770933595622,0.03833355135930122,100,0.0011534770933595622,0.003833355135930122,0.019885537023703465,0.2691017588859214,0.2591017588859214,0.05800583066902458,0.9538609038942543,99,-0.03830374255892637,0.0406106967456455,False,0.0014694611598161844,False,True,-0.0014009628701433397,0.01717883044037996,100,-0.0014009628701433397,0.0017178830440379962,0.0089115215426867,0.2691017588859214,0.2591017588859214,-0.15720804392747603,0.8754010664491565,99,-0.019083354978877094,0.01628142923859042,False,0.0002951122152993252,False,True,-0.23614010925869522,0.04649315772005011,100,-0.23614010925869522,0.0046493157720050105,0.024118334367854263,0.2691017588859214,0.2591017588859214,-9.79089623922914,3.127650986627209e-16,99,-0.2839961171535461,-0.18828410136384433,True,0.002161613714781455,False,True,-0.08562656309267086,0.017168732248173058,100,-0.08562656309267086,0.0017168732248173055,0.008906283103567905,0.2691017588859214,0.2591017588859214,-9.61417485801326,7.599971680906099e-16,99,-0.10329856100170566,-0.06795456518363606,True,0.00029476536700945744,False,True,0.9533106715611323,0.8938692996895801,0.907477402149763,0.9552595559028173,0.9538609038942543,0.9165243885373127
standardized,NR-Aromatase,MCF7,20,100,1021,0.4088901861671656,0.767198879001169,0.4728445201728723,0.14637306360437682,0.4088901861671656,0.767198879001169,0.23550034831357575,0.06320710317919409,0.4201912617454453,0.7719263337995989,0.47146219057917804,0.1458090754347253,0.4309741237708916,0.7796542818263896,0.23128816853923848,0.062052153207436164,0.011301075578279664,0.030954920855428718,100,0.011301075578279664,0.003095492085542872,0.016156858623585266,0.27242970097653735,0.26242970097653734,0.6994599532970298,0.48590484184731686,99,-0.020757637185767463,0.04335978834232679,False,0.0009582071251658557,False,True,0.004727454798430045,0.02201830477319439,100,0.004727454798430045,0.002201830477319439,0.011492409850213697,0.27242970097653735,0.26242970097653734,0.4113545252949833,0.6817017410754156,99,-0.018075979640049332,0.027530889236909425,False,0.00048480574508527483,False,True,-0.001382329593694173,0.003340259113490939,100,-0.001382329593694173,0.00033402591134909385,0.0017434415198432237,0.27242970097653735,0.26242970097653734,-0.7928740814997207,0.42974722452243985,99,-0.0048416958113311585,0.0020770366239428128,False,1.1157330945259272e-05,False,True,-0.0005639881696515471,0.0014066298311866269,100,-0.0005639881696515471,0.00014066298311866268,0.0007341876086307047,0.27242970097653735,0.26242970097653734,-0.7681799079984641,0.4442088112905599,99,-0.002020775668284214,0.0008927993289811197,False,1.9786074819841184e-06,False,True,0.02208393760372602,0.04279082058040889,100,0.02208393760372602,0.004279082058040889,0.022334582657594523,0.27242970097653735,0.26242970097653734,0.9887777149136352,0.325182411290863,99,-0.02223271991034488,0.06640059511779692,False,0.0018310543259447449,False,True,0.012455402825220624,0.026964767135360865,100,0.012455402825220624,0.0026964767135360863,0.014074205922174692,0.27242970097653735,0.26242970097653734,0.8849808574703633,0.3783113449970412,99,-0.01547087514458229,0.040381680795023536,False,0.0007270986666642374,False,True,-0.004212179774337279,0.007797151844994496,100,-0.004212179774337279,0.0007797151844994495,0.004069707708656919,0.27242970097653735,0.26242970097653734,-1.0350079356749131,0.3031868170784853,99,-0.012287362797539898,0.003863003248865339,False,6.079557689390107e-05,False,True,-0.0011549499717579143,0.0022080797874712344,100,-0.0011549499717579143,0.00022080797874712344,0.001152502799874299,0.27242970097653735,0.26242970097653734,-1.0021233543934835,0.3187271484088947,99,-0.0034417655639297174,0.0011318656204138888,False,4.875616347839011e-06,False,True,0.010782862025446356,0.0522418460560148,100,0.010782862025446356,0.005224184605601479,0.027267526378253002,0.27242970097653735,0.26242970097653734,0.3954470191343114,0.6933638516193934,99,-0.043321826039993405,0.06488755009088612,False,0.002729210479340349,False,True,0.007727948026790577,0.033880199245316926,100,0.007727948026790577,0.003388019924531693,0.01768370179016258,0.27242970097653735,0.26242970097653734,0.4370096328524169,0.6630561054573642,99,-0.027360352830674457,0.04281624888425561,False,0.0011478679009023736,False,True,-0.24017402203993965,0.03797288366223951,100,-0.24017402203993965,0.003797288366223951,0.019819870182386786,0.27242970097653735,0.26242970097653734,-12.117840320335386,2.8743317930784157e-21,99,-0.279500944432533,-0.20084709964734632,True,0.0014419398936259765,False,True,-0.08375692222728913,0.0140679109011421,100,-0.08375692222728913,0.00140679109011421,0.0073427177740331825,0.27242970097653735,0.26242970097653734,-11.406801242380233,9.637341044720535e-20,99,-0.09832646730466987,-0.06918737714990839,True,0.00019790611712247272,False,True,0.9496676923390279,0.9824610937734007,0.9195154182654453,0.9077105180685876,0.9422480043060276,0.9884878393598033
standardized,NR-ER,HA1E,20,100,805,0.4299342961467183,0.685905082970616,0.5927516194603829,0.2022419736674484,0.4299342961467183,0.685905082970616,0.41280445509567704,0.12493886731093953,0.43018729877007766,0.6859184560992199,0.592757257756833,0.20224256666185128,0.4299342961467183,0.685905082970616,0.41280445489168754,0.1249388672243601,0.0002530026233594124,0.0015053666703577048,100,0.0002530026233594124,0.00015053666703577047,0.0007803755304011079,0.26873404775750076,0.25873404775750075,0.3242062487907209,0.746465874457962,99,-0.0012954317326050453,0.0018014369793238703,False,2.2661288122238425e-06,False,True,1.3373128603929584e-05,0.0005143308515696427,100,1.3373128603929584e-05,5.143308515696427e-05,0.00026662687503234,0.26873404775750076,0.25873404775750075,0.05015671658120554,0.9600985593353302,99,-0.0005156724365630266,0.0005424186937708858,False,2.6453622487635387e-07,False,True,5.638296450197755e-06,0.00013306650169245891,100,5.638296450197755e-06,1.3306650169245893e-05,6.898109535811478e-05,0.26873404775750076,0.25873404775750075,0.08173683559135422,0.9350210092561191,99,-0.0001312351622930105,0.000142511755193406,False,1.7706693872669173e-08,False,True,5.929944029253731e-07,7.09050297924876e-05,100,5.929944029253731e-07,7.090502979248759e-06,3.6756858858360914e-05,0.26873404775750076,0.25873404775750075,0.016132891148572328,0.9871608417588011,99,-7.234058802804644e-05,7.352657683389718e-05,False,5.027523249873554e-09,False,True,0.0,0.0,100,0.0,0.0,0.0,0.26873404775750076,0.25873404775750075,,,99,,,False,0.0,True,False,0.0,0.0,100,0.0,0.0,0.0,0.26873404775750076,0.25873404775750075,,,99,,,False,0.0,True,False,-2.0398957301104303e-10,1.022953896910896e-09,100,-2.0398957301104303e-10,1.022953896910896e-10,5.302948481568492e-10,0.26873404775750076,0.25873404775750075,,,99,,,False,1.0464346752051877e-18,True,False,-8.657943598167072e-11,3.489556208569848e-10,100,-8.657943598167072e-11,3.489556208569848e-11,1.8089707516110324e-10,0.26873404775750076,0.25873404775750075,,,99,,,False,1.217700253276837e-19,True,False,-0.0002530026233594124,0.0015053666703577048,100,-0.0002530026233594124,0.00015053666703577047,0.0007803755304011079,0.26873404775750076,0.25873404775750075,-0.3242062487907209,0.746465874457962,99,-0.0018014369793238703,0.0012954317326050453,False,2.2661288122238425e-06,False,True,-1.3373128603929584e-05,0.0005143308515696427,100,-1.3373128603929584e-05,5.143308515696427e-05,0.00026662687503234,0.26873404775750076,0.25873404775750075,-0.05015671658120554,0.9600985593353302,99,-0.0005424186937708858,0.0005156724365630266,False,2.6453622487635387e-07,False,True,-0.17995280286514548,0.044376926990017565,100,-0.17995280286514548,0.004437692699001756,0.023004805818623093,0.26873404775750076,0.25873404775750075,-7.822400427282381,5.751704778453056e-12,99,-0.225599328536623,-0.13430627719366794,True,0.0019693116490773492,False,True,-0.07730369943749121,0.018492878658203836,100,-0.07730369943749121,0.0018492878658203833,0.009586627813481458,0.26873404775750076,0.25873404775750075,-8.0637009114697,1.7528466297880134e-12,99,-0.09632564885280574,-0.058281750022176684,True,0.00034198656106705085,False,True,0.9122335307647836,0.9864927236033054,,,0.9944839159520431,0.9600985593353303
standardized,NR-ER,HEPG2,20,100,540,0.4774205001966495,0.7241852479980383,0.5983574865654571,0.20498979387898733,0.4774205001966495,0.7241852479980383,0.41648526968504074,0.12773213092020436,0.4774205001966495,0.7241852479980383,0.5983574867591079,0.20498979398232248,0.4774205001966495,0.7241852479980383,0.41648521667802113,0.12773213546377282,0.0,0.0,100,0.0,0.0,0.0,0.26762361834947307,0.25762361834947306,,,99,,,False,0.0,True,False,0.0,0.0,100,0.0,0.0,0.0,0.26762361834947307,0.25762361834947306,,,99,,,False,0.0,True,False,1.9365079317879008e-10,1.4278544400231432e-09,100,1.9365079317879008e-10,1.4278544400231433e-10,7.386626766860708e-10,0.26762361834947307,0.25762361834947306,,,99,,,False,2.038768301893804e-18,True,False,1.0333515765292844e-10,6.833867288911443e-10,100,1.0333515765292844e-10,6.833867288911443e-11,3.535320241510675e-10,0.26762361834947307,0.25762361834947306,,,99,,,False,4.670174212245384e-19,True,False,0.0,0.0,100,0.0,0.0,0.0,0.26762361834947307,0.25762361834947306,,,99,,,False,0.0,True,False,0.0,0.0,100,0.0,0.0,0.0,0.26762361834947307,0.25762361834947306,,,99,,,False,0.0,True,False,-5.3007019491513316e-08,5.29830140819169e-07,100,-5.3007019491513316e-08,5.29830140819169e-08,2.740935903803344e-07,0.26762361834947307,0.25762361834947306,-0.19339021907794474,0.847049592683427,99,-5.968681678240501e-07,4.908541288410234e-07,False,2.8071997812046043e-13,False,True,4.5435684636885295e-09,4.574808145564712e-08,100,4.5435684636885295e-09,4.574808145564712e-09,2.3666558266774712e-08,0.26762361834947307,0.25762361834947306,0.19198264540506543,0.8481490346518143,99,-4.24160176331138e-08,5.1503154560490864e-08,False,2.092886956872524e-15,False,True,0.0,0.0,100,0.0,0.0,0.0,0.26762361834947307,0.25762361834947306,,,99,,,False,0.0,True,False,0.0,0.0,100,0.0,0.0,0.0,0.26762361834947307,0.25762361834947306,,,99,,,False,0.0,True,False,-0.1818722700810868,0.059561289504710076,100,-0.1818722700810868,0.005956128950471008,0.030812455597161583,0.26762361834947307,0.25762361834947306,-5.902556825034118,5.03170925207498e-08,99,-0.24301086679458342,-0.1207336733675902,True,0.0035475472074638866,False,True,-0.07725765851854964,0.025198388849910932,100,-0.07725765851854964,0.002519838884991093,0.013035719072141527,0.26762361834947307,0.25762361834947306,-5.926612723931434,4.516893945783514e-08,99,-0.1031233532765979,-0.05139196376050138,True,0.0006349588006313155,False,True,,,,,,
standardized,NR-ER,HT29,20,100,799,0.41937013384203115,0.6731866133123156,0.5942133303304625,0.20285401116179114,0.41937013384203115,0.6731866133123156,0.41402084896659935,0.12459612497346724,0.4192017997571725,0.6732594147101024,0.5941883888078348,0.20284327226117743,0.41937013384203115,0.6731866133123156,0.41402084824268237,0.12459612491983064,-0.00016833408485866452,0.001683340848586645,100,-0.00016833408485866452,0.0001683340848586645,0.0008723877608372158,0.26858082494134755,0.25858082494134754,-0.1929578708178083,0.8473872636098954,99,-0.0018993406682005706,0.0015626724984832414,False,2.833636412520406e-06,False,True,7.280139778683691e-05,0.0007280139778683692,100,7.280139778683691e-05,7.280139778683691e-05,0.00037729167241680613,0.26858082494134755,0.25858082494134754,0.19295787081780827,0.8473872636098955,99,-0.0006758271342856507,0.0008214299298593246,False,5.300043519717263e-07,False,True,-2.4941522627814903e-05,0.00024940133042656513,100,-2.4941522627814903e-05,2.4940133042656514e-05,0.00012925170109388855,0.26858082494134755,0.25858082494134754,-0.19296862181873614,0.8473788665605873,99,-0.0002814049389496419,0.00023152189369401213,False,6.220102361854073e-08,False,True,-1.0738900613638524e-05,0.00010738274180203765,100,-1.0738900613638524e-05,1.0738274180203765e-05,5.565087412445017e-05,0.26858082494134755,0.25858082494134754,-0.19296912730649088,0.8473784717507482,99,-0.00012116230841764847,9.968450719037142e-05,False,1.1531053236923084e-08,False,True,0.0,0.0,100,0.0,0.0,0.0,0.26858082494134755,0.25858082494134754,,,99,,,False,0.0,True,False,0.0,0.0,100,0.0,0.0,0.0,0.26858082494134755,0.25858082494134754,,,99,,,False,0.0,True,False,-7.239170424222507e-10,9.50012872432916e-10,100,-7.239170424222507e-10,9.500128724329161e-11,4.923421202807129e-10,0.26858082494134755,0.25858082494134754,,,99,,,False,9.0252445778824e-19,True,False,-5.363657989976289e-11,2.9565570669663076e-10,100,-5.363657989976289e-11,2.9565570669663073e-11,1.532229317433702e-10,0.26858082494134755,0.25858082494134754,,,99,,,False,8.741229690228416e-20,True,False,0.00016833408485866452,0.001683340848586645,100,0.00016833408485866452,0.0001683340848586645,0.0008723877608372158,0.26858082494134755,0.25858082494134754,0.1929578708178083,0.8473872636098954,99,-0.0015626724984832414,0.0018993406682005706,False,2.833636412520406e-06,False,True,-7.280139778683691e-05,0.0007280139778683692,100,-7.280139778683691e-05,7.280139778683691e-05,0.00037729167241680613,0.26858082494134755,0.25858082494134754,-0.19295787081780827,0.8473872636098955,99,-0.0008214299298593246,0.0006758271342856507,False,5.300043519717263e-07,False,True,-0.18016754056515236,0.04754785650731954,100,-0.18016754056515236,0.004754785650731954,0.024641573990114376,0.26858082494134755,0.25858082494134754,-7.311527284638204,6.93273750491086e-11,99,-0.22906176938819275,-0.13127331174211196,True,0.002260798658440649,False,True,-0.0782471473413468,0.019455179906051646,100,-0.0782471473413468,0.0019455179906051644,0.01008260498708618,0.26858082494134755,0.25858082494134754,-7.7606082397917895,7.788270991096842e-12,99,-0.09825322307208918,-0.05824107161060442,True,0.0003785040251768357,False,True,0.9533106715611323,0.8938692996895801,,,0.9538609038942543,0.9165243885373127
standardized,NR-ER,MCF7,20,100,1067,0.4022733277093489,0.6638703501797526,0.5761446913677585,0.19471250527529002,0.4022733277093489,0.6638703501797526,0.3833400064602578,0.11281041546822598,0.4023920173870911,0.6639353731267305,0.5761116238699574,0.19469521340953513,0.40206984770649684,0.664096988122468,0.38334899988578663,0.11281780457117653,0.00011868967774218253,0.0009647423519392503,100,0.00011868967774218253,9.647423519392503e-05,0.0005035774098490089,0.2724644156729272,0.26246441567292716,0.23569301446180854,0.8141577797553614,99,-0.0008805171552770562,0.0011178965107614212,False,9.307278056252763e-07,False,True,6.502294697783296e-05,0.0006236836694138764,100,6.502294697783296e-05,6.236836694138764e-05,0.00032555117558303535,0.2724644156729272,0.26246441567292716,0.1997318758299128,0.8420999647131676,99,-0.0005809412141976054,0.0007109871081532712,False,3.8898131949355747e-07,False,True,-3.306749780113361e-05,0.0003469549612566047,100,-3.306749780113361e-05,3.469549612566047e-05,0.000181103981153785,0.2724644156729272,0.26246441567292716,-0.18258846432014236,0.8554943178840628,99,-0.00039241708719218283,0.0003262820915899156,False,1.2037774514057207e-07,False,True,-1.729186575488706e-05,0.00016795011990347605,100,-1.729186575488706e-05,1.6795011990347606e-05,8.766681196779125e-05,0.2724644156729272,0.26246441567292716,-0.1972452900561741,0.8440399878584888,99,-0.0001912418401461027,0.0001566581086363286,False,2.8207242775591985e-08,False,True,-0.0002034800028520678,0.0038481125418294328,100,-0.0002034800028520678,0.0003848112541829433,0.0020086425590487354,0.2724644156729272,0.26246441567292716,-0.10130224610417149,0.9195154182654453,99,-0.004189062618038349,0.003782102612334213,False,1.4807970134584978e-05,False,True,0.00022663794271539196,0.0016874882309659927,100,0.00022663794271539196,0.00016874882309659927,0.0008808372005151186,0.2724644156729272,0.26246441567292716,0.25729833229438176,0.7974825061818698,99,-0.001521134162066159,0.001974410047496943,False,2.847616529648735e-06,False,True,8.993425528844856e-06,6.932962954443489e-05,100,8.993425528844856e-06,6.932962954443489e-06,3.618876604888214e-05,0.2724644156729272,0.26246441567292716,0.2485142907800986,0.8042513047582954,99,-6.281293751952898e-05,8.079978857721868e-05,False,4.806597532768579e-09,False,True,7.3891029504978555e-06,8.15557170329142e-05,100,7.3891029504978555e-06,8.15557170329142e-06,4.257055436537918e-05,0.2724644156729272,0.26246441567292716,0.1735730967249771,0.8625553891591148,99,-7.708011265640947e-05,9.185831855740517e-05,False,6.6513349807527715e-09,False,True,-0.0003221696805942503,0.003961048862331152,100,-0.0003221696805942503,0.0003961048862331152,0.0020675931997475843,0.2724644156729272,0.26246441567292716,-0.15581869810443438,0.8764932139665897,99,-0.0044247231563574844,0.003780383795168984,False,1.5689908089774914e-05,False,True,0.000161614995737559,0.0018073098498735808,100,0.000161614995737559,0.00018073098498735807,0.0009433818378186521,0.2724644156729272,0.26246441567292716,0.1713145083556575,0.8643261456812851,99,-0.0017102592386076254,0.0020334892300827435,False,3.266368893450065e-06,False,True,-0.1927626239841707,0.03248413727519734,100,-0.1927626239841707,0.003248413727519734,0.016956110278916827,0.2724644156729272,0.26246441567292716,-11.368328043009436,1.1666602313286534e-19,99,-0.22640722543124808,-0.15911802253709334,True,0.0010552191745138652,False,True,-0.08187740883835859,0.014584475041970746,100,-0.08187740883835859,0.0014584475041970746,0.007612822377788199,0.2724644156729272,0.26246441567292716,-10.75519758312645,2.48040397185541e-18,99,-0.09698290004919058,-0.0667719176275266,True,0.0002127069122498676,False,True,0.9496676923390279,0.9824610937734007,0.9195154182654453,0.9077105180685876,0.9422480043060276,0.9884878393598033
standardized,NR-ER-LBD,HA1E,20,100,907,0.38487597352053166,0.7666036947015509,0.4214171859139524,0.12155435186809964,0.38487597352053166,0.7666036947015509,0.2019358529656835,0.05227147111806276,0.3851193890344254,0.766485117626452,0.42142387479675997,0.12155931401420268,0.3839035686471437,0.7662373943352505,0.2021061294815626,0.05231739289072799,0.00024341551389379658,0.0024341551389379648,100,0.00024341551389379658,0.0002434155138937965,0.0012597936131865189,0.2678565656285556,0.2578565656285556,0.19321856480769256,0.8471836540132325,99,-0.0022562883287932664,0.00274311935658086,False,5.9251112404181034e-06,False,True,-0.00011857707509881355,0.0011857707509881348,100,-0.00011857707509881355,0.00011857707509881348,0.0006136940061470357,0.2678565656285556,0.2578565656285556,-0.19321856480769264,0.8471836540132324,99,-0.0013362791251350355,0.0010991249749374083,False,1.4060522738989651e-06,False,True,6.688882807556751e-06,6.688884011764676e-05,100,6.688882807556751e-06,6.688884011764676e-06,3.4618226351189494e-05,0.2678565656285556,0.2578565656285556,0.19321853002231926,0.8471836811809313,99,-6.200118874963801e-05,7.537895436475152e-05,False,4.474116932284111e-09,False,True,4.962146103037329e-06,4.9621512810502394e-05,100,4.962146103037329e-06,4.9621512810502395e-06,2.5681545073005757e-05,0.2678565656285556,0.2578565656285556,0.19321836318380675,0.8471838114833582,99,-4.599561097175499e-05,5.591990317782964e-05,False,2.4622945336028533e-09,False,True,-0.0009724048733879159,0.00972404873387916,100,-0.0009724048733879159,0.0009724048733879159,0.005032667923787424,0.2678565656285556,0.2578565656285556,-0.19321856480769253,0.8471836540132325,99,-0.01095830987908093,0.0090135001323051,False,9.455712377885687e-05,False,True,-0.0003663003663003661,0.003663003663003661,100,-0.0003663003663003661,0.0003663003663003661,0.0018957824609914646,0.2678565656285556,0.2578565656285556,-0.1932185648076925,0.8471836540132325,99,-0.004127944061772478,0.0033953433291717457,False,1.3417595835178238e-05,False,True,0.0001702765158790416,0.0017027642689860952,100,0.0001702765158790416,0.0001702764268986095,0.0008812632837226746,0.2678565656285556,0.2578565656285556,0.1932186657768736,0.8471835751553675,99,-0.001578341030425695,0.001918894062183778,False,2.8994061557357507e-06,False,True,4.5921772665224286e-05,0.0004592175725739491,100,4.5921772665224286e-05,4.592175725739491e-05,0.0002376674172230817,0.2678565656285556,0.2578565656285556,0.1932186296370644,0.8471836033808928,99,-0.00042566194541010115,0.0005175054907405497,False,2.108807789607102e-07,False,True,-0.0012158203872817124,0.010000202816384952,100,-0.0012158203872817124,0.0010000202816384952,0.005175591085845194,0.2678565656285556,0.2578565656285556,-0.23491430584747677,0.8147604466398494,99,-0.011485315953892976,0.00905367517932955,False,0.00010000405636883355,False,True,-0.00024772329120155255,0.0038615275775782643,100,-0.00024772329120155255,0.00038615275775782644,0.0019985282373987116,0.2678565656285556,0.2578565656285556,-0.12395286019275348,0.9016039184290248,99,-0.0042132368979168455,0.0037177903155137405,False,1.4911395232397459e-05,False,True,-0.2193177453151974,0.03605108192687424,100,-0.2193177453151974,0.0036051081926874247,0.018658187406968545,0.2678565656285556,0.2578565656285556,-11.754504364839084,1.7216796229123928e-20,99,-0.2563396370525302,-0.1822958535778646,True,0.0012996805080981988,False,True,-0.06924192112347467,0.013392464831810042,100,-0.06924192112347467,0.0013392464831810044,0.0069312515829622065,0.2678565656285556,0.2578565656285556,-9.989815013161415,1.1513967276297713e-16,99,-0.08299502800955967,-0.055488814237389675,True,0.0001793581142712688,False,True,0.9122335307647836,0.9864927236033054,0.9972165182884257,0.9103724523232923,0.9944839159520431,0.9600985593353303
standardized,NR-ER-LBD,HEPG2,20,100,620,0.4038819995063206,0.7783728358646763,0.429211333276781,0.12520359738076917,0.4038819995063206,0.7783728358646763,0.20794564430254134,0.05433711445121163,0.4038819995063206,0.7783728358646763,0.42921133331025824,0.12520359740895,0.4038819995063206,0.7783728358646763,0.20794564439694654,0.054337114474411655,0.0,0.0,100,0.0,0.0,0.0,0.26572684578114797,0.25572684578114796,,,99,,,False,0.0,True,False,0.0,0.0,100,0.0,0.0,0.0,0.26572684578114797,0.25572684578114796,,,99,,,False,0.0,True,False,3.3477025596084785e-11,5.132533671222544e-10,100,3.3477025596084785e-11,5.1325336712225443e-11,2.645754377668304e-10,0.26572684578114797,0.25572684578114796,,,99,,,False,2.634290188623317e-19,True,False,2.818083932876192e-11,2.2674485865014288e-10,100,2.818083932876192e-11,2.2674485865014285e-11,1.168840266457522e-10,0.26572684578114797,0.25572684578114796,,,99,,,False,5.141323092427327e-20,True,False,0.0,0.0,100,0.0,0.0,0.0,0.26572684578114797,0.25572684578114796,,,99,,,False,0.0,True,False,0.0,0.0,100,0.0,0.0,0.0,0.26572684578114797,0.25572684578114796,,,99,,,False,0.0,True,False,9.440521087089593e-11,2.3628861870694917e-10,100,9.440521087089593e-11,2.3628861870694916e-11,1.218037108733077e-10,0.26572684578114797,0.25572684578114796,,,99,,,False,5.5832311330438e-20,True,False,2.3200022979119604e-11,3.857507541965621e-11,100,2.3200022979119604e-11,3.8575075419656205e-12,1.988494985092424e-11,0.26572684578114797,0.25572684578114796,,,99,,,False,1.4880364436321643e-21,True,False,0.0,0.0,100,0.0,0.0,0.0,0.26572684578114797,0.25572684578114796,,,99,,,False,0.0,True,False,0.0,0.0,100,0.0,0.0,0.0,0.26572684578114797,0.25572684578114796,,,99,,,False,0.0,True,False,-0.22126568891331158,0.04241409854610861,100,-0.22126568891331158,0.004241409854610861,0.021863916360141886,0.26572684578114797,0.25572684578114796,-10.120130596395846,5.984167070522371e-17,99,-0.2646484423814731,-0.17788293544515005,True,0.0017989557554790123,False,True,-0.07086648293453834,0.015636540614065927,100,-0.07086648293453834,0.0015636540614065927,0.008060433390473777,0.26572684578114797,0.25572684578114796,-8.791894864895465,4.6934043846969213e-14,99,-0.08686013150442301,-0.05487283436465367,True,0.00024450140237533324,False,True,,,,,,
standardized,NR-ER-LBD,HT29,20,100,902,0.39734735945058053,0.7695610972196417,0.4201284438181803,0.12099564838036019,0.39734735945058053,0.7695610972196417,0.20078549777280416,0.05194983407283742,0.39734735945058053,0.7695610972196417,0.4201284430948869,0.12099564805722075,0.39773080471582334,0.7695279339543356,0.20078052900093898,0.05194794520420166,0.0,0.0,100,0.0,0.0,0.0,0.26699526298538073,0.2569952629853807,,,99,,,False,0.0,True,False,0.0,0.0,100,0.0,0.0,0.0,0.26699526298538073,0.2569952629853807,,,99,,,False,0.0,True,False,-7.232933768586137e-10,1.0719617499372592e-09,100,-7.232933768586137e-10,1.0719617499372591e-10,5.538996198823228e-10,0.26699526298538073,0.2569952629853807,,,99,,,False,1.1491019933285508e-18,True,False,-3.231394325731163e-10,4.5888017253177337e-10,100,-3.231394325731163e-10,4.588801725317734e-11,2.371106554424731e-10,0.26699526298538073,0.2569952629853807,,,99,,,False,2.105710127427901e-19,True,False,0.0003834452652427661,0.003834452652427661,100,0.0003834452652427661,0.0003834452652427661,0.0019813224368880286,0.26699526298538073,0.2569952629853807,0.19352996670497805,0.8469404536382787,99,-0.003547928300434952,0.004314818830920484,False,1.4703027143709524e-05,False,True,-3.3163265306122016e-05,0.0003316326530612201,100,-3.3163265306122016e-05,3.3163265306122016e-05,0.00017135984607839536,0.26699526298538073,0.2569952629853807,-0.19352996670497805,0.8469404536382787,99,-0.00037317837670279276,0.0003068518460905487,False,1.099802165764236e-07,False,True,-4.968771865157401e-06,4.9683426202373976e-05,100,-4.968771865157401e-06,4.9683426202373975e-06,2.5672213481084634e-05,0.26699526298538073,0.2569952629853807,-0.19354668691963034,0.8469273958110433,99,-5.590801303707526e-05,4.597046930676046e-05,False,2.468442839206741e-09,False,True,-1.8888686357486362e-06,1.888811789243687e-05,100,-1.8888686357486362e-06,1.888811789243687e-06,9.759789770041346e-06,0.26699526298538073,0.2569952629853807,-0.19353579126742135,0.846935904880224,99,-2.1254408940625703e-05,1.747667166912843e-05,False,3.5676099751859385e-10,False,True,0.0003834452652427661,0.003834452652427661,100,0.0003834452652427661,0.0003834452652427661,0.0019813224368880286,0.26699526298538073,0.2569952629853807,0.19352996670497805,0.8469404536382787,99,-0.003547928300434952,0.004314818830920484,False,1.4703027143709524e-05,False,True,-3.3163265306122016e-05,0.0003316326530612201,100,-3.3163265306122016e-05,3.3163265306122016e-05,0.00017135984607839536,0.26699526298538073,0.2569952629853807,-0.19352996670497805,0.8469404536382787,99,-0.00037317837670279276,0.0003068518460905487,False,1.099802165764236e-07,False,True,-0.21934791409394788,0.03681094301432986,100,-0.21934791409394788,0.003681094301432986,0.019020797471869248,0.26699526298538073,0.2569952629853807,-11.532004082286868,5.178311515930529e-20,99,-0.25708930286884435,-0.18160652531905142,True,0.0013550455256042403,False,True,-0.06904770285301909,0.012634700915312339,100,-0.06904770285301909,0.001263470091531234,0.006528550141577297,0.26699526298538073,0.2569952629853807,-10.576269057548691,6.073621009789405e-18,99,-0.08200176271271117,-0.056093642993327,True,0.00015963566721939447,False,True,,,0.907477402149763,0.9552595559028173,0.9538609038942543,0.9165243885373127
standardized,NR-ER-LBD,MCF7,20,100,1194,0.37896907680860736,0.7817026213561238,0.4083404809928258,0.11563632117588427,0.37896907680860736,0.7817026213561238,0.17601950384229692,0.04423662720093147,0.37949397031681414,0.781647410757058,0.40835935468034035,0.11566579103837928,0.4180991299252986,0.7967872931233295,0.1707513951508762,0.04282078627246427,0.000524893508206905,0.005605123563580669,100,0.000524893508206905,0.0005605123563580669,0.0029081957208158837,0.2692011310509071,0.2592011310509071,0.18048768329101592,0.8571386770465619,99,-0.005245597739340984,0.006295384755754793,False,3.141741016300726e-05,False,True,-5.52105990655849e-05,0.004828245878056504,100,-5.52105990655849e-05,0.0004828245878056505,0.002505115871636711,0.2692011310509071,0.2592011310509071,-0.022039139862026897,0.9824610937734009,99,-0.005025903977060597,0.004915482778929427,False,2.331195825896963e-05,False,True,1.8873687514637804e-05,0.0007954241436933189,100,1.8873687514637804e-05,7.954241436933189e-05,0.0004127026040876068,0.2692011310509071,0.2592011310509071,0.045731932213908144,0.9636160337540565,99,-0.0008000178154477682,0.0008377651904770437,False,6.326995683702497e-07,False,True,2.9469862495017096e-05,0.00044068279601101494,100,2.9469862495017096e-05,4.4068279601101494e-05,0.000228646488709645,0.2692011310509071,0.2592011310509071,0.12888832302358452,0.8977075001781485,99,-0.00042421437630559916,0.00048315410129563336,False,1.942013267000858e-07,False,True,0.039130053116691356,0.09204440943642775,100,0.039130053116691356,0.009204440943642776,0.04775687005141467,0.2692011310509071,0.2592011310509071,0.8193596664639925,0.4145493966833683,99,-0.055629937990322974,0.13389004422370568,False,0.00847217330850075,False,True,0.015084671767205873,0.04928076824735149,100,0.015084671767205873,0.004928076824735149,0.025569127550849616,0.2692011310509071,0.2592011310509071,0.5899564518659002,0.5565639912753402,99,-0.03565002455447762,0.06581936808888937,False,0.002428594119049167,False,True,-0.005268108691420741,0.008810341367111877,100,-0.005268108691420741,0.0008810341367111876,0.004571210031700698,0.2692011310509071,0.2592011310509071,-1.152453869957221,0.25190983928058935,99,-0.014338381125227808,0.003802163742386327,False,7.762211500504276e-05,False,True,-0.0014158409284671944,0.0026641283680213963,100,-0.0014158409284671944,0.0002664128368021396,0.0013822722428325147,0.2692011310509071,0.2592011310509071,-1.0242851477404276,0.30819694410587006,99,-0.004158568944295397,0.0013268870873610074,False,7.097579961296348e-06,False,True,0.03860515960848446,0.09215281073437888,100,0.03860515960848446,0.009215281073437888,0.04781311362700339,0.2692011310509071,0.2592011310509071,0.8074178123944942,0.42136149645564325,99,-0.05626643095462647,0.13347675017159538,False,0.008492140526246255,False,True,0.015139882366271458,0.049046373944303466,100,0.015139882366271458,0.004904637394430347,0.025447513013475816,0.2692011310509071,0.2592011310509071,0.59494546120299,0.5532373543653448,99,-0.035353504328805054,0.06563326906134798,False,0.0024055467970844503,False,True,-0.23760795952946423,0.03385243989728781,100,-0.23760795952946423,0.003385243989728781,0.017564201704338114,0.2692011310509071,0.2592011310509071,-13.527968052813831,3.0958925769147018e-24,99,-0.2724591462909296,-0.20275677276799886,True,0.0011459876869994836,False,True,-0.07284500476591502,0.011471850318711719,100,-0.07284500476591502,0.001147185031871172,0.005952123200903206,0.2692011310509071,0.2592011310509071,-12.238490754838734,1.5901136904646227e-21,99,-0.08465530851861527,-0.06103470101321476,True,0.00013160334973492618,False,True,0.9496676923390279,0.9824610937734007,0.9195154182654453,0.9077105180685876,0.9422480043060276,0.9884878393598033
standardized,NR-PPAR-gamma,HA1E,20,100,811,0.2354470138584289,0.7060890414091295,0.26794184775787183,0.06249814156550319,0.2354470138584289,0.7060890414091295,0.1649160604631004,0.03921853981414121,0.23379166965553033,0.7062768348363596,0.26792997033925614,0.06249579279135279,0.23542975536737587,0.7055350845745972,0.16490750504949456,0.03921243370336102,-0.0016553442028985504,0.016553442028985507,100,-0.0016553442028985504,0.0016553442028985506,0.008580160336683873,0.2686669113551219,0.2586669113551219,-0.1929269545023818,0.8474114108386546,99,-0.01868024378960914,0.01536955538381204,False,0.00027401644300698377,False,True,0.00018779342723004855,0.0018779342723004857,100,0.00018779342723004855,0.00018779342723004858,0.0009733913424094928,0.2686669113551219,0.2586669113551219,0.1929269545023818,0.8474114108386546,99,-0.0017436261748306596,0.0021192130292907565,False,3.5266371310807544e-06,False,True,-1.1877418615707236e-05,0.00011877082516802556,100,-1.1877418615707236e-05,1.1877082516802556e-05,6.156258749554835e-05,0.2686669113551219,0.2586669113551219,-0.19293241396921634,0.8474071467043411,99,-0.00013403094830311072,0.00011027611107169625,False,1.4106508911093694e-08,False,True,-2.3487741503971927e-06,2.3486684430163405e-05,100,-2.3487741503971927e-06,2.3486684430163406e-06,1.217387403991465e-05,0.2686669113551219,0.2586669113551219,-0.19293563763648566,0.8474046288506736,99,-2.650438138592733e-05,2.1806833085132943e-05,False,5.516243455220801e-10,False,True,-1.7258491053023794e-05,0.00017258491053023803,100,-1.7258491053023794e-05,1.72584910530238e-05,8.945609024689567e-05,0.2686669113551219,0.2586669113551219,-0.19292695450238173,0.8474114108386547,99,-0.0001947587817366047,0.00016024179963055712,False,2.978555134273026e-08,False,True,-0.0005539568345323742,0.005539568345323742,100,-0.0005539568345323742,0.0005539568345323742,0.0028713293897226545,0.2686669113551219,0.2586669113551219,-0.19292695450238176,0.8474114108386547,99,-0.006251297282985146,0.005143383613920398,False,3.068681745251282e-05,False,True,-8.55541360580761e-06,0.00010322043622539175,100,-8.55541360580761e-06,1.0322043622539175e-05,5.350234055766294e-05,0.2686669113551219,0.2586669113551219,-0.1599072772636346,0.8732799230215418,99,-0.00011471566468571291,9.76048374740977e-05,False,1.0654458454560164e-08,False,True,-6.106110780175461e-06,5.970558340897341e-05,100,-6.106110780175461e-06,5.970558340897341e-06,3.09472481763746e-05,0.2686669113551219,0.2586669113551219,-0.19730706734813724,0.8439917778013983,99,-6.751216521428411e-05,5.529994365393318e-05,False,3.564756690205881e-09,False,True,0.0016380857118455266,0.016556084778439704,100,0.0016380857118455266,0.0016556084778439704,0.008581530155360074,0.2686669113551219,0.2586669113551219,0.1908850382378915,0.8490065731357772,99,-0.015389531892302874,0.018665703315993928,False,0.00027410394319088286,False,True,-0.0007417502617624227,0.005831234352476669,100,-0.0007417502617624227,0.0005831234352476669,0.0030225088907442836,0.2686669113551219,0.2586669113551219,-0.24540879401012083,0.8066479338450205,99,-0.006739063638862936,0.00525556311533809,False,3.400329407350399e-05,False,True,-0.10302246528976154,0.025161358558614094,100,-0.10302246528976154,0.002516135855861409,0.013041909371094883,0.2686669113551219,0.2586669113551219,-7.899339150300558,3.940799029869023e-12,99,-0.12890044294392794,-0.07714448763559513,True,0.0006330939645151427,False,True,-0.023283359087991756,0.006091580795574448,100,-0.023283359087991756,0.0006091580795574448,0.0031574544942600253,0.2686669113551219,0.2586669113551219,-7.374091734439516,5.12230789719299e-11,99,-0.029548433819119774,-0.017018284356863738,True,3.710735658901143e-05,False,True,0.9122335307647836,0.9864927236033054,0.9972165182884257,0.9103724523232923,0.9944839159520431,0.9600985593353303
standardized,NR-PPAR-gamma,HEPG2,20,100,552,0.29976873409184274,0.6919069380243417,0.25856133196412207,0.058239631946167526,0.29976873409184274,0.6919069380243417,0.14716199415865802,0.0342235291987198,0.29976873409184274,0.6919069380243417,0.2585613320397221,0.058239631977820644,0.2993096181085178,0.6903390435852488,0.1473131838525422,0.034232584920985874,0.0,0.0,100,0.0,0.0,0.0,0.2684744827204268,0.2584744827204268,,,99,,,False,0.0,True,False,0.0,0.0,100,0.0,0.0,0.0,0.2684744827204268,0.2584744827204268,,,99,,,False,0.0,True,False,7.560002263096166e-11,2.959159144437411e-10,100,7.560002263096166e-11,2.959159144437411e-11,1.5332742050633663e-10,0.2684744827204268,0.2584744827204268,,,99,,,False,8.75662284210755e-20,True,False,3.1653113047314107e-11,1.0124936214427587e-10,100,3.1653113047314107e-11,1.0124936214427587e-11,5.2461874362776784e-11,0.2684744827204268,0.2584744827204268,,,99,,,False,1.0251433334622724e-20,True,False,-0.00045911598332497224,0.004828572168342056,100,-0.00045911598332497224,0.00048285721683420565,0.0025019016523402647,0.2684744827204268,0.2584744827204268,-0.18350680687049298,0.8547756967435856,99,-0.005423431652906108,0.0045051996862561635,False,2.331510918488751e-05,False,True,-0.0015678944390930083,0.023187667334658758,100,-0.0015678944390930083,0.0023187667334658756,0.012014579299208987,0.2684744827204268,0.2584744827204268,-0.13049932087062216,0.8964361968407616,99,-0.02540742634982879,0.022271637471642774,False,0.0005376679164228007,False,True,0.00015118969388416934,0.0013599254868431258,100,0.00015118969388416934,0.0001359925486843126,0.0007046389085576631,0.2684744827204268,0.2584744827204268,0.21456336294804101,0.8305491042775073,99,-0.0012469667731685222,0.0015493461609368611,False,1.8493973297655128e-06,False,True,9.055722266079653e-06,6.962691393359382e-05,100,9.055722266079653e-06,6.9626913933593815e-06,3.6076853559304906e-05,0.2684744827204268,0.2584744827204268,0.2510119750657693,0.8023251006920766,99,-6.25285821233895e-05,8.064002665554881e-05,False,4.84790714391608e-09,False,True,-0.00045911598332497224,0.004828572168342056,100,-0.00045911598332497224,0.00048285721683420565,0.0025019016523402647,0.2684744827204268,0.2584744827204268,-0.18350680687049298,0.8547756967435856,99,-0.005423431652906108,0.0045051996862561635,False,2.331510918488751e-05,False,True,-0.0015678944390930083,0.023187667334658758,100,-0.0015678944390930083,0.0023187667334658756,0.012014579299208987,0.2684744827204268,0.2584744827204268,-0.13049932087062216,0.8964361968407616,99,-0.02540742634982879,0.022271637471642774,False,0.0005376679164228007,False,True,-0.11124814818717989,0.03146689120522584,100,-0.11124814818717989,0.0031466891205225835,0.016304419682598978,0.2684744827204268,0.2584744827204268,-6.823189684322856,7.17467518166325e-10,99,-0.14359965410590458,-0.07889664226845518,True,0.0009901652421215191,False,True,-0.024007047056834766,0.0076667645604194205,100,-0.024007047056834766,0.000766676456041942,0.003972497511288788,0.2684744827204268,0.2584744827204268,-6.043313303183471,2.6686710558758452e-08,99,-0.03188934395856004,-0.0161247501551095,True,5.877927882490318e-05,False,True,,,0.8547756967435856,0.8964361968407615,0.8547756967435856,0.8964361968407615
standardized,NR-PPAR-gamma,HT29,20,100,803,0.19308360639887925,0.6827625941281221,0.26313133528949817,0.06045490098692778,0.19308360639887925,0.6827625941281221,0.15353595196724357,0.03563272896418519,0.19308360639887925,0.6827625941281221,0.26313133534568933,0.06045490100690134,0.19241018407470345,0.6792566699740371,0.15360793997356184,0.035641040616397494,0.0,0.0,100,0.0,0.0,0.0,0.26894790449820716,0.25894790449820715,,,99,,,False,0.0,True,False,0.0,0.0,100,0.0,0.0,0.0,0.26894790449820716,0.25894790449820715,,,99,,,False,0.0,True,False,5.6191138686489947e-11,1.69192371888742e-10,100,5.6191138686489947e-11,1.69192371888742e-11,8.774348125555207e-11,0.26894790449820716,0.25894790449820715,,,99,,,False,2.8626058705338375e-20,True,False,1.9973531231731733e-11,5.988254228396315e-11,100,1.9973531231731733e-11,5.988254228396316e-12,3.1055198693489944e-11,0.26894790449820716,0.25894790449820715,,,99,,,False,3.5859188703906356e-21,True,False,-0.0006734223241757651,0.011144415535169276,100,-0.0006734223241757651,0.0011144415535169277,0.005779514789574709,0.26894790449820716,0.25894790449820715,-0.11651883396691153,0.907477402149763,99,-0.01214123354114504,0.010794388892793511,False,0.00012419799762052231,False,True,-0.0035059241540850578,0.026300774066566536,100,-0.0035059241540850578,0.002630077406656654,0.013639630738398826,0.26894790449820716,0.25894790449820715,-0.25703952118110074,0.7976817224765567,99,-0.0305699106775349,0.023558062369364783,False,0.0006917307165005789,False,True,7.19880063182704e-05,0.001272498610493446,100,7.19880063182704e-05,0.0001272498610493446,0.0006599201650235694,0.26894790449820716,0.25894790449820715,0.10908593210771081,0.9133551369237762,99,-0.0012374367717639034,0.0013814127844004442,False,1.6192527137077513e-06,False,True,8.311652212292746e-06,0.000155872325022571,100,8.311652212292746e-06,1.55872325022571e-05,8.083567997894665e-05,0.26894790449820716,0.25894790449820715,0.10282157847200005,0.9183125683160556,99,-0.00015208387428866424,0.00016870717871324972,False,2.4296181707942014e-08,False,True,-0.0006734223241757651,0.011144415535169276,100,-0.0006734223241757651,0.0011144415535169277,0.005779514789574709,0.26894790449820716,0.25894790449820715,-0.11651883396691153,0.907477402149763,99,-0.01214123354114504,0.010794388892793511,False,0.00012419799762052231,False,True,-0.0035059241540850578,0.026300774066566536,100,-0.0035059241540850578,0.002630077406656654,0.013639630738398826,0.26894790449820716,0.25894790449820715,-0.25703952118110074,0.7976817224765567,99,-0.0305699106775349,0.023558062369364783,False,0.0006917307165005789,False,True,-0.10952339537212755,0.02617319522149703,100,-0.10952339537212755,0.0026173195221497027,0.013573468110166848,0.26894790449820716,0.25894790449820715,-8.068932308471108,1.7081397680437234e-12,99,-0.13645610088708313,-0.08259068985717197,True,0.0006850361481025948,False,True,-0.024813860390503845,0.006206462279569171,100,-0.024813860390503845,0.0006206462279569171,0.003218682973773621,0.26894790449820716,0.25894790449820715,-7.709321046120858,1.0012349649413003e-11,99,-0.03120042570859784,-0.01842729507240985,True,3.852017402771495e-05,False,True,,,0.907477402149763,0.9552595559028173,0.9538609038942543,0.9165243885373127
standardized,NR-PPAR-gamma,MCF7,20,100,1073,0.22245643936691079,0.7190353944209796,0.2540838753388681,0.05667851249392899,0.22245643936691079,0.7190353944209796,0.13467127136150794,0.030558425117866713,0.22245643936691079,0.7190353944209796,0.2540838752385985,0.05667851246056012,0.22245643936691079,0.7190353944209796,0.13467127125791717,0.03055842511289394,0.0,0.0,100,0.0,0.0,0.0,0.27311906064040864,0.26311906064040863,,,99,,,False,0.0,True,False,0.0,0.0,100,0.0,0.0,0.0,0.27311906064040864,0.26311906064040863,,,99,,,False,0.0,True,False,-1.002696253804558e-10,2.1274992996810672e-10,100,-1.002696253804558e-10,2.1274992996810674e-11,1.111848029796407e-10,0.27311906064040864,0.26311906064040863,,,99,,,False,4.526253270143432e-20,True,False,-3.3368876897754694e-11,6.796071903975082e-11,100,-3.3368876897754694e-11,6.796071903975082e-12,3.5516811488126735e-11,0.27311906064040864,0.26311906064040863,,,99,,,False,4.61865933239995e-21,True,False,0.0,0.0,100,0.0,0.0,0.0,0.27311906064040864,0.26311906064040863,,,99,,,False,0.0,True,False,0.0,0.0,100,0.0,0.0,0.0,0.27311906064040864,0.26311906064040863,,,99,,,False,0.0,True,False,-1.035907275237502e-10,1.2180850578735412e-10,100,-1.035907275237502e-10,1.2180850578735411e-11,6.365809248088428e-11,0.27311906064040864,0.26311906064040863,,,99,,,False,1.483731208214788e-20,True,False,-4.972780364570495e-12,1.1521969547325562e-11,100,-4.972780364570495e-12,1.1521969547325563e-12,6.021472788493312e-12,0.27311906064040864,0.26311906064040863,,,99,,,False,1.3275578224949762e-22,True,False,0.0,0.0,100,0.0,0.0,0.0,0.27311906064040864,0.26311906064040863,,,99,,,False,0.0,True,False,0.0,0.0,100,0.0,0.0,0.0,0.27311906064040864,0.26311906064040863,,,99,,,False,0.0,True,False,-0.11941260398068133,0.020973527891552355,100,-0.11941260398068133,0.0020973527891552358,0.010960932239835885,0.27311906064040864,0.26311906064040863,-10.89438392354018,1.2370784087264554e-18,99,-0.14116147153530173,-0.09766373642606094,True,0.00043988887221772463,False,True,-0.026120087347666177,0.004598445168264529,100,-0.026120087347666177,0.00045984451682645283,0.002403183964022069,0.27311906064040864,0.26311906064040863,-10.868950416908786,1.4046727168042968e-18,99,-0.0308885257066726,-0.021351648988659756,True,2.1145697965535386e-05,False,True,,,,,,
standardized,SR-ARE,HA1E,20,100,690,0.47402457607560744,0.7521276108938479,0.5209001854638672,0.17119956852279425,0.47402457607560744,0.7521276108938479,0.4490503589046975,0.14358948248412953,0.4787551124464799,0.753860904751379,0.5201955503793717,0.17092674435782848,0.4787010232474711,0.7546428015491712,0.44705598404316177,0.14287006138228692,0.004730536370872412,0.015412869207871303,100,0.004730536370872412,0.0015412869207871304,0.008027949605471003,0.2712953119390802,0.2612953119390802,0.5892583540445469,0.5570302664760606,99,-0.01119865732216059,0.020659730063905417,False,0.00023755653721894735,False,True,0.0017332938575307865,0.0070225489649616765,100,0.0017332938575307865,0.0007022548964961676,0.0036577660156795143,0.2712953119390802,0.2612953119390802,0.4738667946776216,0.6366382925006961,99,-0.00552450747543288,0.008991095190494453,False,4.931619396528431e-05,False,True,-0.0007046350844954047,0.0029766959761348432,100,-0.0007046350844954047,0.00029766959761348433,0.001550442358585307,0.2712953119390802,0.2612953119390802,-0.45447357690765444,0.6504829255350358,99,-0.0037810490947374747,0.002371778925746665,False,8.860718934337367e-06,False,True,-0.00027282416496581625,0.0013190174432990134,100,-0.00027282416496581625,0.00013190174432990134,0.0006870236437310396,0.2712953119390802,0.2612953119390802,-0.3971102995585159,0.6921409499093814,99,-0.001636028124944207,0.0010903797950125745,False,1.739807015727066e-06,False,True,0.004676447171863725,0.016499764054531605,100,0.004676447171863725,0.0016499764054531602,0.008594069835115133,0.2712953119390802,0.2612953119390802,0.5441481465226046,0.5875629903796116,99,-0.012376051877421152,0.021728946221148602,False,0.0002722422138552132,False,True,0.002515190655323161,0.00844365230644273,100,0.002515190655323161,0.0008443652306442729,0.004397962137226439,0.2712953119390802,0.2612953119390802,0.5718991152819152,0.5686866150033844,99,-0.006211320369454895,0.011241701680101216,False,7.129526427209562e-05,False,True,-0.0019943748615357717,0.004925947250532689,100,-0.0019943748615357717,0.0004925947250532689,0.002565729699846492,0.2712953119390802,0.2612953119390802,-0.7773129264766648,0.43882767333725525,99,-0.007085339224960466,0.003096589501888922,False,2.426495631503056e-05,False,True,-0.0007194211018426199,0.0017698134238615516,100,-0.0007194211018426199,0.00017698134238615517,0.0009218253127451872,0.2712953119390802,0.2612953119390802,-0.7804310555328433,0.43699922682330294,99,-0.002548522513721413,0.0011096803100361734,False,3.132239555280548e-06,False,True,-5.408919900868781e-05,0.01498298674987835,100,-5.408919900868781e-05,0.001498298674987835,0.007804040957282321,0.2712953119390802,0.2612953119390802,-0.006930921980645759,0.9944839159520431,99,-0.015538999556716317,0.01543082115869894,False,0.00022448989194703023,False,True,0.0007818967977923741,0.009100180163662363,100,0.0007818967977923741,0.0009100180163662363,0.0047399213455518695,0.2712953119390802,0.2612953119390802,0.16495986764129264,0.8693119331478164,99,-0.008623135484869489,0.010186929080454238,False,8.281327901111396e-05,False,True,-0.07313956633621004,0.036509870255691926,100,-0.07313956633621004,0.0036509870255691927,0.019016537061463844,0.2712953119390802,0.2612953119390802,-3.8461033204843624,0.00021243324424285816,99,-0.1108725015325597,-0.03540663113986036,True,0.0013329706260874579,False,True,-0.028056682975541525,0.015181999990027107,100,-0.028056682975541525,0.0015181999990027107,0.007907699026470361,0.2712953119390802,0.2612953119390802,-3.548021097113601,0.0005951854117917833,99,-0.04374727343129273,-0.012366092519790328,True,0.0002304931236971831,False,True,0.9122335307647836,0.9864927236033054,0.9972165182884257,0.9103724523232923,0.9944839159520431,0.9600985593353303
standardized,SR-ARE,HEPG2,20,100,451,0.4518351653424824,0.7052855846594884,0.5558496117406847,0.18628024366544305,0.4518351653424824,0.7052855846594884,0.4911612172464869,0.15899958814539505,0.5594290997021341,0.7630074890054718,0.5221964013201326,0.17033924773450637,0.5530371507655053,0.7595846124802855,0.4573000446054514,0.144993606590687,0.10759393435965156,0.06521946548298382,100,0.10759393435965156,0.006521946548298383,0.03383633729397832,0.2691610542962479,0.2591610542962479,3.179833958529533,0.001967571186078527,99,0.04045530032397435,0.17473256839532877,True,0.004253578677886119,False,True,0.057721904345983184,0.038259629377524196,100,0.057721904345983184,0.0038259629377524196,0.019849376482520713,0.2691610542962479,0.2591610542962479,2.907995845452016,0.004490473774121723,99,0.018336435052487797,0.09710737363947858,True,0.0014637992401055125,False,True,-0.033653210420552054,0.022365854382275414,100,-0.033653210420552054,0.0022365854382275416,0.01160356938135475,0.2691610542962479,0.2591610542962479,-2.9002464081981425,0.004593942556921913,99,-0.05667720948504326,-0.010629211356060844,True,0.0005002314422491484,False,True,-0.01594099593093668,0.00831105574554867,100,-0.01594099593093668,0.0008311055745548669,0.004311836709989783,0.2691610542962479,0.2591610542962479,-3.697031451586313,0.00035801954545256165,99,-0.024496615423035835,-0.007385376438837526,True,6.907364760561754e-05,False,True,0.10120198542302279,0.06667393061340761,100,0.10120198542302279,0.006667393061340761,0.03459092447697493,0.2691610542962479,0.2591610542962479,2.925680274616158,0.00426233268868775,99,0.03256608670745252,0.16983788413859308,True,0.004445413023441493,False,True,0.0542990278207971,0.039426247859061875,100,0.0542990278207971,0.003942624785906187,0.020454626711763953,0.2691610542962479,0.2591610542962479,2.654608592273571,0.009252924174774578,99,0.013712610762532752,0.09488544487906145,True,0.0015544290202441809,False,True,-0.03386117264103552,0.023299891240775642,100,-0.03386117264103552,0.0023299891240775644,0.012088154557807436,0.2691610542962479,0.2591610542962479,-2.8011862753000156,0.006124166564874608,99,-0.05784669382709398,-0.009875651454977059,True,0.0005428849318319736,False,True,-0.01400598155470809,0.009287408538635897,100,-0.01400598155470809,0.0009287408538635897,0.004818375703834138,0.2691610542962479,0.2591610542962479,-2.906784861870168,0.00450649997987388,99,-0.02356668430499337,-0.004445278804422812,True,8.625595736352698e-05,False,True,-0.006391948936628774,0.053443204642105224,100,-0.006391948936628774,0.005344320464210523,0.027726726751742287,0.2691610542962479,0.2591610542962479,-0.230533845334885,0.8181526858197494,99,-0.0614077901672851,0.04862389229402755,False,0.0028561761224179375,False,True,-0.0034228765251860783,0.027737479725376466,100,-0.0034228765251860783,0.0027737479725376464,0.014390408028069365,0.2691610542962479,0.2591610542962479,-0.23785819821853207,0.8124826644344652,99,-0.03197656807360795,0.025130815023235793,False,0.0007693677815156705,False,True,-0.06489635671468127,0.04642934639643987,100,-0.06489635671468127,0.0046429346396439876,0.02408788562394428,0.2691610542962479,0.2591610542962479,-2.694149155630821,0.008290577510142614,99,-0.11269194769571382,-0.01710076573364873,True,0.002155684206800604,False,True,-0.025345641143819382,0.01964084122703978,100,-0.025345641143819382,0.001964084122703978,0.010189812559395854,0.2691610542962479,0.2591610542962479,-2.487351067164488,0.014541317956869986,99,-0.04556443995686871,-0.005126842330770053,True,0.00038576264410578547,False,True,0.015740569488628217,0.03592379019297379,0.03836099419818975,0.07624561170096444,0.8547756967435856,0.8964361968407615
standardized,SR-ARE,HT29,20,100,682,0.45090270771754065,0.7400795017603456,0.5216510139147302,0.17137552485816177,0.45090270771754065,0.7400795017603456,0.4409807986900613,0.1397786951976865,0.45476406203420844,0.7440083565354308,0.5194041557224882,0.17049318727455254,0.45204602828345974,0.7404615216977709,0.44015163079293596,0.13959712253250772,0.0038613543166678755,0.01670602798636718,100,0.0038613543166678755,0.0016706027986367182,0.008700086509773886,0.27120689896035843,0.2612068989603584,0.4438294162167167,0.6581344689272113,99,-0.01340150481561748,0.02112421344895323,False,0.0002790913710812835,False,True,0.0039288547750852155,0.011378419075192353,100,0.0039288547750852155,0.0011378419075192352,0.005925599453048771,0.27120689896035843,0.2612068989603584,0.6630307711844725,0.5088516903851447,99,-0.007828820107504735,0.015686529657675165,False,0.0001294684206507012,False,True,-0.0022468581922420704,0.00521046754737714,100,-0.0022468581922420704,0.000521046754737714,0.0027134827294401096,0.27120689896035843,0.2612068989603584,-0.8280348232419666,0.40964246171858865,99,-0.0076309966216231845,0.0031372802371390437,False,2.7148972062270346e-05,False,True,-0.000882337583609257,0.0021362987072861377,100,-0.000882337583609257,0.00021362987072861376,0.0011125315711954067,0.27120689896035843,0.2612068989603584,-0.7930899279210495,0.42962205501887385,99,-0.003089841586263772,0.001325166419045258,False,4.563772166752422e-06,False,True,0.0011433205659190837,0.015588732740574525,100,0.0011433205659190837,0.0015588732740574526,0.00811822675811493,0.27120689896035843,0.2612068989603584,0.1408337805760633,0.8882874174884304,99,-0.014965002583723937,0.017251643715562103,False,0.00024300858845706014,False,True,0.00038201993742501217,0.01304209925975555,100,0.00038201993742501217,0.0013042099259755549,0.006792002977699151,0.27120689896035843,0.2612068989603584,0.05624554916706245,0.9552595559028174,99,-0.013094787505623094,0.013858827380473117,False,0.00017009635310131626,False,True,-0.0008291678971253535,0.005226085266424858,100,-0.0008291678971253535,0.0005226085266424857,0.00272161605155063,0.27120689896035843,0.2612068989603584,-0.3046601289160307,0.7612645438548963,99,-0.0062294446021102425,0.004571108807859535,False,2.7311967211942977e-05,False,True,-0.000181572665178764,0.0014931129660453151,100,-0.000181572665178764,0.0001493112966045315,0.0007775763325704876,0.27120689896035843,0.2612068989603584,-0.23351104910630027,0.815846751579469,99,-0.0017244528053570786,0.0013613074749995507,False,2.2293863293726382e-06,False,True,-0.0027180337507487916,0.01934738639259501,100,-0.0027180337507487916,0.0019347386392595009,0.010075640690351894,0.27120689896035843,0.2612068989603584,-0.26976287010229455,0.7879041846971796,99,-0.022710290805855664,0.017274223304358082,False,0.0003743213602243705,False,True,-0.0035468348376602034,0.009993032381772097,100,-0.0035468348376602034,0.0009993032381772097,0.005204124300961061,0.27120689896035843,0.2612068989603584,-0.6815430671026054,0.4971191894900876,99,-0.013872946493385415,0.006779276818065007,False,9.986069618314571e-05,False,True,-0.07925252492955216,0.037233850281008535,100,-0.07925252492955216,0.0037233850281008537,0.01939046904513088,0.27120689896035843,0.2612068989603584,-4.0871896778305725,8.885759816262144e-05,99,-0.11772742230660524,-0.04077762755249909,True,0.0013863596067485596,False,True,-0.030896064742044774,0.015804332979108292,100,-0.030896064742044774,0.001580433297910829,0.008230506034092578,0.27120689896035843,0.2612068989603584,-3.7538475294309284,0.0002938937065120585,99,-0.047227174334385766,-0.014564955149703782,True,0.00024977694091452994,False,True,0.9533106715611323,0.8938692996895801,0.907477402149763,0.9552595559028173,0.9538609038942543,0.9165243885373127
standardized,SR-ARE,MCF7,20,100,923,0.45226913234982014,0.7574700320851996,0.49960178897972596,0.16173971059731604,0.45226913234982014,0.7574700320851996,0.416120411752166,0.13053609722305154,0.45553410064693717,0.7591687936411564,0.49903036590161726,0.16147945127408428,0.4591151738301088,0.76179850741666,0.413284781159508,0.12955239198597066,0.003264968297116951,0.012719269031497138,100,0.003264968297116951,0.0012719269031497137,0.006670316312830891,0.27502270630709574,0.26502270630709573,0.48947728173497873,0.6255866403214843,99,-0.009970386402726997,0.0165003229969609,False,0.00016177980469560214,False,True,0.001698761555956827,0.005812274558454763,100,0.001698761555956827,0.0005812274558454764,0.003048108323356168,0.27502270630709574,0.26502270630709573,0.557316661924396,0.5785690015147549,99,-0.004349346649281192,0.007746869761194845,False,3.3782535542860515e-05,False,True,-0.0005714230781087227,0.003010879993184135,100,-0.0005714230781087227,0.00030108799931841346,0.0015789839718602398,0.27502270630709574,0.26502270630709573,-0.3618928933366658,0.7182033649120148,99,-0.0037044698412343193,0.002561623685016874,False,9.065398333356495e-06,False,True,-0.00026025932323173905,0.0011893170935448776,100,-0.00026025932323173905,0.00011893170935448775,0.0006237088932198835,0.27502270630709574,0.26502270630709573,-0.4172769156587715,0.6773793802999698,99,-0.0014978330819653508,0.0009773144355018728,False,1.414475148998035e-06,False,True,0.0068460414802886844,0.021285957419799936,100,0.0068460414802886844,0.0021285957419799936,0.011162911065086798,0.27502270630709574,0.26502270630709573,0.6132846029473812,0.5410946259946955,99,-0.015303595883240383,0.028995678843817752,False,0.00045309198327753587,False,True,0.004328475331460353,0.010427807472061906,100,0.004328475331460353,0.0010427807472061907,0.005468614125207093,0.27502270630709574,0.26502270630709573,0.7915122976968935,0.43053741968417136,99,-0.006522441517035386,0.015179392179956092,False,0.00010873916867439013,False,True,-0.0028356305926578907,0.005991078773770705,100,-0.0028356305926578907,0.0005991078773770705,0.0031418779158753117,0.27502270630709574,0.26502270630709573,-0.9025273000997233,0.3689674921091475,99,-0.009069798012908456,0.0033985368275926743,False,3.589302487352589e-05,False,True,-0.0009837052370808826,0.002180860361840049,100,-0.0009837052370808826,0.00021808603618400491,0.0011437000358719264,0.27502270630709574,0.26502270630709573,-0.8601077260008407,0.3918077714514029,99,-0.003253054235699047,0.0012856437615372822,False,4.75615191784511e-06,False,True,0.003581073183171734,0.018157488491584113,100,0.003581073183171734,0.0018157488491584112,0.009522260389769941,0.27502270630709574,0.26502270630709573,0.37607385605827287,0.7076666919515682,99,-0.015313157298889461,0.02247530366523293,False,0.0003296943883220095,False,True,0.002629713775503526,0.010590220624731769,100,0.002629713775503526,0.0010590220624731768,0.005553787817106317,0.27502270630709574,0.26502270630709573,0.47349914366618395,0.6368995809112121,99,-0.00839020615628123,0.013649633707288283,False,0.00011215277288049412,False,True,-0.08574558474210921,0.036600051194107405,100,-0.08574558474210921,0.0036600051194107404,0.019194021128568287,0.27502270630709574,0.26502270630709573,-4.4673069893877475,2.106765598352046e-05,99,-0.12383068683303022,-0.0476604826511882,True,0.0013395637474112828,False,True,-0.03192705928811367,0.015688204937772666,100,-0.03192705928811367,0.0015688204937772665,0.008227303711897487,0.27502270630709574,0.26502270630709573,-3.8806224257825828,0.00018789544695880283,99,-0.04825181477847097,-0.01560230379775637,True,0.0002461197741695547,False,True,0.9496676923390279,0.9824610937734007,0.9195154182654453,0.9077105180685876,0.9422480043060276,0.9884878393598033
standardized,SR-ATAD5,HA1E,20,100,911,0.2949817430590666,0.8474501260374171,0.24435661570678288,0.058939609597264166,0.2949817430590666,0.8474501260374171,0.18842166003592062,0.04932822598218005,0.2949034629823461,0.84743192297142,0.24438947785825,0.05895366934814929,0.29320833684069203,0.8446517326540897,0.18819584766601472,0.04925673592892196,-7.828007672056437e-05,0.0013701344980081508,100,-7.828007672056437e-05,0.0001370134498008151,0.0007083925130344394,0.2673138877721062,0.2573138877721062,-0.1105038171355697,0.9122335307647835,99,-0.0014838845094053345,0.0013273243559642058,False,1.8772685426320473e-06,False,True,-1.8203065997184353e-05,0.0020743799760693333,100,-1.8203065997184353e-05,0.00020743799760693333,0.0010725043755721371,0.2673138877721062,0.2573138877721062,-0.016972486464191593,0.9864927236033054,99,-0.0021462844285746537,0.002109878296580285,False,4.303052285117407e-06,False,True,3.286215146714316e-05,0.00021100378336176705,100,3.286215146714316e-05,2.1100378336176706e-05,0.00010909403461683176,0.2673138877721062,0.2573138877721062,0.30122775807645275,0.763872598671951,99,-0.00018360408132804946,0.00024932838426233576,False,4.452259659297953e-08,False,True,1.4059750885131797e-05,8.111428285475996e-05,100,1.4059750885131797e-05,8.111428285475995e-06,4.1938036563566564e-05,0.2673138877721062,0.2573138877721062,0.33525057530581026,0.7381454242692156,99,-6.915441217728793e-05,9.727391394755151e-05,False,6.579526883042004e-09,False,True,-0.0017734062183745838,0.025651251179311767,100,-0.0017734062183745838,0.0025651251179311767,0.013262314255868182,0.2673138877721062,0.2573138877721062,-0.1337177044790583,0.8938972520427655,99,-0.02808871498110349,0.024541902544354323,False,0.0006579866870641434,False,True,-0.0027983933833275777,0.01649381723126383,100,-0.0027983933833275777,0.0016493817231263829,0.00852770049580652,0.2673138877721062,0.2573138877721062,-0.32815333801927987,0.7434887551975917,99,-0.019719201264495872,0.014122414497840716,False,0.00027204600685833564,False,True,-0.00022581236990594028,0.002999558030128935,100,-0.00022581236990594028,0.0002999558030128935,0.0015508436974944547,0.2673138877721062,0.2573138877721062,-0.14560614346291834,0.8845283701999387,99,-0.003303022723614841,0.0028513979838029604,False,8.997348376110978e-06,False,True,-7.149005325808529e-05,0.0007614589022390275,100,-7.149005325808529e-05,7.614589022390274e-05,0.00039369257989907305,0.2673138877721062,0.2573138877721062,-0.18158852086166435,0.856276931706086,99,-0.0008526615439770125,0.0007096814374608418,False,5.798196597990648e-07,False,True,-0.0016951261416540194,0.025612211902419732,100,-0.0016951261416540194,0.002561221190241973,0.013242130010084428,0.2673138877721062,0.2573138877721062,-0.12801008148712564,0.8984006684778212,99,-0.027970384981745384,0.024580132698437344,False,0.000655985398534451,False,True,-0.0027801903173303934,0.016305466797376173,100,-0.0027801903173303934,0.0016305466797376172,0.008430318788107915,0.2673138877721062,0.2573138877721062,-0.32978471955914895,0.7422594077024265,99,-0.01950777176331625,0.013947391128655465,False,0.0002658682474803368,False,True,-0.05619363019223529,0.022349479378881546,100,-0.05619363019223529,0.0022349479378881544,0.0115552187651895,0.2673138877721062,0.2573138877721062,-4.863052040305854,4.355256083443907e-06,99,-0.07912169114451553,-0.03326556923995506,True,0.0004994992285070514,False,True,-0.009696933419227331,0.006121234972676332,100,-0.009696933419227331,0.0006121234972676332,0.0031648258119712637,0.2673138877721062,0.2573138877721062,-3.063970655998738,0.002814108071838393,99,-0.015976634443912945,-0.003417232394541719,True,3.746951759071582e-05,False,True,0.9122335307647836,0.9864927236033054,0.9972165182884257,0.9103724523232923,0.9944839159520431,0.9600985593353303
standardized,SR-ATAD5,HEPG2,20,100,619,0.3722170803043581,0.8672252372093654,0.2381482027063138,0.0563077473608584,0.3722170803043581,0.8672252372093654,0.17809888314463382,0.04638956442968355,0.37294243444125785,0.8669829560683066,0.238178189368194,0.05633033533585665,0.3679302176720642,0.8650046151823794,0.17780578774205086,0.04632463693249079,0.000725354136899764,0.01316431368109078,100,0.000725354136899764,0.0013164313681090778,0.006794093671860945,0.2663585341976172,0.25635853419761717,0.10676245750098481,0.9151934799884585,99,-0.012755601696944592,0.014206309970744119,False,0.00017329915469415386,False,True,-0.00024228114105899313,0.005968884743255919,100,-0.00024228114105899313,0.0005968884743255919,0.003080537508041376,0.2663585341976172,0.25635853419761717,-0.07864898266180727,0.9374705761197741,99,-0.006354735884273006,0.00587017360215502,False,3.562758507827328e-05,False,True,2.998666188019139e-05,0.0006930018104911366,100,2.998666188019139e-05,6.930018104911365e-05,0.00035765778067177467,0.2663585341976172,0.25635853419761717,0.08384177138232142,0.9333515384642489,99,-0.0006796839693677184,0.0007396572931281011,False,4.802515093439932e-07,False,True,2.2587974998260102e-05,0.00028240785350553636,100,2.2587974998260102e-05,2.8240785350553636e-05,0.00014575050829591108,0.2663585341976172,0.25635853419761717,0.15497698953063474,0.8771549869232785,99,-0.00026661265425349356,0.00031178860425001376,False,7.975419572160449e-08,False,True,-0.004286862632293934,0.035925168627750165,100,-0.004286862632293934,0.0035925168627750164,0.018540956007826657,0.2663585341976172,0.25635853419761717,-0.23121044192566603,0.8176285002793366,99,-0.041076141840200336,0.03250241657561247,False,0.0012906177409322847,False,True,-0.0022206220269861167,0.021131573459294433,100,-0.0022206220269861167,0.0021131573459294436,0.010905991227061141,0.2663585341976172,0.25635853419761717,-0.20361487376553777,0.839072416632763,99,-0.02386047469272581,0.019419230638753577,False,0.00044654339686555695,False,True,-0.00029309540258299336,0.0033200640418963546,100,-0.00029309540258299336,0.00033200640418963546,0.0017134828783077175,0.2663585341976172,0.25635853419761717,-0.1710524256142334,0.8645316662247616,99,-0.003693017175841056,0.003106826370675069,False,1.102282524229316e-05,False,True,-6.49274971927734e-05,0.0008542303788497026,100,-6.49274971927734e-05,8.542303788497027e-05,0.0004408677392419331,0.2663585341976172,0.25635853419761717,-0.14727205330200724,0.8832167995209144,99,-0.0009397047387699267,0.00080984974438438,False,7.297095401497065e-07,False,True,-0.005012216769193697,0.03291690119707453,100,-0.005012216769193697,0.003291690119707453,0.016988391156430225,0.2663585341976172,0.25635853419761717,-0.2950377539015246,0.7685828788865519,99,-0.03872087048064274,0.028696436942255345,False,0.0010835223844179666,False,True,-0.0019783408859271236,0.01789815412160135,100,-0.0019783408859271236,0.0017898154121601352,0.009237225623864642,0.2663585341976172,0.25635853419761717,-0.21417046269997153,0.8308546305889972,99,-0.020307000553709716,0.016350318781855465,False,0.00032034392096059544,False,True,-0.06037240162614316,0.022815269004229,100,-0.06037240162614316,0.0022815269004229,0.011774945395451375,0.2663585341976172,0.25635853419761717,-5.127191642813463,1.4607608035448095e-06,99,-0.08373644788288688,-0.037008355369399434,True,0.0005205364997353326,False,True,-0.010005698403365864,0.006156135428848437,100,-0.010005698403365864,0.0006156135428848437,0.0031771774642787554,0.2663585341976172,0.25635853419761717,-3.1492412733820134,0.0021644402760013547,99,-0.016309907785939142,-0.003701489020792585,True,3.789800341832293e-05,False,True,0.9151934799884585,0.9374705761197741,0.8547756967435856,0.8964361968407615,0.8547756967435856,0.8964361968407615
standardized,SR-ATAD5,HT29,20,100,903,0.30682382912533085,0.8507090579414581,0.24400938275691883,0.05896292645484014,0.30682382912533085,0.8507090579414581,0.18943055843803244,0.04990275286056047,0.31140111801647113,0.8517319578597147,0.24412217384949197,0.059065969727420724,0.3157318042042061,0.8479577302309133,0.18904743200999619,0.04980679427285084,0.004577288891140336,0.028404101803196278,100,0.004577288891140336,0.0028404101803196275,0.014683296620423227,0.2672298840529518,0.2572298840529518,0.3117344156062143,0.7558979219046043,99,-0.024557557167133585,0.03371213494941425,False,0.0008067929992463381,False,True,0.001022899918256529,0.01421815230506462,100,0.001022899918256529,0.0014218152305064621,0.007349971815201898,0.2672298840529518,0.2572298840529518,0.13917059057843895,0.8895980665065242,99,-0.01356103875057812,0.015606838587091177,False,0.0002021558549700144,False,True,0.00011279109257320091,0.0032897853461592197,100,0.00011279109257320091,0.00032897853461592196,0.0017006309296406562,0.2672298840529518,0.2572298840529518,0.06632308668938162,0.9472543561213483,99,-0.003261629626279759,0.0034872118114261607,False,1.0822687623803938e-05,False,True,0.00010304327258059798,0.0013721207717438582,100,0.00010304327258059798,0.00013721207717438583,0.0007093079876333902,0.2672298840529518,0.2572298840529518,0.14527296234799555,0.8847907223385135,99,-0.0013043776603220859,0.0015104642054832819,False,1.882715412250961e-06,False,True,0.008907975078875236,0.04474782904677385,100,0.008907975078875236,0.004474782904677385,0.02313206914854228,0.2672298840529518,0.2572298840529518,0.3850920132424294,0.7009953516556191,99,-0.036991068649133374,0.05480701880688385,False,0.0020023682043992974,False,True,-0.002751327710544821,0.03254923763545151,100,-0.002751327710544821,0.003254923763545151,0.016826094846491387,0.2672298840529518,0.2572298840529518,-0.16351552369375438,0.8704458945503691,99,-0.03613795033264592,0.030635294911556275,False,0.001059452870649093,False,True,-0.00038312642803626145,0.005539015841273072,100,-0.00038312642803626145,0.0005539015841273072,0.0028633544952822105,0.2672298840529518,0.2572298840529518,-0.13380335151219225,0.8938297010651877,99,-0.0060646429557538115,0.005298390099681289,False,3.068069648987403e-05,False,True,-9.595858770962331e-05,0.001622607607767968,100,-9.595858770962331e-05,0.0001622607607767968,0.0008387953602085526,0.2672298840529518,0.2572298840529518,-0.11440047508818456,0.9091520327202689,99,-0.001760310560282265,0.0015683933848630184,False,2.632855448786488e-06,False,True,0.004330686187734901,0.03513570266625468,100,0.004330686187734901,0.0035135702666254684,0.018163149385612972,0.2672298840529518,0.2572298840529518,0.23843255901232838,0.8120384504718241,99,-0.031708942715982874,0.04037031509145267,False,0.0012345176018514566,False,True,-0.0037742276288013498,0.022951057171534214,100,-0.0037742276288013498,0.0022951057171534213,0.011864384325083875,0.2672298840529518,0.2572298840529518,-0.31811407363311855,0.7510684750709191,99,-0.027315740125846675,0.019767284868243976,False,0.0005267510252910321,False,True,-0.055074741839495844,0.020643432401705988,100,-0.055074741839495844,0.002064343240170599,0.010671474258122673,0.2672298840529518,0.2572298840529518,-5.1609309554933605,1.2677527762689128e-06,99,-0.0762492619600514,-0.03390022171894029,True,0.00042615130132380466,False,True,-0.009259175454569878,0.0061967392910349875,100,-0.009259175454569878,0.0006196739291034987,0.0032033599133016425,0.2672298840529518,0.2572298840529518,-2.89045742756599,0.004727775334712451,99,-0.015615336496326382,-0.0029030144128133744,True,3.83995778410568e-05,False,True,0.9533106715611323,0.8938692996895801,0.907477402149763,0.9552595559028173,0.9538609038942543,0.9165243885373127
standardized,SR-ATAD5,MCF7,20,100,1196,0.25359296432389394,0.8292673242172255,0.23454294633406175,0.054740002645492114,0.25359296432389394,0.8292673242172255,0.16930582818040193,0.04280087258094989,0.254142198281248,0.8297199320206908,0.23450565316070882,0.05473569037671615,0.26033046379672,0.8302831580434231,0.16859427023765086,0.042630607928025734,0.000549233957354079,0.004177321695523974,100,0.000549233957354079,0.00041773216955239744,0.002171585772103502,0.27024528903218437,0.26024528903218436,0.2529183808485099,0.8008557076963263,99,-0.003759663343308761,0.004858131258016919,False,1.745001654789529e-05,False,True,0.0004526078034654346,0.0038573009576842853,100,0.0004526078034654346,0.00038573009576842854,0.0020052226016980773,0.27024528903218437,0.26024528903218436,0.22571449328476248,0.821888798791153,99,-0.003526188874372234,0.004431404481303103,False,1.4878770678152106e-05,False,True,-3.729317335296217e-05,0.00045891159754942503,100,-3.729317335296217e-05,4.58911597549425e-05,0.0002385657530181231,0.27024528903218437,0.26024528903218436,-0.1563224095712058,0.8760972249286488,99,-0.0005106593845409557,0.00043607303783503137,False,2.1059985436536543e-07,False,True,-4.312268775968284e-06,0.00021203926914726724,100,-4.312268775968284e-06,2.1203926914726722e-05,0.0001102288723659511,0.27024528903218437,0.26024528903218436,-0.03912104590575775,0.9688726643295246,99,-0.00022303026587017544,0.0002144057283182389,False,4.496065166050724e-08,False,True,0.006737499472826029,0.02962119884178144,100,0.006737499472826029,0.002962119884178144,0.015398616301537396,0.27024528903218437,0.26024528903218436,0.4375392789125707,0.6626733427010023,99,-0.02381669602246241,0.037291694968114464,False,0.0008774154208243541,False,True,0.0010158338261975475,0.016813111521123608,100,0.0010158338261975475,0.001681311152112361,0.008740316505473682,0.27024528903218437,0.26024528903218436,0.11622391769924748,0.9077105180685876,99,-0.01632685034551446,0.01835851799790956,False,0.00028268071902173944,False,True,-0.000711557942751031,0.003387522514113589,100,-0.000711557942751031,0.0003387522514113589,0.0017610077055381372,0.27024528903218437,0.26024528903218436,-0.4040629353939083,0.6870379788685762,99,-0.004205779283817213,0.0027826633983151516,False,1.1475308783626451e-05,False,True,-0.000170264652924165,0.000897413424048897,100,-0.000170264652924165,8.974134240488971e-05,0.00046652146169337013,0.27024528903218437,0.26024528903218436,-0.3649663882689166,0.7159150052535697,99,-0.0010959444454587586,0.0007554151396104286,False,8.053508536631656e-07,False,True,0.00618826551547195,0.02866462220010168,100,0.00618826551547195,0.002866462220010168,0.014901338769087802,0.27024528903218437,0.26024528903218436,0.41528252000479615,0.6788337626144627,99,-0.023379223470325596,0.03575575450126949,False,0.000821660565874562,False,True,0.0005632260227321129,0.01613996227584345,100,0.0005632260227321129,0.001613996227584345,0.008390379050304994,0.27024528903218437,0.26024528903218436,0.06712760166796508,0.9466155030938708,99,-0.01608510631846638,0.017211558363930603,False,0.00026049838226564965,False,True,-0.06591138292305788,0.019584058173826004,100,-0.06591138292305788,0.0019584058173826003,0.010180796498363377,0.27024528903218437,0.26024528903218436,-6.474089029640611,3.693430992175451e-09,99,-0.08611229191497073,-0.04571047393114504,True,0.0003835353345558011,False,True,-0.012105082448690414,0.0050645205595368815,100,-0.012105082448690414,0.0005064520559536881,0.0026327971823190983,0.27024528903218437,0.26024528903218436,-4.597802872923032,1.2633314864544325e-05,99,-0.017329123247732267,-0.006881041649648563,True,2.5649368497971765e-05,False,True,0.9496676923390279,0.9824610937734007,0.9195154182654453,0.9077105180685876,0.9422480043060276,0.9884878393598033
standardized,SR-HSE,HA1E,20,100,814,0.23371040306769364,0.7580178161401016,0.4831576759511933,0.14781176241101307,0.23371040306769364,0.7580178161401016,0.2317454986812853,0.05919909934264561,0.252723651036126,0.7706855030875747,0.48195806384592615,0.14736598626915307,0.24841778774988854,0.7626102136709234,0.22888654903326625,0.05870001634234114,0.019013247968432324,0.04395722245890498,100,0.019013247968432324,0.0043957222458904975,0.022782138435333995,0.2686139032367394,0.2586139032367394,0.834568186932957,0.4059702429465044,99,-0.026191457306574885,0.06421795324343954,False,0.0019322374063016601,False,True,0.012667686947473103,0.046130082111417364,100,0.012667686947473103,0.004613008211141737,0.023908287601159203,0.2686139032367394,0.2586139032367394,0.5298450126917038,0.5974056769639644,99,-0.03477154259229184,0.06010691648723805,False,0.0021279844756061086,False,True,-0.0011996121052671377,0.004136079541679466,100,-0.0011996121052671377,0.0004136079541679466,0.0021436462867094838,0.2686139032367394,0.2586139032367394,-0.559612895422478,0.5770074429027515,99,-0.005453071405394737,0.0030538471948604613,False,1.7107153975099422e-05,False,True,-0.0004457761418600192,0.0018213465675011027,100,-0.0004457761418600192,0.00018213465675011027,0.0009439670506552789,0.2686139032367394,0.2586139032367394,-0.4722369722021254,0.6377969508690811,99,-0.002318811565435879,0.0014272592817158405,False,3.317303318948049e-06,False,True,0.014707384682194926,0.04801545604714209,100,0.014707384682194926,0.004801545604714208,0.02488543874045621,0.2686139032367394,0.2586139032367394,0.5910036321073641,0.5558649185088369,99,-0.034670724712349166,0.06408549407673902,False,0.0023054840194150334,False,True,0.004592397530821973,0.04476623166977138,100,0.004592397530821973,0.004476623166977138,0.023201431529993228,0.2686139032367394,0.2586139032367394,0.1979359560156982,0.8435010364653333,99,-0.04144427621025862,0.05062907127190257,False,0.002004015497911642,False,True,-0.0028589496480190646,0.005435869417911978,100,-0.0028589496480190646,0.0005435869417911979,0.00281730106380234,0.2686139032367394,0.2586139032367394,-1.0147831499983584,0.3126828833139519,99,-0.008449086176319112,0.002731186880280983,False,2.954867632859071e-05,False,True,-0.0004990830003044496,0.00104022044315563,100,-0.0004990830003044496,0.00010402204431556301,0.000539125195214311,0.2686139032367394,0.2586139032367394,-0.9257274650390918,0.35683877530381225,99,-0.0015688243516341132,0.000570658351025214,False,1.0820585703588953e-06,False,True,-0.004305863286237395,0.050339677061710913,100,-0.004305863286237395,0.0050339677061710915,0.026090035435748376,0.2686139032367394,0.2586139032367394,-0.16503861395057873,0.8692501168613568,99,-0.05607415386331154,0.04746242729083675,False,0.002534083086677344,False,True,-0.00807528941665113,0.042938124390474494,100,-0.00807528941665113,0.00429381243904745,0.022253960539292673,0.2686139032367394,0.2586139032367394,-0.36286976434567714,0.7174757596922519,99,-0.052231975156920955,0.036081396323618696,False,0.0018436825261718608,False,True,-0.2530715148126598,0.03997072016959686,100,-0.2530715148126598,0.003997072016959686,0.020716015010163062,0.2686139032367394,0.2586139032367394,-12.216225692465736,1.773514367840953e-21,99,-0.29417658296353366,-0.21196644666178596,True,0.0015976584708762172,False,True,-0.08866596992681189,0.011905299177225773,100,-0.08866596992681189,0.0011905299177225775,0.0061702755269215,0.2686139032367394,0.2586139032367394,-14.369855858130455,5.786718069362628e-26,99,-0.1009091352228087,-0.07642280463081508,True,0.0001417361484992527,False,True,0.9122335307647836,0.9864927236033054,0.9972165182884257,0.9103724523232923,0.9944839159520431,0.9600985593353303
standardized,SR-HSE,HEPG2,20,100,547,0.26850028520627073,0.7421598049407468,0.48004915014502886,0.14624719377993556,0.26850028520627073,0.7421598049407468,0.21161158857053164,0.052472131893724745,0.2652206553506549,0.7478104333566512,0.4799284101893887,0.1462243950391274,0.25199202004299504,0.7547502819839904,0.21108727711196612,0.05252263255316338,-0.003279629855615761,0.03491172258294206,100,-0.003279629855615761,0.003491172258294206,0.01808585431340342,0.26837094811835666,0.25837094811835665,-0.18133673968529254,0.8564740129231861,99,-0.03916588856678725,0.032606628855555736,False,0.0012188283737083068,False,True,0.005650628415904224,0.025188567148400468,100,0.005650628415904224,0.0025188567148400464,0.013048819196103952,0.26837094811835666,0.25837094811835665,0.43303752860575756,0.6659294927874235,99,-0.02024105983017714,0.031542316661985585,False,0.0006344639149894792,False,True,-0.00012073995564010565,0.0018917820358048,100,-0.00012073995564010565,0.00018917820358048,0.0009800288201475516,0.26837094811835666,0.25837094811835665,-0.12320041325103809,0.9021981694201721,99,-0.0020653297535439315,0.0018238498422637204,False,3.5788392709937538e-06,False,True,-2.2798740808170627e-05,0.0008662157005360285,100,-2.2798740808170627e-05,8.662157005360284e-05,0.0004487389852121435,0.26837094811835666,0.25837094811835665,-0.050806240508371285,0.959582286151726,99,-0.0009131942420689098,0.0008675967604525685,False,7.503296398551226e-07,False,True,-0.01650826516327563,0.09647350146851999,100,-0.01650826516327563,0.009647350146851998,0.04997764543179771,0.26837094811835666,0.25837094811835665,-0.3303129833477996,0.7418614709231122,99,-0.11567475642553912,0.08265822609898787,False,0.009307136485596529,False,True,0.012590477043243556,0.048948655682338825,100,0.012590477043243556,0.004894865568233882,0.025357621738787393,0.26837094811835666,0.25837094811835665,0.4965164782778101,0.6206307547361493,99,-0.03772454586080347,0.06290549994729058,False,0.0023959708931081606,False,True,-0.0005243114585655158,0.0038728629573641653,100,-0.0005243114585655158,0.00038728629573641656,0.002006318509671266,0.26837094811835666,0.25837094811835665,-0.26133012083481394,0.794380829393948,99,-0.004505282655580879,0.0034566597384498472,False,1.4999067486523509e-05,False,True,5.050065943863317e-05,0.0008277106830636869,100,5.050065943863317e-05,8.27710683063687e-05,0.00042879164131682726,0.26837094811835666,0.25837094811835665,0.11777435605681279,0.9064850682396584,99,-0.0008003149839274463,0.0009013163028047126,False,6.851049748577552e-07,False,True,-0.01322863530765987,0.09808803803499369,100,-0.01322863530765987,0.009808803803499369,0.05081404853552692,0.26837094811835666,0.25837094811835665,-0.260334212465102,0.795146682315007,99,-0.11405473178663735,0.0875974611713176,False,0.00962126320555437,False,True,0.006939848627339333,0.040661223264318896,100,0.006939848627339333,0.00406612232643189,0.021064356203453444,0.26837094811835666,0.25837094811835665,0.3294593274206768,0.7425045577539757,99,-0.03485640402417007,0.04873610127884873,False,0.0016533350773507885,False,True,-0.26884113307742263,0.05004614059214977,100,-0.26884113307742263,0.005004614059214977,0.025926168654306758,0.26837094811835666,0.25837094811835665,-10.369489478452643,1.7121507239966567e-17,99,-0.32028427640897117,-0.2173979897458741,True,0.002504616188169221,False,True,-0.09370176248596403,0.014352119145092055,100,-0.09370176248596403,0.0014352119145092054,0.007435048079626111,0.26837094811835666,0.25837094811835665,-12.60271103595554,2.683256573273259e-22,99,-0.10845451092084024,-0.07894901405108781,True,0.00020598332395491787,False,True,0.9151934799884585,0.9374705761197741,0.8547756967435856,0.8964361968407615,0.8547756967435856,0.8964361968407615
standardized,SR-HSE,HT29,20,100,806,0.2538051751964895,0.7534363259894277,0.47964613373931625,0.14615947486248212,0.2538051751964895,0.7534363259894277,0.2293197065500667,0.05844060196077242,0.2539517511103636,0.7540865613566894,0.4796648001208602,0.1461745988328237,0.2508193942751386,0.7529351399246811,0.22924440091689402,0.05842526942228091,0.00014657591387412904,0.007593127970741898,100,0.00014657591387412904,0.0007593127970741898,0.003942048923528982,0.2695271884999238,0.2595271884999238,0.03718267244205383,0.9704142281243572,99,-0.007675304383868632,0.00796845621161689,False,5.7655592380062974e-05,False,True,0.0006502353672617456,0.009364083879198536,100,0.0006502353672617456,0.0009364083879198536,0.004861458534357215,0.2695271884999238,0.2595271884999238,0.1337531447952009,0.8938692996895801,99,-0.008995953065666395,0.010296423800189887,False,8.76860668966659e-05,False,True,1.8666381543921417e-05,0.0006600363620076477,100,1.8666381543921417e-05,6.600363620076477e-05,0.00034266453039747866,0.2695271884999238,0.2595271884999238,0.054474215706741165,0.9566671305624832,99,-0.000661254388351518,0.0006985871514393609,False,4.3564799917229053e-07,False,True,1.5123970341573423e-05,0.00033012812460232093,100,1.5123970341573423e-05,3.3012812460232095e-05,0.00017138934352611305,0.2695271884999238,0.2595271884999238,0.0882433530021026,0.9298615178179296,99,-0.000324949670390885,0.0003551976110740319,False,1.0898457865344555e-07,False,True,-0.0029857809213508883,0.02591454308719674,100,-0.0029857809213508883,0.002591454308719674,0.013453796258177378,0.2695271884999238,0.2595271884999238,-0.2219285073189729,0.824826697405203,99,-0.029681031518970526,0.02370946967626875,False,0.0006715635434181764,False,True,-0.0005011860647466016,0.00770095332906982,100,-0.0005011860647466016,0.0007700953329069821,0.003998027545167329,0.2695271884999238,0.2595271884999238,-0.12535833209864128,0.9004940859262087,99,-0.008434140092466262,0.0074317679629730595,False,5.930468217651155e-05,False,True,-7.530563317269326e-05,0.0006217062208604328,100,-7.530563317269326e-05,6.217062208604328e-05,0.00032276505125919554,0.2695271884999238,0.2595271884999238,-0.23331408676033913,0.815999255103738,99,-0.0007157415192357579,0.0005651302528903715,False,3.865186250565612e-07,False,True,-1.5332538491508452e-05,0.0002103159940166183,100,-1.5332538491508452e-05,2.103159940166183e-05,0.00010918766824538738,0.2695271884999238,0.2595271884999238,-0.14042371943551576,0.8886105306465131,99,-0.00023198456071971238,0.0002013194837366955,False,4.4232817339198216e-08,False,True,-0.0031323568352250174,0.027087519471252767,100,-0.0031323568352250174,0.0027087519471252768,0.014062758771374844,0.2695271884999238,0.2595271884999238,-0.22274127617128875,0.8241957829177162,99,-0.0310359211743644,0.024771207503914365,False,0.0007337337111054977,False,True,-0.0011514214320083472,0.011447292292003232,100,-0.0011514214320083472,0.0011447292292003234,0.0059429771802731604,0.2695271884999238,0.2595271884999238,-0.19374488527910244,0.8467726139721916,99,-0.012943577495535624,0.01064073463151893,False,0.00013104050081855662,False,True,-0.25042039920396614,0.04502863256944714,100,-0.25042039920396614,0.004502863256944715,0.02337706847985966,0.2695271884999238,0.2595271884999238,-10.712224221771605,3.075239362045695e-18,99,-0.296805574758283,-0.2040352236496493,True,0.002027577751074276,False,True,-0.08774932941054284,0.013495646829507022,100,-0.08774932941054284,0.0013495646829507022,0.00700640108550514,0.2695271884999238,0.2595271884999238,-12.524165879124286,3.934288974109218e-22,99,-0.10165154921347097,-0.0738471096076147,True,0.00018213248334678295,False,True,0.9704142281243572,0.8938692996895801,0.907477402149763,0.9552595559028173,0.9538609038942543,0.9165243885373127
standardized,SR-HSE,MCF7,20,100,1077,0.2477050883571361,0.7724076858313924,0.47616540495133064,0.14454913153337812,0.2477050883571361,0.7724076858313924,0.22174087665440598,0.05607049618649591,0.2465576058540321,0.7703557157661669,0.4762435098408804,0.14461699761009605,0.24506650560215923,0.770137352893054,0.22116614665955006,0.05595306476824104,-0.001147482503103932,0.034756520460343304,100,-0.001147482503103932,0.00347565204603433,0.01813217391589246,0.27216179969104026,0.26216179969104025,-0.06328433140044991,0.9496676923390279,99,-0.037125649354721325,0.03483068434851346,False,0.0012080157145102626,False,True,-0.0020519700652256003,0.02317013789499109,100,-0.0020519700652256003,0.002317013789499109,0.012087659075267489,0.27216179969104026,0.26216179969104025,-0.16975744041492102,0.865547306482382,99,-0.02603650810642912,0.02193256797597792,False,0.0005368552900729021,False,True,7.810488954962614e-05,0.0017905043725296957,100,7.810488954962614e-05,0.00017905043725296958,0.0009340905317871878,0.27216179969104026,0.26216179969104025,0.08361597392512767,0.933530609268585,99,-0.001775333377866272,0.001931543156965524,False,3.2059059080479598e-06,False,True,6.786607671795702e-05,0.000860061166437764,100,6.786607671795702e-05,8.60061166437764e-05,0.0004486864174435496,0.27216179969104026,0.26216179969104025,0.15125502818791128,0.8800823275648864,99,-0.0008224251186852353,0.0009581572721211494,False,7.397052100142872e-07,False,True,-0.002638582754976839,0.03166851166033131,100,-0.002638582754976839,0.003166851166033131,0.016521186628499576,0.27216179969104026,0.26216179969104025,-0.1597090338792735,0.8734356777136254,99,-0.03542020132228428,0.030143035812330604,False,0.00100289463078054,False,True,-0.002270332938338465,0.028992360675316218,100,-0.002270332938338465,0.002899236067531622,0.01512506197497316,0.27216179969104026,0.26216179969104025,-0.15010404202608194,0.8809879226266872,99,-0.0322817373016996,0.027741071425022672,False,0.0008405569775276223,False,True,-0.0005747299948559597,0.00253366059524585,100,-0.0005747299948559597,0.000253366059524585,0.0013217886585988705,0.27216179969104026,0.26216179969104025,-0.43481232125655256,0.6646450039268256,99,-0.0031974454575597615,0.002047985467847842,False,6.419436011901556e-06,False,True,-0.0001174314182548691,0.0005562895748080448,100,-0.0001174314182548691,5.562895748080447e-05,0.0002902114246311326,0.27216179969104026,0.26216179969104025,-0.4046409213700941,0.6866144061771624,99,-0.0006932738465294468,0.0004584110100197086,False,3.094580910401152e-07,False,True,-0.0014911002518729066,0.03935356790705642,100,-0.0014911002518729066,0.003935356790705642,0.020530413518113803,0.27216179969104026,0.26216179969104025,-0.07262884649436419,0.9422480043060276,99,-0.042227894775997324,0.03924569427225151,False,0.001548703307015301,False,True,-0.00021836287311286507,0.028935863907095363,100,-0.00021836287311286507,0.0028935863907095364,0.015095588103207564,0.27216179969104026,0.26216179969104025,-0.014465343888554203,0.9884878393598033,99,-0.03017128468049012,0.029734558934264386,False,0.0008372842200499441,False,True,-0.25507736318133023,0.03663537081454858,100,-0.25507736318133023,0.0036635370814548577,0.019112353776625554,0.27216179969104026,0.26216179969104025,-13.346203516454908,7.386483539278721e-24,99,-0.29300041952814165,-0.2171543068345188,True,0.0013421503947194779,False,True,-0.088663932841855,0.010677826686828807,100,-0.088663932841855,0.0010677826686828807,0.005570529154385478,0.27216179969104026,0.26216179969104025,-15.916608707101563,4.812954252004902e-29,99,-0.09971707121885999,-0.07761079446485002,True,0.00011401598275395346,False,True,0.9496676923390279,0.9824610937734007,0.9195154182654453,0.9077105180685876,0.9422480043060276,0.9884878393598033
standardized,SR-MMP,HA1E,20,100,723,0.5877024030860306,0.8245899083154089,0.45055729526672134,0.14212049072804206,0.5877024030860306,0.8245899083154089,0.3693696022326893,0.11411960617380597,0.633422541960032,0.8486828714743986,0.43379643689126823,0.13586206607998028,0.6462338768624327,0.8529366550995094,0.3449225009264731,0.10552775256236355,0.04572013887400136,0.04163360199356312,100,0.04572013887400136,0.0041633601993563115,0.021694802672386618,0.27153351169942647,0.26153351169942646,2.1074235873181943,0.03760738782811881,99,0.0026729436518159594,0.08876733409618676,True,0.0017333568149584227,False,True,0.024092963158989667,0.022576785223052648,100,0.024092963158989667,0.002257678522305265,0.011764509361133539,0.27153351169942647,0.26153351169942646,2.0479360778602205,0.043213908836723186,99,0.0007496242584459148,0.04743630205953342,True,0.0005097112310078484,False,True,-0.01676085837545325,0.014435036387209397,100,-0.01676085837545325,0.0014435036387209397,0.007521935431809294,0.27153351169942647,0.26153351169942646,-2.2282640588183917,0.028125505635715718,99,-0.03168601016740303,-0.0018357065835034655,True,0.0002083702755000593,False,True,-0.006258424648061775,0.005898311520940111,100,-0.006258424648061775,0.0005898311520940112,0.003073543926534253,0.27153351169942647,0.26153351169942646,-2.036224240698851,0.04439843562131369,99,-0.012357002608297597,-0.0001598466878259524,True,3.479007879805485e-05,False,True,0.05853147377640206,0.04026785910186429,100,0.05853147377640206,0.0040267859101864294,0.020983129381634553,0.27153351169942647,0.26153351169942646,2.789453980474029,0.006333399420545766,99,0.016896392761662875,0.10016655479114125,True,0.001621500476647595,False,True,0.028346746784100492,0.025055808633960557,100,0.028346746784100492,0.002505580863396056,0.013056300634158366,0.27153351169942647,0.26153351169942646,2.1711162739266823,0.032312160258719594,99,0.0024402137418098983,0.05425327982639108,True,0.0006277935463016524,False,True,-0.02444710130621617,0.016551319774194006,100,-0.02444710130621617,0.0016551319774194006,0.00862470695003103,0.27153351169942647,0.26153351169942646,-2.8345428369746766,0.005563343438741956,99,-0.04156039103826249,-0.00733381157416985,True,0.0002739461862676256,False,True,-0.00859185361144242,0.005929440322640858,100,-0.00859185361144242,0.0005929440322640858,0.0030897647956877306,0.27153351169942647,0.26153351169942646,-2.7807468139431677,0.006492882286592835,99,-0.014722617295220775,-0.0024610899276640624,True,3.515826253975932e-05,False,True,0.0128113349024007,0.032925610207156494,100,0.0128113349024007,0.0032925610207156495,0.017157165897455078,0.27153351169942647,0.26153351169942646,0.7467046118788772,0.45701153759619106,99,-0.021232204511176345,0.04685487431597775,False,0.001084095807513608,False,True,0.004253783625110824,0.02029491652208383,100,0.004253783625110824,0.0020294916522083832,0.010575453194447134,0.27153351169942647,0.26153351169942646,0.40223180481233306,0.6883805673558967,99,-0.01673020987319783,0.02523777712341948,False,0.0004118836366383513,False,True,-0.08887393596479509,0.03499508488618991,100,-0.08887393596479509,0.003499508488618991,0.018235545923379136,0.27153351169942647,0.26153351169942646,-4.8736646732825815,4.170725826327885e-06,99,-0.12505721530597902,-0.05269065662361116,True,0.0012246559661916374,False,True,-0.03033431351761672,0.013835243720971526,100,-0.03033431351761672,0.0013835243720971525,0.007209390205950935,0.27153351169942647,0.26153351169942646,-4.2076115525800635,5.6794488222258776e-05,99,-0.044639307774305234,-0.016029319260928203,True,0.00019141396881868205,False,True,0.4136812661093069,0.4753529972039551,0.06333399420545766,0.3231216025871959,0.9944839159520431,0.9600985593353303
standardized,SR-MMP,HEPG2,20,100,495,0.6155897273647046,0.8157185304249641,0.46236337494092566,0.14684586605729102,0.6155897273647046,0.8157185304249641,0.4049437771100126,0.12694085080809756,0.6816043347555659,0.8543549881111616,0.43044150146337484,0.13399622790621288,0.6860393421543347,0.8561301665824408,0.36660842492093637,0.112791694838686,0.06601460739086121,0.051248863686034284,100,0.06601460739086121,0.0051248863686034285,0.026652347554357907,0.27045963339253226,0.26045963339253225,2.476877778072769,0.014948681844155251,99,0.013130567576003269,0.11889864720571915,True,0.0026264460291097235,False,True,0.03863645768619742,0.031234834002196798,100,0.03863645768619742,0.0031234834002196797,0.01624390458155822,0.27045963339253226,0.26045963339253225,2.378520354648079,0.019301035959426855,99,0.006405026856780037,0.07086788851561479,True,0.0009756148551447893,False,True,-0.031921873477550794,0.01997819929800309,100,-0.031921873477550794,0.001997819929800309,0.010389809117771886,0.27045963339253226,0.26045963339253225,-3.0724215542081583,0.0027424472948883965,99,-0.05253750885197324,-0.011306238103128346,True,0.0003991284471907311,False,True,-0.0128496381510782,0.008510723608049452,100,-0.0128496381510782,0.0008510723608049452,0.004426064252476804,0.27045963339253226,0.26045963339253225,-2.9031747887273904,0.004554588500057535,99,-0.021631909869309282,-0.00406736643284712,True,7.243241633261029e-05,False,True,0.07044961478963005,0.05442810005790104,100,0.07044961478963005,0.005442810005790104,0.028305732754458243,0.27045963339253226,0.26045963339253225,2.4888815068224655,0.01448263019010664,99,0.01428490003335945,0.12661432954590066,True,0.0029624180759128867,False,True,0.04041163615747641,0.03199089448672246,100,0.04041163615747641,0.0031990894486722456,0.016637099383478977,0.27045963339253226,0.26045963339253225,2.4290073182832637,0.01694346926688099,99,0.007400021536842771,0.07342325077811004,True,0.0010234173300606093,False,True,-0.03833535218907624,0.02587854806173546,100,-0.03833535218907624,0.002587854806173546,0.013458328781082494,0.27045963339253226,0.26045963339253225,-2.848448184960511,0.005343766936697632,99,-0.06503959629547731,-0.011631108082675166,True,0.0006696992497835522,False,True,-0.014149155969411551,0.009972713567020404,100,-0.014149155969411551,0.0009972713567020404,0.005186382856732875,0.27045963339253226,0.26045963339253225,-2.728135650657443,0.0075370592044594256,99,-0.02444006475075495,-0.0038582471880681517,True,9.945501588983283e-05,False,True,0.0044350073987688456,0.025587745815624913,100,0.0044350073987688456,0.0025587745815624915,0.013307094939481469,0.27045963339253226,0.26045963339253225,0.33328141258017224,0.7396266832148686,99,-0.02196915595548569,0.030839170753023382,False,0.0006547327359250303,False,True,0.0017751784712789797,0.012458515502232701,100,0.0017751784712789797,0.0012458515502232702,0.006479142390572607,0.27045963339253226,0.26045963339253225,0.2739835558888057,0.7846681022797887,99,-0.011080845691333677,0.014631202633891636,False,0.00015521460851937254,False,True,-0.06383307654243843,0.033121703724859106,100,-0.06383307654243843,0.0033121703724859103,0.017225185024111623,0.27045963339253226,0.26045963339253225,-3.7057991802750214,0.00034732365638029806,99,-0.09801158066015421,-0.02965457242472265,True,0.0010970472576373454,False,True,-0.021204533067526857,0.014424330355850029,100,-0.021204533067526857,0.0014424330355850027,0.00750147882767113,0.27045963339253226,0.26045963339253225,-2.826713712676025,0.005690578414791186,99,-0.03608909451877539,-0.006319971616278319,True,0.0002080613062146966,False,True,0.059794727376621004,0.07720414383770742,0.06517183585547988,0.07624561170096444,0.8547756967435856,0.8964361968407615
standardized,SR-MMP,HT29,20,100,717,0.5631671131601228,0.8258021099250726,0.44689008277326797,0.14059699640678183,0.5631671131601228,0.8258021099250726,0.362708775587425,0.1119217241372613,0.6304240753169413,0.8653552483065051,0.42403514313875,0.13155940766918922,0.6425872768757418,0.8696567805458056,0.329295173617659,0.1004925777076628,0.06725696215681873,0.04078827003130031,100,0.06725696215681873,0.004078827003130031,0.021240011958873508,0.27116831485694,0.26116831485694,3.166521859170638,0.0020510923005095474,99,0.025112170377774773,0.10940175393586268,True,0.001663682972146271,False,True,0.03955313838143255,0.024255330079808287,100,0.03955313838143255,0.002425533007980829,0.012630677902402045,0.27116831485694,0.26116831485694,3.1315135012595414,0.0022867584045252365,99,0.014491133178440276,0.06461514358442481,True,0.0005883210372804528,False,True,-0.02285493963451799,0.01209357620742195,100,-0.02285493963451799,0.001209357620742195,0.006297587592562124,0.27116831485694,0.26116831485694,-3.62915787967939,0.0004520543378074125,99,-0.035350719689290516,-0.01035915957974547,True,0.00014625458548472227,False,True,-0.009037588737592594,0.005059138759805143,100,-0.009037588737592594,0.0005059138759805143,0.0026344870149531095,0.27116831485694,0.26116831485694,-3.430492800418472,0.0008800827167769613,99,-0.014264982531192062,-0.0038101949439931252,True,2.559488499096272e-05,False,True,0.07942016371561898,0.048661101165148615,100,0.07942016371561898,0.004866110116514862,0.025339696189286037,0.27116831485694,0.26116831485694,3.1342192551305685,0.0022676825650382085,99,0.029140708990757658,0.1296996184404803,True,0.002367902766604828,False,True,0.04385467062073307,0.03137116445315201,100,0.04385467062073307,0.003137116445315201,0.01633616497187572,0.27116831485694,0.26116831485694,2.6845144314000935,0.008516302983566327,99,0.011440175160894905,0.07626916608057123,True,0.0009841499591467084,False,True,-0.033413601969766005,0.02059173265000105,100,-0.033413601969766005,0.002059173265000105,0.010722902623825876,0.27116831485694,0.26116831485694,-3.1160967456257853,0.0023983254847709384,99,-0.05469016712533824,-0.012137036814193772,True,0.0004240194535291193,False,True,-0.01142914642959848,0.007528774900171353,100,-0.01142914642959848,0.0007528774900171353,0.003920520992741117,0.27116831485694,0.26116831485694,-2.9152111290207747,0.004396068110149359,99,-0.019208310642141055,-0.0036499822170559058,True,5.668245149745016e-05,False,True,0.012163201558800248,0.04131441998423403,100,0.012163201558800248,0.0041314419984234034,0.021513998359470966,0.27116831485694,0.26116831485694,0.5653622053682885,0.5731064813462089,99,-0.030525238680792037,0.05485164179839253,False,0.0017068812986336765,False,True,0.004301532239300525,0.020223967431255416,100,0.004301532239300525,0.0020223967431255417,0.010531393210991728,0.27116831485694,0.26116831485694,0.4084485455173177,0.6838265193633459,99,-0.01659503669295272,0.025198101171553768,False,0.0004090088586604798,False,True,-0.09473996952109104,0.03299982527663939,100,-0.09473996952109104,0.0032999825276639394,0.017184270943059955,0.27116831485694,0.26116831485694,-5.5131794555039155,2.8089401798448324e-07,99,-0.1288372912256287,-0.06064264781655338,True,0.001088988468288728,False,True,-0.03106682996152643,0.013129060754398184,100,-0.03106682996152643,0.0013129060754398184,0.00683680399335888,0.27116831485694,0.26116831485694,-4.544057426789485,1.561122486562895e-05,99,-0.044632532339291375,-0.017501127583761482,True,0.0001723722362926786,False,True,0.018459830704585928,0.020580825640727128,0.022676825650382086,0.08516302983566328,0.9538609038942543,0.9165243885373127
standardized,SR-MMP,MCF7,20,100,958,0.5270626901233163,0.8329293820572252,0.43199573506143496,0.13457962158269182,0.5270626901233163,0.8329293820572252,0.34074781814803223,0.10480702722251863,0.6150411463766635,0.8702162130794666,0.40965920391270294,0.1261594580772866,0.6350226971551362,0.8750678039498543,0.30460317510068335,0.09194816920334896,0.08797845625334717,0.05708803134990121,100,0.08797845625334717,0.005708803134990121,0.02991484015105413,0.27458906570395386,0.26458906570395385,2.9409636090015017,0.004073814899539599,99,0.02862092332395301,0.14733598918274132,True,0.003259043323407303,False,True,0.03728683102224146,0.023351349147268004,100,0.03728683102224146,0.0023351349147268004,0.012236398077391143,0.27458906570395386,0.26458906570395385,3.0472064398701866,0.002961427002465959,99,0.013007162531673697,0.06156649951280922,True,0.0005452855069976142,False,True,-0.022336531148731843,0.012804002033822611,100,-0.022336531148731843,0.001280400203382261,0.006709456694835531,0.27458906570395386,0.26458906570395385,-3.329111754447262,0.0012245732359546693,99,-0.03564954885803792,-0.009023513439425764,True,0.00016394246808213356,False,True,-0.008420163505405228,0.005089759838151576,100,-0.008420163505405228,0.0005089759838151575,0.0026670976098709526,0.27458906570395386,0.26458906570395385,-3.1570511233792593,0.002112509949478125,99,-0.013712263794239463,-0.0031280632165709924,True,2.5905655210060754e-05,False,True,0.10796000703181993,0.05395353662027874,100,0.10796000703181993,0.005395353662027874,0.028272325834589787,0.27458906570395386,0.26458906570395385,3.8185753681338883,0.00023416110720010284,99,0.05186157885225001,0.16405843521138985,True,0.002910984113835759,False,True,0.042138421892629244,0.02457992615523594,100,0.042138421892629244,0.002457992615523594,0.012880187746391259,0.27458906570395386,0.26458906570395385,3.2715689182741525,0.001472736992066379,99,0.01658133502762529,0.0676955087576332,True,0.0006041727697968518,False,True,-0.03614464304734891,0.018703025505413834,100,-0.03614464304734891,0.0018703025505413834,0.009800618537820912,0.27458906570395386,0.26458906570395385,-3.6879961104358396,0.000369368616231627,99,-0.0555911964853634,-0.016698089609334416,True,0.0003498031630561604,False,True,-0.0128588580191697,0.007209115840436232,100,-0.0128588580191697,0.0007209115840436232,0.003777666577347396,0.27458906570395386,0.26458906570395385,-3.403915553658772,0.0009603061218852033,99,-0.02035456807909019,-0.005363147959249211,True,5.1971351200828606e-05,False,True,0.019981550778472763,0.04556171606257839,100,0.019981550778472763,0.004556171606257839,0.023874907240466724,0.27458906570395386,0.26458906570395385,0.8369268444572248,0.4046494266021038,99,-0.027391444883758696,0.06735454644070422,False,0.0020758699705670136,False,True,0.004851590870387779,0.018924498715500296,100,0.004851590870387779,0.0018924498715500297,0.009916673261040735,0.27458906570395386,0.26458906570395385,0.48923572882531513,0.6257570105143357,99,-0.014825240316742136,0.024528422057517693,False,0.0003581366516329724,False,True,-0.1050560288120197,0.029685487053126403,100,-0.1050560288120197,0.0029685487053126404,0.015555565308559198,0.27458906570395386,0.26458906570395385,-6.7535976178386985,9.969392162393273e-10,99,-0.13592164518756325,-0.07419041243647614,True,0.0008812281415813353,False,True,-0.034211288873937644,0.011361027392321848,100,-0.034211288873937644,0.0011361027392321847,0.005953319992941805,0.27458906570395386,0.26458906570395385,-5.746589955604302,1.0083544937281597e-07,99,-0.04602396732168833,-0.022398610426186964,True,0.00012907294340908736,False,True,0.04073814899539599,0.02961427002465959,0.002575772179201131,0.016200106912730168,0.9422480043060276,0.9884878393598033
standardized,SR-p53,HA1E,20,100,884,0.3614453829841328,0.7791542235246817,0.45508512679111557,0.1387583779253223,0.3614453829841328,0.7791542235246817,0.2958020674799609,0.08487221019148357,0.37600462846073646,0.7868411300567928,0.45333393752635365,0.1380788024788949,0.4043344345705723,0.7987502498694026,0.2858315563314012,0.08172474605439894,0.014559245476603633,0.035295252050178486,100,0.014559245476603633,0.003529525205017848,0.018278151435043483,0.2681834460896019,0.25818344608960186,0.7965381799326906,0.42762532847521295,99,-0.0217085724430524,0.05082706339625967,False,0.0012457548172856285,False,True,0.007686906532110981,0.017833798616823406,100,0.007686906532110981,0.0017833798616823406,0.009235487858733647,0.2681834460896019,0.25818344608960186,0.8323227369999482,0.4072300901323471,99,-0.01063830503264095,0.02601211809686291,False,0.00031804437310541247,False,True,-0.0017511892647618106,0.004038977233024755,100,-0.0017511892647618106,0.00040389772330247544,0.0020916421677047085,0.2681834460896019,0.25818344608960186,-0.8372317654522625,0.40447886562505586,99,-0.00590146111041186,0.002399082580888239,False,1.6313337088892303e-05,False,True,-0.0006795754464274194,0.0016698597801397604,100,-0.0006795754464274194,0.00016698597801397604,0.0008647607868982087,0.2681834460896019,0.25818344608960186,-0.7858536796805664,0.4338300722774787,99,-0.0023954484587908327,0.001036297565935994,False,2.788431685328409e-06,False,True,0.042889051586439395,0.060984370455020726,100,0.042889051586439395,0.006098437045502073,0.03158162907472491,0.2681834460896019,0.25818344608960186,1.3580379747023226,0.17753865306623387,99,-0.019775752179889236,0.10555385535276803,False,0.003719093439795205,False,True,0.019596026344720734,0.026098960566285117,100,0.019596026344720734,0.0026098960566285118,0.013515720268822255,0.2681834460896019,0.25818344608960186,1.4498691860266142,0.15025567225577896,99,-0.007222094924525874,0.04641414761396734,False,0.0006811557426405055,False,True,-0.00997051114855973,0.012991461255509021,100,-0.00997051114855973,0.001299146125550902,0.006727814150557772,0.2681834460896019,0.25818344608960186,-1.4819837357922736,0.14152073888184627,99,-0.02331995403269645,0.00337893173557699,False,0.00016877806555339202,False,True,-0.00314746413708462,0.004443146443959035,100,-0.00314746413708462,0.0004443146443959035,0.0023009469782309575,0.2681834460896019,0.25818344608960186,-1.3678994635089299,0.17444053742904073,99,-0.007713042135813166,0.0014181138616439254,False,1.9741550322465816e-05,False,True,0.028329806109835754,0.051597236717548796,100,0.028329806109835754,0.00515972367175488,0.026720367516071434,0.2681834460896019,0.25818344608960186,1.0602326518449379,0.29161857365335603,99,-0.02468920006609514,0.08134881228576665,False,0.0026622748368867657,False,True,0.011909119812609748,0.021334642519713128,100,0.011909119812609748,0.0021334642519713126,0.011048449979431788,0.2681834460896019,0.25818344608960186,1.0778995999239909,0.28369799596878004,99,-0.010013401924474563,0.03383164154969406,False,0.0004551669714439513,False,True,-0.1675023811949525,0.03222421091916594,100,-0.1675023811949525,0.003222421091916594,0.016687768831284443,0.2681834460896019,0.25818344608960186,-10.037434176397324,9.06471881490565e-17,99,-0.20061453499284532,-0.1343902273970597,True,0.0010383997693628935,False,True,-0.05635405642449595,0.012267828247716966,100,-0.05635405642449595,0.0012267828247716967,0.006353070440525185,0.2681834460896019,0.25818344608960186,-8.870365432283382,3.170136052641576e-14,99,-0.06895992648671476,-0.04374818636227715,True,0.00015049960991548233,False,True,0.9122335307647836,0.9864927236033054,0.8876932653311693,0.7512783612788948,0.9944839159520431,0.9600985593353303
standardized,SR-p53,HEPG2,20,100,603,0.3440235497951706,0.7668417118553178,0.46376900866402676,0.14279050296298293,0.3440235497951706,0.7668417118553178,0.3137315390883561,0.0911988828828244,0.3639148441145825,0.7804661751819999,0.4613327988216768,0.14170704604201378,0.3946017996860944,0.795689555262531,0.3023660797789511,0.08796601359144296,0.019891294319411952,0.045079071922304904,100,0.019891294319411952,0.0045079071922304904,0.023292032771796596,0.266971469718678,0.256971469718678,0.8539956350867554,0.3951691221265323,99,-0.026325151941482626,0.06610774058030652,False,0.0020321227253763383,False,True,0.013624463326682093,0.030607693277407904,100,0.013624463326682093,0.0030607693277407903,0.015814775337771234,0.266971469718678,0.256971469718678,0.861502173485961,0.3910433680941662,99,-0.01775548198282504,0.04500440863618923,False,0.000936830887763881,False,True,-0.002436209842350032,0.005498752966383408,100,-0.002436209842350032,0.0005498752966383408,0.002841166173912381,0.266971469718678,0.256971469718678,-0.8574682694448982,0.39325717735749965,99,-0.008073699926680045,0.0032012802419799807,False,3.0236284185310328e-05,False,True,-0.0010834569209691295,0.002377186260682976,100,-0.0010834569209691295,0.0002377186260682976,0.0012282750714993297,0.266971469718678,0.256971469718678,-0.8820963203678606,0.379861463320845,99,-0.0035206211389536388,0.0013537072970153797,False,5.65101451797991e-06,False,True,0.05057824989092393,0.07256806329793165,100,0.05057824989092393,0.007256806329793165,0.03749539723076913,0.266971469718678,0.256971469718678,1.3489188974218644,0.18044038241356092,99,-0.0238207528979199,0.12497725267976775,False,0.005266123810812615,False,True,0.02884784340721306,0.036988021229841274,100,0.02884784340721306,0.0036988021229841274,0.019111444976822874,0.266971469718678,0.256971469718678,1.5094538085528257,0.13436789052832165,99,-0.009073409683624349,0.06676909649805046,False,0.0013681137144991888,False,True,-0.011365459309404982,0.016564765979796697,100,-0.011365459309404982,0.0016564765979796697,0.008558895638391807,0.266971469718678,0.256971469718678,-1.3279118930278861,0.187260774163247,99,-0.028348165121295735,0.005617246502485771,False,0.00027439147196543003,False,True,-0.0032328692913814565,0.005271834621456062,100,-0.0032328692913814565,0.0005271834621456063,0.002723919094476516,0.266971469718678,0.256971469718678,-1.1868448288119038,0.23812902175935963,99,-0.008637715733179941,0.002171977150417027,False,2.7792240275982786e-05,False,True,0.03068695557151196,0.06555562774293656,100,0.03068695557151196,0.006555562774293656,0.033872122132325044,0.266971469718678,0.256971469718678,0.9059649540595688,0.36715408309875075,99,-0.036522683347019816,0.09789659449004375,False,0.004297540328770473,False,True,0.015223380080530972,0.037197839893237175,100,0.015223380080530972,0.0037197839893237175,0.019219856773595775,0.266971469718678,0.256971469718678,0.792065219832691,0.43021647527385265,99,-0.022912985535206744,0.05335974569626869,False,0.001383679292722907,False,True,-0.15896671904272572,0.05242828551172284,100,-0.15896671904272572,0.005242828551172285,0.027089318662390928,0.266971469718678,0.256971469718678,-5.868243532585591,5.867279773631074e-08,99,-0.21271780433746232,-0.10521563374798912,True,0.0027487251216987275,False,True,-0.05374103245057083,0.019321234075279175,100,-0.05374103245057083,0.0019321234075279172,0.009983142910497289,0.266971469718678,0.256971469718678,-5.383177715913699,4.926770787708481e-07,99,-0.07354975384291328,-0.03393231105822839,True,0.00037331008619172906,False,True,0.9151934799884585,0.9374705761197741,0.5413211472406828,0.40310367158496496,0.8547756967435856,0.8964361968407615
standardized,SR-p53,HT29,20,100,877,0.33803477582321667,0.7717349119518451,0.45428841285712906,0.1384092906406512,0.33803477582321667,0.7717349119518451,0.2910923780567512,0.08285797510335226,0.37266794338818215,0.7874499709758801,0.4500755066321428,0.13648213715783006,0.42736553674471955,0.8019622048824973,0.27325691830715804,0.07709177031491862,0.03463316756496548,0.05506779213405332,100,0.03463316756496548,0.005506779213405332,0.028487875758227216,0.2676238440368418,0.2576238440368418,1.2157160421118278,0.22698414668665948,99,-0.02189295842698223,0.09115929355691318,False,0.003032461730519305,False,True,0.01571505902403501,0.02273974771480661,100,0.01571505902403501,0.002273974771480661,0.011763811160176243,0.2676238440368418,0.2576238440368418,1.3358816126898427,0.18465081811173792,99,-0.007626894494333715,0.039057012542403735,False,0.0005170961261330524,False,True,-0.004212906224986248,0.007698808629351147,100,-0.004212906224986248,0.0007698808629351147,0.003982776414667554,0.2676238440368418,0.2576238440368418,-1.0577812526636405,0.29272941161108756,99,-0.012115598701038583,0.0036897862510660876,False,5.927165431137169e-05,False,True,-0.0019271534828211442,0.0031509291245057176,100,-0.0019271534828211442,0.00031509291245057175,0.0016300504150118251,0.2676238440368418,0.2576238440368418,-1.182266183348178,0.23993190940233006,99,-0.0051615271481013705,0.0013072201824590826,False,9.928354347658368e-06,False,True,0.08933076092150286,0.09357414248252252,100,0.08933076092150286,0.009357414248252252,0.04840812463908999,0.2676238440368418,0.2576238440368418,1.8453671070200366,0.06797307659819449,99,-0.006721460578124644,0.18538298242113035,False,0.008756120141339425,False,True,0.03022729293065187,0.03314682500382713,100,0.03022729293065187,0.0033146825003827133,0.017147639226029413,0.2676238440368418,0.2576238440368418,1.7627670218748293,0.08102575648033077,99,-0.0037973434999909184,0.06425192936129466,False,0.0010987120078343397,False,True,-0.017835459749593142,0.01897341933296168,100,-0.017835459749593142,0.001897341933296168,0.009815400104481611,0.2676238440368418,0.2576238440368418,-1.8170894267926638,0.0722287368306585,99,-0.03731134302274565,0.0016404235235593645,False,0.00035999064118440405,False,True,-0.005766204788433642,0.006832464232196962,100,-0.005766204788433642,0.0006832464232196963,0.003534595897644381,0.2676238440368418,0.2576238440368418,-1.6313618177049627,0.1059912315206476,99,-0.012779609885272672,0.0012472003084053876,False,4.6682567484250825e-05,False,True,0.054697593356537386,0.08836612623248749,100,0.054697593356537386,0.00883661262324875,0.04571389423456142,0.2676238440368418,0.2576238440368418,1.196520101216491,0.23435127324142366,99,-0.03600869050315442,0.1454038772162292,False,0.007808572265335914,False,True,0.01451223390661686,0.029369017669783753,100,0.01451223390661686,0.0029369017669783753,0.015193289835940187,0.2676238440368418,0.2576238440368418,0.955173900012605,0.3418163267113412,99,-0.015634549335040233,0.04465901714827396,False,0.0008625391988880702,False,True,-0.17681858832498476,0.037520025364476246,100,-0.17681858832498476,0.0037520025364476245,0.01940999955884845,0.2676238440368418,0.2576238440368418,-9.109664726621714,9.563483148393666e-15,99,-0.21533223847842792,-0.1383049381715416,True,0.001407752303350941,False,True,-0.05939036684291141,0.01424959744232257,100,-0.05939036684291141,0.001424959744232257,0.0073716549331312,0.2676238440368418,0.2576238440368418,-8.056585309763628,1.8155309585312676e-12,99,-0.07401732952190294,-0.04476340416391988,True,0.00020305102726824592,False,True,0.9533106715611323,0.8309286815028206,0.33986538299097246,0.40512878240165384,0.9538609038942543,0.9165243885373127
standardized,SR-p53,MCF7,20,100,1158,0.29507619080882225,0.7566959657039738,0.44547882044205894,0.13472425777030628,0.29507619080882225,0.7566959657039738,0.2730450919684176,0.07629169404527641,0.3384732628234255,0.7789712342817576,0.4408814284193276,0.13276127024661902,0.39652859130600476,0.79968918366481,0.25621648061382896,0.07111723936795264,0.043397072014603334,0.06310105268948671,100,0.043397072014603334,0.0063101052689486705,0.03286046588049713,0.27119034513791457,0.26119034513791456,1.3206468883437144,0.18966395317731605,99,-0.02180522141995176,0.10859936544915844,False,0.003981742850521377,False,True,0.022275268577783815,0.03385898000078512,100,0.022275268577783815,0.003385898000078512,0.017632381864361647,0.27119034513791457,0.26119034513791456,1.2633159121177107,0.20944270892286282,99,-0.012711202412956833,0.05726173956852446,False,0.0011464305266935665,False,True,-0.00459739202273128,0.006913702085535208,100,-0.00459739202273128,0.0006913702085535209,0.0036003752997214792,0.27119034513791457,0.26119034513791456,-1.2769202208133492,0.2046173055475442,99,-0.011741317724231794,0.0025465336787692337,False,4.7799276527533884e-05,False,True,-0.0019629875236872483,0.0029629980082410113,100,-0.0019629875236872483,0.00029629980082410113,0.0015430090434926584,0.27119034513791457,0.26119034513791456,-1.2721814768136115,0.20628872014589728,99,-0.00502465222411658,0.001098677176742083,False,8.779357196840201e-06,False,True,0.10145240049718256,0.08946576204828786,100,0.10145240049718256,0.008946576204828785,0.046590135916230985,0.27119034513791457,0.26119034513791456,2.1775510738924195,0.03181511292693192,99,0.00900746303910352,0.1938973379552616,True,0.008004122578880864,False,True,0.042993217960836064,0.03868421421558027,100,0.042993217960836064,0.003868421421558027,0.020145167903937517,0.27119034513791457,0.26119034513791456,2.134170246971867,0.03529870664582317,99,0.0030208343148546007,0.08296560160681753,True,0.0014964684294769028,False,True,-0.01682861135458869,0.013909820926706897,100,-0.01682861135458869,0.0013909820926706897,0.007243669899060682,0.27119034513791457,0.26119034513791456,-2.3232162134791547,0.022213468709611023,99,-0.031201623959438082,-0.0024555987497392948,True,0.0001934831182130531,False,True,-0.005174454677323756,0.004691209326393128,100,-0.005174454677323756,0.0004691209326393128,0.0024429913200781704,0.27119034513791457,0.26119034513791456,-2.1180814826465224,0.0366722488413378,99,-0.010021879467011437,-0.00032702988763607613,True,2.2007444944037863e-05,False,True,0.05805532848257923,0.09020209990316305,100,0.05805532848257923,0.009020209990316306,0.04697359077039503,0.27119034513791457,0.26119034513791456,1.235914213293833,0.21941495948050188,99,-0.03515046659727039,0.15126112356242885,False,0.008136418826940208,False,True,0.020717949383052242,0.038772228706266995,100,0.020717949383052242,0.0038772228706266993,0.02019100227666078,0.27119034513791457,0.26119034513791456,1.0260981153471798,0.30734596756434357,99,-0.019345379602248483,0.06078127836835297,False,0.0015032857188510744,False,True,-0.1846649478054986,0.032093279284863094,100,-0.1846649478054986,0.003209327928486309,0.016712876631758893,0.27119034513791457,0.26119034513791456,-11.04926170845935,5.710775629725555e-19,99,-0.21782692092670794,-0.15150297468428928,True,0.0010299785752562226,False,True,-0.06164403087866638,0.012142373533601073,100,-0.06164403087866638,0.0012142373533601072,0.006323255067908363,0.27119034513791457,0.26119034513791456,-9.748781318583957,3.8646710030509065e-16,99,-0.07419074077312333,-0.04909732098420942,True,0.0001474372350294958,False,True,0.9483197658865803,0.9824610937734007,0.17498312109812555,0.19414288655202744,0.9422480043060276,0.9884878393598033
