ik,NR-AR_chem_logit,NR-AR-LBD_chem_logit,NR-AhR_chem_logit,NR-Aromatase_chem_logit,NR-ER_chem_logit,NR-ER-LBD_chem_logit,NR-PPAR-gamma_chem_logit,SR-ARE_chem_logit,SR-ATAD5_chem_logit,SR-HSE_chem_logit,SR-MMP_chem_logit,SR-p53_chem_logit
AADCDMQTJNYOSS,-1.4352432639625503,-1.7118033613978616,-1.035463315495885,-1.010793049571518,-0.5860958846844094,-0.7399481161269782,-1.0695161355245852,-0.27006107805990553,-1.2164029946566997,-0.9496222318490541,-1.0619647034082016,-0.8569038154136567
AAKJLRGGTJKAMG,-1.0705447758685784,-1.772928495642807,1.1151357885791247,-0.36756674208967066,-0.36155257076998965,-0.7273476751950246,-0.8770033237519239,-0.058089693048647625,-0.3313087318327867,-0.9990901530793981,-0.7432144692384889,-0.6875997245443233
AAOVKJBEBIDNHE,-1.063242204759105,-1.7767444744145866,-0.5797273049288475,-0.7992505056739333,-0.32718509921717304,-0.8230423089684624,-0.9934881379144942,0.14875025098754566,-0.7065133563148516,-0.9022588170127621,-0.056110355809692994,-0.04234363299132345
AAQOQKQBGPPFNS,-1.578302217696092,-1.8232395031051032,-0.8770109831551365,-1.018113175661063,-0.6932541323183994,-1.0122960807126533,-1.094626881508845,-0.46123142522051674,-1.2357799720928688,-0.32928350647054755,-0.4208002329898313,-0.8426951288046055
ABJKWBDEJIDSJZ,-1.535161523315809,-1.7881267708561943,0.3183463613028014,-0.6300117864667032,-0.2082395236653275,-0.8155733703877022,-0.623542241040183,-0.1795008497797396,-1.0229670468179712,-0.5258925826933014,0.7688085939361042,-0.4865491331834879
ACSIXWWBWUQEHA,-1.4853913912008072,-1.681810061262519,-2.1280476955681156,-1.6017782039943191,-0.8531760179694964,-0.8808844477981457,-1.1625936155758043,-0.8815362233775661,-1.4608201679091832,-0.6010174697962776,-1.58593279094865,-1.3951945842579745
ACTRVOBWPAIOHC,-1.3691916380890632,-1.6700143846619169,-2.3896211712208983,-1.5438213535584229,-1.0837166184311515,-0.9345989896290222,-1.1883568167355125,-0.9813613825655608,-1.4338273035471991,-0.5384144113182529,-1.9798039501765055,-1.120250726416247
ACWBQPMHZXGDFX,-1.3739322173702564,-1.8215306463047043,-1.2871724463846992,-0.9754895402933539,-0.5903157716149078,-0.8424706270472003,-0.7858561303580847,-0.40323947292608553,-1.3191699908207937,-1.0379682692193346,-0.809579116076286,-0.8456847490498413
ADEBPBSSDYVVLD,-1.0259999071550143,-1.4971181856309115,-0.7090848186328587,-1.1990096442535476,-0.5104453840850312,-0.6431454925771798,-0.9620769820492144,-0.2198790180766621,-0.9481297159223425,-0.8013418479581784,-0.8505748961016042,-0.8473936631644251
AELCINSCMGFISI,-1.267059366072891,-1.669051351163388,-0.3051727533425101,-1.1448757863154362,-0.04477600691420579,-0.8886168416039493,-0.7799006730710076,-0.6351755754463905,-0.8099794972767638,-0.5362610722394754,-0.4880730502837498,-0.728564515073621
AEMFNILZOJDQLW,1.4512816765415528,0.5322441099723496,-2.025124041776681,-1.2477522756692803,1.0547762541899626,0.5095260771891926,-1.191782106889591,-0.01142441673286215,-1.3490628845804982,-0.8320958580813012,-1.2504519524463167,-0.8671719584429864
AEOCXXJPGCBFJA,-1.424439662524617,-1.8616959344149364,-0.15447628881878278,-0.8493966337101284,-0.6998993371503146,-0.9852795444973788,-1.1100873584620095,-0.12453190435950778,-0.6802219609535857,-0.602865826106519,-0.8108933251705677,-0.7300245202140793
AEUTYOVWOVBAKS,-1.5481069519074142,-1.7745968429384582,-2.368376021491049,-1.4005992274527792,-1.2232232425248681,-1.083627932378176,-1.438818394161518,-1.2946176771228257,-1.4250838378966937,-0.8476113471619315,-2.2075750982306577,-1.324558417130043
AFCGFAGUEYAMAO,-1.5691185027707601,-1.8422732921060416,-2.459858432513977,-1.7495090534992088,-0.7111417086970201,-1.001647410962573,-1.4112705861647226,-1.425509402373364,-1.6115106609933114,-0.9609284088120622,-2.409878879974468,-1.5224593752930207
AFJYYKSVHJGXSN,-0.14228874476794026,-0.5605379284705749,-2.425565628751915,-0.01610883059028415,-0.11848204019887877,-0.3479783248291107,-0.6114728120528589,-0.08262312815427955,-0.18188339632706743,-0.9917121943433576,0.1684992336513118,0.2506966628481158
AFNXATANNDIXLG,-1.5428364389661628,-1.883061085192241,0.9192041021272942,1.3000717671291588,-0.2884102243790477,-0.8849373855587408,-0.8276390791009716,0.8713458733871519,-1.1518309255633001,-0.5772598702783304,0.3462547050594045,-0.6309721641620218
AFSOIHMEOKEZJF,-1.1622247868222828,-1.4550001061032212,-0.4486387391067932,-0.9909505426043066,-0.3378228486939569,-0.7010470915706032,-0.6246604218798362,0.024209228846253844,-1.0599314504799828,-0.42445960036052954,-0.9112994837736935,-0.7749784032993603
AGHANLSBXUWXTB,-1.2016593152559014,-1.505793491296055,-0.11172105898936055,-0.6925116946247442,-0.22659829148421992,-0.24578721265573378,-0.14565641594415984,0.40226860752637983,-0.6916270921446386,-0.4511788887344372,-0.2630003011910032,-0.5614060583036247
AGMMTXLNIQSRCG,-1.3738854718040328,-1.749921212387004,-1.0265734735627765,-1.371478532542555,-0.9921793503739471,-0.8741661858574467,-1.0478281350836447,-0.4619872923282349,-1.0637419940837023,-1.0920668404858167,-0.9607436762197356,-0.7464857582996663
AGOYDEPGAOXOCK,-0.6208967742099603,-0.889719939516162,-2.783811865432359,-0.7376794864310084,-0.41830566238139605,-0.6348936101918075,-0.7739622039344707,-0.8081972224000681,-0.6317827101379473,-1.0091764951954239,-0.9200052803807074,0.0794500602019158
AHLBNYSZXLDEJQ,-1.3125708840782404,-1.62530239992025,-2.760850736696429,-0.8036838031205541,-0.7939587882548205,-0.5990320844377773,-0.6872864142811944,-0.9249232243513736,-1.039142221036097,-0.8463109753675541,-0.6942964444224596,-0.7216615637588392
AHOUBRCZNHFOSL,-1.1724175376608923,-1.6376213860570177,-0.01814591502008394,-0.8373957391335157,-0.5492783196418123,-0.823865155983929,-0.8951881491941939,-0.1796373969456859,-0.5839013548440977,-0.7882619890702345,-0.644647280795278,-0.44231573643954863
AJLFOPYRIVGYMJ,0.06290160060590967,-0.426842908619556,-2.58217863457708,-0.684467699273899,0.014199893908586116,-0.10955464513982724,-0.7814056168136022,-0.35942659102583396,-0.9278911400739603,-0.9478286662719271,-0.6838990667912604,-0.5501259062163113
AKJHMTWEGVYYSE,-1.1392630281109266,-1.6770433780317562,-0.5684401752120237,-0.945608538143238,-0.03413190290730321,-0.369811071089234,-0.9440454557673597,0.24774941547993118,0.07601488732918256,0.04011723877331158,0.42137713839299273,-0.2116952508939272
AKNNEGZIBPJZJG,-1.17516496948619,-1.6443356386116872,-0.3651883692871017,-0.8550920846038471,-0.8195706592503625,-0.7046676228608941,-0.7785095823047653,-0.27622299186227517,-0.9590607787589228,-0.8430656876384394,-0.6024510288124973,-0.20089832761196466
ALLWOAVDORUJLA,-1.3347517688217079,-1.7159314197204636,0.08236872795966035,-1.0002606641901721,-0.5240347388290444,-0.5602694441720297,-0.36028711214542963,-0.4581912547498011,-1.1204966359932467,-0.9044637356256031,-0.6616960685496981,-0.35196845995659176
ALWKGYPQUAPLQC,-1.4674440451663062,-1.76469304966802,-0.11418474241510763,-1.0482510835383612,-0.3926016584308118,-0.8905028862835207,-0.7843379721608801,-0.5859923053571184,-0.8930356468156672,-0.8255288305500499,-0.8082617130203913,-0.8592134885226836
AMDBBAQNWSUWGN,-1.120961029576472,-1.6614236956152504,-1.6035441554367091,-1.1791387362388668,-0.802660337414701,-0.6942381774856046,-1.0370317007854288,-0.7109874316926743,-0.7879299246521972,-0.9487657485055108,-1.0844428264770383,-0.6501052529415833
ANGKOCUUWGHLCE,-0.7262165622274277,-1.3518358285775671,-1.8345400299937848,-1.1768111167013655,-0.45376920331091736,-0.7887238993773749,-1.1422755954130646,-0.8642496319282645,-1.3744781666864507,-1.0263397007755661,-0.9328123554150782,-1.030673119950368
ANMLJLFWUCQGKZ,-1.248454031640946,-1.6421274835489232,0.15791451494945802,-0.24859318363508537,-0.1435129474064749,-0.6698021218010918,-0.35785757983664795,-0.17676189123644592,-0.5366788968050415,-0.8911268993574004,-0.1565653260320473,-0.503622715475953
ANTSCNMPPGJYLG,-1.0942627441308461,-1.810667217735486,0.10827748328923675,-0.9821455803905224,-0.28711443513864393,-0.8793778046789907,-1.0632310972053833,0.5640150912271625,-0.6929604565591488,-0.9237732080151687,-0.08948753157747029,-0.6631411991918725
ANZXOIAKUNOVQU,-1.436418056129708,-1.7447146849755,-1.314000945805332,-1.0937718290051337,-0.6562623226167538,-0.8825965506996909,-1.0334812193409264,-0.9213276908860359,-1.0230540736876674,-0.8971913326009096,-1.2716335174458184,-0.7335062244331026
AOCCBINRVIKJHY,-1.4088055964934874,-1.7141150163948597,-1.8744750727893293,-1.1125118297323207,-1.19875635887512,-0.9170831378490956,-1.15098893118609,-0.9091550620440026,-1.3594642409414412,-0.9172487370116886,-1.450289622396421,-0.9213468345681431
AOXRBFRFYPMWLR,0.8532838762191888,1.0630679322800225,-2.108694562792283,-1.0872504638044809,1.2311326358514068,0.7974066486854836,-1.1066026144816332,0.16036848900725817,-1.3704123656982712,-0.5517518936813228,0.03674424034508575,-1.0037757450087672
APGDTXUMTIZLCJ,1.8153943268370112,1.8659385299025097,-2.5930549401976792,-1.1811003207546904,0.7101545506468294,-0.05560454284598414,-1.0458022605230872,-0.7262628887879491,-1.2592201682811233,-1.0516099683812201,-1.5889204149855236,-0.9282617192612821
APKFDSVGJQXUKY,-0.966342641018087,-1.2633293098560765,-2.9024474151588047,-0.8501543657201793,-0.5657910025058417,-0.5817694893668477,-0.837427090839619,-0.6420132112881589,-0.5042126126259243,-1.1282923920447052,-0.8089847720910665,-0.22856170799030726
AQCHWTWZEMGIFD,-1.355831626913829,-1.8266408974751411,-0.5804424040949706,-1.2515822293177319,-0.729140827989707,-0.9054177759694083,-1.0229620311991532,-0.1487644104538964,-1.0461637775342512,-1.107033819785898,-0.6003025277467829,-0.7399594332305371
AQHHHDLHHXJYJD,-1.4129441413550472,-1.7809233054124434,0.3377111819882993,-0.8238745913326411,-0.3221502248368735,-0.8549108689778221,-0.7624018635362481,-0.48952125464351903,-0.5859261588510464,-0.6976932061969178,-0.3584754048307028,-0.4688071258234324
AQIXAKUUQRKLND,-1.5164375717371317,-1.8024063068387979,-1.244624284476281,-0.6425663619202112,-1.100553849299123,-0.9538030779461721,-1.2761663332974196,-0.8102455233831898,-1.4359394686986262,-0.9460226534826455,-1.5496222766192547,-1.1820875232888712
AQNDDEOPVVGCPG,-1.3893794710955072,-1.8127758237264864,-1.408755084507584,-1.179326562129982,-0.601847505534354,-0.8522999849161892,-1.1201738126390657,-1.0770423028343834,-0.9444291573038102,-0.9260103828335391,-1.5253269348989567,-0.9933229284695844
ARFHIAQFJWUCFH,-1.3805463003177874,-1.685013224798391,-1.286499310237823,-1.2598639906832616,-0.5232872659324651,-0.05834233256363982,-0.43992911086951664,0.29913432128342116,-0.2516566698564856,-0.7731691304408027,-0.4250023358943891,-0.8771679730944792
ARSRBNBHOADGJU,-1.4655051966863273,-1.5143429660145515,0.817771880951205,-0.8067099064089724,0.6998270304854589,-0.201517208588467,-0.3677805598143858,0.08495965442911091,-0.40323815751235725,-0.14084030909709583,1.8638503412902097,0.44679519852341276
ASUTZQLVASHGKV,-0.39560727292687475,-1.294216805643802,-1.6762358680787957,-1.0574432687167628,-0.6347235225041392,-0.6091774996847056,-1.2033588888266802,-0.333632476421819,-0.9651511568806578,-0.5814960530519205,-1.2784453615753133,-0.6324934004879252
ASWVTGNCAZCNNR,-1.5569736639464575,-1.8874199035160302,-0.5463811773573803,-1.441713043290335,-0.9126625061031903,-1.033712516849472,-1.1426385785668631,-0.6759221021019031,-1.2948354759067104,-1.091715500777556,-1.3401496622989322,-1.3157661786773767
ATCGGEJZONJOCL,-1.3729796222796435,-1.8590988486751139,1.536563417421534,-0.4886284310351035,-0.19343071250171168,-0.790252285432326,-0.8268477720605028,0.22276946087045918,-0.6779493126052332,-0.7500503508553731,-0.5606627168888454,-0.4131989055243061
AUNGANRZJHBGPY,-0.5968912383377587,-1.432333292634809,-1.2378411264975817,-1.0967102140620344,-0.5575966956979304,-0.8535042641412687,-0.9295336244252187,-0.8379643872584683,-0.8847421330856967,-1.1219519972430025,-1.3625460435878092,-0.43933880654403973
AUVVAXYIELKVAI,-1.0648887105320524,-1.55016273192638,-0.902275577442986,-1.0409988363024807,-0.610487296333342,-0.8183425853026338,-0.9501152707212913,-0.3748102039880876,-1.197795063992,-0.8098531340527303,-0.7292818963432506,-0.24873342831038014
AUYYCJSJGJYCDS,-1.3442581111236898,-1.6771296447423802,-0.4940726740473737,-0.9454357102947206,0.09834911838287203,-0.49036291248063757,-0.37902529357594966,0.6218692669486642,-0.5840710831631035,-0.7281728756444545,0.264462977063521,-0.620845243125774
AUZONCFQVSMFAP,-1.3424041853794142,-1.6468192048982455,-1.4998698429504969,-0.6781795147085184,-0.6607489174034242,-0.8085550942176788,-1.1188109393680992,-0.4486127792679503,-0.0019853220135918883,0.4168896540211964,-0.9287136173896957,-0.8084327054469804
AVKUERGKIZMTKX,-1.3671626866205027,-1.7161431772668685,-2.0836088997762525,-1.4608579148686398,-0.6076250596890467,-0.8458110552545861,-0.7219806439597607,-0.5017053727785415,-1.1919012567295713,-1.1332071801785188,-1.4087411419377176,-0.4353733506139866
AVOLMBLBETYQHX,-1.280428396324031,-1.3730796835186128,-0.7135523809426145,-0.7609834139081628,-0.3495016071086678,-0.26192929313375096,-0.5955062192075659,0.0720791648353672,-0.584324340461024,-0.868682834653956,-0.3771671309610371,-0.7282881986516216
AXKPFOAXAHJUAG,-1.323134958443933,-1.5252977532180236,-2.0660297256740887,-1.2932817532287573,-0.639540811266644,-0.8436369349345672,-1.1106730691291022,-0.4890328732082766,-1.1534844727537386,-0.9997968320193209,-1.624275295599276,-0.9658881382226518
AXRCEOKUDYDWLF,-0.8812637305867261,-1.2510671059808225,-0.2930848809638261,-0.8117672402771454,-0.4815678228293475,-0.6083189132730092,-0.8039803053346437,0.2178984211910124,-0.5271291559546337,-0.9178538795951685,-0.6261356544312198,-0.12141644690115633
AYIRNRDRBQJXIF,-1.378106325059728,-1.7173326978704382,-1.5642209151535407,-1.2349330012635629,-0.7495014332457035,-0.7988887975164973,-1.0494478370901246,-0.5794379195503749,-0.8632650132751505,-0.9858828106443345,-0.9828616581678304,-1.016313369538691
AZFBLLCNOQPJGJ,-0.7715606735063959,-1.3171307366476124,-1.35691903498581,-0.4433749822320581,-0.3883944446407001,-0.4131600325313712,-0.6618695216911492,0.3577055257656955,-0.33265802032665986,-1.1078951815234013,0.07565543702294045,0.3413970475637762
AZSNMRSAGSSBNP,-0.10684213070413755,-0.28834465287356204,-2.599259403366856,-0.19700221588237213,-0.1830560562836107,-0.2649243994855259,-0.6270098101759713,-0.05062790598259979,-0.3135818193124222,-0.9810752534567315,0.15945006566289163,0.23014754241085444
BAFKRPOFIYPKBQ,-1.4151106902114605,-1.8368953338848368,1.0126026422291274,-0.17633329826832808,0.007893445569158672,-0.6968234414536808,-0.6256230265748418,0.2938999056751133,-0.5359803952491629,-0.682441526756475,0.2890659831694421,-0.4538427731277821
BAMTVATUENLIOP,-0.49519061281587845,-0.938087216596296,-1.7296203667027614,-0.9173776132691911,-0.49356023895642087,-0.529324800592511,-0.9422384692024177,-0.5824266433678476,-0.8367616399777577,-1.0943430265625682,-0.7701714628358676,-0.20736392645631924
BAQCROVBDNBEEB,-1.0636613085841002,-1.6444681162673094,-1.765899371070075,-1.1760646629552436,-0.6205433152586945,-0.6672255193898778,-0.9682341226852427,-0.7674866164141998,-0.8391648838851198,-1.0240707221049992,-1.237533235482291,-0.4600227824958689
BAWFJGJZGIEFAR,-1.1311284079262276,-1.3364661956023665,-1.0037609404949173,-0.6604864831712737,-0.0904751433697,-0.8723408234830248,-0.8421820445699431,-0.35393885668159286,-0.30699699625091065,-1.0698408057972566,-1.4407616464048794,-0.6353427050293451
BBFQZRXNYIEMAW,-1.2252268218983668,-1.515767032324627,0.9759370676003924,-0.8872700038354733,-0.4772716449569282,-0.307382955849742,-0.544374917630833,0.6193630067172523,-0.47161185675321493,-0.8036414124066715,0.5984985821402771,-0.6137703958729755
BBMULGJBVDDDNI,-0.8110920116884907,-1.2086858818703095,-2.0747731129701186,-0.33077750628976194,-0.22129366041761606,-0.38728559131425955,-0.3683467210442215,-0.292835990215928,-0.7834089375679064,-0.855390544232401,-0.07390847236461906,-0.1292039453489475
BCEHBSKCWLPMDN,-1.299798688699694,-1.7324991235339429,-0.28806139378225165,1.3172446295907443,-0.6303847155528255,-0.899835260145354,-0.8627879393746549,-0.13781972987843155,-0.9087714152345143,-1.067601170055793,-0.2017591196306696,-0.85874449795066
BCFGMOOMADDAQU,-1.2052166296852105,-1.7172847321483937,0.0390417460554699,-0.6498019546221631,-0.29390042890352797,-0.6246392101478182,-0.5252925016171651,0.5225026041250087,-0.29350454430051137,-1.0358983732317175,0.19264350642709455,-0.7390979970504186
BCGWQEUPMDMJNV,-1.3768787416434118,-1.7630138799943698,-0.0436615730328524,-0.9345092998742808,-0.6620194560269127,-0.9274055491845105,-1.0756148202251203,-0.4058452525251014,-0.9391577134458795,-0.7360919904643322,-0.4931808024021904,-0.614489996291904
BDNFQGRSKSQXRI,-1.3200380022109548,-1.7084840027604717,-0.281990806761931,-1.0564286150432842,-0.5038362353878001,-0.767937841610753,-0.9135784674210992,-0.4266058999786069,-0.8637905240637274,-0.6675750247687711,-0.623246661176404,-0.9040854732404292
BDYYDXJSHYEDGB,-1.4393176510490748,-1.7962311324881757,-0.029918763729387343,-0.9148036154844847,-0.1839024417671817,-0.6827496757445205,-0.740629195620133,0.4465066782833821,0.266326661898366,-0.5967171091641904,0.0791807054032287,-0.29066019575221647
BEZZFPOZAYTVHN,-0.8289166267910246,-1.712514417680386,1.346847019700706,-0.8624371031484415,-0.2412708470627699,-0.8003304625701341,-0.917755607250492,0.23828366195223463,-0.5200240675970526,-0.9306514785105933,-0.9628176935073421,-0.7280613987937521
BFCDFTHTSVTWOG,-1.4537081309846516,-1.769312046608887,-1.2808969409770896,-0.3453753025994609,-0.6397452806288093,-0.9520285370529964,-1.1413088476239384,-0.20920451086397496,-1.2830611279712665,-0.4646641558727757,-0.18223603950627176,-0.6631205740995102
BFPSDSIWYFKGBC,-1.2613071647087855,-1.6764618026933054,0.15509304600492185,-0.3893303082002471,0.5696324962181729,-0.2979629084416036,-0.4877731753561979,0.9770702133893758,-0.33929089642531546,-0.12461188851140977,1.5327289107778685,-0.3633602126357374
BFPYWIDHMRZLRN,0.6144139941904004,0.15280286229376597,-0.8300342749947243,-0.9871436806778344,1.0965991125293106,0.9654284390322181,-0.8937030752952191,0.19972458585892974,-0.9433777682426702,-0.702345024622236,0.5419648375753842,-0.46943726864781765
BFUJHVVEMMWLHC,-1.4648596384483876,-1.7730041485724888,-0.10066897279190982,-1.2144037065079327,-0.6688329009770814,-0.7544428154410692,-0.9901461157860788,-0.4513404911893937,-0.861955108945375,-0.9214928788853097,-1.1018305868041585,-0.8289198841541009
BFYIZQONLCFLEV,1.4298086287026273,0.6940564909581278,-1.5869048873753377,-1.0603627098071753,0.80080826513298,0.3471491297609734,-1.0455454502433006,0.6099701255285127,-0.9105048998776372,-0.753456193788841,-0.7891895739000367,-0.6361033972869129
BGDKAVGWHJFAGW,-1.4608540887579,-1.8530602674732568,-0.578182481954045,-0.4578168697177581,-0.6420325745281806,-0.9877224659588346,-1.1865934680461707,-0.9615023359216914,-1.1330833028067935,-0.8036897708478922,-1.149552520901013,-1.0498213027989616
BGNXCDMCOKJUMV,-1.5177050995974655,-1.833473149089329,-0.20451625467469042,-0.9438350080796902,0.33392622609340955,-0.242335987805075,-1.084439909880024,-0.4700617950155711,-0.8732299995785098,-0.5677106904770037,-0.01867346494570945,-0.6849259000584372
BGRJTUBHPOOWDU,-1.4889822401051438,-1.7751416845135732,-1.8714067010923832,-1.5550068826730206,-1.103245543976552,-0.9419325806032308,-1.1852646156114484,-0.7615502782730131,-1.2074840549985049,-1.1116574777041939,-1.768709015911924,-1.1971555186357088
BGSOJVFOEQLVMH,1.4203549526742167,1.878154071590344,-2.4775762568450794,-1.1917961827803856,0.8672768710668696,-0.07164597843208444,-1.102636972005015,-0.5780991396981252,-1.533003072379079,-1.0749267785104513,-1.6058172296558464,-1.1997559679925962
BGSZAXLLHYERSY,-0.18929291991461383,-0.45199731124574216,-2.7210794881459734,-1.282782994638959,0.17596688553324738,-0.2660483197484338,-0.9278488053379171,-0.740124567373686,-1.4106297728732566,-0.9532367870024452,-1.4239809105386128,-0.9201120025858354
BGYJFSXPRMOZJK,-1.1216861211218658,-1.614825810736999,-0.43179205170643287,0.06996976321172173,-0.2486244160573766,-0.5513369540296225,-0.7194943262117942,-0.08694812936464467,-0.5570395710137926,-0.8544778876342016,0.415630079206445,-0.6815554219529121
BHKPHCKISVSDGV,-1.4273161913765595,-1.7863371853949277,1.1837662322601699,-0.5720619936424889,0.39833110881576905,-0.7269569332450948,-0.7005446536743235,-0.270142640090757,-0.1375929685198484,-0.5059863240254472,-0.20448877694811407,-0.40678798551435763
BHQCQFFYRZLCQQ,0.44754749739775646,-0.27390008925951576,-2.7977353289208935,-1.2884019457472011,0.5430870986929095,-0.2351586988220498,-0.8454963890474674,-0.7200712048886483,-1.624434869094262,-0.8954268440983083,-1.5134584933419895,-1.1866330477322062
BIDNLKIUORFRQP,-1.3114330073334393,-1.6570351531215848,-2.1368568820370344,-0.9742455396932963,-0.2906266225348461,-0.671523609876841,-0.8068878536952905,-0.7028572078857518,-1.2526163525685254,-0.9864756913878916,-0.6789135938416707,-1.1214725507541339
BIIVYFLTOXDAOV,-0.7398687259862731,-1.1664753708959816,-0.8185550341590786,-0.6691508565248054,-0.21841144120958694,-0.40506151325952366,-0.3822994972552107,0.41703513735125125,-0.5312787873846174,-0.8619087924065679,-0.1562196454006116,-0.16314154550538315
BJFIDCADFRDPIO,-1.345753919923527,-1.7107300571276551,-2.213878758128412,-1.5474173930981585,-0.2309552873807705,-0.06845162422804413,-0.7908222330036347,-0.5254669591896496,-0.6675540745247553,-1.1548964650217255,-1.8519874537045569,-0.4964080441044598
BJRNKVDFDLYUGJ,-1.2260104351429144,-1.633828454885135,-1.5842990556180208,-1.177655379635282,-0.13428216084868738,-0.7630197322027913,-1.2395829871387845,-0.9555984926238141,-0.7621246457150573,-0.5662038144763963,-1.0917967829468038,-0.6879371394668514
BKRGVLQUQGGVSM,-1.0423794994924624,-1.3834315927182916,-0.32527660095737826,-0.9307571446634323,-0.7104632631840911,-0.6675180738828,-1.1079290141049076,-0.2779152823984202,-1.1516196018780382,-0.8590008218874204,-1.3081267459734485,-0.421072472628797
BKYKPTRYDKTTJY,-1.398129966268876,-1.749415347850387,-1.6040539723189027,-1.393442032180332,-1.0507099519041092,-0.8509399873940867,-1.0620540929381332,-0.5067514573899194,-1.3257981332934894,-1.0335473982635284,-0.8305460790806968,-1.0485270777851359
BLCLNMBMMGCOAS,-1.2627827437137564,-1.7169374377954556,-1.7876440347876201,-1.3486655729682282,-0.8150602717299801,-0.6781009758979502,-0.8881938175725161,-0.9185812208302374,-1.0630770662920144,-1.1875194700264806,-1.4870078351740437,-0.604273283486743
BLFLLBZGZJTVJG,-1.5800165073713925,-1.8630260900169469,0.29700989974501085,-0.4825307804807248,-0.022974677036900225,-0.5359971977417117,-1.1985080236808359,-0.7858671792171177,-0.8727064644155631,-0.5636788327484363,-0.9498666798340925,-1.0272208092785406
BLGXFZZNTVWLAY,-0.6053578955026477,-1.2685604790221523,-1.221914577846801,-1.0102032521046551,-0.507592134085558,-0.5685265152931345,-0.5836312286534033,-0.5198197100553955,-1.1617861208388665,-1.0029466076534301,-1.0733848934145265,-0.7499665524017932
BLJRIMJGRPQVNF,-1.441672672586971,-1.7961347565975148,-1.791579301603031,-1.2003963326379892,-1.1472751679991546,-1.0691728798708406,-1.1459268291627398,-1.0148793265009775,-0.7125135534210895,-0.8325850903754514,-1.9558853098688938,-0.8108117076805814
BLSQLHNBWJLIBQ,-1.3464913219985166,-1.7690575198829814,-0.07138850106789942,0.5130561725158589,-0.6223747036750703,-0.8487093974794866,-0.8289768189695955,-0.01888085179274601,-0.7264532795752437,-1.0135012891605406,-0.8117626675913883,-0.6514125678754737
BLUAFEHZUWYNDE,-0.46706662598782117,-0.9216159480360979,-2.349562269400098,-0.8670743703100391,-0.17070767576881185,-0.43245542924822555,-0.8808916184575069,-0.5923946106959606,-1.0546875717556017,-0.8709374427591248,-0.9304939581445222,-0.19959507249970432
BLXXJMDCKKHMKV,-1.1566254616861285,-1.638779940896086,-0.0756402844709245,-0.8934752418268883,0.5168164787966442,-0.5863132430024898,-0.6542792747940819,0.16705274784650365,-0.45197447655987655,-0.42716394593762996,0.7715399575514611,-0.43963819174505087
BMKDZUISNHGIBY,-1.2575520288962792,-1.609585049013874,-2.67399196740524,-1.8068476619695135,-1.3308872252544162,-0.852937622415318,-1.2490414180038134,-1.5332364856007479,-1.3227952819856994,-0.9831680396457203,-2.404200391355565,-0.9550329453603288
BMUKKTUHUDJSNZ,-1.3553296134855484,-1.8545841948477972,-0.608435553531184,-1.0331286150893153,-0.00339030525246262,-0.8259553551701977,-0.8946635386289297,-0.20611796631541515,-0.5362721688577898,-0.6756103802572091,-0.5678139382339822,-0.8113953635197877
BNQDCRGUHNALGH,-1.4116500112144772,-1.7680437688383042,-0.21800234963657605,-1.4745039675110816,-0.7361206489558678,-0.7565738006584067,-1.1567026745307047,-0.6754684486735888,-0.5763692730470802,-0.8937722525089783,-1.322487553962862,-0.7739529055289731
BNRNXUUZRGQAQC,-1.125972130855544,-1.67569256414451,-1.4187235862174066,-1.1421435473817216,-0.9728066933696148,-0.8638665566423341,-0.8653977310349201,-0.49623599125055173,-1.0639229110275799,-1.1766330634689228,-1.5218407171112935,-0.9900147142929627
BOBLHFUVNSFZPJ,1.693480213956475,0.7598018945475289,-1.7283828576664946,-0.8400294667518498,0.3334408607959907,-0.2974306319526816,-1.0151925024834028,-0.41738321994410627,-1.1258368487721357,-1.0866375555742567,-0.33017574226288976,-0.5060843907231031
BOEGTKLJZSQCCD,-1.241877892397473,-1.641027798768167,-1.6481094244444605,-1.4644878684948668,-0.5401652777296775,-0.6945888015655793,-1.0395496244431812,-0.22230713473331012,-0.9256034465850504,-0.9974985711044462,-1.4742344377363186,-0.3729215525363763
BOVGTQGAOIONJV,-1.5214740317915247,-1.7324984496923732,-1.8449876677793766,-1.6536473003590841,-1.1230302159292007,-1.0354056404673189,-1.2605363411172452,-1.1829705596183202,-1.5698397683334442,-1.1773782713000798,-1.802342933590856,-1.4701610230909443
BPEGJWRSRHCHSN,-1.3409266022363613,-1.8083656745917178,-0.6400396082360917,-1.0074625453369443,-1.1938064873281706,-0.9878460729101848,-1.1517039347552391,-1.0816512175537965,-0.7914406271580158,-1.1362565496161776,-1.7766385088947716,-0.9347374927401603
BPFYOAJNDMUVBL,-1.0068611093907076,-1.2218587255923234,-0.9869176569367875,-0.7806555716210869,-0.8780365020741693,-0.6367164120892138,-0.5247041270644242,-0.20915177295416496,-0.8424709993389812,-1.094248129507153,-0.9866189874573212,-0.4640491191573639
BPICBUSOMSTKRF,-1.4336803467940422,-1.8466888071550898,0.062151562680478015,-1.1605605211150616,-0.4868582449425269,-1.016907170318469,-1.1094186785196656,-0.3307875207308315,-1.06038942591767,-0.7162277312113784,-0.2125955746744417,-0.920296610353313
BPLBGHOLXOTWMN,-1.3287004213100688,-1.7059762605104418,-1.9657709677070818,-1.4670886392365492,-0.1497050171133869,-0.7966455633079352,-0.9587645568278127,-0.47157148721660835,-0.9879589936200122,-1.1905166138712355,-1.7766938756602668,-0.8720427616707065
BPZSYCZIITTYBL,-1.2984765011583055,-1.815466054715408,-0.6267296867956873,-1.1355632567945042,-0.4232396520008904,-0.7849720540634029,-0.8903219141979971,-0.023475936017207016,-0.6169300493875417,-0.8699323047766151,-0.1490349064437706,-0.6756839631641818
BQJODPIMMWWMFC,-1.4402325630405317,-1.8140136568897436,-0.829987740948374,-0.8440663506388173,-0.5671375689886361,-0.7837057174689737,-1.182168432126178,-0.7570499198646606,-0.9964243793961817,-0.808833789439132,-1.1033185512740946,-0.9359129152977437
BQSJTQLCZDPROO,-0.9778214140200112,-1.774902945768488,0.010672932126139149,-0.7206732800781532,-0.346317945174682,-0.6501466875959812,0.12262338597874525,-0.060355283264425255,-0.3316330862951179,-0.9417756938056799,-0.17145818894390272,-0.5885345986697106
BRBKOPJOKNSWSG,-1.5695768704174895,-1.8748457165765164,-1.0932334212124997,-1.5929295246253095,-0.9250252705385826,-1.0239080575937458,-1.1747571829327503,-0.876617418656143,-1.2387341554798326,-0.7829457077798937,-1.355917135753686,-1.1847809959150584
BRZANEXCSZCZCI,-1.1606893218280274,-1.904163414045427,-0.05399197003351082,-1.0513034073882783,-0.6764973260188283,-0.9991631056392098,-1.1685341439738874,-0.5144951623427293,-0.7923744057562334,-1.0346396229890535,-1.2828451000294152,-0.8740134276919849
BSYNRYMUTXBXSQ,-1.4517841821620223,-1.7888128257528149,-0.9562711067501077,-1.2084980541163528,-0.41580157251370997,-0.7559786469867855,-0.9322859932854507,-0.8362998546957612,-1.1224939196270178,-0.8248218468414185,-0.997734505958962,-0.8333285660110363
BTFHLQRNAMSNLC,-1.467225232435552,-1.8241203170630853,-0.09613073402442995,-0.6555941793742697,-0.664019153935233,-0.8118413699276572,-0.979828840208664,-0.2916746961655379,-1.047926391160496,-0.7649650342418117,-0.5845393211030083,-0.9964198639169187
BTFMCMVEUCGQDX,-1.174494739963781,-1.5094244261312015,-0.759009743720724,-1.0919517199282491,-0.6020305513396723,-0.8509458300505041,-0.8896172058130288,-0.23074056696166903,-0.9364339397408827,-0.7827001440103627,-1.0320534466855915,-0.710496015553758
BTNNPSLJPBRMLZ,-1.2775015714062454,-1.4888401579791057,-1.0011308712100755,-0.9761101583433631,-0.4363751877641404,-0.786946092467795,-0.9159760066363661,-0.5172809648885712,-0.754037364982022,-1.0045757822463957,-1.3740228021862213,-0.7923492586269412
BUGYDGFZZOZRHP,-1.2009064691217304,-1.4802800347254552,-1.7330326132093425,-1.2906711926359273,-0.46507852465369404,-0.7351929707228572,-1.348110849743002,-1.2015951591319636,-1.31984541453885,-0.6949978299565811,-1.4529111597173678,-0.9762616102397936
BUJAGSGYPOAWEI,-1.5964876326287194,-1.877062990422959,-0.32054195726358325,-1.272994857497236,-0.6102829643934735,-0.9588641829560502,-1.2290228722455587,-0.8714928609815589,-1.161845652042409,-0.784743296437662,-0.985429950343748,-0.7859422015727412
BUXRLJCGHZZYNE,-1.506660794712901,-1.8436056173927668,-0.25609483361610436,-0.7570803507759658,-0.7475321289972693,-0.8663860693462401,-1.1531506814319907,-0.979123475326947,-1.0281776957415072,-0.8498789602646557,-0.5573605384930319,-0.7302364076955439
BVMYCHKQPGEOSI,-1.253360662469776,-1.6314041134395192,-1.641058550577308,-1.436296952210487,-0.7746922436447953,-0.7762819427868588,-1.1006415324634018,-0.7135379066128499,-0.6069961414658092,-0.9141334910699713,-1.6830175306992081,-0.3515746951699502
BVPWJMCABCPUQY,-1.3612995648888118,-1.7509804857732576,-0.21342291601513427,-1.2255555100614466,-0.6185400618524383,-0.7906678154077706,-0.9739000113200658,-0.1702999799117105,-0.941848728228196,-0.9358459322677147,-0.665124547931664,-0.8629578386617298
BWPIARFWQZKAIA,-1.2712455755240877,-1.6763215528986208,0.3537110526439045,-0.8173329236102822,-0.1343591052332174,-0.5682476319539438,-0.9563287573499965,-0.006658788052752451,-0.8235029219746772,-0.31733850712055617,0.43947923569603436,-0.3694041032914199
BWWVAEOLVKTZFQ,-1.3171465140256973,-1.6680529610300345,-2.4402379333125284,-1.4423406785591353,-0.8897532911114713,-0.9082351391493997,-0.8091851090483737,-0.8083261457342096,-1.4317810567605724,-1.1184208373013336,-1.8906899150445546,-1.0613769073078503
BXZVVICBKDXVGW,-1.2722103660134483,-1.7427562753260246,-0.909130872368882,-1.0009277311143105,-0.5537418996646319,-0.8619775104636007,-1.1467876354414694,-0.7876975250858484,-0.16400887426918118,-1.047969448510225,-2.038474541360023,-0.4562119267629205
BYBLEWFAAKGYCD,-1.5675314275275563,-1.8755776018716943,0.8704257091721019,0.9094381778390657,-0.277794313854286,-0.6979570381205772,-0.6878791395889639,0.6014983269254084,-1.0282304313709891,-0.6874514462372576,0.08150914083420578,-0.7461101032021878
BYJAVTDNIXVSPW,-1.3842718509098808,-1.7831468714581236,-0.37351881858619895,-1.2374776752350456,-0.35932821694561223,-0.9214682184791894,-1.1946610866867253,-0.7938491301689002,-1.1166223191439495,-0.6838365456637561,-1.092381832447423,-0.8515604250794754
BYPFEZZEUUWMEJ,-1.257023840127298,-1.5901340643470872,-1.2759639307907016,-0.8399262180003257,-0.9402521247617933,-0.8691615175145444,-0.9860982571111203,-0.7435772892665121,-0.9019608034082489,-1.038561034441945,-1.6187535861768956,-0.841406338868905
BZEWSEKUUPWQDQ,-1.2614247108766532,-1.6582342202288463,-1.3942095731711637,-1.185468448523944,-0.5172223848526973,-0.8544391061532606,-1.1356394926432019,-0.3880486271061899,-0.695124691692733,-0.5103626778895131,-1.2214733762331853,-1.0813957336657252
BZKPWHYZMXOIDC,-1.3505207519360483,-1.8474680208543903,-1.664465840826241,-1.601130401336295,-1.2136400505262777,-1.0343768281355596,-0.8716674419428393,-0.8758191958787364,-1.1379416853122488,-1.0215328845354514,-1.675063375232083,-1.2891436040608397
BZMKNPGKXJAIDV,-1.0680273181259095,-1.6681722462737039,-0.7468882127687444,-0.9216814658738877,-0.19988483651191824,-0.6158325417230004,0.32269400357771627,0.6193816974389247,-0.21104431901415632,-0.7602025916783048,-0.05982169446753838,-0.5476130727152928
CAJIGINSTLKQMM,-1.401011467007251,-1.73300064361367,-0.33407939393560476,-0.5770849244935596,-0.6181900865403183,-0.6940398514303546,-0.5567172281893341,-0.5305341501937139,-0.6546782695512648,-0.7128176734466377,-1.2013947096253212,-0.8804012007188442
CAMYKONBWHRPDD,-1.52854634135513,-1.8598125961279717,-0.9684523374215172,-0.9007293820435767,-0.007292299049864185,-0.4537912324259501,-1.1293660048986054,-0.8510940637636141,-1.1130577317782113,-0.7340732814312605,-0.9137013354899355,-1.1241462892389433
CBEQULMOCCWAQT,-1.3641042831696553,-1.6573173054121444,-0.24763424235640435,-0.5413113220719188,-0.4430070999902009,-0.8227036772287063,-1.0073086128500908,0.3651438241471535,-0.34159916022248815,-0.12581134488990314,-0.38961600488400416,-0.5811628333176598
CBPJQFCAFFNICX,-1.3383605578986995,-1.739115773951212,-0.5938165601792353,-0.8681440238001968,-0.15580558657473031,-0.4254134336760297,-0.7580271595526724,-0.410443625415396,-1.1848737579500312,-0.8961455951645199,-0.5376002547284573,-0.5993959698763697
CBQGYUDMJHNJBX,-1.3890693902095492,-1.834477337629417,-1.100545896101789,-0.813179433743101,-0.45556038450618974,-0.9619511588752216,-1.040290945571331,-0.618543703925307,-0.8189902536338397,-0.8749741797280632,-0.935086212342142,-0.9252699371549276
CBVCZFGXHXORBI,-1.2344454055055727,-1.7242875950998713,-1.8025312186006421,-1.1611523972225302,-0.6617655263041128,-0.7647228551365121,-0.875164994686549,-0.6514891144064583,-1.3218300660400666,-1.0916388004036417,-1.192835699731928,-0.647094251436806
CDOZDBSBBXSXLB,-1.3415685795514318,-1.7304700892140898,0.19271124132138578,-0.5728711632116894,-0.5022911099416408,-0.9015758082215168,-0.920843986292579,-0.08593240295637952,-0.8354224323079144,-0.6255242657385731,-0.6058885935021334,-0.42129162014682714
CEBYCSRFKCEUSW,-1.12247982927871,-1.5829323175482604,-1.2955424119751198,-0.8267345285702838,-0.2708584479833318,-0.7224408684430303,-0.7596473841133646,0.06077892417773521,-1.1404279695466677,-1.1073466217341565,0.22077355650840993,-0.4581885777422158
CEMAWMOMDPGJMB,-1.5149432698852474,-1.8422760892938035,-0.8311700534533174,-1.2049321981015289,-0.7424037696015763,-0.9311486874420623,-1.1142780688432743,-0.9411425249909682,-0.7903918855937173,-0.7558825421643239,-1.2915925640709447,-0.9127485381842244
CEUORZQYGODEFX,-1.297839386731375,-1.7277526809631802,-0.3804678190835754,-0.9535473491513944,-0.5215299083920084,-0.7218038324487944,-0.7989956434249538,-0.1264852010722943,-0.8478974289804798,-0.5515405462890562,-0.4114937128268569,-0.6166724355777184
CFJMRBQWBDQYMK,-1.2255322831119422,-1.4585022565513128,-1.7921990433654473,-1.0351815645911906,-0.5643699803992267,-0.7798423125240442,-1.0783969292780022,-0.8037546213603214,-1.1812189637519364,-0.9193079529406359,-1.2375592318797668,-1.2332562935158558
CFOYWRHIYXMDOT,-1.3010953411437616,-1.8197607325622864,-1.2553681991756813,-0.9065223852613989,-0.8652508797769409,-0.9553648102457573,-1.2707726228325966,-0.593917271512216,-1.3813691565899493,-0.9217653622226935,-1.7637635410246602,-1.131640488849836
CGIGDMFJXJATDK,-1.0865089424318968,-1.5946832989655468,0.4897067963521071,-0.5355502110557122,0.1365300771988686,0.0031372179632538875,-0.7259381592001012,0.21404935908546455,-0.9930335319719474,-0.8763524509710761,0.12008831363902434,-0.3859989523091701
CJAVTWRYCDNHSM,-1.39487772784068,-1.726363515740094,-0.9407163815213779,-0.7386211579648386,-0.1747786298935572,-0.6076089052355448,-0.7637241675932384,-0.4505199540280217,-1.042449431813568,-0.7560694553388703,-0.9604954384344903,-1.1201256540993825
CJCSPKMFHVPWAR,-1.4207198325359445,-1.7987449236772766,-1.0831989599069427,-1.4532923059474732,-0.48061789300031105,-0.6782843543411535,-1.0162665362552352,-0.6418556877715497,-1.0374159138515,-0.8426282925273971,-0.9348299715706255,-0.7881372816812715
CJGYSWNGNKCJSB,-1.090427027265833,-1.1341425328329873,-0.7808314355132394,-0.7149581608812462,-0.4202586438310661,-0.7382121205678938,-0.7717404050013057,-0.5303257966257819,-0.20489924779250124,-1.180335513785815,-1.205510154771674,-0.5614601785992692
CJOFXWAVKWHTFT,-1.3883477813536,-1.7852537687633174,-0.604480204821769,-0.6841067250127318,-0.5047123138028043,-0.7845298875089893,-1.092612344554739,-0.06605491426303328,-0.886881100142838,-0.7924162440622667,-0.6765445565404055,-0.7350731931374591
CJXAEXPPLWQRFR,-1.2988539763896545,-1.697750762120613,0.6003330529066001,-0.4878275835279169,-0.46451200415144345,-0.8543777395271606,-0.9970946068159207,0.12227571287170143,-0.7701554178146568,-0.6966296454384542,-0.4807405723005881,-0.7704199870289827
CLKOFPXJLQSYAH,-1.3118070841442082,-1.699466759531262,-2.2673448522585438,-1.383258185923159,-0.7849812547210647,-0.6045713197133988,-0.40923591530702924,-0.5437512840070161,-0.9641802512086812,-1.2467431882233566,-1.6636243025419684,-0.40073500991172156
CLPFFLWZZBQMAO,-1.3709950959067738,-1.7194307859601219,0.16352857000992313,0.08778232501663089,-0.4969408655510088,-0.7353460260447132,-0.6370549917299532,-0.22425019452979728,-0.8346649045775798,-0.62839218813076,-0.005026106708306653,-0.539921492600893
CMHHMUWAYWTMGS,-1.4203545378168334,-1.7312584434304172,-0.6111476933606361,-0.3838566013129209,-0.6217539785208331,-0.7127760649846594,-0.8745175095589133,-0.572134249581078,-0.7489859467698934,-0.7735777153591793,-1.2684839632579257,-0.9723558612926073
CMSMOCZEIVJLDB,-1.5328232202866388,-1.7448668972298205,-1.972272926470352,-1.3302547048231836,-1.0993974803833315,-0.9087410726543246,-1.21232244207455,-1.0716395787493997,-1.0935821527724234,-0.39682446756391754,-1.9437579164922503,-1.165268635035689
CMWTZPSULFXXJA,-1.2537789847884,-1.6889279292348192,-0.1301987242493894,-0.9429904786659664,0.09170930204706007,-0.6246705496266345,-0.2257780253916919,-0.009178257111931293,-0.5649591904687303,-0.823914574998592,0.11967633668448648,-0.43091646640617326
CNBGNNVCVSKAQZ,-1.2439071118191187,-1.8098206718883199,-0.12272133441747703,-0.8728152009443023,-0.46793841329267744,-0.896185648231176,-1.0318701907587127,-0.5756280736546319,-0.7680210918560006,-0.8924844140078431,-0.7790237927511596,-0.8842461189270227
CNPVJJQCETWNEU,-1.2689923539938757,-1.6765832789847752,-1.7195031054102563,-0.9535444402531912,-0.6180004324606709,-0.9476085744717271,-0.851144472560909,-0.41924050925747713,-1.419830956102228,-1.1433625552700897,-1.560963498054464,-1.0659431591828978
COVZYZSDYWQREU,-1.529477569856398,-1.8651645760807714,-2.3662200112332923,-1.558453680649132,-1.0471730964921637,-0.9168639565763055,-1.2983744650602875,-1.2415337990408297,-1.5198918242142232,-0.81347201594169,-2.0102232002171494,-1.537327704352454
CPJSUEIXXCENMM,-1.5165051052870826,-1.8747322704068166,-0.07037479199432989,-1.2081938090728976,-0.38996614151785897,-0.8918663000953051,-1.1918234816960267,-0.5739715052763772,-0.6135246015951608,-0.6631114645293901,-0.6526959930608137,-0.92851249759778
CPTBDICYNRMXFX,-1.5932040666245286,-1.8709784418951692,-0.31621632045449855,-1.3884400316130185,-0.8608137811529754,-1.033649404041332,-1.2205212544907886,-0.8514362029480416,-1.1909313113339555,-0.47670982463644335,-1.2184920205233103,-1.0535167947060322
CPZBLNMUGSZIPR,-1.1356779988760053,-1.5020646921814054,-1.4518315233161567,-1.3445151510941689,-0.5177029412960126,-0.7089881571601037,-1.1182124677559537,-0.5836156530335513,-0.9351449957231249,-0.6493839171453427,-1.0847392329841015,-0.5701883139936775
CQXADFVORZEARL,-1.3660716275859996,-1.6055743939867186,-1.5870850254440403,-1.4991150442894985,-0.546248416211346,-0.7109529057859916,-1.392422744871516,-1.4331184045735805,-1.2690667381301477,-0.9045983217655318,-1.95338534269677,-0.8748431733051627
CRDAMVZIKSXKFV,-1.3450681727053608,-1.709825442290255,-1.8771487378997513,-0.8943648454775552,-0.46994263816978166,-0.8081635032616821,-1.1620223947803374,-0.7716195650428074,-1.3388714069270904,0.05149655256930484,-1.0455166944797687,-0.9704567830812723
CTETYYAZBPJBHE,-1.5420963090794357,-1.7745005866285068,0.20248062764695474,-0.5981525969129281,-0.2796143901878628,-0.6265064519736526,-1.0081040861769714,0.3154699609754804,-0.7414713085019666,-0.3579103561471535,0.05185946222477531,-0.5291384419982434
CTRLABGOLIVAIY,-1.353649639392547,-1.6205799952354367,0.22328148872279785,-1.1894640007434327,-0.2424707340255958,-0.7344353284624496,-0.9402804612847344,-0.3807488934489012,-0.47613158966791225,-0.900985834974833,-0.26770120130102526,-0.2901161006094086
CUHVIMMYOGQXCV,-1.5197252051000278,-1.8727086617267126,0.3406726938515421,-0.28504643874850794,-0.11991736396827264,-0.8145696192694488,-0.9401700709076735,-0.21599012779620122,-1.1384907494202952,-0.6462328720873806,-0.2989834836762349,-0.48132543233012115
CUIHSIWYWATEQL,-1.2468078480584408,-1.7993394346154217,-0.2993011778027575,-1.0131515002928755,-0.6521233071877913,-0.9423743099746601,-0.8440373722731949,-0.1116897031421125,-0.6926712363448796,-1.010485672365504,-0.7330724044828333,-0.9436869552616396
CURUTKGFNZGFSE,-1.1540460501470564,-1.4135967476563853,-2.592241080718612,-1.1183673006171047,-0.4846551929749426,-0.7109784457376459,-1.1053075823169842,-0.942798930442533,-1.34521699400551,-0.8145904913162658,-1.4097894423593762,-1.336124560262235
CVXBEEMKQHEXEN,-1.4351455390101755,-1.698175545977429,0.4416167961647468,-0.7609760364460482,0.052415892515845636,-0.6995379077696449,-0.4749486310748669,-0.1938822533837816,-0.39029710163136655,-0.7320888776867998,0.1700412721506113,-0.41108464365043584
CWRVKFFCRWGWCS,-1.5188304932750976,-1.8203818923878832,-1.1841359041069606,-0.44255591076517176,-1.1402344009012708,-1.0458664881069393,-1.2749716820501755,-0.7279962601912108,-0.9887999256461325,-0.7007144334414886,-1.1760856964246074,-1.2475912626688301
CXOFVDLJLONNDW,-1.022189163424872,-1.7107554654473596,-0.8325911203935901,-1.2640082471955933,-0.45648316833563723,-0.8269597695006873,-0.9466672887959802,-0.5365792308546592,-0.9739097011776426,-0.8435902780404537,-0.41733455339212133,-0.45751561085054454
CYOHGALHFOKKQC,-1.1864236797915595,-1.7336261064139613,0.43600627011145815,-0.37851163789114667,-0.48686430136720826,-0.7860415684984394,-0.5674251833552971,0.048235156173132857,-0.770203173752404,-1.0206075569264752,-0.6660199454326023,-0.790323627403935
CYXKNKQEMFBLER,-1.438186825687368,-1.642015843603517,-2.4420322555879346,-1.186041477224438,-0.5569161630380889,-0.8550271509153328,-1.199952700831039,-1.0150200857645966,-1.1991435859271349,-0.28510606097327146,-1.1111006971247341,-1.2736134126777237
CZFFBEXEKNGXKS,-1.197573920259399,-1.7707905244326736,-0.87131672115739,-0.984852539764099,-0.8627908755601803,-0.862572870061475,-0.6546428704205735,-0.4980192868358171,-0.9871467068527595,-1.1400055544930379,-1.1969608919108874,-0.8048999410785829
CZIHNRWJTSTCEX,-1.3925996222086605,-1.8204687927110093,0.668428030456534,-0.9469278335413459,-0.00311890271851154,-0.47041050885049107,-0.9558596831072682,-0.3125151313211904,-0.9391236393568099,-0.6441453027112632,0.29482504976182394,-0.3870595486101917
DBABZHXKTCFAPX,-1.4995813198312282,-1.7706012198335914,-1.8150719887219173,-1.3521294323139148,-0.8428725642893258,-0.951515837594856,-1.093455229819527,-0.8173412082109317,-1.3730921057177141,-0.9712723046943248,-1.547241146382842,-1.3244830611297556
DBEPLOCGEIEOCV,0.12401222157715086,-0.538925667599092,-2.2361811793145416,-1.3094249384573289,0.07015256928084891,-0.2345243918433317,-0.8961622119233866,-0.63240011395878,-1.4723539350835426,-0.9119407106508812,-1.4651105009356393,-0.7400729306807703
DBGIVFWFUFKIQN,-1.5544515159689345,-1.8333590888231872,-0.6988250867314569,-0.8163519710727529,-0.5318072853393236,-0.9146792732731903,-1.0189828075952283,-0.24604168534470394,-1.185250279806475,-0.6646018305030121,-0.5094114873656044,-0.9356432539775665
DBVJJBKOTRCVKF,-1.4408438352436348,-1.1769443374092887,-2.2249797295137883,-1.6009720084651562,-0.9927858604589468,-0.9415800698255755,-1.2190839185005353,-1.2112595240097852,-1.5744027558635225,-0.8184792740152657,-1.8067840246206317,-1.3168437394357195
DCOPUUMXTXDBNB,-1.5044408558927291,-1.7916167241293668,0.6804953087240604,-0.8405866720828916,0.0786632228574313,-0.499680278403019,-0.772186384759885,0.3500662489475886,-1.024649568888489,-0.7846445857998139,0.14266137126471065,-0.9000573289594699
DCSUBABJRXZOMT,-1.2234228187122975,-1.6560782780874526,-0.8149562046420855,-1.0448813337035843,-0.5470560681500161,-0.7315228333652337,-0.7724539959146018,-0.21078650081104022,-0.9172300516475884,-1.0273084721841454,-0.9110617973618489,-0.783001440191261
DDLIGBOFAVUZHB,-1.0838754309631278,-1.610290593039775,-0.05304748666156776,0.45050088919592496,-0.14003535981950177,-0.7178625147856609,-0.3325145321870586,0.4898270902818578,0.14146089182288643,-0.9446788820489843,0.2356757646685744,-0.0742915959963126
DDNCQMVWWZOMLN,-0.8654086143800283,-1.1661869375580207,-0.7105663189165645,-0.5464904841149447,-0.13506468668917448,-0.47437506880003644,-0.5455108826188597,0.11276457729387576,-0.7456064199349889,-0.8182226035550046,-0.5663243678991624,-0.5369035312416623
DDUHZTYCFQRHIY,-0.6691717689408423,-0.8890602375700264,-0.18426230204570834,-0.3753309276009651,-0.16948937120014507,-0.35558428255457947,-0.6507029000784782,0.5890284087450531,-0.4498154021565387,-0.8472350399873211,-0.009627111484476288,0.41008003282575156
DECIPOUIJURFOJ,-1.3197493058201775,-1.7416349059431981,1.1450798200201469,-0.7735772153409785,-0.22820301596687614,-0.7125744933514163,-0.9823049955231768,-0.09724749945963691,-0.3752433074422261,-0.628753476950888,0.26869170296134876,-0.3877205397913635
DEQITUUQPICUMR,-0.8797357906073192,-1.5002681762820345,-1.6494161659407647,-0.9785842930323763,-0.4893377969840068,-0.6012544494720093,-0.7540629832358262,-0.2992387454673058,-1.1869823581944625,-1.1421271811508649,-0.6610580895463407,-0.020394309605607085
DERZBLKQOCDDDZ,-1.3710642178290262,-1.7589788257799268,-0.660725369559512,-1.004352755332845,-0.3972720065412026,-0.860879064148325,-0.9198400337751433,0.09589042281295741,-0.7150115247951078,-0.4934786910394625,-0.5659791252472763,-0.8681498114649064
DFBKLUNHFCTMDC,-0.7000711107476285,-0.9995657945075993,-2.0608574408281193,-0.851816099440467,-0.029043297012297888,-0.294210699628196,-0.8039359660053618,0.58840284143028,-0.6822342680513523,0.043302623325582164,0.35200196054412186,-0.5023300819273147
DFPAKSUCGFBDDF,-1.650041162072707,-1.9458229853659863,-0.30606458321193414,-0.9505762442733208,-0.8911162760664835,-0.9859027308596988,-1.2151662577039826,-1.1469876050357697,-1.1817984111409383,-0.8164657940424561,-1.6116891404925395,-0.9515775840781995
DGAIEPBNLOQYER,-0.9124651833485614,-1.6549329567090183,-1.269744874597967,-1.1868102043282418,-0.806107770514742,-0.7313528817475743,-1.0409426796470278,-0.8421460417635181,-0.7924130607763415,-1.0353522448383226,-1.227118627306246,-0.6456875026606398
DGMKFQYCZXERLX,-1.5242939509843132,-1.8337862271220104,-1.567517882560141,-1.3875884768705113,-0.5854347240086668,-0.569767865634304,-0.9876491903876152,-1.0064316981264236,-1.1877193648628983,-1.0895060346660448,-1.5379322444394372,-1.042599004386196
DGMPVYSXXIOGJY,-1.4975454286733185,-1.855373211915832,-1.3179164380320483,-0.7024677524609909,-0.7595482502570694,-0.8789076438141742,-1.0906440624554483,-0.8389294283128702,-1.4684587731430718,-0.7491620124733397,-1.3281739051981032,-1.219848533712503
DHSSDEDRBUKTQY,-1.3415003977977857,-1.5966230753802324,-0.9358497933518022,-1.2248934131536744,-0.9748299572303127,-0.9767552336015359,-0.8528072214896568,-0.21889847877748195,-0.5953477832592242,-0.7063998517530351,-1.6964466477411873,-0.9840744780509479
DJBNUMBKLMJRSA,-1.4108917123945948,-1.7289431260794454,-1.1753008055188492,-1.1435546628859186,-0.797603516178324,-0.8943289503387835,-0.792253386970143,-0.6072349465342868,-1.0852473884028084,-1.026192296852825,-1.127559250185145,-0.6575286124885509
DJDSLBVSSOQSLW,-1.409315517894018,-1.729515574356001,-1.6274562783871258,-0.7244804559300687,-0.3240731546381339,-0.4656227868012965,-1.0599025895363243,-0.6074187307328957,-1.184639578368848,-0.6784399890184025,-0.7788286860660812,-1.075761746919033
DJEIHHYCDCTAAH,-0.9438993161872088,-1.769646480633717,-0.10303905163085164,-0.631980434759887,-0.09742759074103738,-0.6642230215707491,-0.6625276830442648,-0.007282385099049436,-0.34967803744634085,-0.8956552336248107,-0.4158385591780943,-0.4854858409016455
DJHCCTTVDRAMEH,1.7006819812908944,1.6144435249715283,-1.430462630760239,-0.7810678572210829,0.3005342895336711,-0.16322367613739916,-0.9798258298396717,-0.007202104390628384,-1.003626434940796,-0.9712153942726172,0.3127987658476107,-0.4750523163215658
DJQOOSBJCLSSEY,-1.5199093332487335,-1.858968836084823,-1.5887161930759608,-1.2400857787454855,-1.1044203791026725,-0.9848503118228098,-1.1743702472410853,-1.077973312745569,-1.4111422682768477,-0.9776524873700932,-1.827604221458755,-1.287903345197042
DKGZKTPJOSAWFA,-1.1146373048356755,-1.3877435741143223,-1.1971341155735702,-1.1305617281105804,-0.5518435895389838,-0.8077083844052514,-0.9574329952643625,-0.06423719644777548,-1.1262938132997986,-1.0728280481304273,-1.160750230825662,-0.7408194410041199
DKLKMKYDWHYZTD,-1.471943941970045,-1.7793173717602353,-1.5689479649106817,-1.1430008531213796,-0.16287510071095246,-0.8054497064514043,-1.2861396170805233,-1.0489221467362755,-1.222413106317139,-0.7886346005546893,-0.9470451760138788,-1.2326121050261276
DKMFBWQBDIGMHM,-1.3732645367790033,-1.61644948389076,-1.540471926134845,-1.135437004604556,-0.6443900943792198,-0.8857382049279181,-1.25269608217919,-0.5339167704450939,-1.288528517976678,-0.8294687080778105,-1.4806660842885635,-1.1748138250140363
DKNWSYNQZKUICI,-1.1334315508641124,-1.285232773276186,-1.8332260316860969,-1.2577858025594335,-0.31646131194884225,-0.6905394249240949,-1.4043409078666989,-1.1815918440878956,-1.2012258686972317,-0.5909954786454538,-1.2269800058484017,-0.9530699306816518
DKYWVDODHFEZIM,-1.302622857345425,-1.7480115442198054,-0.32545789566273997,-1.0736348009866488,0.04271366419956796,-0.6349581391964995,-0.6730698772923625,-0.009082819080879637,-0.8467712158982382,-0.677668516069498,-0.25119208931972264,-0.7565379940687967
DLNKOYKMWOXYQA,-1.4163082508818716,-1.841465230104727,-0.6521903527395585,-1.073900150703931,-0.33993213848780507,-0.9559541451730416,-1.254440399769008,-0.8400582750856698,-0.9282854087819246,-0.7160457052611001,-0.5482501125422323,-0.843543610099646
DLZUBMGMHUNDLF,0.42598913704948904,0.28098327819559554,-2.526871016640603,-1.3383690079224702,0.5390016338210609,-0.10316014209188912,-0.9638399476835905,-0.6941290379406375,-1.5181055075271392,-0.7757977165814196,-1.197150711987534,-0.924374198914087
DMDGGSIALPNSEE,-1.3817863243802124,-1.6694501128814712,-1.3521193793906234,-1.3648123223465887,-1.0729529745200488,-0.8603785075342645,-1.060960858860859,-0.8316678599626957,-1.0806742281021613,-1.0524850737140297,-1.4031275962957757,-0.8874075369639413
DMJNNHOOLUXYBV,-0.9686651586767362,-1.2717547710564958,-2.6107728686738625,-1.208750933065735,-0.9012012617819832,-0.7861233804345208,-0.9889697391585106,-0.8355486862998289,-1.2176374586310714,-1.1376772624581997,-1.8012417580917068,-0.4304422310420763
DMJWENQHWZZWDF,-1.0038398874299042,-1.5840134501966214,0.20545156941822,-0.9501734777638999,-0.2629956795384888,-0.4602134524737791,-0.9872039816559286,0.0968336709635343,-1.098190932037767,-0.7147572223368365,0.002530104470089389,-0.5540573055854141
DMZCCFMMPHJWQY,0.6163377789680822,0.13324647643482637,-2.2002877076636107,-1.1038524802823004,0.29150209426438767,0.14213593409896738,-1.1203066440901117,-0.37520354970115005,-1.2025385959429755,-0.8584803875060721,-1.4084728323535085,-1.1831557251556784
DNIAPMSPPWPWGF,-1.42902309194088,-1.8011656930489033,-1.998949169878228,-1.2821538957884357,-0.827858551355356,-1.0035250130600737,-1.4127517773294116,-1.387867917471893,-1.2369407162890265,-0.7858128896751108,-1.6711615150370254,-1.2934851947431285
DNTGGZPQPQTDQF,-1.4663195750065507,-1.8069140082086301,-0.4093177249582138,-0.9267798389642932,-0.32613772435749755,-0.7782068174052261,-1.116960122201558,-0.35440947393331723,-0.7465972385096297,-0.37223284598724343,-0.5604441221728578,-0.5554925295377396
DNTSIBUQMRRYIU,-1.4865359818707178,-1.869192352836154,1.5966426449121434,-1.0055707843602444,-0.26097921027462273,-0.5612254237912615,-1.0439561749392936,0.2779375198081638,-0.7637257690142892,-0.6369823327724993,1.5686897276008573,-0.9632206726610689
DNXHEGUUPJUMQT,0.4525067042196367,-0.532830573648056,-0.9248672395796937,-1.1643816453482576,0.9442407492475591,0.6483440409070106,-0.7878271612497714,0.006539279625568196,-1.2174619271287013,-0.588390844030068,0.428887805126392,-0.5178582550002269
DOMXUEMWDBAQBQ,-1.4846362788549363,-1.7082956977349255,-0.12824831710981371,-0.6414653003184307,-0.2554783432242652,-0.7883094502827892,-0.6158440826561455,-0.12356584192218024,-0.7443084371380696,-0.4413811227882812,0.5265941420992492,-0.3680321306157211
DOUYETYNHWVLEO,-1.3401463958890545,-1.6881728563218161,1.1550906152265288,-0.36050307876902904,-0.18374369987626565,-0.9100642456556506,-1.0155138386270606,-0.15409570255528432,-0.37889216580394025,-0.9249206154246713,-0.6325062249051022,-0.3477186860057235
DPSPPJIUMHPXMA,-1.0511908478092802,-1.0125102719283854,-0.5431834710186166,-0.7947010433152653,-0.41483474932245085,-0.32065552314827434,-0.2662053039773293,-0.25641731537033713,-1.1554181188349903,-0.9395178371471848,-0.5256525757625519,-0.5185301049720263
DPWPWRLQFGFJFI,-1.514871045554752,-1.8799253085232026,-0.8974073996317701,-1.2800556808263748,-0.6929851133254784,-1.0071871159744143,-1.3021186410975778,-0.9000362826139404,-1.1371649864957032,-0.7236837840085266,-1.0231988285021836,-1.135139008983245
DQCKKXVULJGBQN,-0.478038958084765,-0.8031015419210663,-2.0144350988039776,-1.0917555951369728,0.2892303186367467,-0.48874951300690916,-1.0125904879591265,-0.31143379787144876,-0.8462738512789236,-0.6544557881233816,-1.460721203776895,-0.09329875607782748
DQKXQSGTHWVTAD,-1.4052505513732747,-1.8086936512457112,-1.5566882672724747,-0.7653290695442247,-0.8621750674466425,-1.0538787763836044,-1.2045872061225251,-0.9596696862172129,-0.7790926556273646,-0.7525407227212892,-1.6790793346358073,-1.061737824821978
DQMZLTXERSFNPB,-0.9000772761661493,-1.7028853963487942,-1.317951674032908,-1.4324668629750807,-0.6713301066659141,-0.916208027769113,-1.239710916229322,-1.0154653452973266,-1.2274752420391366,-0.9405816460678191,-1.213770091189966,-0.7168896824575107
DRLFMBDRBRZALE,-1.366807373358322,-1.8461373841092736,0.17646727714344906,-0.7766012919121772,-0.4846887462018017,-0.6066278162229392,-1.0709804305259971,-0.4403732723013542,-0.9393616144787118,-0.8763788783088496,-1.0889597019127097,-0.6769602812265174
DRZXDZYWZSKFDL,-1.2151455294313767,-1.7239104651153998,-0.9697250667760384,-1.0207695308728322,-0.8886583816981114,-0.8918588291366039,-0.6055763300066372,-0.36838177236005976,-0.8862679528715975,-1.059413940398604,-0.983240782953093,-0.7192380886908302
DSFGXPJYDCSWTA,-1.2030690555483534,-1.6468732709210696,-1.5100066280119524,-0.9641122328711609,-1.095768392823873,-0.9661241239751502,-1.0497432595244494,-1.058668101963649,-0.9979028751313628,-0.8983417305014433,-1.8987742150339932,-0.8806931225495174
DTOSIQBPPRVQHS,-1.3677440882523282,-1.5913947705078433,-2.4119900654915125,-1.03879522350577,-0.5953644129412073,-0.6973611362214491,-0.7551011525175895,-0.010416122102754562,-1.3974926996330415,-0.2776081940352012,-0.9670250884835521,-1.166890063081217
DTOUUUZOYKYHEP,-1.5067408867569807,-1.7202649733772053,-2.513988510471078,-1.1941056960765462,-1.1187650568787288,-1.027674110437998,-1.2250768245564485,-1.0546359754791272,-1.3764869882333666,-0.893835642062087,-1.3351738986887551,-1.3121792438051427
DUEPRVBVGDRKAG,-1.373754262680103,-1.7806928213793864,0.0936226395797027,-0.9884418475063692,-0.57195671465369,-0.7174630020140483,-1.0296565427028082,-0.7387100487347604,-1.09352588671669,-0.8818379660136242,-0.9747246494969685,-0.7473586552367251
DUHUCHOQIDJXAT,0.4151158642027609,0.050457463978580246,-2.599368535522243,-1.3619989530614285,0.31658413470054864,0.11360059434261013,-1.1126342702708252,-0.8541852155606837,-1.6382836481916616,-0.9161514984497524,-1.5556746616113528,-1.07562665681865
DURULFYMVIFBIR,-1.500926489446002,-1.8322585186208686,-0.7656019344312351,-1.329857756005868,-0.7016402946413169,-0.9825684501245748,-1.2080046401942377,-0.9282179452685346,-0.8304524702688179,-0.8037756191712062,-1.3342968288594568,-0.8332141570992505
DWTTZBARDOXEAM,-1.1968116631473766,-1.6307902297104477,-1.756469299633616,-0.9582940245773477,0.01110205804841727,0.18703356234257978,-0.9407026829185207,-0.6718608941798679,-1.1212684448172445,0.045586256061125145,0.7072344106567217,0.025592513005553326
DXGLGDHPHMLXJC,-1.2673269707707449,-1.7772515047766966,0.16209023526856964,-0.9530620298093364,0.36653214720426563,-0.2672939034051241,-0.6295428839812769,0.32518515363851647,-0.27857558246585024,-0.5996333932196884,0.5006472978876669,-0.6907121573528838
DYDCUQKUCUHJBH,-1.4781916176662446,-1.7196736186150736,-2.0145038310996917,-1.6383144344728149,-1.1528822774410505,-1.0385688659739367,-1.3511605262371567,-1.3410667626283608,-0.8204907929877487,-0.9955951022213909,-2.158946672548058,-0.8201901477227638
DYEFUKCXAQOFHX,-0.9419222147317522,-1.7022750056968061,0.6990842236491149,-1.0080386206665792,0.4457529461038501,-0.7445349081445551,-0.7502409786834472,0.10497917737448222,-0.3156105684330875,-0.2714195096391095,0.1586028949104244,-0.2511196963051723
DZZWHBIBMUVIIW,-0.8186171884984018,-0.6264133217649052,-1.0685359239684946,-0.5452462291692117,-0.5553405968532736,-0.5571724290829659,-0.12862977134704182,-0.2640152105187224,-0.8811394051034306,-1.064963107698683,-1.1880230963397576,-0.015975520333951
FABPRXSRWADJSP,-0.9649139989360169,-0.5465420522437257,-1.4028668289011894,-0.6339116409352423,-0.4472255616494395,-0.5546259725986,-0.04802166204022607,-0.06345775798596215,-1.0078341519448117,-1.0773189679358675,-0.9664746011076512,-0.003601824612156477
FAEKWTJYAYMJKF,-1.3678905600778508,-1.7799150637583163,-1.1237397697899398,-1.067892840358666,-0.5385334046917174,-0.6760254650213114,-0.6769023894966306,-0.5481429191568248,-1.078143835540743,-0.9809681360717903,-0.7564396696873676,-0.7857816598288576
FAGUFWYHJQFNRV,-1.5779670090663156,-1.7612880664438335,-2.4342488963480924,-1.5890844715432972,-1.4062861870208418,-1.0960744132817388,-1.5534903153345194,-1.2919900277375764,-1.3131663320708094,-0.6847444614217798,-1.7745800938685756,-1.2839845653630284
FAKRSMQSSFJEIM,-1.4631558441033876,-1.7483041523718814,-2.749965212113087,-1.4834287520693141,-1.0471349092366755,-0.9450310793971236,-1.2447594598214287,-1.2132132329336835,-1.4562844189879818,-1.0366524887739308,-2.1376144706671014,-1.1733864826708573
FASDKYOPVNHBLU,-1.2090242103381517,-1.7377555224611685,-0.16980754310906881,-1.1338168222923408,-0.8981261404681216,-0.9507446812162046,-1.1553239531268555,-0.21206901327344743,-0.9333336431043905,-0.7328017112783373,-0.9668292196056156,-0.43311570186976217
FAXGPCHRFPCXOO,-1.3256820519928296,-1.67095187141633,-2.525765906280336,-1.29438964866529,-0.8264889923109808,-0.7624130860451186,-0.8311928011571673,-1.0942306025348743,-0.956635388874632,-1.1723809127346898,-1.640119377598308,-0.651171268381865
FBOZXECLQNJBKD,-1.325180038792285,-1.7124361322738046,-0.7506915027208602,-0.9812916846608921,-0.6507782421132596,-0.899305065170357,-0.7483440748640307,-0.45366741750299555,-0.5318251028844118,-1.0370092483841988,-1.476260560618047,-0.10304067014873991
FDKXTQMXEQVLRF,-1.5323575517044583,-1.8416983392230026,-0.23785531278822436,-1.1926935858417633,-1.1195534411132184,-1.032944778786251,-1.2464648366471156,-0.9866111393846961,-1.1055798035797826,-0.9676760592581303,-1.7319100423611369,-0.9511985607017144
FDMBBCOBEAVDAO,-1.4147480530510563,-1.7868249452644391,-1.2778541402666888,-0.8505553168495317,-0.44622599872474245,-0.7938827074804752,-1.1924200033049857,-1.100877104435698,-1.198117480000307,-0.7673234001272462,-1.0321462944503292,-1.099511643659295
FEBLZLNTKCEFIT,1.6395810262634556,-0.10314172187258958,-2.1041236750516243,-0.6511053772095015,0.4728248302373444,-0.11425893520846724,-0.9267218325685584,-0.5379055127349199,-1.2925156564233933,-1.0946434807393426,-0.9273411038117727,-0.3317261195542286
FEBOTPHFXYHVPL,-1.1716560821896402,-1.4186500803324862,-0.8817536697689888,-0.9778691243953102,-0.6934417759353151,-0.8062401657868392,-0.7001238095700014,-0.2327032262741074,-0.9082144397323795,-1.0315288616491962,-1.1786125113710402,-0.8436032368274049
FELGMEQIXOGIFQ,-1.0161596532707409,-1.5635083107660723,-0.467700316498276,-0.581045363021585,-0.5178026329254587,-0.7229167908034557,-1.126269600471327,0.0761970950612305,-0.8274310978615651,-0.8719888732789687,-0.4618297022608807,-0.5153935885945684
FEROPKNOYKURCJ,-1.3389499822920226,-1.4946815682339072,-0.9657267514460233,-1.30141260795715,-0.7327454535776025,-0.7934853348151591,-1.1350491665926123,-0.5848738227045691,-1.12139745822686,-1.040607455379042,-1.0527563944964657,-0.6963295536329704
FEZBIKUBAYAZIU,-1.3302698449321881,-1.7688602683238601,-0.3773627074375999,-1.1018501861594023,-0.6646747213977924,-0.905967403597288,-0.84696998579973,-0.4897870325914427,-0.7715352980768759,-0.8977936525423856,-1.081755301380034,-0.7667357490003873
FFGPTBGBLSHEPO,-1.3883482794451236,-1.6926176823049812,0.8186825666985811,-1.0253341173866373,-0.09138022703031456,-0.6909901930976757,-0.971521674830109,-0.23795452755980329,-0.41218106802962573,-0.698153929582203,0.07632634502551716,-0.21796498247456383
FFINMCNLQNTKLU,-1.3818800619590874,-1.6768494836772203,-0.990429966905702,-1.1663402115901558,-0.4657018051944505,-0.4561839619770111,-0.5993700413139647,-0.22146940453543862,-0.907350719408075,-0.8056973861187587,-0.11762943703226962,-0.6155471021987811
FFKUDWZICMJVPA,-1.5203083147752405,-1.4775750052865944,-0.532819124772959,-1.1599457246976488,-0.3794810428083328,-0.7761458286711814,-0.9952364895713584,-0.5688351573446617,-1.2216855946474277,-0.7901796894797714,-0.8948394815488917,-1.1030811424683309
FGXWKSZFVQUSTL,-1.1352083162511524,-1.5986059489530047,-0.60611629454949,-1.0310481041418929,-0.8328727838865156,-0.8967610742105964,-0.9261497778624592,-0.05653830535860302,-0.9907649318984457,-0.9482421838781782,-1.21069105336639,-0.7196866189643496
FHFYDNQZQSQIAI,-0.9571132263051296,-0.90582185751322,-1.1229334311906658,-0.8040580378670219,-0.7098905925788906,-0.42695831713841453,-0.27446776113066734,-0.3677795832374951,-1.086546932964548,-1.0408848121442673,-1.0550144678140418,-0.6076343896591356
FHRSHSOEWXUORL,-1.3241845924873334,-1.6681377266715376,-1.8140927976755643,-1.2651288113271708,-0.22249407058142442,-0.5684948072899729,-1.1269468749208427,-0.38932954364195277,-1.0174738270414752,-0.8425741979795743,-1.1288964554491305,-1.0471817451413805
FIADGNVRKBPQEU,-0.9598730425753009,-1.2560494301899958,-0.425877228330744,-0.8021296581669255,-0.392078745983216,-0.6120530230915945,-0.9879628533401228,0.36909240421158696,-0.7170988151435213,-0.1696498450603698,0.15012291013186363,-0.5587358325078899
FIHJKUPKCHIPAT,-0.5425216280683491,-0.8667341493288971,-2.631141178117531,-0.9057540324971317,-0.08921967534830166,-0.31588498851837554,-0.8287461365058117,-0.6269332168771862,-1.1747078264768855,-1.009880038160452,-1.3175190621460138,-0.49679702450179186
FJLBFSROUSIWMA,-1.5004407859280018,-1.869575165171443,0.01323532522256251,-0.3894122307935757,-0.3738266866689128,-0.8439681063528632,-1.0726754599187234,-0.7379509133058291,-1.1143088503421936,-0.7322823735672032,-0.5179062889177969,-0.7682863506567774
FJLGEFLZQAZZCD,-0.8743225338132761,-1.3985856988681118,-0.6717178237602839,0.41804070855595843,0.15808848163010628,-0.35549043332311453,-0.1560862411998615,0.35636259758628813,-0.9627077327753923,-0.9265657096900675,0.6137626027457997,-0.3059655967115
FJUKDAZEABGEIH,-1.2836186088467192,-1.644484630929181,-1.051177091813233,-1.1148331140344205,-0.5270340262617002,-0.8931394727988573,-0.7813866414487947,-0.14976995635402268,-0.9205575971981101,-0.9989572101074924,-1.207321696533479,-0.7464471192354062
FKENQMMABCRJMK,-0.9859883627658999,-1.1478484723619147,-2.6489884370848227,-1.3763886027158072,-0.9175447701891483,-0.7320454949034814,-0.5233081991861266,-0.9470591217325917,-1.0608691544634492,-1.1324978269568224,-2.0969926219534405,-0.8934297038494727
FKNXQNWAXFXVNW,-1.2132988914837586,-1.6340106404052466,-0.3503875659710021,-0.9548218455595355,-0.43752321918996107,-0.6247217020575304,-0.5200822041506633,-0.4081393370880961,-0.8166734007017854,-0.8702734247891597,-0.3672343719735114,-0.25775508492599963
FLNXBVJLPJNOSI,-1.4732116913242859,-1.6851606587950687,-0.9286782111995882,-0.7309516683660605,-0.4020332380428097,-0.8080869343146164,-1.040199799419137,-0.41317355375290266,-0.8872468421635038,-0.26428724245220553,-0.41814225441312214,-1.0214361778166954
FLOSMHQXBMRNHR,-1.302478096202861,-1.827818807077313,-1.8093407376128243,-1.445401151465608,-1.1409788550767799,-0.9784609330679839,-1.0674983438054328,-0.7776662383017923,-1.2193170910904245,-0.9772242562153979,-1.9224633484291869,-1.0534718791823745
FMHHVULEAZTJMA,-0.9524304272959941,-1.186578114116669,-0.1385844912077891,-1.0005657161910397,0.05915610255806722,-0.598604875295757,0.09442837448424728,0.17006383569911493,-0.42869023903393705,-0.680198238298429,0.14104354234559308,-0.263142656303761
FMMWHPNWAFZXNH,-1.5040158066556308,-1.610486462033559,1.1510147408351705,-0.7872400126743162,0.8288315339888143,0.046267189923017614,0.022084765349287973,0.13144183481133495,-0.26283779127287266,-0.1913774095387027,1.9421773055328209,0.5686542213560767
FNQQBFNIYODEMB,-1.2446764407120774,-1.6287838611553573,-1.662869622723891,-1.4260546691196414,-0.8742214148666763,-0.7635416219721531,-1.0117383308839898,-1.0049592397332294,-1.175196768860521,-0.8898288254623035,-0.9876964946508804,-1.0863043309967666
FNYLWPVRPXGIIP,-1.1267252397347671,-1.8445923043901813,1.1584829214103731,-0.705098606660721,-0.06540108244321335,-0.8587910128138609,-0.6811206986303803,-0.2288700245494607,0.06966015224862979,-0.8439842925065615,-0.9228708852623968,0.10182224807708164
FOCVUCIESVLUNU,-1.5144384270310816,-1.7111620483466208,-1.6907814074444611,-1.555377079104228,-1.157389905984016,-1.1306058459094497,-1.313353906153159,-0.40008316684612855,-1.1760119689512243,-0.3911652610143399,-1.913797290701376,-1.1231657577204377
FOHHNHSLJDZUGQ,-1.3690222539914756,-1.3081741040363333,0.2639198563492221,-0.1899620873678983,0.09126655202140925,-0.45226325345610324,-0.1675279238860834,0.3431472402965579,-1.1482557047630666,-0.7979302446529561,0.5627284423887728,-0.2545599920819496
FPCCSQOGAWCVBH,-1.1734689376902732,-1.425122987481218,-0.9376508455103707,-0.955698861605643,-0.6953289696913988,-0.7689553300778227,-0.8575468678847067,-0.2975733599180047,-0.9519284179055993,-1.0380580493019174,-1.2774476867298148,-0.6804764328279164
FPIPGXGPPPQFEQ,-1.2001004009771972,-1.6104516300336167,-1.7875027422471645,-0.8323561474153613,-0.4722796923628541,-0.6058858832380599,-1.0452377129523789,-0.16890999118953967,-0.43307486503795856,-0.28837785456537146,-0.5310807295144853,-0.5330506711232311
FSQKKOOTNAMONP,-1.0156949657361407,-1.538714745256189,-0.0026286444014344303,-0.6350228046797006,0.0005659796777807263,-0.047315697622691166,-0.753451667900308,-0.1322747953872366,-1.091137705833451,-0.961884285066684,-0.2825613153290609,-0.49970191369568795
FSVJFNAIGNNGKK,-1.316216412513797,-1.659641857284167,-1.5303111849211386,-1.3565397767134435,-0.5499433225410794,-0.7499292347701714,-1.1252527700133288,-0.9016719874641558,-0.968488013476958,-0.9238940537107608,-1.1115077068644836,-0.7845894450547046
FTALBRSUTCGOEG,-1.097621137909442,-1.7365383812777746,1.8027072009684306,-0.37013200376776273,-0.05931622730502728,-0.7783480262497451,-0.3472613781734968,0.30220003073316043,0.11090732082507404,-0.40532869296670526,-0.03345394473967794,-0.08639927979478754
FTFRZXFNZVCRSK,-1.2705306608560005,-1.665143882295832,0.3714475081299494,-0.6341966217142336,-0.4999954627924836,-0.9680901491704597,-0.8308104355383343,0.02630271654149376,-0.6389318736756316,-0.9837009015129468,-0.9083414616043486,-0.8257517307666598
FTLDJPRFCGDUFH,-1.4035283237149276,-1.7981567574600918,-1.2612771331957706,-1.1619880702943635,-0.5869832990279602,-0.8887205170496297,-0.9586943759657636,-1.050323751140618,-1.2997084050139631,-1.0036051440422156,-1.2984446192016412,-1.1426925559525847
FTSUPYGMFAPCFZ,-1.257508710841319,-1.6369085828457763,-1.0007863094064602,-1.0866508002943798,-0.9365595186362903,-0.9450392211733486,-1.406688964285891,-1.065025847120987,-1.49746628381806,-0.8744088503787286,-1.8251140419773335,-1.2173061482750187
FUBVWMNBEHXPSU,-1.3226502101847148,-1.5748882141158402,-0.619524557819641,-1.258534033375398,-0.6966062811086112,-0.7742059260236899,-0.906263440689031,-0.5117126345930054,-0.9981651049992413,-0.939404422943928,-1.197314297926669,-0.7028660936596332
FUSNMLFNXJSCDI,-1.3009600798297285,-1.796526511779248,0.8057198487687582,-0.8129945961071942,0.2989411920513207,-0.8073993954581541,-0.5506616087497717,0.9488564666166848,0.010724136702224992,-0.6137004431739893,1.42012844566774,-0.34456807292407376
FVNFBBAOMBJTST,-1.2953879112367654,-1.6414053205365242,-2.0718376109170795,-1.502204877552053,-0.7629510061186051,-0.9015153001310581,-1.18800737542175,-0.8143475604357938,-1.1930316838854522,-0.8962137937594628,-1.998941389337227,-0.9108139333915727
FYPMFJGVHOHGLL,-1.3892717527677223,-1.7073889663706983,-0.16678967938408293,-0.6630007784280972,0.13458005182278046,-0.3029811546081093,-0.7217984413991514,-0.04795337913472535,-0.695090892864457,-0.6730460684493317,0.6284517189022919,-0.393167997016825
FZSPJBYOKQPKCD,-1.5403707685488917,-1.8019222157995334,-0.5495281383768453,-0.3480366442949915,-0.2778222266357678,-0.7403830270921247,-0.9383608971554771,-0.4438088382585529,-1.3294843331933355,-0.8911490117971168,-0.06479673827137555,-0.7968490453930158
GAGWJHPBXLXJQN,-1.0770472908491857,-1.4791693941154094,-1.5991929735346202,-0.7553511279319169,-0.777644484077761,-0.7800104289936375,-0.7087867076165384,-0.6207626012687487,-0.821328962579152,-0.9783504267754011,-1.2497661542469847,-0.5050999216211455
GAOZTHIDHYLHMS,-0.5685034945643089,-0.9587811447933758,-2.8877913994233477,-0.4633940084868816,-0.4324892100660873,-0.49572690978174466,-0.04982777970350587,-0.5513192327311238,-0.8531642326942217,-1.0689186294808544,-0.6616704441592092,-0.02654445941516225
GBABOYUKABKIAF,-0.5057704009508929,-0.5459396381151314,-1.1598154767537066,-0.44522172640013596,-0.20369247331735205,-0.4701204922057044,-0.5166614477465532,0.3529426441871463,-0.43016553544101077,-0.8770450554020355,-0.025317183103222278,0.4624780973062901
GBBSUAFBMRNDJC,-1.1857140827261305,-1.6747074101268633,-0.6995171633213187,-0.8180857254813692,-0.8253944590519564,-0.9215592037390719,-0.6251083668774092,-0.1071040275013366,-1.1943467535013732,-1.14136729279272,-1.1461893144131114,-0.733077113272121
GBXSMTUPTTWBMN,-1.4576718575281216,-1.77877967753833,-2.21736044089665,-1.299691750677966,-0.6915186059477973,-0.7867378972383663,-1.0903405231673378,-1.101224857038006,-1.3142412710134814,-1.1096495198120055,-1.6714435278275062,-1.0631550414109692
GCKMFJBGXUYNAG,1.4553995120661787,1.2429171784242083,-2.1589501837362857,-1.1423077117143627,1.095058041379332,0.41280148430709257,-1.1737291710242455,-0.12865905985285084,-1.4391598961138932,-0.8259700785524321,-1.2513469975963702,-0.9132412933403602
GCTFWCDSFPMHHS,-1.359040966326946,-1.5811215203184816,-1.987292579506299,-0.7255583703723814,-0.5451432300642316,-0.8375634650445958,-1.1105817334955852,-0.44868676965626214,-1.4729017145143821,-0.35817920137289755,-0.1515324668825706,-1.140731488847951
GCUCIFQCGJIRNT,-1.3096481840932688,-1.4940625539488424,-0.4122555260838133,-1.2527939645498831,-0.4147834785374772,-0.5256710673759504,-0.779773506594778,-0.7237527003661401,-0.7065009157962581,-0.8421036753489543,-0.5921635514901417,-0.3814600956112696
GDLBFKVLRPITMI,-1.4636377719720535,-1.828573191157938,-0.15828645362558766,-1.185676144844694,-0.7500233796809676,-0.9030824942481792,-1.0146586348125322,-0.5478156796392598,-1.0894104003360507,-0.9744872387257034,-0.7275264349618159,-0.8577951984194274
GDLIGKIOYRNHDA,-1.4098143111652774,-1.7443437965451414,0.4778541726638292,-0.8285993522531367,-0.5827795139455685,-0.8427883001777037,-0.9596893581446633,-0.09741293823142551,-1.101564046099774,-0.7576320161417266,0.18001756855170187,-0.576111297890056
GECHUMIMRBOMGK,-1.58858771192159,-1.9231900603379666,-0.5343396988122706,-1.338822076936917,-0.8004139342110059,-1.0372029029953693,-1.2092936817016255,-0.7929669252324274,-1.081535262184269,-0.8740135802527811,-1.1079025508195932,-1.2178794670529445
GFBKORZTTCHDGY,-1.233000755909376,-1.5271940265083639,-1.1583770036062238,-0.9695509789476098,-0.9298423294986635,-0.779528929218121,-0.9777544241801592,-0.11793288763550969,-1.1593696755296037,-0.7425881654280863,-1.0453674537402717,-1.0230018059112007
GFMMXOIFOQCCGU,-1.4342400916480882,-1.733153138094773,0.6574261041360848,-0.7198991532579915,-0.17600939049627431,-0.6786028726346275,-0.703885318151606,0.2806373861410809,-0.9156603960804528,-0.8536074094468264,0.4589879178891644,-0.6624188429277934
GFNANZIMVAIWHM,1.6180524919454886,1.639566677615352,-2.0692631207803265,-0.914521399478651,0.31262868385544806,-0.1425338584555873,-1.1056661950206697,-0.6337157452352099,-1.0488638886407307,-1.0795464525556937,-1.0555364955848543,-0.7046478575121803
GFRUPHOKLBPHTQ,-0.7760186903652124,-1.1121647290874552,-1.9970255580884668,-1.0195435156962223,-0.3525236879654447,-0.7997318853077069,-1.0986609036008603,-0.8293505656595297,-1.3701930349564622,-0.9682462418134459,-0.6311934354947771,-1.1244521812867125
GGALEXMXDMUMDM,-1.335811353223552,-1.7993392253783786,-0.5803185193960079,-0.7884836443708153,-0.6152551395337337,-0.955924693358891,-1.0957849470506074,-0.6791697160680733,-1.0760848298524768,-0.4734221791488577,-1.24637669498338,-0.8521773180499148
GGUSQTSTQSHJAH,-1.4131961372361574,-1.6114002154374691,-0.5710972265061511,-0.7120256645358483,-0.3030511709859133,-0.8613886501909314,-0.9133826829617031,-0.18984847722610426,-1.3318311184897798,-0.7295451634855898,-0.339739184418103,-1.0345427084633363
GGXKWVWZWMLJEH,-1.3473230628758597,-1.6120173927089836,-0.9459202878212263,-0.6846675008745705,-0.6874217437769021,-0.9059254718913448,-1.015683103173251,-0.6860131144617454,-0.684462661162576,-1.011007468785858,-1.848420740065429,-0.6304505462986288
GGXMRPUKBWXVHE,1.6310806864614447,1.435154506698701,-1.7782494860113327,-0.6880275190269679,0.22491881537635566,-0.3627854993990615,-1.082370897857162,-0.4602972339939048,-1.1678490550217042,-1.0203600427802635,-0.8532238550834347,-0.523543297733285
GHASVSINZRGABV,-1.5252601477166878,-1.8483445486746453,-1.5200397161108712,-1.3086724678043569,-1.1239175496418659,-0.9677404642387621,-1.177115051500038,-1.0830745031071092,-1.4059073991974327,-0.8324332533271489,-1.8897585966485708,-0.8680699415354307
GHOSNRCGJFBJIB,-1.2410697710743102,-1.4247791533851868,-0.5839090284286874,-0.5604390556441561,-0.3646929778058795,-0.560483104789606,-0.6185512781692466,-0.340229018002573,-0.8973760068437988,-0.9929533939423265,0.07065461524167192,-0.732438272017502
GHXZTYHSJHQHIJ,-1.4441314202312152,-1.7296132938571236,0.31184180190032995,-0.9791141832362333,-0.46891985619164855,-0.8983766125861896,-0.9277371212512958,0.030500703435262542,-0.7709453949121463,-0.22891131656350644,0.20644637964226606,-0.5077625774493534
GIIZNNXWQWCKIB,-1.3960905291307215,-1.8083352511150808,-1.2358165100601979,-1.0424645938777402,-0.265508882604054,-0.7807368209340929,-1.1613518119176052,-0.38282412556024636,-0.9131394263852943,-0.3664641801034785,-0.48213728438696657,-1.0086104871265682
GIJXKZJWITVLHI,-1.155258718313887,-1.627901576898769,-1.2361651278330796,-0.9750820108200334,-0.12546614674813636,-0.6956112588049638,-0.9480183742622926,-0.4883071268830583,-0.8215877490441468,-0.7483381873539855,-0.3353290109718905,-0.8511232508113331
GJJFMKBJSRMPLA,-0.9363830532172444,-1.482541132161116,-1.6736866568411586,-1.1679080046171748,-0.3736749820945089,-0.8526263660643003,-1.2481968441311513,-0.8218677764837075,-1.0914592547957576,-0.7994549642676456,-1.1271524730454345,-0.8280343296934944
GJPICJJJRGTNOD,-1.3142031958299139,-1.8335020605945904,-0.8209330908127667,-1.0509030703542,-0.552931316472197,-0.8999665731579174,-0.8047614820494075,-0.49848307357308264,-1.0285849283480153,-1.0856964374265141,-0.8915467564357087,-1.013648275437658
GJQPMPFPNINLKP,-1.546892870070409,-1.8872865061098154,-1.3765268246764908,-1.4900854940472743,-1.014138666229068,-0.9282164006916928,-1.1117381193470817,-0.6758889647397434,-1.2052989375412793,-0.7988977254081415,-1.2627240601758074,-1.1832303211358277
GJSURZIOUXUGAL,-1.6358142801897686,-1.891616701334379,0.4871783349500315,-1.1606664980716215,-0.7316933885919843,-0.9530380150747346,-1.0802420679110294,-0.09445002376911811,-1.2496999501318746,-0.6256372820584342,-0.9137903779328781,-0.9295877752821744
GKCBAIGFKIBETG,-1.461236694170206,-1.7164041725447805,-0.4841814381913805,-0.7189975041481889,-0.6111028427213442,-0.7844441403023952,-1.055177335866193,-0.6490548952669778,-0.6865952518388215,-0.5428599934054753,-1.0966394632152627,-0.8315075058260746
GKIRPKYJQBWNGO,-1.225228315867658,-1.4730927014783621,-0.2142074835676662,-0.5053380437416563,0.14102195063212053,-0.6110914415723058,-0.6145034090335892,0.6467728731199764,-0.21255818140103816,-0.039482958663575984,0.6805677987517156,-0.6626784395627777
GKNPSSNBBWDAGH,-0.33541164829330183,-0.5117412664859043,-1.5705086859696036,-1.0010788327657325,-0.0902941466696334,-0.6337500435177998,-1.0639838928678695,-0.7815313450203962,-1.267562569648725,-0.9360244915088536,-0.9513824764574194,-0.8590151027446289
GKTWGGQPFAXNFI,-1.2416587660968754,-1.5609338928288412,-0.06602289192517678,-0.682813728425855,-0.4997894006690476,-0.7465639690738259,-0.9888758837376265,0.1437250239629908,-0.9401435951909503,-0.8654695399513925,-0.4004856460326147,-0.7868252631824678
GLVAUDGFNGKCSF,-1.1119087390167275,-1.8933664393174872,0.3733614852059802,-0.7899060361620527,-0.7993616648516574,-1.0222754238789848,-1.0611076532633368,-0.5776059715555115,-0.7568563671853847,-0.7395353029435998,-1.0114106966242966,-0.5954907162642137
GMHKMTDVRCWUDX,-0.9069511290467049,-1.7581768867602845,-1.6201095762150275,-1.3963588128528746,-0.8017750614536143,-0.9631214335896187,-1.1614130500750375,-1.0490507261476405,-1.0798774522304626,-1.024074697757726,-1.1687842305550205,-0.7631649694353766
GMRQFYUYWCNGIN,-0.09336982529908926,-0.7251211958529429,-2.169606352728054,-1.0438838135710529,0.0790224340826187,-0.2032418321665923,-0.7593773670403229,-0.14985471718115634,-1.07885661734996,-0.6349458458808351,0.44388834620265877,-0.8008028253351035
GMVPRGQOIOIIMI,-0.810023242248009,-1.2273114870924715,-2.903354415746911,-1.1916937184936716,-0.6563738427633423,-0.4683862487600772,-0.5892441052313814,-0.5887423971624816,-1.3780742554784562,-0.46790882755629803,-0.6226075324247208,-1.0521579524249471
GMZVRMREEHBGGF,-1.4428432846964456,-1.7600230582595435,-2.630468361944334,-1.8046200636898238,-1.2462793103805558,-0.9319312228965384,-1.3610501679144764,-1.5012316821358076,-1.2445500395552958,-1.0298140979068489,-2.230062980081502,-1.2019174594867108
GNUXVOXXWGNPIV,-1.0750441116685754,-1.801289503587027,-0.45525310500888067,-0.9064816210241263,-0.41343963389448235,-0.8663824097630608,-0.9185972350146574,-0.43746489647597914,-0.9414987206102092,-0.6930380397431147,-0.8363920513881373,-0.6754275664264746
GNXFOGHNGIVQEH,-1.4539767455974688,-1.8215322923249337,-0.9947455262819375,-1.1628128928808164,-0.6027358451219985,-0.8088473532615534,-1.1322993534967234,-1.0139992103132158,-0.9973734797301759,-0.902268480103926,-1.5410899562796376,-0.6972528333514153
GOEMGAFJFRBGGG,-1.426443929736211,-1.7671884583850277,-0.6762660802548018,-1.0630896259039022,-0.7563507641856322,-0.7672501600454815,-0.9486202207577399,-0.5640380428871442,-0.8737869056575168,-1.0272270874788556,-0.8153029047936728,-0.6693186028393109
GOTYRUGSSMKFNF,-1.2065732698967238,-1.55641985661489,-0.8757044833650649,-1.4122497716955502,-0.795442773493254,-0.7683309822681545,-0.9545797966004971,-0.9253113629601022,-0.7835086941495228,-1.0304490677641986,-1.00654391233217,-0.22471726966466127
GPRBEKHLDVQUJE,-1.1224547292175862,-1.5638902886530024,-1.5415814517899893,-1.3563394227232166,-0.7536123979597947,-0.7902703393785486,-0.947773073214246,0.13667990394766677,-0.6689572890482622,-1.0677088039967442,-1.931026994597622,-0.4274008638811292
GPXLMGHLHQJAGZ,-1.311233375225012,-1.6055220108970487,-0.7733298434516374,-1.086332351054406,-0.06972056012633597,-0.764440421666899,-0.5460936183586537,0.3702213519650242,-0.9788220030613579,-1.093698251655911,-0.50597137759496,-0.43153017274165684
GQGRDYWMOPRROR,-1.1247894146254982,-1.4355941605307683,-2.041924438691637,-1.1941688556821388,-0.031979399676188104,-0.6503189395264456,-0.7222780330612323,-0.46735563540663794,-0.9263534119137629,-0.8909599693157474,-0.8459990667651024,-0.9183428714706249
GSDSWSVVBLHKDQ,-0.9794189619550742,-1.0362123022108143,-1.1298045670499923,-0.7008284729568647,-0.7063606324060517,-0.4898119502451329,-0.4601772190817217,-0.14640814806086297,-0.885173099011399,-1.0865043744866165,-0.8822377774800635,-0.28298296744936735
GSNHKUDZZFZSJB,-1.2944807621868333,-1.6417323215791144,-1.7869589794502718,-0.8710886345850947,-0.30565902084273144,-0.897013121606971,-0.9859863889892708,-0.5540487751709166,-1.1864625275754097,-1.0987479406130496,-0.7938387981655987,-0.8176230943756098
GSNOZLZNQMLSKJ,-1.3740456138023962,-1.8240297195820525,0.02850356457777623,-0.39166404207194977,-0.9100045545318247,-0.9812691108387765,-1.0940009372916946,-0.5772807214180995,-0.635555299680804,-0.8515258133469896,-1.4623179344878985,-1.025660872874989
GSVQIUGOUKJHRC,-1.4150530761492033,-1.7459358320235114,-1.2974943377837016,-1.1810997843287914,-0.6713922805418154,-0.6933815026526007,-0.9997957471823662,-0.40866707410762526,-0.9206443885100486,-0.8066718681991512,-1.1723616988436807,-0.6999214606685171
GSYQNAMOFFWAPF,-1.0181320359923398,-1.5058994575086009,-1.7916982613773729,-1.181645016885006,-0.27463177127684024,-0.801536449804608,-0.9696115614499639,-0.8117289190478814,-0.7357718567995392,-1.046256055214346,-1.2266076517761135,-0.7767293369958661
GUCKKCMJTSNWCU,-1.3837583151341535,-1.6503696394111649,-2.7261018886166912,-1.7130194677294526,-0.9797648266024146,-0.8728748430304084,-1.0676332064701124,-1.3068167579995917,-1.4345296400441585,-1.1506144013172146,-2.337594443431771,-1.024636536611801
GUDVQJXODNJRIJ,-1.3367045598671365,-1.5790275272910708,-0.13071023523314212,-0.9552408608083831,-0.729600243723901,-0.8162286428099936,-1.06312277461113,-0.3739583234619108,-1.0345906175296997,-0.8430603244833474,-0.9621904346186277,-0.5515115384904632
GUGOEEXESWIERI,-1.2640400041462538,-1.6834435057215882,-1.4657715670960343,-0.8438387986312706,-0.1977054162595286,-0.8015454580701606,-0.9315467022136188,-0.4915170217268139,-1.3537042051488202,-0.6629185830696903,-0.25227521556654847,-0.9844453034271516
GUHPRPJDBZHYCJ,-1.1420181541782604,-1.575827987791863,0.004658777499088308,-0.9093713821509576,-0.1281892998207374,-0.8186370476920346,-0.5922872171785724,0.4991096511478289,-0.5031000515049757,-0.7201382913731884,-0.3168806664135652,-0.47534304532218324
GUJRSXAPGDDABA,-1.444605274435757,-1.756357708630135,-1.2639622683365104,-1.1669146291657289,-0.7561495530965625,-0.8975768186708813,-0.9927136036743867,-0.37883100416026166,-1.1766758967700595,-0.9112885946050349,-1.2050711953556907,-0.9306686318672663
GVEAYVLWDAFXET,-0.18821319428979028,-0.42349689880247593,-2.769060419342111,-1.3062601810082022,0.1519620124370356,-0.26253612715799596,-0.9176157807398647,-0.7316927699893001,-1.4086233714810006,-0.9707105923316406,-1.4011790769071841,-0.8548076248811736
GVJHHUAWPYXKBD,-1.186966727439841,-1.666839480925739,-1.1856016621565557,-0.7680733095720358,-0.18860434569288753,-0.3781235385387681,-0.8080465125574781,-0.3531356029769969,-1.3584691785361227,-0.7785399023035636,0.33860802765480663,-0.7519868032553344
GWOFUCIGLDBNKM,-1.3131969762609443,-1.6023625258679066,1.0037111424295184,-0.3279223354817675,-0.03315175670282869,-0.5724040947839002,-0.8019802413708674,-0.18799681102469046,-0.7247591594337204,-0.7568867710885568,-0.6528166481803818,-0.513825005186366
GWUSZQUVEVMBPI,-1.0582973507156392,-1.7870065093631817,-0.5550093963315622,-0.9871016836953355,-0.6327071202080197,-0.7679889630313794,-1.055241990092616,0.1006442484470015,-0.6786429936446792,-0.9234443336806826,0.30249059551007945,-0.43696635996389027
GXDALQBWZGODGZ,-1.1817766800842957,-1.7095855035039258,0.1406207782533782,-0.7574976607365944,-0.40729672042608406,-0.8771675121215718,-0.7840879562460019,0.08407018730640743,-0.5854669826388357,-0.8975247297935097,-0.17791342190867182,-0.8545628708930297
GXFAIFRPOKBQRV,-1.2758156764362358,-1.6421079047088682,-2.613645133015117,-1.6987358618969977,-1.1108740143852787,-0.8440854455044062,-0.934973386917489,-1.0508455859330872,-0.6472629240572215,-1.0716875650898356,-2.0707378959435263,-0.4285988165381923
GYDJEQRTZSCIOI,-1.4333612372295774,-1.6837814412706522,-2.654673135542919,-1.4711562477540625,-0.9844338229272964,-0.8072626772307232,-1.3458546272586482,-1.2864854934020986,-1.6218515512513485,-0.7742778992393725,-1.9103569855063585,-1.3783201228109434
GZHFODJQISUKAY,-1.1851107884872578,-1.2856189787892722,-0.7408919972621796,-0.6235181802951762,-0.4577897130601929,-0.6571065684564059,-0.8066241285575629,-0.4182895078731875,-1.0088577029550923,-0.8732711836307383,-0.5012484750523479,-0.8240639654635591
GZKLJWGUPQBVJQ,-1.1996962564360663,-1.5026523774583758,-0.6744834015913191,-0.8607804594204749,-0.5617324109190512,-0.6676423520035072,-0.42391373460779647,-0.2698923445215987,-1.1456108678574752,-0.9327564762677345,-1.1552478186358102,-0.4370801592321722
GZSOSUNBTXMUFQ,-0.5748396533243291,-1.5395901327243575,-1.3865443443616228,-0.8614915533081247,-0.12370279532392352,-0.5772984182369635,-0.4881620494461016,-0.17861295646657985,-0.22702954726196306,-0.8983904613838739,-0.08284873966926036,0.09149718724193198
GZUITABIAKMVPG,-0.6860774481142778,-1.2560039552508673,0.11757981836004791,-0.7775362086147158,0.08075067829762834,-0.25637616485194664,-0.16400794653094786,0.6842687590899862,0.059282782787580875,-0.013254957786416402,0.7407870733810469,-0.13822608448671486
HAPOVYFOVVWLRS,-1.1082373476700615,-1.5784824190861801,-2.4699189183750265,-1.5348783278127913,-1.129897898246714,-0.8105734413209645,-1.1677248907752422,-1.2350110769583644,-1.2978299030248326,-0.9985784368075865,-1.9820100127314537,-0.9403018132574329
HBBVCKCCQCQCTJ,-1.2571167751444532,-1.6465370458144921,-1.1404213334807936,-0.9481014330610449,-0.2860950186629125,-0.539477792567614,-0.6740227571207834,-0.3112535408002637,-0.694506566034364,-0.5837068297456711,-0.7187737763517927,-0.7784604580122071
HBNPJJILLOYFJU,-0.8040990579148496,-1.5114429218958663,-0.904003391943747,-0.4046474651690713,-0.3462684613452047,-0.6307394025778204,-0.6586005766804965,-0.4831101006268076,-1.2959457106207921,-0.993624506646615,-0.5156280975616778,-0.9131921869090839
HBOMLICNUCNMMY,-1.2599513146400718,-1.7378743840037527,-1.6572376776636126,-1.3178338986595852,-0.9559128006853426,-0.8757934849725308,-1.229692529993714,-0.9612153583450147,-1.1159090054957872,-1.078997100656482,-2.075878920372913,-0.8932118480407288
HBPDKDSFLXWOAE,-1.394530407831425,-1.8080292921018022,-0.7415288113344188,-1.1943823026874105,-0.9753378729403637,-1.0885785202509344,-1.0674149462619988,-1.022498961168905,-0.9579322083635586,-0.7800803320140043,-1.4285342353737887,-1.1055547450524832
HBUBKKRHXORPQB,-0.9859379978680654,-1.6581196264719273,-0.3837490254052772,-0.7005616060479963,-0.4105577935103751,-0.8901940433573827,-0.9169844999272414,-0.5987609524395643,-0.08716946499279556,-1.034912051226001,-1.5041258172845535,0.0416245814215197
HCFDWZZGGLSKEP,-1.282866974843352,-1.7052841529378981,-0.6516164840647978,-0.3361451403314581,-0.3770234221843618,-0.9088317485130204,-1.1448388925141817,-0.8287269270462296,-1.0385358694368785,-0.8362534550416011,-0.7194381727391737,-0.723420926463808
HCIBTBXNLVOFER,-1.0004065873713772,-1.3797962000675001,-0.07048768203401296,-0.9406028447099994,0.5947004412447522,-0.24086019741885675,-0.7354244109343414,0.038266585216198364,-0.40678915317850045,-0.48224414730871784,0.8677845695659074,-0.27312531864149614
HCRKCZRJWPKOAR,-1.200296766478,-1.661589716446106,-1.7727825019926162,-1.2777182064053931,-1.152016034032683,-0.8532761707116081,-0.958220101302645,-0.570964805017809,-1.0731374868211772,-1.0128943511780366,-1.45671118232315,-0.9235132678328318
HCYAFALTSJYZDH,-1.3932216848588252,-1.7400480220827605,0.08513866126531648,-0.9492950781186389,-0.5333088000099812,-0.9186491173810069,-1.0822774014766778,-0.31998027873992546,-0.8430596295901261,-0.4432642333664093,-0.2423130220452537,-0.3760417826701824
HCYFGRCYSCXKNQ,-1.2837699977586907,-1.631731589306563,-1.170712660031108,-1.0105225496625503,-1.0470642627494038,-0.8717526089848193,-0.9406641334101289,-1.086959885289201,-0.9414962868334543,-0.9906371891377654,-1.9193727667800848,-0.8026370737187902
HDACQVRGBOVJII,-1.2999390463386808,-1.6772118258012367,-2.157107667785483,-1.2754440865259562,-0.5590790442317124,-0.6935795546861376,-0.9455216623073338,-0.8912395319394336,-1.2522107410570198,-1.103808825946636,-1.2506101900204774,-0.9169995438947453
HDDNYFLPWFSBLN,-1.1305795950020414,-1.6157055191621876,-1.460775426880831,-1.157038425890389,-0.05508636195415394,-0.6525305768934337,-1.0108560996497724,-0.7008526749860198,-0.9625147066019052,-0.7896788021089607,-1.4043608310497158,-0.9834912382550622
HDDSHPAODJUKPD,-1.045628147858881,-1.7533042368312888,1.4626047786537775,-0.9199920035341327,-0.1295843363920116,-0.8301309014260089,-0.7311267957554387,0.2932283043896804,-0.47381420458396195,-0.9167216857321668,-0.7959147204378543,-0.5821492187023789
HDOVUKNUBWVHOX,-1.3676584835564654,-1.743404909681456,-1.19129500831772,-0.8211999202629572,-0.93019658847708,-0.8729474170940356,-0.9519761074734159,-1.1218548870393001,-1.0133787003329648,-1.1322826000807003,-2.128022045139872,-0.8209549921296118
HDWIHXWEUNVBIY,-1.3704153904060659,-1.7246428117666757,-1.1398755817625776,-1.1644430135161965,-0.848370067017983,-0.8498994043557777,-0.758677000357105,-0.571810526511385,-1.0363424398274734,-1.0531697584437316,-0.5646390497218514,-0.7731995798022989
HEFNNWSXXWATRW,-1.4892353210773448,-1.8273663281667238,-1.1600842976030237,-1.0975618454564893,-0.3518124414697678,-0.8291859055486902,-0.9138749817572748,-0.7817181624963249,-1.4062312302876072,-0.778163621645321,-0.8298813053013959,-1.0513413332565198
HEMJJKBWTPKOJG,-1.3338234283119335,-1.8046106974665541,-0.9824298820672935,-0.9124436621337877,-0.34830016546884907,-0.6310744874125064,-0.944664089049124,-0.5828992355862072,-1.129054974934895,-0.9038446974806386,-0.8296318273147587,-1.109476573196851
HGBLNBBNRORJKI,-1.2512657713340782,-1.6311783778569033,-2.8123305363334925,-1.566145450498129,-0.6978678947418853,-0.7753999943492914,-0.6796897746130732,-0.8006688438123553,-1.500080676264448,-1.1995272247460713,-1.8362014728480756,-0.7620442032308825
HHJUWIANJFBDHT,-0.5351263320529842,-0.8077862158435501,-1.4309343390236613,-0.6433161894585894,-0.1784301566828213,-0.4663617175607357,-0.29432874021867916,0.11012432292033156,-0.4773099733809934,-0.9425267813340338,-0.3031626846379115,0.4255213988993094
HIFJCPQKFCZDDL,-0.4785331302054,-0.95592557643866,-2.659036808832188,-1.2263998786383044,-0.1794827965357839,-0.18239848052198665,-0.8152921751052775,-0.0023994829222119974,-1.404734805557384,-0.8585446317750266,-0.7989925179432691,-1.0591599668157268
HJLSLZFTEKNLFI,-1.4550368331452068,-1.7153166385550236,-1.6793294511999741,-1.069459267299252,-1.0550299788943494,-0.6859552043548361,-0.9711259883906764,-0.5184572519623041,-1.0764501042180017,-0.9471386777742916,-1.5473337809780745,-1.274088667559537
HJMQDJPMQIHLPB,-1.2352737553576103,-1.8351746787853185,0.5021096642113512,-0.733055848690656,-0.5884902206646947,-0.8212428186764439,-0.974091395158716,-0.47927605552988833,-0.4882584475062475,-0.9443182584944534,-1.04205007978316,-0.6740444034081423
HJORMJIFDVBMOB,-1.2567054336200492,-1.6968269190896619,-1.4238578774829456,-1.1933521975225518,-0.49490460353478827,-0.7253801990879186,-1.0900288940607856,-0.7277479482238745,-1.0728938252276228,-0.8564540509070376,-1.2245887267398403,-0.5708426787409876
HKXBNHCUPKIYDM,-0.08498143516581995,-0.730880087372423,-1.9639077074881557,-0.9546476624012824,0.09779205502023627,-0.18718439181303215,-0.8409610184966486,-0.0074990458776017415,-0.8264598964920001,-0.36809604785670347,0.7979731616633597,-0.7086496305968779
HLFSDGLLUJUHTE,-1.4256303353730113,-1.751768435219102,-0.6499830685537744,-1.1658391103667631,-0.619611896333724,-1.044245563962562,-0.7910156348221375,-0.4025272369932507,-0.7342392387540173,-0.6934873347922236,-0.911540365724014,-0.8149650735542269
HLVVITIHAZBPKB,-1.2313043016922278,-1.6750636730500355,0.5421638521370609,-0.5866466278670417,-0.031753725755006,-0.6647009904970733,-0.8834182338200702,-0.3854487873872214,-0.5328070223515702,-0.6088038674793391,0.23405432742634236,-0.28002447093303917
HNJJXZKZRAWDPF,-1.397450951217539,-1.8787652642897568,-0.03754636978298656,-0.7254581957202376,-0.713391414175075,-1.043875623708086,-1.0058827896734717,-0.22924485557329743,-0.6300791778171211,-0.7002863465792104,-0.8138878892924928,-0.7727513152697895
HOGVTUZUJGHKPL,-0.7662892268344266,-1.3566702161930528,-0.5538463249667467,-0.6145982062106741,-0.219042339500266,-0.7784919182427226,-0.9487438326431383,-0.35828632571721447,0.17615175078234496,-1.012620159298313,-1.0579061478761096,0.2700472199859744
HOMGKSMUEGBAAB,-1.5491133393492273,-1.7702782442376757,-1.9889960197991545,-1.362117135179701,-1.1560513478066132,-0.9373714587966204,-1.1715154337458449,-0.974812051170658,-1.0862105236009365,-0.6377793967576132,-1.9147809917969132,-1.2347038279602927
HPHUVLMMVZITSG,-1.401149097891262,-1.7322560578627724,-2.718662073082439,-1.6739768068359624,-1.1031932007625072,-0.9105033584876008,-1.2648310863535797,-1.3511835117887052,-1.3548486831787439,-1.0857274149205347,-2.148191668874812,-1.1124424164676132
HPJKCIUCZWXJDR,-1.4582840659128264,-1.8664220907772577,1.1293029218292374,0.9134523028286252,-0.4028520506638875,-0.8020940541014034,-1.0886120398279115,-0.31644915789132916,-0.8694869344753856,-0.6046555427330544,0.016027900401428416,-0.6249656640499583
HPMRFMKYPGXPEP,-1.4463456059361166,-1.8361165213938369,-0.21287083119182826,-1.2276146408385582,-0.7443442901639986,-1.0185628802243132,-1.2016430367552462,-0.8063963929730023,-0.4377037277889216,-0.9637889012561003,-1.7183710180302696,-0.7041252315351417
HPNSFSBZBAHARI,-0.9253592361851686,-1.2555405830874649,-1.6434104180875626,-0.7059711940233229,-0.27885110092276083,-0.02065416570867933,-0.884595205251125,-0.1807133014935039,-0.8727223754144515,-0.7868352112949157,-0.5555248463241076,-0.2893830959034768
HQFWVSGBVLEQGA,-1.508666203325328,-1.744837162936463,-0.9513762293869684,-0.36065099812038875,-0.5799375363216706,-0.7550106820410553,-0.9041841523849831,-0.6661518058711239,-0.9890133667517114,-0.6540799438577839,-1.2868198102636434,-1.1438733373243655
HQMNCQVAMBCHCO,-1.3369391221091642,-1.6655678951679493,-0.47357193822643795,-0.6171953390681423,-0.2077118715598715,-0.41620368477018865,-0.8195005097831152,0.3277619521305833,-0.1519023584815359,-0.3057871986443061,-0.1237653326174962,-0.4142092476908434
HRRBJVNMSRJFHQ,-1.2234204617028663,-1.6377376655081821,-0.10528047330019098,-0.9208858429562637,-0.48372465629616057,-0.8694164124760414,-0.7935780118185809,-0.19409237891476538,-0.4068510501577902,-0.7994698597736457,-0.5830414196294769,-0.4382899946818826
HRSANNODOVBCST,-1.4663165497229829,-1.8305305809693169,0.2171942219173795,-0.9293260448585805,-0.09157788802770893,-0.8440864539398368,-0.8133959830499216,-0.5571093201895975,-0.5992056690337233,-0.6647327367935392,0.21852321542139388,-0.4417976618811069
HSHGZXNAXBPPDL,-1.2602520574133858,-1.543869889637894,-2.2997810449611724,-1.4176922001559977,-0.6568864330605297,-0.7284075315829022,-1.1432481474137732,-0.5760332960293596,-1.2231166563827403,-1.0230732776491456,-2.185066157825638,-0.6634853731398698
HSHNITRMYYLLCV,-1.203754313285737,-1.6057177790112878,-0.6386471164224857,-1.3004330321863182,0.0829543721398604,-0.5152991401934786,-0.01708377835198319,-0.09221760401281501,-0.3806786691876428,-0.4682046327722689,-0.02516393082436631,-0.371755762081035
HSMNQINEKMPTIC,-1.5176670307468316,-1.8662164117936793,-0.5831196324959991,-1.480236132472903,-0.6893990965459653,-0.8124518776781792,-1.1716160715670103,-0.8281732019763527,-0.8856287461925673,-0.7983487328650191,-1.4865032930901576,-0.870542022300885
HSMPDPBYAYSOBC,-1.086749361319971,-1.4533832578679018,0.31400494848727406,-0.903591575673002,-0.2492966498718704,-0.5627133027378054,-0.12759766689317592,0.45579813144911413,-0.33062984112110855,-0.80540318243395,0.25404921150407894,-0.19604621869028413
HSRJKNPTNIJEKV,-1.3113015164629152,-1.839421524872522,-0.8066404881338353,-1.1203468470220779,-0.5071773660495124,-0.9427958982764121,-1.2514644162386381,-1.0079581415316343,-0.9379728008203799,-0.8209236027542437,-1.1710387760490555,-0.8358088250736945
HSUGRBWQSSZJOP,-1.0817892789916517,-1.7182669608170293,-0.7448744539266896,-0.8899717514413019,-0.37037072568622725,-0.7167954880480031,-0.7816973993110377,-0.09369702717140377,-0.8172845904497357,-0.9612190806301582,-0.4898578701416145,-0.20328666623895095
HTGCJAAPDHZCHL,-1.004327004148427,-1.6078673263472514,-0.9638762374805453,-1.0157242561576054,-0.5632522490636038,-0.8984851908904394,-0.9040915926086704,-0.32954064541227684,-0.8215145925065322,-1.0242684941292828,-1.2195580072960541,-0.6498569482303039
HTQMVQVXFRQIKW,-1.1750064004875649,-1.7553443031059668,-0.16359370664553144,-0.8772156822380923,-0.5754850311190294,-0.7776364343532939,-0.498795351955584,-0.32326359994895204,-0.8834362978732243,-0.9698084582655444,-0.7371173455528409,-0.8147000918547685
HUCJFAOMUPXHDK,-1.5453089320997726,-1.8252615724531338,-1.010813142762912,-1.0349233758842051,-0.5607969689947518,-0.8994668705827054,-1.192690487418877,-0.6367469006228065,-1.448640012362002,-0.770082611649334,-1.0065253097155749,-1.0725111757358907
HUNIPYLVUPMFCZ,-1.40110141463495,-1.812976138770357,-1.0744608183164175,-1.2328300528245806,-0.634248055290802,-0.9455742111700653,-1.1313090430766377,-1.0550573486245138,-0.7194377800238207,-0.9982213238052646,-1.7922297999449293,-1.0840089201994856
HUNXMJYCHXQEGX,-1.110316745693623,-1.8019738155229776,-0.2595502650439285,-0.3752806994354261,-0.5690709136289345,-0.800740927100865,-0.9250623117875919,-0.3419440354444002,-0.48906077878986076,-0.9983038902770907,-0.7610877567008931,-0.3650696799945776
HUPFGZXOMWLGNK,-1.2602379725350892,-1.5822797411645795,0.07761888432033992,-0.23049689603433093,-0.008760126482866086,-0.4001233756597669,-0.2676921977251729,0.02723325921346874,-0.8140299533837916,-0.5057816169690377,0.10268165528963952,-0.5237910096533116
HVFLCNVBZFFHBT,-1.0615569131690339,-1.488618767777005,-2.078113874619838,-1.4480404415665855,-0.9666408653791917,-0.820324097356643,-0.8751780742468819,-0.11152459020981652,-1.049330161923063,-1.1132075378852155,-1.9973235685641428,-0.4628498768582606
HWHLPVGTWGOCJO,-1.2554530555568049,-1.6186990219610495,-1.958067356173523,-1.1889033374914144,-0.36598935959614076,-0.8500798981050621,-1.1765726221478454,-0.8508422057574682,-1.2527430292069242,-0.7562795312430632,-0.8468154742931571,-1.181385938324068
HWVNEWGKWRGSRK,-0.83755545382497,-1.6212426597480905,-0.5363356662954653,-0.30272175127171796,0.061429153660733635,-0.2741444448513217,0.7375319162593437,0.3614539977670955,-0.68956036521912,-0.8735391745840829,0.2135136183171926,-0.35952108257541526
HWXIGFIVGWUZAO,-1.306430278696085,-1.6229315018291965,-1.2656904346797506,-0.944658574157544,-0.9025635939012642,-0.823845901471194,-0.9466913216033014,-1.1175961149646843,-0.8474527364273579,-0.9330144516683725,-1.9696029851914543,-0.8082540080262904
HXCNRYXBZNHDNE,-1.0777205573400126,-1.584358816040916,-0.8207719587577722,-0.8776300340958552,-0.5987831241604906,-0.7082574594069743,-1.0114211840565082,-0.06348060561466454,-1.1313839860742205,-0.992648651075525,-1.268260911450119,-0.8374889679065385
HXGBXQDTNZMWGS,-1.0766046154146924,-1.6281372385359238,-1.022105804731722,-1.173638816287201,-0.3718295507579691,-0.7691975128491847,-0.8699672020389699,-0.2721732405214274,-0.9754376028940484,-0.8376847674143537,-1.003405948432861,-0.7004309432098865
HXHWSAZORRCQMX,-1.0903050278700037,-1.738433945897853,0.9603493046099167,-0.9853275277850759,-0.5099506988444393,-0.8085713365331119,-0.7821462690020655,0.24364743472192862,-0.5062556470148918,-0.9397436856558541,-0.9153799577288373,-0.731286711074483
HXQVQGWHFRNKMS,-1.419209684505809,-1.8269082833665702,-0.5246673716574887,-1.1814287114641293,-0.43468835814336737,-0.8125538277277028,-1.0498671936699295,-0.21290806787805477,-1.248900101021407,-0.7614397891444138,-1.0257566203571038,-1.0666562900654777
HXYVTAGFYLMHSO,-1.4659018668910568,-1.732007578778123,-2.564987576652843,-0.8564918643102668,-0.9257931290343446,-0.8707906292495953,-1.35446519990387,-0.5838492772500118,-1.4847504530161326,-0.28149045887703267,-1.149157950875634,-1.2314129881346931
HYFHYPWGAURHIV,-0.8488928199947335,-1.3693797310817184,-1.8620992272264818,-0.8285124458626356,-0.5918006319306871,-0.5101627479509325,-0.7753010240120618,-0.5709740025639884,-1.1260929314022137,-1.0290117940640566,-0.6011380172278693,-0.2666192293859469
HYPPXZBJBPSRLK,-1.121556157254728,-1.5156807036418658,-1.4617957356793183,-0.8877174752467474,-0.23273633617558184,-0.7326356239416689,-0.7870848709873398,-0.505406889134799,-1.2862642131358926,-0.8435838408586653,-0.5343874826754318,-0.9877975199065173
HYWYRSMBCFDLJT,-1.363881130395689,-1.8964325878760573,-0.1738340906747722,-1.1514618019325973,-0.5620898680489161,-0.7934345550138622,-1.0914207634539939,-0.1714034569515153,-0.9367545830629234,-0.8889111473355167,0.5194240946440636,-1.1620301575283518
HYYBABOKPJLUIN,-1.5436422673493133,-1.8867134382102275,0.46696172795725277,-0.9778558431052919,-0.047952917560870056,-0.7998997621680914,-0.8845012343660369,-0.20882402500086789,-0.7285524139416423,-0.7282881221057983,-0.3399046681542549,-0.936651854485447
HZZVJAQRINQKSD,-1.2917266058065409,-1.6168031931661022,-2.5626934730983932,-1.3770609989798945,-0.6703492242525247,-0.6887368564629218,-0.6692328739194198,-0.366921569927974,-0.8677597276646737,-0.9927634123039746,-1.8525233032574948,-0.7397818747047255
IAIWVQXQOWNYOU,-1.3375624277062064,-1.72348819130123,-0.11272396017742439,-1.4689474716153357,-0.7592781279073813,-0.09651175369865558,-0.8381001160729492,0.5739245868156777,-0.27440439374112824,-0.6357730284283817,-0.2909754635355043,-0.7082040894097231
IAKHMKGGTNLKSZ,-1.0701178875660315,-1.4458576927870332,-0.5271073535303368,-0.7336071002176936,-0.5649887075339811,-0.5899048038095748,-0.6416305324146964,-0.03865130175139632,-0.34659486937657763,-0.9471502572833126,-0.4761878309555967,0.06982662264094217
IAKOZHOLGAGEJT,-1.3854697712314232,-1.8043475262216966,-0.038363883563315104,-0.2377379640863874,0.39516018457232427,-0.5887732385940317,-0.6571706794525345,0.4596288707037884,-0.5769339466346959,-0.20223270003904822,1.4353021260844525,-0.5137427098418614
IANQTJSKSUMEQM,-1.54289877909872,-1.886711808641387,0.8528017541500509,-0.9555664863603043,0.3067955890063329,-0.7936830591157706,-0.5130857961288025,-0.2448463317181281,-0.34895278541078334,-0.34707854064306387,0.8876767859274061,-0.4007748580915692
IAVUPMFITXYVAF,-1.0766114856181384,-1.499400015835093,-1.424537110183821,-1.1501418200425186,-0.9672285216130485,-0.773348675564946,-0.8391053469324796,-0.4349413627989638,-1.0005105474863523,-0.9383603309772941,-1.2146142180893595,-0.5758988960527234
IBAQFPQHRJAVAV,-1.3226922739228482,-1.6739758327120364,-2.8164087755984464,-1.5261896292818793,-0.9764080500561487,-1.0313777622650462,-1.4076041966071324,-1.4749378063514595,-1.1347885283508279,-0.8894581287682629,-2.437758473376479,-1.1857094386206497
ICFJFFQQTFMIBG,-1.514719061879894,-1.8645299987886608,-0.23476074064002628,-1.2689334982026272,-0.5539446086617037,-0.9706006545043706,-1.1007839141862104,-0.5829646010920052,-0.9112045991088901,-0.6555764753532917,-0.7342895646147771,-0.878091848323553
ICKFFNBDFNZJSX,-1.5656718897020072,-1.8663241257194714,0.3203558890716946,-0.5070812377900297,-0.5503518583697629,-0.9554840932030084,-1.078386060984379,-0.17179655102900654,-0.985037098950133,-0.775171904387152,-0.24522376358447873,-0.8250035912795409
ICMGLRUYEQNHPF,-1.3166746949890353,-1.7227403351973134,-0.9734271386335563,-1.1750870070426647,-0.9502965766555286,-0.9473438594125724,-1.0427177770581157,-0.7023066302745066,-0.7881427937480513,-1.013770823280127,-1.5977264434046963,-0.822126211424711
IDCHQQSVJAAUQQ,-1.4287279785236133,-1.8595728308793773,-0.5869891899758048,-0.8656297073059998,-0.6279064522066532,-0.9456216985171012,-1.0125125476473036,-0.3698867820511315,-0.7142943258201193,-0.8806583086519101,-1.0609333968104062,-0.8850949566706396
IDYZIJYBMGIQMJ,-1.091875337024177,-0.7947192793325302,-1.1911912297882707,-0.8144154702371877,-0.7373540623580184,-0.6842419217810521,-0.27114243361740903,-0.25477694142336377,-0.8972886652148999,-1.086034689228327,-1.5921641236631598,-0.5491649746974729
IEDVJHCEMCRBQM,-1.3238616825940719,-1.7818642233960478,0.5662213398474127,-0.7676775794088418,-0.6214924347988101,-0.8158968641032135,-0.9656013064722839,-0.11402620321799298,-0.7898969394189089,-0.836293258050415,-1.0228295971216779,-0.4980508522994065
IEKOTSCYBBDIJC,-1.5298713796477938,-1.771117833664499,-1.301730594501262,-0.6949012205930214,-0.33366942247683895,-0.623902011845906,-0.8712469954005312,-0.3557071437660077,-1.2217454552301086,-0.9373715167253953,-0.6883403197541318,-0.9130686567219106
IENZQIKPVFGBNW,-1.1048805180722814,-1.6510010897723262,-0.035102971544516526,-1.0217337274292755,-0.4636793616298605,-0.8067636087672974,-0.7056628197817378,0.18957943047303782,-0.2775576458644318,-1.1022939158209784,-0.9895792114551407,-0.43929957011525195
IFFPICMESYHZPQ,-1.3166826343733302,-1.8220232924762714,-0.6513502209660874,-0.7761754469281296,-0.16379372944684698,-0.8718419712377334,-0.8662627225164439,-0.1122000799130134,-0.9740138761316361,-0.6045466822644339,0.26948942966220546,-0.8510272627214233
IIBYAHWJQTYFKB,-1.4797053080816562,-1.8699594825653139,-0.6071510262339274,-0.9070790707919425,-0.3192008241936532,-0.7494632115554503,-0.9659633425761613,-0.41289481221371727,-1.1157142503160051,-0.9343298953881031,-0.36431912137030975,-0.9801073999870805
IISBACLAFKSPIT,-1.41077165030449,-1.8112369068218093,-0.2657465398455144,-0.7196592290328031,0.8944069144922504,-0.17433020408684619,-0.9355022635500005,0.4338985705978097,-0.513924967820443,0.02234915885554365,1.190710449189652,-0.29164715732126356
IJHNSHDBIRRJRN,-1.4017899223869483,-1.8350258096801204,-0.5833856913124471,-0.5822352490225837,-0.41135051943555045,-0.9524733106789798,-1.0973795013208434,-0.4486201431350322,-1.1512981096045272,-0.6677025480896056,-0.38865871393003865,-0.7795331087480328
IKBKZGMPCYNSLU,-1.3302615665553916,-1.7754064734641202,1.4271558495339831,-0.6266368844323625,-0.5915321894643758,-0.6662949049045714,-1.0007295181584297,0.033700650188057735,-0.462208608364741,-0.6183007208737243,-0.24225475050813294,-0.43006926620701796
IKGXIBQEEMLURG,-0.6561757848610148,-1.5207207817075763,-1.4948755623249266,-0.553343451629181,-0.07492129769941361,-0.4823667369378498,-0.49550661395017714,-0.21666315119857457,-0.3977297454089277,-0.9151711233938588,-0.2006864117964212,0.0443578305923734
IKQCSJBQLWJEPU,-1.5395951043298597,-1.8591568917192578,-1.0367387179920957,-1.634162829627881,-0.517090374384147,-0.49876364206729074,-1.2411506072205591,-0.8316318941159708,-1.3267758962515521,-0.8989961192891661,-0.9365780782550702,-1.2870386396216205
ILNRQFBVVQUOLP,-0.6589097359749573,-1.4819766944932171,0.31925629819015555,-0.6677732417932986,-0.1692322865059212,-0.6215496852333228,-0.2313167106310232,0.40335475144001937,-0.30132430668939536,-0.9706257261943703,0.1877858046828851,-0.44719820704840085
IMSSROKUHAOUJS,0.63401618691615,0.16220727756024517,-0.8358922218978124,-0.9405612089766024,0.9992791748110456,0.9011733354605518,-0.8890186542751543,0.23430577044666126,-0.9283353388761566,-0.76355743509213,0.5606062936542281,-0.5165850228384221
IMWZZHHPURKASS,-1.5162235920184446,-1.8292372292978096,-1.0194025665352702,-1.2373097304820246,-0.48041172828116774,-0.8234444640033569,-0.9927004499251396,-0.5233872292173396,-1.102509619388837,-0.8137079034997768,-1.7123073766155787,-0.7803095802445891
IMYZQPCYWPFTAG,-1.0639575191651756,-1.3316153601936596,-2.1949636209055154,-1.2359701335439377,-0.32893907555530444,-0.6548405541720289,-1.377514473551865,-1.160603466044693,-1.3974752171095057,-0.6288687743668173,-1.2137828395286177,-1.2172361757136339
IMZMKUWMOSJXDT,-1.1759862202190998,-1.421380238793811,-0.9994208376848268,-1.0186033890926591,-0.327724584172752,-0.5174078397160704,0.12921328204074772,0.24411117909955526,-0.42634837237056417,-0.7969889508097483,-0.9326888707466955,-0.5731837958187509
INDBQLZJXZLFIT,-1.3982494118373212,-1.85972242027883,1.0046629900362167,-0.6354527496214268,-0.47203738177012594,-0.7740180731578357,-0.9872483372536756,-0.06115264433051768,-0.2527258745916677,-0.8043678243029767,-0.2766778001767566,0.005787247884246577
INJOMKTZOLKMBF,-1.542593572239727,-1.8206898783032428,-0.19718782875714644,-0.7891265269439146,-0.5327141716325233,-0.6693044254792535,-0.771911582477158,-0.2710811726822863,-0.9614552384815307,-0.7504070324303965,-0.6412570963860441,-0.6517063051685064
INWLQCZOYSRPNW,-1.50630546071365,-1.8103133920138395,-1.4051797440735243,-1.3226418978969146,-0.8447401654496755,-0.9301522007207079,-1.3139742797776268,-1.07659659765894,-1.4086036458598339,-0.8995075782001424,-1.2283471772809968,-1.0407691984825838
IOVGROKTTNBUGK,-1.3580926132524298,-1.8423217770811682,-0.6885054800519359,-1.1802142295408822,-0.08083491679760037,-0.8150087742709008,-1.101263751542084,0.12271430425328067,-0.6770750980209915,-0.6268142892468862,-0.5019445310800488,-0.7630491701750493
IOYZYMQFUSNATM,-1.4730246465049854,-1.8112010649521089,-0.8764598656191074,-0.4283706795594098,-0.6778012739619137,-0.9060253234541484,-1.2528180364239287,-0.32239574524828085,-0.9783074179749893,-0.459512782245196,-0.6802479179004817,-1.028646334424418
IPEHBUMCGVEMRF,-1.5738102651825436,-1.9026808877320105,-0.8381588337981565,-0.9823584483973671,-1.060674619516752,-1.0354408471655474,-1.263684703918331,-1.1113679093686482,-1.2865986045543785,-0.7780037571423072,-1.8554418583211487,-1.0003723678068006
IPOKCKJONYRRHP,-1.3371417864924962,-1.805970116827503,-0.00996561897925638,-1.4386187721355437,-0.5405508677273322,-0.6754347984477415,-1.0028513402094876,-0.26749722890645605,-0.47342062889125314,-0.9270786355612962,-0.5081190963143312,-0.838153827983307
IPVQLZZIHOAWMC,-1.296252757448505,-1.647695586715582,-2.6538052577574343,-1.3277944785495541,-0.7903678014111375,-0.7187271433285963,-1.0321164690133982,-1.0631291430666305,-1.4641345017933252,-1.114866247103207,-1.766041655648918,-1.0137648016679999
IPWKIXLWTCNBKN,-1.4200750489941345,-1.7327348611246562,-1.278575283332599,-0.9561898589298252,-0.8189344580184587,-0.814504464036075,-1.1980602466780212,-0.38251106138869295,-0.9687966093710256,-0.8813151754017984,-1.1765722716037206,-1.2083980641158014
IQPSEEYGBUAQFF,-0.7426280610504449,-1.779069953591028,1.6076786782605346,-0.7967013194103706,-0.5907694322663071,-0.8369621304535355,-0.8255731692366328,0.7656478810159375,-0.6227494716295122,-1.0246106582889682,-1.1128266825968198,-0.7879235266096166
IRSCQMHQWWYFCW,-1.3166361777908546,-1.7679945479442332,-0.6251584027112871,-1.2344202449637531,-0.8093606854522754,-0.9477552442162582,-1.128724271622894,-0.9071400332540134,-0.7554278166879885,-1.0212017180353046,-1.9126709512837332,-0.48013967887762155
IRYJRGCIQBGHIV,-1.2571204933993363,-1.7249946390385886,-2.30343813101227,-1.3739190853249263,-0.9711930982478205,-0.9495812996207372,-1.2607181289272837,-1.2331267068576977,-1.4228632191874335,-0.8348381171536632,-1.918390014257393,-0.8254633881894673
ISEUFVQQFVOBCY,-1.4887167243369248,-1.784099923696748,0.13858352270301896,-1.397266867847443,-1.0575510404951416,-1.0189075411516275,-1.1783707744239313,-1.2140953385810558,-1.2441068883641744,-0.8972644184243386,-1.3289193383852045,-1.1182053793318376
ISWRGOKTTBVCFA,-1.1517907033316475,-1.8969680136088438,-0.2706741143031216,-0.9969021912797427,0.31330467780935417,-0.8459679552321355,-1.0133708169950615,-0.6288781479201182,-0.7599570493847208,-0.6643144120456387,-0.7617889886705753,-0.756186813656118
ITJNARMNRKSWTA,-1.3344513727260405,-1.869351602202815,-0.5454328469220646,-0.9996612549330304,-0.23607565336222947,-0.9376722088355776,-1.1640806281508913,-0.5288790491258804,-0.8635004103339962,-0.823912941655063,-0.6554018463492879,-0.9827227221720011
IUBSYMUCCVWXPE,-1.4165943763992743,-1.856671106572231,-0.9384556048841737,-1.0751942484287307,-0.6815006298081546,-0.9978968236901177,-1.1161045447947957,-1.0388444319201613,-0.8807188313430554,-0.823172873599687,-1.2970476161493294,-0.9826625817911001
IUWVALYLNVXWKX,-1.5002031601714159,-1.822458270764952,-0.1748302200926346,0.07949941101601675,0.12277287546134813,-0.46484966355953117,-1.0849964611822909,-0.6805120255241631,-0.9528670269030266,-0.5201151913138874,-0.8399073486432957,-1.047366942715721
IVBHGBMCVLDMKU,-1.2863758968619847,-1.6524980278122514,-2.4190917493176576,-1.4949781784240095,-0.850122046885864,-0.8770810965907179,-0.9532496852115722,-0.5114056513360582,-1.24779530994631,-1.229239663769131,-1.6561610429685278,-0.8377916280606121
IVQOFBKHQCTVQV,-0.6297488181882556,-0.6000833458449337,-1.2963039876361273,-0.7878290824728985,0.012476538124300855,-0.673754029368767,-1.0231300166986794,-0.7693531841952648,-1.1566692590118666,-0.9037326062537426,-0.8527523363339343,-0.9301732112776538
IVTVGDXNLFLDRM,-0.9139148902107388,-1.4563369673005093,-1.0268885357573825,-1.3124391351782814,-0.5970936688281379,-0.7036009345294779,-0.38384904215364735,0.14559655853416356,-0.6963093410867279,-1.1358875110002424,-1.2928397775679725,-0.37698538973391527
IVVNZDGDKPTYHK,-1.5661472497715017,-1.8463398206733312,0.36356753073820597,-0.6847786021363107,-0.8770964467761732,-0.9375982130289164,-1.2084745046564591,-0.8856419988492953,-1.2760585652073153,-0.8150409692332055,-0.9445654218391508,-0.8514696933378152
IVYPNXXAYMYVSP,-1.425981323677579,-1.8869209481564209,0.9084539458158782,-0.5543356603381312,0.06346147593251023,-0.6687565170309689,-0.9106358467311146,-0.7431961708049856,-0.938725941047613,-0.5677717206059162,-0.5099063404183464,-0.6722690476800615
IWUCXVSUMQZMFG,-1.2080496977072688,-1.7452126890146693,-1.443864431282112,-0.7504395001934343,-0.8286856536436361,-0.8927135250738044,-1.1490141561538467,-0.9946805109247423,-0.6773780359939349,-1.0381036014835225,-2.0274985392555758,-0.3928490998019104
IWVRVEIKCBFZNF,-1.10302340174597,-1.6266338242071483,0.11699724969958791,-0.6508297094685438,-0.3730626838312895,-0.6459719234386633,-1.0089358391751384,-0.2950628265712268,-1.0202013818502718,-0.8596165747177424,-0.6225341774508242,-0.4455021210696628
IXHBTMCLRNMKHZ,-1.2833020511525357,-1.6599298769118862,-0.24936240643757285,-1.064562766601238,-0.6316061500485274,-0.6825105374734337,-1.1991194543269257,-0.7244578239572289,-0.9020064759290516,-0.8375734716153729,-1.0309414689256637,-0.6724605936410096
IXORZMNAPKEEDV,0.317964981230999,-0.0224365376046166,-2.69244728487966,-1.052050641832317,-0.01954708114595369,-0.19247946836114524,-0.5609682717200487,-0.22179462864677638,-0.7326709265526955,-1.0776977324115005,-0.5584113778614033,-0.4755700376975682
IXTMWRCNAAVVAI,-1.4140648074200015,-1.8705044809015314,-1.1599380434210178,-1.3188922414050186,-0.8396368525039342,-0.9729682834544671,-0.949985880045892,-0.6653886352423581,-0.8667533071670174,-0.8430405346188958,-1.0745822483982166,-1.1257753669892936
IYIKLHRQXLHMJQ,-1.078603040766178,-1.3705287083796334,-0.3245685774085763,-0.1764435369086708,-0.30583096827902534,-0.47437662344312065,-0.03777270302226625,0.8314390831403764,-0.5413677001289122,-0.8149841130241131,0.5980989582091791,-0.33665973372016017
IZEKFCXSFNUWAM,-0.9740468107612934,-1.4279991450019334,-1.0370401499663675,-0.9129688754646216,-0.6017951678740548,-0.9181629045484665,-0.9235916824188466,-0.3897588996859278,0.230842783426861,-0.906634031457211,-1.69275771734661,-0.7957896143280124
IZJDOKYDEWTZSO,-1.4513414101677415,-1.8737776327119888,-0.13848074256343237,-0.6421558232223195,-0.30014683322117736,-0.9098229222140153,-1.079175978960765,-0.02094970702878188,-0.3953249324984667,-0.0879420685084697,0.0605238472301767,-0.7901281238591836
JAQUASYNZVUNQP,-0.6776871338286601,-1.1952798443012855,-0.9159953264404873,-1.3037922052789004,0.03890980883326041,-0.5083625099535507,-1.3111933738298083,-0.4227920847921228,-1.2900729803967113,-0.44501538112583294,-1.130567775263779,-0.8659345627854833
JARNORYOPMINDY,-1.240153496236052,-1.7703868877729292,-0.7644424843636448,-1.0255239985161917,-0.5480342179539277,-0.8518670676300868,-0.870547565361293,-0.2329662002864656,-0.8560308942173063,-0.9351599132237476,-0.883752183954001,-0.576301021786565
JAUOIFJMECXRGI,-1.1979752041423146,-1.5187145876625938,0.07160642431820645,-0.30686988779532465,-0.2995158494865433,-0.6382350815549902,-0.953566322199501,0.22395177315641907,-0.7569244963437511,-0.7201545255326676,-0.14854887560604216,-0.049897909233544833
JAYAGJDXJIDEKI,0.06936305183163709,-0.13962545418248615,-2.7119632816461183,-0.4711570239549595,0.05805288726775752,-0.15888112398272852,-0.7752116855382919,-0.3612825684884016,-0.6476460435925211,-1.0559114400289142,-0.6827145192410553,0.09409665987064308
JBDGDEWWOUBZPM,-1.441619708069107,-1.753090600600215,-0.63713491431571,-1.0689044082784522,-0.49091886361429643,-0.7947490426768269,-1.0247363396522595,-0.16665109434400094,-0.987941488696664,-0.6780565272919455,-0.17562965053048857,-0.7379082844342927
JBIMVDZLSHOPLA,-1.1970998356149751,-1.54229440190261,-0.5987289876331978,-0.887976734847237,-0.4170910805315539,-0.34034187924792764,-0.5436756519381618,0.058185305977006635,-0.5241371802842667,-0.7253694496413557,-0.3450727896250943,-0.6926806972663988
JBKPUQTUERUYQE,-1.5035354296071985,-1.9114418340928372,0.24923962083059936,-0.8960178649538282,-0.585794965291319,-0.9977405764009184,-1.1895565746920445,-0.655734839221232,-0.8409140162536041,-0.3855943420848454,-0.7553635347542589,-0.9189479276823939
JBMKAUGHUNFTOL,-1.25891154965457,-1.7702190709343597,-1.052646862412358,-1.4578998972458377,-1.0679120342914026,-0.8345165752635807,-1.0590615690747225,-0.6355237377575256,-1.0873948190843308,-1.0637216159513483,-1.119755452189593,-0.9500926254909631
JCCNYMKQOSZNPW,-1.197840419478327,-1.3819332136092222,-0.37006199594492706,-0.4612202351274665,-0.15194509542115994,-0.5518178975354036,-0.5909232629739177,0.5540049514896799,-1.096529896656293,-0.8007512266246364,-0.19023500738889415,-0.4544501467572042
JCKYGMPEJWAADB,-1.3961246771841278,-1.528714392436331,-1.006706936778966,-0.8870435656669506,-0.5723208090074963,-0.6076673385628374,-0.6613508433523756,-0.2770326707001798,-0.7323029638880333,-0.17038299320477215,-0.6985412882593041,-0.7892166022340872
JFIOVJDNOJYLKP,-1.445112297709991,-1.7481233311248054,1.4428003903393651,-0.4916108719080362,0.13533244780963288,-0.5597952019112271,-0.5693440131804334,0.7843577782825037,-0.821594454513572,-0.4721595338168535,0.8224786823561492,-0.4665895303732924
JFJZZMVDLULRGK,-1.078906572837504,-1.6243896818271768,-0.25670100212721975,-0.9497274578872497,-0.7044440308247841,-0.6844205904314273,-0.8102154198050379,-0.1370934161824961,-0.7272906696542984,-0.8075881881130699,-0.06679613214634769,-0.3078163238130552
JFPVXVDWJQMJEE,-1.2204355903388655,-1.6349179713857385,-1.7165429835891453,-1.370458277281131,-0.6266738573359916,-0.7743912070433566,-1.0085261825228362,-0.09131811775578363,-0.529462874418919,-1.0484597462952434,-1.6775271354319226,-0.28891123080128284
JGOAIQNSOGZNBX,-1.2598382646604427,-1.3506368778148927,-1.2298340101815668,-0.7831009697614747,-0.17975494605314904,-0.7197232643100604,-0.950752661263188,-0.5902822907416424,-1.138761809153966,-0.8399822493333902,-0.7489279217726356,-0.9992220250973988
JGPJQFOROWSRRS,-0.9497252746680891,-1.667274724793788,-0.7421562019692024,0.028087602211058795,-0.41816992398762115,-0.8301802330961819,-0.8843131209366699,0.1485101835393139,0.7465088841862865,-1.03825379502154,-0.684537435206285,-0.5843390367861513
JGSARLDLIJGVTE,-1.3304303994045474,-1.7126021898533643,-2.1828724194383575,-1.4813937217340425,-0.5985488321114772,-0.8022840993736874,-0.6037676659993774,-0.5988496233439884,-1.131610351005943,-1.1872446660861413,-1.7450583757785725,-0.665149526986981
JHOHXJYRVSLQCB,-0.25332371407578763,-0.5466994286757045,-1.083187764367883,-0.6290597425106512,-0.20343650103051975,-0.4082202032069774,-0.8902419705120459,-0.20070555675743895,-0.5241230697483118,-1.0334924741400295,-0.00010220615110082404,0.17066035599456095
JIEKMACRVQTPRC,-0.6824608555955183,-1.6078660019823605,0.2087779466783457,-0.495702079677686,0.29640882162875865,-0.5895278605824905,0.5753535380119537,0.6356244862985129,-0.505941912680391,-0.7572104438328782,0.720996750164797,-0.255038585299739
JIVPVXMEBJLZRO,-1.2723963025457017,-1.6783003067024098,-0.6245242010495289,-1.2145416318156663,-0.6834424693625853,-0.7777462522952666,-0.9195687415562535,-0.4065145379182859,-1.2629012370561878,-0.8804967399518849,-0.19775193786016587,-0.73636691786285
JIVZKJJQOZQXQB,-1.6018321787536185,-1.915285901276402,-0.8750178476930653,-1.2711152014569116,-0.5913549881590648,-1.097997013097693,-1.2570534875585933,-0.7326863732084382,-1.10836639621037,-0.7910979751139897,-1.3144135320456347,-1.1298630741327211
JJCFRYNCJDLXIK,-1.15486096942926,-1.3957760832469353,-0.08149996529151339,-0.8985575533477779,-0.31514448365442055,-0.2662077821627658,-0.9785060522288942,0.22808327883066584,-0.7979261297256403,-0.18480401184964643,0.24953086377095443,-0.5823667301442749
JKKFKPJIXZFSSB,0.06247546624851075,-0.3337080425117207,-1.313166477087643,-1.2496029234923667,0.6743919820611604,0.1425587092946699,-0.8744827341795995,-0.171638415511808,-1.3397524631664057,-0.9114791562349613,-0.09847417584222451,-1.063779962559545
JKOQGQFVAUAYPM,-1.547170260766505,-1.7632068342480591,-2.3439110816919353,-1.625069348656293,-1.2409753857913424,-1.045177757368569,-1.4112677420140523,-1.194265759186637,-1.4528089911505777,-0.7473807654942257,-2.2174818460165016,-1.4315265671728488
JLGKQTAYUIMGRK,-1.292345431368647,-1.6831713378273954,1.2689249319369802,0.835156467798893,-0.1659251490279363,-0.6482769913954479,-0.4758805685009661,0.8959142986023887,-0.7224879200456495,-0.5421333912851589,0.8715870371496433,-0.5433225734861067
JLICHNCFTLFZJN,-1.2930011486233657,-1.706483560202995,-1.3805230490381781,-1.160870192100449,-0.5016035064253521,-0.7821258286086705,-1.1694114094689323,-0.5324022016858675,-1.2170275252175913,-0.34308668645209495,-1.0659245729268632,-1.030474173382192
JLKIGFTWXXRPMT,-1.5389245263842768,-1.880162666651915,-0.7613499557069244,-1.4206685408153492,-0.8183380129030289,-1.0410960098286979,-1.1281534290331598,-0.6204693317036036,-1.160303119530987,-1.071983456860186,-1.0449588989038023,-1.240934239887165
JLRGJRBPOGGCBT,-1.6047035551379802,-1.8662271599177367,-1.6571179498156867,-1.5955002613073215,-1.1251236018286765,-1.0685903382286603,-1.2081271444345933,-1.209054580945988,-1.565150200639755,-1.064864057315416,-1.5836105666228364,-1.490818019848643
JLVHTNZNKOSCNB,-1.0780348531241295,-1.5177373774913525,-0.7180217304902035,-1.0255781494446565,-0.8174509608760373,-0.7467315382867976,-1.1368849243993586,-0.6951217089628255,-1.2469395644703196,-0.8787327207918507,-1.4759179593618097,-0.7998805577067323
JMPFSEBWVLAJKM,-1.3871364964952244,-1.731468031065455,0.5187311550173951,-0.5710243920530554,-0.10785883929558675,-0.4608568869682498,-0.6500103386894485,0.36746678553549444,-0.9113048599814655,-0.8430745254601686,1.8548670071307156,-0.3120805339577241
JNMRHUJNCSQMMB,-1.3742097667862578,-1.9060121511279258,-0.5847340643344593,-1.4008348118588945,-0.826619398623933,-0.9950797693789186,-0.9838110604548636,-0.4162324699707602,-0.9041173459864355,-0.8164513262640317,-1.0124823612890343,-1.189522336455866
JNTOCHDNEULJHD,-1.349169803978631,-1.7904937269979113,-0.9781384559878205,-1.169263524292837,-0.9205298510634817,-1.0077062487219002,-1.1342705126746808,-0.6514933262010394,-0.7187765010491031,-1.0142787415256946,-1.9559316556928596,-0.604435956316803
JOAHPSVPXZTVEP,-1.1207975108083392,-1.5780899171819898,-0.6772572893333876,-1.0016226594182962,-0.7451649741702712,-0.7392210637068929,-1.1587094307211339,-0.661459287506631,-1.4238741948931364,-0.9388956090657756,-1.7187675162772704,-0.5838340361407235
JOATXPAWOHTVSZ,-1.4672020490598912,-1.7370504338703503,-0.7525034306964916,-1.040851117278156,-0.8631681232033539,-0.9392846374173999,-1.0143553364045066,-0.7537697543868898,-0.9163229697164452,-0.9344709495366184,-1.0119850956405567,-0.7707285713970983
JOHZPMXAZQZXHR,-1.1819537601379053,-1.352911211329573,-1.0447666962217066,-1.09759745568525,-0.8170337071051452,-0.7826582902089608,-0.7447946590655917,-0.4525930583906823,-0.6860070967880967,-1.1013352783899462,-1.871748516747915,-0.6682718958351708
JQSAYKKFZOSZGJ,-1.2405765766482242,-1.6948332795943988,-0.653911357552785,-0.6860114781859495,-0.6321142036274043,-0.7841501362961587,-0.865043833243659,0.044161264749431016,-1.0784623875434058,-0.8183435824382383,-0.4158406548594811,-0.8180488263823263
JQSHBVHOMNKWFT,-1.1717003302843019,-1.632489714619589,0.0649716225037562,-0.6467479793797586,-0.7513938383374841,-0.8445128795088549,-1.2148850800932463,-0.7952493658859948,-0.9826424446862179,-0.610193770724307,-1.607083514477423,-0.2661794201432636
JQXXHWHPUNPDRT,-0.6812987226584408,-1.2877439277487217,-1.2148626641441043,-0.3793287655019258,-0.48931525489902994,-0.5303858987879084,-0.7760148780482983,0.297775665408311,-0.22593818842038704,-1.0736224310062097,-0.013923757474116878,0.06458330345452
JRURYQJSLYLRLN,-1.388952847541255,-1.66601937953131,-0.5214749273099866,-0.861766879478487,-0.7493560964400384,-0.2762670728079266,-1.06925902308266,-0.12196341586210994,-0.6850999894446367,-0.7729345930317919,0.20766779167210775,-0.7556673723373646
JRWZLRBJNMZMFE,-1.3375685348195514,-1.8413809413824895,-0.7528406018377419,-1.1155210363862769,-0.2876548796495151,-0.7552281184685748,-1.0784127848649054,0.23409074946092395,-0.9061928762783409,-0.6822356445924151,-0.39661811802701125,-0.73764474868957
JSDRRTOADPPCHY,-1.3384292610481399,-1.7390013912484616,-1.5837680897861766,-1.227453813466429,-0.6108817074943445,-0.7370723945343194,-0.9115379986872968,-0.8727038707293816,-1.275402333892773,-1.1194686085761352,-1.057918091676617,-0.7766984397456155
JSWZEAMFRNKZNL,-1.2065899590933464,-1.7691187333018945,-0.6308869584319432,-0.7791561400253411,-0.7630921814814546,-0.8273102969276299,-1.1700414666240246,-0.39698315897305464,-1.0297348021739636,-1.0517014029589944,-0.970791121657466,-0.6480284350276801
JTEGQNOMFQHVDC,-1.2271753889969772,-1.730580764604849,-1.1548387358168923,-1.1337162213573433,-0.782063279420812,-0.9167198568952676,-0.9608414568039525,-0.8376482965264878,-0.29450475250923924,-0.9103499322229449,-2.078210187360425,-0.2306682659231193
JTLXCMOFVBXEKD,-1.3131809121002112,-1.7172034662597,-1.744870852374273,-0.9902694613728009,-0.5424589044031833,-0.6361894650170832,-1.0398670785275588,-0.8870127666582268,-0.5534622436198054,-0.9613997004192644,-1.7294647985704996,-0.599540500282961
JTVPZMFULRWINT,-1.4895568123265912,-1.7839662127562732,-1.29810285358533,-1.3856689589429707,-1.000635065476242,-0.9415828888672215,-1.100668622126987,-0.8100657938295506,-1.0841428700008473,-1.0693009603644101,-1.4953495405024533,-1.227766354454353
JTWOMNBEOCYFNV,-1.3788882541303216,-1.7190188183846224,-2.351359240590325,-1.5854015348816133,-0.8810674766201048,-0.9251690024210069,-1.039359450365433,-0.7849018892210784,-1.4846596944073682,-1.278256412249171,-1.8358983203754644,-0.9060080254367957
JUQLTPCYUFPYKE,-0.858381645556958,-1.2543509437892713,-0.764620568606384,-0.3427123506213676,-0.33056988480878974,-0.6188547218355389,-0.6505236869242363,0.6754352074550538,-0.9143571895700426,-0.8575172808724381,-0.016820031518021618,-0.4271332265919027
JURKNVYFZMSNLP,-1.2650817491780881,-1.0862826871091869,0.7962191888853318,-0.7379576979399087,-0.21597478709060522,-0.25763721517423754,-0.9060047789842558,0.3038861853401281,-0.7619563990561824,-0.0683277608014778,0.86368907390758,-0.3988202443257839
JUUFBMODXQKSTD,-1.4513790431715672,-1.8264347322215149,0.6454773211297841,-0.736843622338411,-0.42818894570029986,-0.8791606482227713,-0.8802876950287573,-0.005594321179877567,-0.5834569985944033,-0.8633875053747199,-0.6255334599524373,-0.7369745073373052
JVGBTTIJPBFLTE,-1.2048527709829693,-1.615626502476312,-0.9109487985902471,-1.332063508714481,-0.5698155629538071,-0.8975106084187225,-0.9571827927786041,-0.2484489117250114,-0.6602036839261893,-1.0024079926081797,-1.5707518156541276,-0.47830470099235073
JVJFIQYAHPMBBX,-1.2070533066410227,-1.5562019735185546,-2.4759129956190153,-0.6769847742250725,-0.6900441138123297,-0.6608963617865371,-1.096889807209537,-0.5932682077723851,-1.216722581759433,-0.632871105190038,-0.9476226227945037,-1.1170368482654789
JVVXZOOGOGPDRZ,-1.134097592677659,-1.5086587712390926,-0.6130212359804533,-0.8084274343695859,0.0463593239239402,-0.45738881812617105,-1.0875197463259696,-0.4790734994234097,-1.4993926173785237,-0.49571293182152576,0.09668095956147066,-0.7389388753990689
JWBOIMRXGHLCPP,-1.5320620024556937,-1.7169229603575904,0.21424450906674036,0.2711579310923189,0.3796143466780831,-0.35501604982145285,-0.6348736678089911,0.7759846259007795,-0.8776591636970333,0.05263596295336219,1.9134821780396518,-0.31755103924591477
JWCSIUVGFCSJCK,-1.0832649297957277,-1.6977885670035908,-1.6078356132477862,-1.1902435671937899,-0.7638992420503001,-0.7898276644829993,-0.8725290288057128,-0.07390851451258015,-1.1053075584209537,-1.104002731501097,-1.2646184467160966,-0.7062316095366804
JWDYCNIAQWPBHD,-1.396817243667346,-1.865419793408706,-0.5708933609542292,-0.5750221246711341,-0.3169438547178389,-0.8984704541011423,-1.097368695940902,-0.8597071454213727,-0.8581958233249706,-0.813634115973106,-0.9404886009568679,-0.8905966824510063
JWHAUXFOSRPERK,-1.3056953915389378,-1.7213242123854258,-0.6902117619662299,-1.0198085328599218,-0.4126839043799764,-0.8166607362514756,-1.0919261252762196,-0.5015702019235415,-0.9400116219875921,-1.0114646351858485,-1.1105366476150205,-0.9835974523609735
JWUBBDSIWDLEOM,-0.438199953839999,-0.8790220693982566,-2.110063688354798,-1.040768465115242,0.11345679533175416,-0.09486417848727105,-0.8450876642527037,-0.07048572185729662,-1.0801122325360049,-0.5365094997620194,0.35344653478117505,-0.8161926957787545
JWZZKOKVBUJMES,-1.443224142278724,-1.8137321549773802,-0.9784999335390312,-1.315609712092779,-0.6223899095502912,-0.8093006311981549,-1.1418368066153082,-0.7929878002791679,-0.9143310561674279,-0.8091783042704368,-0.8266175302805595,-0.845234471656173
JXDFEQONERDKSS,-1.6119465227992291,-1.92922108116985,-0.6486488190379056,-0.5299141268781357,-1.037505084524359,-1.138523790671957,-1.3368649968878645,-0.9111171451507398,-1.279372880279927,-0.7517594491171631,-1.574006554512337,-1.1378666463094886
JXLYSJRDGCGARV,-0.544824144998038,-0.6980295371835751,-1.2938217264446619,-0.5624470067847653,-0.20975265231178566,-0.46364582924582626,-0.39234450020793177,0.11599278655117964,-0.5442707616587157,-0.9486797676356934,-0.2807732396328226,0.4013499956489821
JXTHNDFMNIQAHM,-1.4819653245159068,-1.7228716756998042,-2.1845023598394118,-1.3191783902760832,-0.949796814043373,-0.7752901885899559,-1.0521582850088949,-0.6880506967204919,-1.326778099080906,-0.5964672023210483,-1.7219234953281748,-1.2214156809766428
JYGXADMDTFJGBT,1.7875003144459307,1.8944447684222956,-2.5625288332685776,-1.1437298225294747,0.6352620144199014,0.026288420385617656,-1.2065376233664082,-0.7059925606976721,-1.4578669643736077,-1.051367104838244,-1.5726888824355443,-0.8512061160937586
JYJFNDQBESEHJQ,-1.3895578764981964,-1.7354856059882429,-2.1965051028044367,-1.5437719474758584,-1.041807840250527,-0.9125301343152965,-1.176363918417975,-1.2864662460526064,-1.3933115682312263,-0.8867247126054509,-2.0065207552182516,-0.8295650914057519
JYJTVFIEFKZWCJ,-0.7170203884508058,-0.6131924242045386,-1.274632311301017,-0.6882187977760735,-0.24677342941780736,-0.3035025331180338,-0.10107914651757083,-0.2345772037621622,-1.171759412518261,-1.0213938494015422,-0.9556782209808319,-0.28443269299415247
JZFPYUNJRRFVQU,-1.490059105481164,-1.81056728634349,0.3306176078727802,-0.5707164647095679,-0.28088025894464375,-0.7207072305905456,-0.7300704650427202,-0.32064930892615257,-0.7843993096888604,-0.9201028045392761,-0.7743338023570587,-0.9561783750923726
JZQKKSLKJUAGIC,-1.4003987201523547,-1.823211343070271,0.42149869572910786,-0.8283689923188717,-0.6366032561252974,-0.792520780915771,-1.0199565938268376,-0.7630448588136536,-0.812793344184981,-0.8329499898815103,-1.3405224654548604,-0.616747697665068
JZRWCGZRTZMZEH,-1.1763484558856636,-1.746844491035643,-0.6197736950065125,-0.6978079712303438,-0.5728665959998589,-0.9048761182683622,-0.9586363789933827,0.028270846985372675,-0.6141384561369005,-0.8503097185931778,-1.040191721304065,-0.7421847043643875
JZUFKLXOESDKRF,-1.4203301824611483,-1.8124996424600166,-1.1650266381266972,-1.5503645346909711,-1.1571135267615034,-0.9000279625761035,-1.1655187355986956,-0.7716343662373961,-1.1850216846438948,-1.035697323037816,-1.5128156182620909,-1.0432207165961636
JZUTXVTYJDCMDU,-1.1562006895659636,-1.6398085468753334,-0.37807765665607906,-0.8899513376660814,-0.791176306538848,-0.6989262639400816,-0.8587655086479089,-0.3506247175462585,-0.95017214453162,-0.8174744271158804,-0.5278777890083345,-0.2049957653735486
KBAFPSLPKGSANY,-1.2264633689444824,-1.3711175829731883,-1.1365766724182764,-0.6791434188726103,-0.27370110142965454,-0.6264097182438769,-0.24213556933933908,-0.6101108526624894,-0.9046415818242901,-0.8830751364212739,-0.3132595847615871,-0.8268620183611715
KBDSLGBFQAGHBE,0.0785963536888193,-0.5820030842917422,-2.1491106692847346,-0.6815960814137212,-0.0849841551905575,-0.327773514663964,0.15034791743300874,-0.2846669214631076,-0.5095422255747866,-0.8925905714878403,-0.5112378255906769,0.36686892699007223
KBOPZPXVLCULAV,-1.5204230251697854,-1.855667176381799,-0.12446589713309317,-1.4380030347691957,-0.45378247545603817,-0.771696547895915,-1.0055146069596574,-0.5105505369796348,-0.7437302216054602,-0.7385368952361864,-0.8946035787097579,-0.7155299102041492
KBUZBQVCBVDWKX,-1.2543333899974591,-1.6517801643617385,-0.3814199898032286,-0.9356252233368656,-0.8581879730575963,-0.8623569187008497,-0.9316067904665976,-0.2118935228033531,-0.7267067864090532,-0.9179257898350726,-1.6525224862104975,-1.0313626157714701
KCLANYCVBBTKTO,-1.4230157211718761,-1.7481054960025526,-0.624571675590711,-0.7839590339432293,-0.570982430368887,-0.6921667716135678,-0.8485632262580061,-0.6057222557190713,-0.608353003633473,-0.7660933032670153,-1.413815631358672,-0.9371013058622426
KDLRVYVGXIQJDK,-1.1635571481013969,-1.6495356021939314,-2.73593095897311,-1.134062831640983,-0.8606992510577978,-0.6969261112294726,-1.0081545731563062,-0.8383890763018916,-1.115757049031334,-1.0767328708219988,-1.7706633244615566,-0.5920935144800865
KEDQCFRVSHYKLR,-1.2274014452636106,-1.6752815269775834,-1.1199467441739452,-1.2356449710113326,-0.6736236666353282,-0.8297808037126932,-0.9806661047530811,-0.506619837887478,-1.1080726822147915,-0.8470819133511851,-1.460369729411542,-0.7376990531363058
KEEYRKYKLYARHO,-1.3359130516363507,-1.8389867095859773,0.32592930315177243,-0.7649139303458801,-0.5341080962896209,-0.7880997404510914,-0.9967541298871292,-0.2193490204715956,-0.9064356546950163,-0.84198295451794,-0.9139692294449804,-0.5561367390490565
KGFYHTZWPPHNLQ,-1.1414789486137966,-1.5665777203004956,-0.9399132645549041,-1.0635552052245618,-0.5347042255208295,-0.6834192568391245,-0.727002589033344,0.07583358144181152,-0.41969469692470934,-0.8125828422611695,-1.231691381235458,-0.22994680925677544
KHOITXIGCFIULA,-1.385250324039863,-1.803903083997109,-0.5955378349810183,-0.4029437633328383,0.02307369920172265,-0.7105514830053092,-0.780139567172028,-0.16544832251228053,-0.774276338449016,-0.6874888150681926,0.06830594970321885,-0.40633235920779337
KIQQMECNKUGGKA,1.327661337597967,1.1118786822420506,-1.9716532084106377,-1.0721184187248949,1.2708615576744482,1.1055924706722768,-0.9583812789823851,0.6382175360495971,-0.8014747914483238,-0.8014639123087363,-0.030030001069110534,-0.7575186235882891
KJADKKWYZYXHBB,-1.4290675125701633,-1.7729404144615222,-2.4468924458948274,-1.3325887288132074,-0.735378347756641,-0.48115483368899087,-1.0652315342675833,-1.3093388605221554,-1.3137635710774649,-1.0096919347631486,-1.9798504349837882,-0.9524261076613572
KJFMBFZCATUALV,-1.2055698549227618,-1.6707607050721096,-0.4136691398911756,-0.7318112546608209,0.6494990194172685,0.1300920323682119,-0.6524205991760841,-0.029378695623349126,-0.43056042373849607,-0.033150000283097454,0.9949615970302794,0.24382347645450145
KJHKTHWMRKYKJE,-1.3092532753103394,-1.7657066539908246,-1.6176556025491344,-1.2481844641355946,-0.5593492499409164,-0.8368518288737787,-0.8844586491250911,-0.9004410045880455,-1.1774485992130659,-1.1437196472920563,-1.0623258137158067,-0.8463652873454148
KJHOZAZQWVKILO,-1.595230438535635,-1.770100621841778,-2.103744493975651,-1.591180567843315,-1.2609931543393567,-1.0582471201600927,-1.3797453293844377,-1.276202200206796,-1.3172239686361658,-0.8039056615221561,-2.358058128843173,-1.138868227386163
KJONHKAYOJNZEC,-1.113246138271521,-1.7967395488636067,0.048250810965636076,-1.197120044503269,-0.5113644863368242,-0.7543333999370652,-1.0857126638043728,0.06651585465339646,-0.547275158224742,-0.9249418518569228,0.6008713215463835,-0.577642236658726
KLBQZWRITKRQQV,-1.2751293977692175,-1.6186101035402476,-0.131313600232166,-0.944889271555084,-0.5912092032237714,-0.8705205567427554,-0.9032051540279191,0.053653710745886055,-0.7404023994699198,-0.38669179221399264,-0.053838856447463335,-0.48426230346299537
KLPWJLBORRMFGK,-1.1104934950165588,-1.5435296754382015,-1.643917666570856,-1.2169244760937605,-0.9102009074073062,-0.7820579665368237,-1.2931472570865583,-0.9855560726631556,-1.1182449728120745,-1.023603565635168,-2.0108385504564943,-0.8229499725577598
KLSJWNVTNUYHDU,-1.6309063002283724,-1.9410870621342133,0.5688765181330513,-1.092618548089693,-1.1328013343241905,-1.176399658440146,-1.3512373860659526,-1.0186958469415075,-1.053965585832254,-0.8302992676613429,-1.8259938515784677,-1.026960380565292
KMPWYEUPVWOPIM,-1.2239371973370807,-1.414910019385995,-0.5934716820317391,-0.7729002228506494,-0.3768665551315363,-0.752225482796098,-0.6609360553053932,-0.34856640126327887,-0.7995908454732058,-0.719386625455952,-0.9347945677884617,-0.7076680172852308
KNAHARQHSZJURB,-1.0809951766624404,-1.8215476141933058,-1.3761467268945424,-1.4717086580945853,-0.9596658238377249,-0.9133499184239195,-1.23053729079765,-0.7310799145183214,-1.469954245926378,-0.8505015994644922,-1.3472763591649861,-1.0472043383317047
KNHUKKLJHYUCFP,-1.4132032929485128,-1.8029953695581658,-0.5521750444693752,-0.5766875305161056,-0.1006729171914442,-0.7248264275793009,-1.1021404951401719,-0.6201225448683525,-1.18014774723845,-0.8675617436681667,-0.5823066257117483,-1.0695976992700948
KORNTPPJEAJQIU,-1.1112859732988014,-1.4884274913669555,-1.2568321111172291,-1.1502927250050896,-0.7607088650505158,-0.7025261542496573,-0.6556872931976607,-0.5879620220710047,-1.3251282441632617,-0.9573304193904753,-1.383525568196297,-0.6258089644845557
KPJZHOPZRAFDTN,-0.82721323313577,-1.2515020801193697,-0.49779500151835415,-0.8591676797965518,-0.6041229836385585,-0.5776663561368008,-1.0555125635158544,-0.14264721072022254,-0.9267018448227178,-0.9536368001122917,-1.1329745777634628,-0.21467730650711045
KPQZUUQMTUIKBP,-1.4509295701217755,-1.7675464054380312,-1.3520512537846674,-0.9814322525435173,-0.8806302982174679,-0.8670975057771079,-1.235410324734547,-0.5789591831567209,-1.1230457800468159,-0.9217839724314525,-1.2832949331023702,-1.257334535500829
KPSRODZRAIWAKH,-1.3554352457939889,-1.719836197718407,-1.1135087209732824,-0.8913075493815505,-0.21962053309467708,-0.7212580828483024,-0.6080473584617193,-0.31190808902217615,-1.069051743460616,-0.8308531983247238,-0.30807182997237575,-0.7824363641099532
KPYSYYIEGFHWSV,-1.514494684996643,-1.803034888557309,-1.2084165142591328,-1.0717591838895923,-0.5042208243108922,-0.7468307299284797,-0.9640169823319777,-0.32980683429804314,-1.5520473315042413,-0.8069988384651698,-0.959272722160955,-0.9081856946190849
KQKPFRSPSRPDEB,-1.4297931624822176,-1.8198063108940434,-0.6900607106719714,-0.9493998959281784,-0.9789995871346504,-0.8022139804861232,-1.122431355034286,-0.823440326414318,-1.392748539090292,-0.8413032756690457,-1.3585967201249192,-1.0638522434594995
KRMDCWKBEZIMAB,-1.3185386483884654,-1.2371195127104082,0.20652873277351255,-0.7692199438916221,-0.2753521372629098,-0.5276353093970929,-0.9621629888147234,0.1478521360856674,-0.8990094924461303,-0.16483786200510087,0.6392202220856047,-0.6102629543963064
KRVOJOCLBAAKSJ,-1.3275411810200841,-1.7327305400490256,-0.3854172841874952,-1.0787772490464456,-0.512114416753664,-0.8167363936722509,-0.8687208956906098,-0.15427237347153744,-0.9410612659406057,-0.9199616812149976,-0.6824066642010544,-0.8027154985251252
KSCFJBIXMNOVSH,-0.9101284154414641,-1.6733423457939427,-1.159386702918653,-0.7985968448160528,-0.8932976372022795,-0.9407084468233795,-1.0525472864801657,-1.0344567322490006,-0.8014474436290296,-0.9355973706061689,-1.796567826888773,-0.7143085868319291
KSMAGQUYOIHWFS,-1.557478971817211,-1.863720191389441,-0.013370233537585744,-0.4847607906276582,-0.40183213165670356,-0.8712636174803274,-1.0386736032206123,-0.1757087023931063,-0.966033803867755,-0.9391091630549442,-1.031692722729979,-0.9057297535010752
KTEXNACQROZXEV,-0.6876880671304618,-0.8608680882514245,-2.301900348765844,-0.6053560296970063,-0.2188379348052755,-0.22472414932918294,-0.41467468988957423,0.32294145019948334,-0.7051592900151039,-0.5402195909479601,-0.5170749043222926,-0.12728292993999604
KTHVBAZBLKXIHZ,-1.2201924022066055,-1.4841085335645514,-1.5748681939614735,-1.0521081495135087,-0.2796953510282945,-0.7841094679119587,-1.0733852119438079,-0.5910916554963872,-1.086656914842176,-0.8634304127270981,-0.861313595665407,-0.992159882901221
KTUFNOKKBVMGRW,-1.295513199489545,-1.8679884396198203,-0.041332201524924006,-1.0461409377012532,-0.8086178570299485,-0.9057875965801283,-0.8055981577592755,-0.174582332342968,-0.9827356286691011,-0.9865481525662935,-0.7103505250494905,-0.8371040184798222
KUBONGDXTUOOLM,-0.9760572317594493,-1.659600038368309,0.8369898577587719,-1.045173744994406,-0.3932754403931127,-0.9629649858930052,-0.8698784250843621,0.43151865759222574,-0.021154043064468293,-0.7987449894231817,-0.2511936884776159,-0.8972129037559811
KVHHQGIIZCJATJ,-1.4744839809568329,-1.7784732367037328,-0.8375489556213576,-0.768845120818443,-0.548038230280583,-0.9030626920405875,-1.1147365877304312,-0.5965866141511683,-1.393347102033086,-0.769796718879795,-0.2259893011372351,-0.8838629031799149
KVWDHTXUZHCGIO,-1.1856046243371139,-1.7198195924093738,-0.005777047275693031,-0.9889094013687125,-0.6592910206845888,-0.9978065054870136,-1.0467411145222991,0.06785963979146961,-0.42518712987313034,-1.0038114231233308,-0.5392957710186979,-0.7554210397430727
KWGRBVOPPLSCSI,-1.4030570156156552,-1.822663786289798,-0.6874055303381239,-1.106574440619466,-0.5101431466506408,-0.9935446528855574,-1.2765505208195962,-0.802936481392206,-1.0057380517708294,-0.7395453208375874,-0.5901084341237661,-0.897314060949199
KXGVEGMKQFWNSR,0.4449769037135148,-0.0018853219716442016,-2.738839800333249,-1.2839814495341246,0.6760917306566772,-0.12942687117574903,-0.8401877189982276,-0.6257695967042654,-1.6213289515116773,-0.8824472905723912,-1.4349511294598567,-1.1755959240417688
KXNPVXPOPUZYGB,-1.3837432279586628,-1.6779456894731777,-2.186111673013443,-1.3533437737008118,-0.9755969150995181,-0.8544605345378101,-0.9798261077728103,-0.8825978318688067,-1.3909317487893127,-1.1469967031689356,-1.775366004312217,-1.0176238527989008
KYGZCKSPAKDVKC,-1.1899591613321907,-1.4306085439562353,-0.012907950971759233,-0.997987171403538,-0.7512832189218047,-0.3596290744259643,-0.7523087374998431,-0.5251688796073936,-0.8601382661326435,-0.909541407567243,-1.0170654821500063,-0.4286118764850142
KYLIZBIRMBGUOP,-0.6003508518597488,-1.6736850591523422,0.5893881536224175,-0.8164954038432203,0.4619512258198615,-0.7058705429563745,-0.6239421773698173,0.6424338072277836,0.28480565964603266,0.2783957542743315,0.8104632141357209,-0.3359901061543359
KYRVNWMVYQXFEU,-0.9093592386062315,-1.6404033211395097,1.50018723402367,-0.8527467824167009,-0.37674188683476295,-0.7914648946722271,-0.507119764632114,0.5994972435829186,-0.15346125503716135,-0.8681957717390727,-0.52131035140966,-0.32743112679399045
KZNIFHPLKGYRTM,-1.142273267291574,-1.6216058198786691,0.08443999856090492,-1.1009292475005592,0.21179574001155468,-0.26140349932988544,-0.10729222158060935,0.5102894041216252,-0.04824121169160247,-0.15528221614971963,0.9974355137625235,-0.03591220127461375
LAINPTZBIXYTIZ,-0.7850223951192156,-1.0252993919821876,-0.14911379335414787,-0.37283732308588297,-0.12880338613757714,-0.37499237558056103,-0.21133496220941733,0.9523068359565452,-0.1991710351827695,-0.6822265495913779,1.384666044932281,0.03478210893116612
LBHIOVVIQHSOQN,-1.562275328075106,-1.8611258365708228,-0.369108339021379,-0.995039271759649,-0.9145162822996658,-0.5514908899161182,-1.2074299915031999,-0.9359509638220649,-1.07578301087356,-0.836892102702901,-1.4383969153055565,-1.2265797561214544
LBOJYSIDWZQNJS,-1.0831479548232328,-1.615092739592544,0.055559238999592926,-0.8509306064924329,-0.07206409395035217,-0.7360440100038497,-0.8526291117055044,-0.36912953714595725,-0.9785536877082447,-0.7519306515013047,0.408234441472668,-0.4537545707084443
LBXHRAWDUMTPSE,-1.476342833024328,-1.7874706012227275,-1.4853072240653906,-1.4952093626365366,-0.9831365181936409,-0.9037930532563088,-1.1305576849680234,-0.6141984878785605,-1.2496209591495577,-1.095191842678668,-1.0930115713414708,-1.2291697198621254
LCFVJGUPQDGYKZ,-1.3973307054982647,-1.7679708613713994,-0.9949661110098492,-0.64886964685526,0.30281902566250424,-0.6955560427560671,-0.721696540837312,0.34072368039533796,-0.29937276863834733,-0.17570305394868882,-0.4465934740047027,0.21786471091178894
LCTZPQRFOZKZNK,-1.2361247709659602,-1.496287602669891,-1.0173207269898623,-0.7813973260611077,-0.3587142093562322,-0.6864672029125217,-1.0587003815319942,0.09091748540803152,-1.087530572679867,-0.3214306025455907,-0.1248254888078198,-0.8546833287194656
LDMWSLGGVTVJPG,-1.3627373295714849,-1.8597031163357307,-0.504341083688266,-0.9725362843490752,-0.8202970748250584,-1.0218669408599286,-1.1848044277615961,-0.8001526013879786,-0.6144622595201938,-0.9762928379475689,-1.6352537411819328,-1.0864442298378785
LEBVLXFERQHONN,-1.5418415831041932,-1.8089403003950433,-1.4879605498104551,-1.3077489553150823,-0.7347103700166692,-0.9144256551173635,-1.195900760629321,-0.6440947209383475,-1.3880857200470447,-0.8257332014997989,-0.7591138176659913,-1.0712018661105374
LEQAKWQJCITZNK,-0.729609505660165,-1.509716742486884,-1.3144462654938187,-0.6819467933227246,-0.43834591143461915,-0.5750782778763567,-0.833435338652221,-0.2255012017844314,-0.46426026175743706,-1.0001991017953542,-0.7261389785989586,0.34848563862249265
LEZWWPYKPKIXLL,-1.5630439453085334,-1.881099358237138,0.7483945569278218,1.157755453666286,-0.270494898422913,-0.7276610231331366,-0.7674361132305743,0.4880728669221659,-1.0239391023660016,-0.719623535873043,0.07029988555663776,-0.8205804962842369
LHGVFZTZFXWLCP,-1.4564118859385142,-1.8729586397479068,0.005415035235248352,-1.0693149988062278,-0.04225619429877904,-0.7643314720763016,-1.1559188530636133,-0.6739317386310973,-0.6266690237930511,-0.6829553663678392,-0.3419363318259933,-0.8038258991257369
LKBFFDOJUKLQNY,-1.297480916627338,-1.5951977176645513,-0.3807963266111714,-0.558763897794747,-0.4670738841021699,-0.4963787496578057,0.18500444408446554,0.05786028102678066,-0.7095353098849991,-0.9320201160057646,-0.41798222828042664,-0.4715466181707946
LKCWBDHBTVXHDL,-1.327836768098326,-1.605467339070731,-2.978656073926418,-1.390477913934652,-0.5845964756791362,-0.8169072722305192,-1.1083361486077465,-1.0673018904343372,-0.7534130633813352,-1.0654653253596207,-2.252223533108865,-0.660485772420517
LKJPYSCBVHEWIU,-1.3252784812396556,-1.696469006638015,-0.9284687976032133,-0.5049182401524421,-0.4664338708656163,-0.6874547087420901,-0.7254194928299353,-0.3254016842724775,-1.098309191288713,-1.0384499826394005,0.0601107961100448,-0.8221189935819975
LLJFMFZYVVLQKT,-1.2581536347552664,-1.642176947146472,-1.7331084818665874,-1.3265479264253626,-0.9196670714183546,-0.8793951263271194,-0.9962473781902992,-0.8017604337938913,-1.34208995959488,-1.0257407927057294,-0.5178464946017052,-1.0870029198200208
LMEKQMALGUDUQG,-1.1688844140848302,-1.7484624359828076,0.25129738714706323,-0.5744967071390223,-0.8783189197414732,-0.8484934452670725,-0.9354137442415458,-0.14062793941123508,-0.5637415683941993,-0.9296314680976162,-0.8392517140400599,-0.7654904168151757
LMJSLTNSBFUCMU,-1.4235778100132082,-1.776433537035562,-1.2930586556728612,-1.3568702654771037,-1.0884048491217573,-0.7934196297609164,-1.0228660909680634,-0.48794297559302513,-0.9414388617610734,-1.0007518418678136,-1.0171221806019155,-0.9009796259734515
LMOINURANNBYCM,-1.5138579961269534,-1.8434397462806562,-1.0655713085700205,-1.3874357166035993,-0.5903629893422143,-0.8699522308343418,-1.2284042455979218,-0.5475425025332865,-1.0423040916962474,-0.7785412569758544,-0.9027983821085965,-0.9218270582746391
LNEPOXFFQSENCJ,-1.1837199219807149,-1.3676929594845624,-0.9453993185683945,-0.8807856832530248,-0.23464157417569745,-0.6960515662851116,-0.8966863925542377,0.03763259863745521,-1.092470895470412,-0.895583872391991,-0.5755110454017247,-0.9834810543314609
LNPDTQAFDNKSHK,-1.273034080666184,-1.810828638598365,-0.444718883080279,-0.956020986240826,-0.22509359416126956,-0.7568424930452217,-0.8915449225994408,-0.28878129146551756,-0.7299828803617612,-0.9738195354061181,-0.01607299618881732,-0.7385432069816837
LORDFXWUHHSAQU,-1.2977147526869885,-1.6394327126833725,-0.8233678477340722,-0.7524448174685779,-0.29699455072873404,-0.7122790875325418,-0.8337161298790758,-0.6111145361779371,-0.9561648409098964,-0.8680404600993615,-0.7360313869674011,-0.7996129820473089
LOUPRKONTZGTKE,-1.0996732947229337,-1.468062218071683,-0.5922491929878455,-0.8280225762498563,-0.40510432036418115,-0.6357559673315086,-0.5925704016588508,-0.18089908252731526,-0.4999146113445666,-0.6712812928690016,-0.9317157432811819,-0.6380006678085834
LPEPZBJOKDYZAD,-1.5066903901343498,-1.792942180424538,0.37765897777221413,-0.868744942986869,0.05550839511707867,-0.7117044533151159,-0.7056274719259188,-0.15105893258316705,-0.7070952903031646,-0.7787122376630384,-0.13384888458875321,-0.8831587737721885
LPMXVESGRSUGHW,0.6326428753348935,0.09204801527232298,-2.748471749855833,-0.8437982279246387,0.10908010803991924,-0.16834357882590323,-0.7982263956364357,-0.32202530165411264,-0.8701257923460459,-0.9742569547771478,-0.7120856895774179,-0.287135793077752
LPQZKKCYTLCDGQ,-1.0342428942402822,-1.2834597531771437,-2.0602663110681005,-0.9909631219214109,-0.9077009814829674,-0.7620336263181973,-0.5810678966436543,-0.4265676512835259,-0.9506475604526983,-1.178288095924623,-2.001481470383733,-0.9817782066694578
LQCLVBQBTUVCEQ,-0.7547630418087067,-0.909182445712476,-2.6577734968616933,-0.6386607433743682,-0.46021427516425234,-0.651644565716296,-0.7553750967085437,-0.8095127538723749,-0.6608693521834392,-1.0746709281279538,-0.895128447975749,0.3166526608983537
LQOLIRLGBULYKD,-1.2271294832843274,-1.6586182068133466,-0.6853797426395148,-0.7905252505726499,-0.3042916476058925,-0.805723529841158,-0.7703946392476524,0.3204671229260172,-1.024178286900974,-1.106593977544143,-0.77233464266934,-0.6022729025562574
LREQLEBVOXIEOM,-1.518096699881992,-1.778086685599917,-2.1301293840019055,-0.8708197358132844,-0.8340430925524008,-0.9421350571712105,-1.325404410287091,-1.455490240113955,-1.547169309059289,-0.7490928244678253,-1.0918301911818264,-1.252524605321554
LSLYOANBFKQKPT,-1.3995209056189228,-1.8602829392805382,-0.7256032222809738,-1.317453693301066,-0.22702875607584935,-0.8152367664848791,-1.0469561877955202,0.07628228089927055,-0.7679266296698423,-0.5650369762489655,-0.3351569169769159,-0.7192890184423215
LSNWBKACGXCGAJ,-1.2646882647173956,-1.6965916230959137,-0.7389219531001588,-0.8557577040936837,-0.7350089195657526,-0.8543810569288104,-0.8930484973101502,-0.2570104938717405,-0.7492024169334665,-1.0541767048950477,-0.7292634013113748,-0.7449133765715361
LSQZJLSUYDQPKJ,-1.3597058057388338,-1.7139803233968587,-2.099046554422594,-1.47170146789793,-0.4303545565605349,-0.7743911261264116,-0.7832827049037907,-0.433538540233728,-1.1036146380838818,-0.9703235247990245,-1.4242948463276384,-0.3323111971526856
LTMHDMANZUZIPE,0.248084093786,0.004049674451354859,-2.574119005327698,-0.31032215226803744,0.14238387588335247,-0.012042424906422168,-0.7098156950531548,-0.3298894008897357,-0.5763884290725401,-0.946364404281685,-0.2542729482939736,0.19296110783500353
LTRANDSQVZFZDG,-1.271081476927073,-1.7647965200275664,0.6657970204325417,-0.6695183516273678,0.4336059351800846,-0.6615240853073094,-0.7353600662745464,0.12723187199492522,-0.2873691713972166,-0.6387789531282437,0.5417466125523823,-0.31524148800260476
LUKBXSAWLPMMSZ,-1.4892119587541233,-1.839091210963775,0.7179443707219278,-1.2240679667734364,0.6831621115776222,-0.24743903483334578,-0.7574232596125755,0.6556577243227012,0.2144451891804599,0.5162910959931722,0.7524494110006952,-0.5012073619191862
LUZRJRNZXALNLM,-0.8572782387873916,-1.4550711576583353,-1.5180952632919462,-1.0354516733520525,-0.5119028033106688,-0.6199417236526852,-0.7891397068671863,-0.23887702742047978,-1.1738459268543886,-1.1511095769040665,-0.8777983701235733,-0.07397838429739023
LVWZTYCIRDMTEY,-1.1683625258109194,-1.8557799723717185,-1.4439108292621037,-1.223377439325833,-0.822736158690628,-0.9167806968317384,-1.12649805567116,-0.7396134121615612,-1.2380961160980515,-1.058066693078044,-1.4785020473045702,-1.11841730775311
LWAFSWPYPHEXKX,-1.2942382081887096,-1.734659439395635,-0.5731082323272172,-1.2041746464456353,-0.7859780078365266,-0.8668050884842935,-1.2020964465315467,-1.0127260920291268,-1.1079425079797052,-0.9503077987681141,-1.4683928131002406,-0.6821283980425125
LWQQLNNNIPYSNX,0.0126186759663386,-0.4406815347658111,-2.2961497603360215,-1.076178130805864,0.10440532417128535,-0.22916583291674983,-0.6811055645970387,0.054387073988014956,-0.7516578821431679,-0.5686223271529073,0.2993416186250823,-0.7252253875609744
LXNHXLLTXMVWPM,-1.347843357225637,-1.836654006329229,-1.0163009662956302,-1.0864869824434125,-0.7569401003316661,-0.8679240887621569,-1.2246828899459605,-1.047698562510158,-1.3040446695399592,-0.83596862672469,-1.398759986901146,-1.00227934609507
LZFZMUMEGBBDTC,-1.4516569994085349,-1.7883103472873694,-2.1954685376710117,-1.4497833999382645,-0.8019954630471211,-0.8855403788050782,-1.0957449184598158,-1.0058189308321328,-1.3389797492599413,-1.0886654382644234,-1.7758400728131303,-0.9420773649980423
MAEIEVLCKWDQJH,-1.46184659015527,-1.8277786418373734,-1.2101683245236543,-1.3386584949927154,-0.6924933875737979,-0.8810626469813299,-0.9573971135808006,-0.15801377034532277,-1.0731349445623342,-1.0599819215728827,-0.3523931148934707,-1.0847284785196123
MAFMQEKGGFWBAB,-1.4673577815436054,-1.7712906088611051,-1.095304360817023,-0.6908522936128215,-0.8649775997910509,-0.8026477410452937,-1.207489384012195,-0.6644931773654236,-1.1023699118053325,-0.38522358938174384,-1.2811627022439716,-0.9996507474803452
MBBZMMPHUWSWHV,-1.3398150611128705,-1.7212362418780283,-2.4113891535524488,-1.480047232096442,-0.9939428940084856,-1.0033459457426184,-1.426031918147778,-1.509725119297082,-1.3681444371433906,-0.8075335473191164,-2.073306581568287,-1.226650332105944
MBUVEWMHONZEQD,-1.119245247097473,-1.519789334058086,-0.7211827502477539,-0.7203442965971435,-0.4811877794311604,-0.7907917637617865,-0.8106095830506465,0.10294884552209309,-0.9414469955989445,-0.8687613082145115,-0.46402306524637016,-0.4387845837638207
MCMSJVMUSBZUCN,-1.0572845011401086,-1.6266090397003574,0.05138032244829698,-0.8081659053105249,-0.5380665190837669,-0.7074978327571635,-0.42259195299475893,-0.07129272674217192,-0.5902214772200585,-0.9822966662296218,-0.6730310275501128,-0.6037117336535315
MDKGKXOCJGEUJW,-1.1753137888380076,-1.6755679214199988,-0.3228667136634803,-0.9909381988412983,-0.19394277062423534,-0.8151867094261986,-0.4717056991139355,0.38448421308368774,-0.50566487434836,-0.6147814808213794,-0.2733050099318157,-0.47890462870112527
MDLAAYDRRZXJIF,-1.2446754375055682,-1.510891398664208,-1.2297327347130564,-0.2513361999118297,-0.12550517639761594,-0.6059817983237386,-0.4716053039480217,0.348099007386564,-1.2222152063361553,-0.7478733950330609,0.07398721381200685,-0.7724873621768741
METKIMKYRPQLGS,-1.4840296282570369,-1.8486994882011416,-1.1524450311518606,-1.3238426459210162,-0.656086849704609,-0.9072736884322813,-1.1036935608993388,-0.9729221194950299,-0.78146275694501,-0.9940963632571027,-1.5938283545626657,-0.9376717005542915
MEZLKOACVSPNER,-1.5072833626709585,-1.8559152656935658,-0.9463883917745103,-1.0455631525014757,-0.6131820789632753,-0.9654924851396955,-1.247711263453396,-0.7544698606693201,-1.113943429982872,-0.5536399911271597,-0.7617722153794122,-1.047036062134508
MEZZCSHVIGVWFI,-1.27924659476475,-1.750843972411828,0.4336414997627232,-0.9208313127710417,0.18072824704144014,-0.23238334894265925,-0.7829335350583788,0.36661818989832073,-0.23662218349212968,-0.6304204065044606,0.5139512583905522,-0.5472363423660174
MFDFERRIHVXMIY,-1.4936042981583542,-1.7381027033400698,-0.7008682032094987,-0.6122257674175026,-0.5689755518525866,-0.7669321262074542,-0.8621732400053846,-0.8917517564538461,-0.7997600073488829,-0.6793438931529997,-1.5134177654598846,-1.0891692693015451
MFWNKCLOYSRHCJ,-1.2884805198237577,-1.620233647117518,-0.5823818560161029,-0.9122852537738294,-0.5061530578735502,-0.9009448977316398,-1.0740433177506141,-0.6423556154689538,-0.9617130517635633,-1.049472556625511,-1.0690562260732208,-0.5724036686193499
MFYSYFVPBJMHGN,1.658690551084411,1.871372321014398,-2.519507667591982,-1.2308157258115637,0.3913107053595803,0.06414974268259577,-1.1989132147384562,-0.5899251358082636,-1.4537598256371431,-1.061181563208835,-1.5435867045247211,-0.821682233026784
MFZWMTSUNYWVBU,-0.9328183527807141,-1.4504626719613056,0.15304840985860882,-0.8154572186011785,-0.3991773621358115,-0.6943332845580612,-0.6091810153726479,0.4823245891683607,-0.15727387318592512,-0.6438933501878411,-0.08754632614517706,-0.2606079280763236
MHWLWQUZZRMNGJ,-1.2419976237153594,-1.4759083124358583,-0.6208864403038166,-0.8828598567349093,-0.6704781698578202,-0.7024854002808105,-0.7037709079170095,-0.4340325633377185,-0.7874327739386614,-0.9434136742857455,-1.1499768336767022,-0.5678709465063165
MINDHVHHQZYEEK,-1.0990314203098084,-1.5209271673206315,-2.952209452723213,-0.8898170762926998,-0.6807155119539393,-0.6088260032684256,-0.8891350979180959,-0.9285800802470022,-1.174074823976571,-0.8795904906544889,-1.8143568432059984,-0.6519164836589345
MIQPIUSUKVNLNT,-1.3051519823670223,-1.7219605601074088,0.7402602113015387,-1.0264040128025798,-0.3745098256772017,-0.28045467289588916,-0.8900289344781296,0.7201826496450854,-0.5932072161026594,-0.77971828133187,1.5083814659308998,-0.7109639414586214
MJFJKKXQDNNUJF,-1.0621768336906203,-1.4554881938248838,-0.5812233355814203,-0.8878421162641444,-0.5081011034943796,-0.7398552950021153,-0.9479759756386246,-0.07691102776094957,-1.21252716907112,-0.3828056547707063,-0.2344254323653938,-0.7089952055418829
MJIHNNLFOKEZEW,-0.6149679911626761,-1.8283261118421004,1.55664489100194,-0.6250869035654711,-0.4374798530088972,-0.8356895050520863,-0.6286147841058582,0.36862893429855237,-0.7154223277008842,-0.9093793220461144,-0.9677311107343156,-0.9517617418639371
MJVAVZPDRWSRRC,-0.9932248693939789,-1.153487769286491,0.9755207980541594,-0.8828662415039613,0.04210406515567715,-0.3219343447038486,-0.9496661957093648,0.34833010723037666,-0.15125101066003635,-0.5826859718197952,0.9425097055683391,-0.3569364073547565
MKJIEFSOBYUXJB,-0.9478287703351316,-1.3860020155946844,-1.2790654290021624,-1.0962329376584659,-0.621211317401527,-0.6794886023356129,-1.1501864541597533,-0.7293712530416658,-1.0191474422738886,-0.8772398830550088,-1.2329956547270489,-0.4998541149060896
MKUXAQIIEYXACX,-1.3050361665954877,-1.7580923749765776,-0.6672063837795998,-1.2680797876199008,-0.924649006617319,-0.9421563978753398,-1.0957713504310558,-0.9996370562588823,-0.7917448442153079,-0.890604931462477,-1.9943802587013784,-0.8222616962888254
MKXKFYHWDHIYRV,-1.479979463503882,-1.8010784187022288,-0.29531519147341795,-0.8858748987505249,-0.5572749090181874,-0.7342235417751384,-0.9716545059939952,-0.048480540330634654,-1.0566993270114282,-0.8044811626186346,0.38188782057409965,-0.9197870054260333
MKXZASYAUGDDCJ,-0.697558898325916,-1.299702653735348,-0.8234800502277579,-1.206706320164929,-0.08155645407703524,-0.6673407155307736,-1.2606555351348574,-0.47731328288121555,-1.304394391501183,-0.511751756836169,-1.1047423550216986,-0.8549708204325438
MLDQJTXFUGDVEO,-1.317186725330206,-1.7958427016344727,0.395944535401384,-0.7161789106577122,-0.4555286894417042,-0.9143425466342773,-0.5085217117331694,-0.07674973043434481,-0.795871248510253,-0.9748514381926168,-0.06755576250708094,-0.8426592300455895
MLKXDPUZXIRXEP,-0.7670164287782643,-0.8621830585376303,0.0661766869824093,-0.5046095101086814,0.09084294362857923,-0.17044129137692532,-0.5898467876241428,0.9871548711134456,-0.7448686973348454,-0.7476887630141689,0.39256689415676,-0.5278326344949391
MLYYVTUWGNIJIB,-1.1772553212551207,-1.6266018418917478,-1.499058692686141,-1.2421549765978297,-0.9191972401623254,-0.7763147420938802,-0.9219638122696328,-0.31611899134968086,-0.9677384697549077,-1.0727150707810955,-2.0278124251975966,-0.8322575540193253
MMOXZBCLCQITDF,-1.6141580490835938,-1.8893182111221367,-0.7577341323360871,-1.1190585181747743,-0.4896581196684941,-1.0200710954712482,-1.0893974230634735,-0.8311144165717851,-1.233628609088936,-0.7224388844168539,-1.1777154829665,-1.096791669796496
MNIPYSSQXLZQLJ,-1.419896328781461,-1.7103137811970552,-0.09551958365511269,-0.9832864342491447,-0.219893989920775,-0.42145871292970516,-0.7756803767348761,-0.4041374896013652,-1.1932700869661583,-0.8868962929248594,-0.640955667997099,-0.9000754664938337
MNJNPLVXBISNSX,-1.1577910521626746,-1.4277036344247862,-1.1153014881434327,-0.8017348802533641,-0.04636447044788525,-0.4879954117276246,-0.66186116794483,-0.21255248279366432,-0.7987016247678094,-0.8333872809923761,-0.8998286996022743,-0.7679680749668962
MNJVRJDLRVPLFE,-1.303658608016682,-1.8215845621045146,-0.41233334203551075,-0.5969582630914463,-0.37916947828462455,-0.6614946755192518,-0.7641336221985985,-0.12314858094470812,-0.9834939681090209,-0.9272381911927465,-0.026731780839399935,-0.7303068138871727
MNSCVRXKDINXEY,-1.2863030968511147,-1.7538881385507827,-0.319115664397916,-1.1906513753522052,-0.8839755167125332,-0.9320346273758977,-1.0556225499101735,-0.47691575469990743,-0.6785514217167051,-1.0816564242227713,-0.7916165047965472,-0.7520673614331026
MOYKHGMNXAOIAT,-1.4391071801547872,-1.698354694605251,-1.9760498493326244,-1.4348433439537986,-0.8038912909998639,-0.35715298123729333,-1.1016626937400176,-0.47318396644653876,-0.8661687287479196,-0.7381989248087145,-0.773425765050777,-1.0104663274789298
MQJKPEGWNLWLTK,-1.3498433790104054,-1.8138540990727507,0.043577958525587386,-1.0981603725398195,-0.18661217687559542,-0.9248302281927063,-1.1343013704530809,-0.2994083206152469,-0.7393182985285801,-0.5824460347807595,-0.032127583980433236,-0.9579538513913017
MQTOSJVFKKJCRP,-0.8270108762761808,-1.1774241443493074,-2.9824592728747437,-0.7728805149066887,-0.5693955176836114,-0.7116668418869543,-0.9941444817250552,-0.9464160827060191,-0.8555591579878721,-1.0175913371149918,-1.2188556590309854,-0.02063337739704605
MRBDMNSDAVCSSF,-1.51936295784007,-1.8890292528084616,-0.1409078599327227,-1.2265698169367765,-0.18605225564498948,-0.8593493962569938,-1.0447703523956267,0.31220216912137544,-0.34286846222745077,-0.8740289476728734,-0.3314654065220057,-0.7888923940213289
MROJXXOCABQVEF,-1.5243563442262564,-1.8580392194811497,-0.8432110689285828,-1.4913353769906392,-0.5880288729107341,-0.8418711890957593,-1.0867453602070718,-0.9777569715017594,-1.1499422085400854,-0.8171757486644199,-1.0801626467291041,-0.9095630298276297
MTXSIJUGVMTTMU,-1.3333328232737085,-1.8396433624890967,-0.9058087767728623,-0.7229722100432845,-0.8374648555875849,-1.0607581799291856,-1.3184491616980416,-1.099078143689856,-1.2455546125657453,-0.8251207369157368,-1.5513283377132823,-0.9567373798093886
MUHBBHLZPHKTTR,-0.1693599920801819,-0.6698793035100843,-1.0280383858795688,-0.7318568600767353,-0.27473650837518315,-0.4579652762637353,-1.0053192297281763,-0.5148731006691785,-0.5167991927846107,-0.9987929235394847,-0.2582190122156979,0.06726265056885254
MUQUYTSLDVKIOF,-0.26056025018759066,-0.5913952926534916,-1.243350172390095,-1.082746744893617,0.05678657331843317,-0.4940119881941787,-0.8565238486167784,0.5465385982706634,-0.646233208483598,-0.7010794802808944,-0.725975949330778,-0.2718514893742392
MUTNCGKQJGXKEM,-1.3324370436746968,-1.7285639149830065,-0.015914484284345793,-0.9745412614278846,-0.16749550535679933,-0.5346922610100572,-0.753623308222408,-0.2638026880306872,-1.1152157105670288,-0.6565129603939805,0.3603986131907816,-0.6857040541553342
MVCOAUNKQVWQHZ,-1.303217739362402,-1.7460365058602592,-0.2994688754157546,-1.0142255053753346,-0.6078056718623142,-0.7385164614160622,-0.47571851148633,-0.4569840206794638,-0.3534668255247154,-0.9619406902149007,-0.11721639520549425,-0.7694941080230944
MVFGUOIZUNYYSO,-1.5716326164816845,-1.8784539243446003,-0.6507302521070278,-1.2118256643877068,-0.6677465614207255,-1.0041769523739066,-1.235030688380641,-0.7510579951136694,-1.1720385029211466,-0.8694814181811902,-0.9174743172044699,-0.8919133665066912
MVQVNTPHUGQQHK,-1.6280131533012665,-1.9594946924090626,-0.4255972701152206,-0.7040200000453295,-0.6720258628129109,-0.981734168421642,-1.2430727321348944,-1.142259454629606,-1.1037118377921713,-0.4240141139330757,-1.4525051951522965,-1.0950772213004454
MWLSOWXNZPKENC,-1.257482758152901,-1.6615513416664756,0.5021728847947957,-1.004382041511495,-0.17985500602776183,-0.7854025465594873,-0.5902935106601377,0.09083052278958702,0.07664353624897091,-0.7967206290622153,-0.11155778612632081,-0.18980344129170743
MWYHLEQJTQJHSS,-1.3622247363458055,-1.7806874455885302,-0.5921643592671262,-0.7660335053675156,-0.7347167671689799,-0.7756082785387518,-0.9634088032352106,-0.2791553518856696,-0.8846050333588977,-0.9520699043140369,-0.7207181049188095,-0.8764169182526953
MXJWRABVEGLYDG,-1.363347263131427,-1.842177852816898,-0.6808620251105811,-1.1057108380270988,-0.3180390648304472,-0.8462722176779608,-0.7137791585609494,-0.551358168556884,-0.7099039362483287,-0.8175508621469257,-0.689295435838281,-0.871006133261665
MXXWOMGUGJBKIW,-1.52850317462792,-1.7570590978345753,0.2785252913434214,-1.1766653767275645,-0.49877196688085945,-0.762497674855728,-0.9366713386156897,-0.10647308011192944,0.04091635575989186,-0.22035865912204272,-1.2311545358575637,-0.6589335248607713
MYEJFUXQJGHEQK,0.7881738295269181,0.10537340127233626,-2.0365458324070413,-0.21821075678409005,0.45964877456833286,0.15600026280671833,-0.6237899143410147,0.2663304008609061,-0.5779126237068856,-0.8175220756318798,0.16964242963202308,0.1104783047170427
MYPYJXKWCTUITO,-0.8793145386119732,-1.4371309021274994,-1.5431049554235965,-0.6599139742922357,-0.3709391608206114,-0.4846081032916865,-0.6227601338017765,-0.2922774287463196,-0.8397774814284804,-1.160832877950998,-0.5319750614921162,0.3117043168288979
MYSWGUAQZAJSOK,-0.8945018108163164,-0.5324913792895107,-1.1389859785535903,-0.6391107359543617,-0.5101191867873605,-0.552542284730778,-0.2921980026606164,-0.3433925264209497,-0.664590268292159,-1.0569595951068942,-1.2545726642698056,-0.14870669775378698
NARHAGIVSFTMIG,-1.1884096000659496,-1.7437695262774857,-0.9108947821124871,-0.9380299837545439,-0.19756611301781743,-0.8174792208339235,-0.997403464424977,-0.6374482061489786,-1.1764467185648593,-0.7732374277622671,-0.266049971686171,-0.5780173162800997
NAUWTFJOPJWYOT,-1.4520417904787808,-1.7373006123875454,-1.1045200309560652,-0.4008325471212152,-0.44859575377264027,-0.8653786575536053,-0.884966922949519,-0.33377041367854127,-1.147288726338338,-0.7068873908886567,-0.6670991109498106,-1.0709319316150934
NBQKINXMPLXUET,-1.2265545852729052,-1.7731452872928932,0.5018899148106977,-0.612946473368309,-0.43927997308196076,-0.8079614340739116,-0.3991075718866011,0.07756569181693464,-0.18954947673981076,-0.8763537243848334,0.4203071281299434,-0.7304631892560084
NBQNWMBBSKPBAY,-0.9776896400187771,-1.601823903596763,-1.3608277579063202,-1.086991355379008,-0.6435583415691077,-0.6945894776409076,-0.9911173000372797,-0.6359920451392485,-0.7681099350415619,-1.0339943824483062,-1.0346045807147362,-0.4629034230298722
NCDNCNXCDXHOMX,-1.1133842180784295,-1.6098902451585713,-1.2517438632550422,-0.9424449637242631,-0.5311934315510887,-0.8019339645219427,-0.5906356229703489,-0.46328347175582246,-0.8315351385206136,-1.0525699255000507,-0.6282275543069518,-0.7150447531835503
NCEXYHBECQHGNR,-1.4268031531442449,-1.8703987696611801,-0.25325142573571185,-1.3740617472663144,-0.7911696104495078,-0.935592972164376,-0.8795442896299855,-0.45145453848779327,-0.8147087660036507,-1.005025307947546,-0.6699357960647542,-1.1583463245673833
NCMZQTLCXHGLOK,0.9287528347255112,0.63948467092748,-2.2897618413337875,-1.0864573616617454,0.9389199965799764,0.6542771231318963,-1.100616541025448,-0.13832348894404,-1.4535647154932814,-0.8693518169467537,-1.29104352700872,-0.9518526212744417
NDAUXUAQIAJITI,-1.4416804263447807,-1.8107313205283413,-0.7691026775051687,-1.2253278852519478,-0.43239810078137253,-0.7594820007472983,-1.168055042744785,-0.8851338168773473,-0.9508381200050499,-0.7874739585601601,-0.8206172652200437,-0.9079242357899794
NDDAHWYSQHTHNT,-1.3954205734682106,-1.828855809373977,-0.34089073843334416,-1.2822291345512586,-0.7694747970978314,-0.9340373682514734,-0.9905043581709121,-0.24481280321743273,-1.1989287621283962,-1.044896731254254,-0.30257506777993476,-0.9833079094310448
NDTSRXAMMQDVSW,-1.4007244485409676,-1.8642850059734353,-1.1214134841001822,-1.2921293599933146,-0.954864457419468,-0.835741393165367,-0.717688225805238,-0.3198309824323182,-1.1317876701626863,-1.0519786795705874,-0.8952624162662448,-1.0343104526553129
NETZHAKZCGBWSS,-0.40161289922700505,-0.990134913782001,-2.0268845670355415,-1.0956365767971965,0.16142938877131227,-0.5762680036749755,-0.9750545273068614,-0.3070605047761805,-0.9734364537538052,-0.2065230622492987,-1.470463338782543,-0.26132247726472113
NFACJZMKEDPNKN,-1.3825305168291029,-1.6742540915749415,-1.9008311579861832,-1.1185621097916367,-0.7103298633592477,-0.8073777513420636,-1.1381509801227543,-0.8396379930585273,-1.2175065867961783,-0.5239117276628948,-1.4004570253192505,-1.1426467391406976
NFBAXHOPROOJAW,-1.1858338002844855,-1.5231846683917711,1.3510375274609203,-1.1132117356025693,-0.032032475713649165,-0.6714273418461929,-0.8890676270177209,0.45420742846243556,-0.07117055689489794,-0.381942921073371,1.5510042967218363,-0.4358554843914991
NFDFQCUYFHCNBW,-1.2649803622485392,-1.6866719117367261,0.3939367435620017,-0.5566677890200099,0.559774569714873,-0.1378557919773319,-0.7456854793198926,0.8953237942238228,0.34549718394613804,0.3840114270912308,1.3348865908646104,-0.06615841321266872
NFHRQQKPEBFUJK,-0.9895426164889529,-1.8292516447765625,-0.19948566875649593,-1.0412792335032708,-0.4946599511854403,-0.8395588661975941,-0.7375260010299681,-0.0201453858682228,-0.4360299735784466,-1.045168268313959,-0.23356928691135317,-0.1067906059168736
NFIXBCVWIPOYCD,-1.3274701358281573,-1.7797911126478312,-0.7711253438399086,-0.8000388255341276,-0.1805303748876673,-0.8537643854996322,-0.9266244724720857,-0.2832931402362221,-0.4597020070784903,-0.5064766535094587,-0.3668134697889473,-0.9310351867387098
NGBFQHCMQULJNZ,-1.5940762735413714,-1.8974950113328983,-0.8617160154098669,-1.3233137256283085,-1.0763682577854827,-1.0452782417082531,-1.0725967201917503,-0.9051854717390031,-1.3115697791369678,-1.1001004358449515,-1.2593743490493923,-1.2954758442361787
NGOGFTYYXHNFQH,-1.4411931622960454,-1.697880610185659,-1.4307587117482061,-1.14401096333299,-0.9825839901315845,-0.9357164068786505,-1.1157843068818234,-0.9511098120751468,-1.1793741795377528,-0.9518878398089892,-1.1077381786454632,-0.9392713789479089
NHUHCSRWZMLRLA,-1.4718332289578022,-1.8804873136384743,-0.45616817652189534,-1.3081578805820626,-0.8069441117420574,-0.961650264624625,-1.0553999903442952,-0.5259065283346441,-1.1092385985676068,-0.923927104327632,-0.9327329266727862,-1.1731057063102142
NHZLNPMOSADWGC,-1.3175186932891645,-1.9016438794531854,0.35699970300287176,-1.2290974992987809,-0.6957857610702183,-1.0001230547385025,-1.0771581408676865,-0.4180401531000418,-0.6735933738788122,-0.9200853669721458,-1.0540425378064,-1.133806796748605
NIJJYAXOARWZEE,-1.4468376010321884,-1.718625183836462,-2.423723004232393,-1.2113319705105465,-0.5320558862691755,-0.8816038617907461,-1.1221019206253382,-0.8292636301204868,-1.652856186826566,-0.8349738900167818,-1.4779578631096355,-1.3902452867240125
NITYDPDXAAFEIT,-1.2951964441671424,-1.7429925508675426,-0.6653900565133689,-1.1013413760735256,-0.686388102227386,-0.5454974271436904,-0.9112803598374432,-0.8477195548278463,-1.1558040029625423,-1.0623143273309006,-1.2284850841337804,-0.6752642883716267
NJCJBUHJQLFDSW,-0.7924358718995537,-0.8774327938896237,-0.9757304790932521,-0.8755756757153196,-0.7700177262868904,-0.40797584007430443,-0.1769874775688665,-0.10935196939052862,-1.0408497690357397,-1.030611823513692,-0.895948470577034,-0.4450271465824048
NJMYODHXAKYRHW,-1.1859534890864165,-1.248118062106237,-0.5435032754970012,-0.8736642984542866,-0.46512390229275113,-0.5681630342289563,-0.8883529329539183,0.15016427073865132,-0.8442427315865939,-0.622203632378047,-0.3397932991201774,-0.7589233534827694
NKANXQFJJICGDU,-1.2058264504216507,-1.616328441942887,0.06893974484977444,-0.45896728403712894,0.0375792860783482,-0.5305164156778372,-0.6209071150329131,0.34814043928089045,-0.3187354973188637,-0.1826828024499039,0.7587160667778993,-0.48009286926733236
NLPRAJRHRHZCQQ,-1.2170102306477757,-1.528413001885923,-0.9091519335486776,-0.7699738096833167,-0.2815912813916276,-0.7412096897395996,-0.7214585728501799,-0.635578466554283,-1.1790535198938978,-0.4501519382288508,-0.9262575473237508,-0.5492431454148397
NMKSAYKQLCHXDK,-1.3385588421519319,-1.8105203759963224,-0.4762675418230416,-0.7692058172273601,-0.10296325457332682,-0.8578726485655138,-0.9101327201674894,-0.1638973577881623,-0.8459738822295705,-0.6198438151791648,0.15145578908811314,-0.7958061814026179
NMUSYJAQQFHJEW,-1.2126559731420443,-1.7512152494963673,-1.5566493944462505,-1.1490364419524761,-0.869014905619446,-0.8440637599507133,-1.069321817420159,-1.1883441326630158,-0.7570584755820633,-0.9272443924265581,-2.038643829649681,-0.27498060536291496
NNAIYOXJNVGUOM,-1.468357846110335,-1.7206132515941672,-1.5406612128066557,-0.9750825003758408,-0.7780457692043111,-0.9038522919637386,-0.9144130009609337,-0.17610780555027952,-1.5014931942460745,-0.8473148741738902,-1.1002011270975933,-1.0989421652905476
NNJVILVZKWQKPM,-1.5693675180002646,-1.82941973840511,-0.7366327612594492,-1.2815423681781852,-0.8057010573921762,-0.9781323398719357,-1.182669795634937,-0.9659847894926168,-1.149489673690185,-0.9177211323064213,-1.3997229721430835,-1.0391671753004799
NNYBQONXHNTVIJ,-0.9092141985784078,-1.3873978608412765,-1.1902983881762015,-0.5558912371373891,-0.24032844168763662,-0.27712961570693034,-0.6159796602205603,-0.30775862154773137,-1.0199180371302696,-0.9975457220535411,-0.4935007967578747,-0.4451611708075165
NOIIUHRQUVNIDD,-1.5710170605392093,-1.910192562760376,0.30556822422785496,-1.1952824022594133,-0.8495086693668149,-0.9730491902705425,-1.2428928756594855,-1.0087139166640802,-0.964675573451419,-0.6494132857823245,-1.6124999230393473,-1.1319352030317977
NOOCSNJCXJYGPE,-1.4473915090565683,-1.8126521034753402,0.21286390140452283,-0.5219193667048885,-0.3618761604594641,-0.6994396997958567,-0.7636961437768762,-0.2036287387745389,-0.8627319610635513,-0.9920960412610687,-0.793443861386216,-0.9849522972459627
NOSIYYJFMPDDSA,-1.301628122667888,-1.6687242122364414,0.23643450822468082,-0.775186119694591,-0.5857288916023123,-0.826041679293392,-0.8956260470450038,-0.1289367453995451,-0.894830584058433,-0.7992221727144265,-0.4989395576012914,-0.36772536714395243
NPGNOVNWUSPMDP,-1.2525566413656624,-1.6529840910626683,-1.8296714921241433,-1.2563097125993565,-0.6546801071573493,-0.8571805869725866,-0.7700339048483555,-0.8255014973747254,-1.3704703786752006,-1.0849022293148824,-1.4133664255193654,-0.9469797327522453
NPRHVSBSZMAEIN,-1.1541671733616492,-1.4883809817907405,-1.9532774833816238,-1.1099245195809706,-0.1546059089440252,-0.8046529147030168,-1.1029895466802513,-0.7137342211750777,-1.2658095231197408,-0.8270436443579247,-0.3629688471469267,-1.1120079177262934
NPUKDXXFDDZOKR,-1.4343932249692648,-1.8335080190794983,-0.5624896664929477,0.04501007809359425,-0.270907206403695,-0.757553624488497,-0.9321028546031771,-0.5574594673296731,-1.0837636454020472,-0.9905279055259828,-0.9711975957261145,-1.0742727440914726
NQDJXKOVJZTUJA,-1.0187220280105946,-1.6150267087749028,0.04987898130681323,-0.9228262076318409,-0.3586993708945498,-0.8112112318289142,-0.8611193916899773,-0.2709753709526613,-0.42755983763024935,-1.0532352009562314,-1.0148419029099893,-0.34977019885836863
NQPDXQQQCQDHHW,-0.9623337648732195,-1.8338533570908704,1.6893597438130783,0.07685249917716969,0.0421903158842207,-0.7571805570692419,-0.49849475794585185,0.7305688496466635,-0.7940983193841595,-0.8875165673303995,0.20251789821115865,-0.6165447595781269
NRFJZTXWLKPZAV,-1.3492746961316375,-1.6706702650557477,-2.3196228371487737,-1.5378110465118022,-1.0594266791225992,-0.9054825048015227,-1.2065452522324205,-1.1980456131336326,-1.0492263278247778,-0.9200860928560165,-2.042998887212659,-0.8866231798111712
NRUKOCRGYNPUPR,-0.7510321992279582,-1.3588791450417335,-0.9785227755732164,-0.7458306342476204,-0.3066452500860237,-0.4972671108610176,-0.43468427300264556,-0.08073585692490975,-0.16856460835673462,-0.9437494632752614,-0.012311061659510633,0.566003401720614
NSKGQURZWSPSBC,-1.3841304942376398,-1.6373616566500364,-2.7311346943710704,-1.3886784966712131,-0.6124607501285784,-0.8243880108081971,-1.197089824833745,-1.2704968443251552,-0.7336518446435567,-0.9465682635810553,-2.141346118211136,-0.8000490936930926
NSYZCCDSJNWWJL,-0.49414278080136104,-0.8522417319224691,-2.859280648603572,-0.7267871360323971,-0.39930837453605433,-0.619134087944117,-0.8648106367561089,-0.8841151668914182,-0.7958872416122327,-1.1534266580163623,-0.9765083331525755,-0.25138348353625517
NTHXOOBQLCIOLC,-1.07140297630322,-1.6623959276359819,-1.52800482865447,-1.1854431370245528,-0.7175129900790528,-0.7314069568047278,-0.9989892993861202,-0.7759941864930552,-0.8240095404046233,-0.9971490795112415,-1.2678487108232062,-0.5439848912438943
NTJOBXMMWNYJFB,-1.2572497061328527,-1.5709476046436013,-1.6467164533403444,-1.3532980012439002,-0.9548319378670145,-0.8448468274264735,-1.1081081162934514,-0.834709038497302,-1.053927960211484,-1.055659199231585,-1.4385336248096978,-1.0149186420046235
NUHPODZZKHQQET,-1.0120840760349692,-1.6670575646023233,0.24475953608952006,-1.131596256364942,-0.6984812190354263,-0.8461055805821991,-1.0822205581211077,-0.6958132169063317,-0.6564008916196874,-0.9684242151888617,-0.6790948784383704,-0.750080108486749
NVEPPWDVLBMNMB,-1.3656263905038561,-1.777463960403323,-0.6892050536612504,-1.2229835393046882,-0.8786008974931656,-1.017082634986807,-1.1323568535674655,-0.22759107060478928,-0.7971012149115491,-0.5261015574079915,-1.19476762379467,-0.7669072230980696
NWBJYWHLCVSVIJ,-1.487327026036653,-1.9212408574068758,1.217130919789864,-0.6481076493212606,-0.20591126531383802,-0.9993603836055662,-1.047643413538001,-0.5534123205450533,0.33276391977060027,-0.8618165740268666,-0.8388407238650852,-0.6622865042798005
NWIUTZDMDHAVTP,-1.4583756045095702,-1.7903409660797078,-1.4393250876233623,-1.0560910402742394,-0.6565238091310315,-0.9079719881012345,-1.1383854412697785,-0.9793898135765386,-0.6645068718692542,-0.8359204003766454,-1.3397042066586493,-0.8894092707814252
NWPRCRWQMGIBOT,-1.1951144945252121,-1.7069372420091296,-0.9249566551739735,-0.9126388845202211,-1.013788016578817,-0.9320928799735918,-0.937975028379596,-1.0487227335153007,-0.7291182156436401,-0.821581071854586,-1.8557935694226262,-0.9835968294502816
NYMGNSNKLVNMIA,-1.630407290607345,-1.8947034243843148,0.7297931009076605,-1.1320872278098333,-1.0778279338357977,-1.0069056466662463,-1.298924044260928,-1.1980273003314432,-1.2645319268316932,-0.8353319690547583,-1.5538509482433873,-1.102586958592047
NYPYHUZRZVSYKL,-1.4062093025021782,-1.7002637643860652,-1.0996372287287968,-1.298074930206182,-0.5016716817675209,-0.6463513391597343,-0.7365951456636293,-0.13998233444512992,-0.7711481032610039,-0.7695326642143455,-0.7234951454460178,-0.7160149878041837
NZCRJKRKKOLAOJ,-0.7766898074517932,-1.239682514084909,-0.5421911880115986,-0.19730865147353846,-0.1882561907025832,-0.5225463379320233,-0.4313162190656963,0.5720102025144798,0.06201589481233864,-1.0981521709833706,0.15878816324597456,0.4478607156800831
NZHGWWWHIYHZNX,-1.3596029256173419,-1.7778988098675195,0.16373928599877297,-1.2476833446015934,-0.3799189945162721,-0.6567692885963973,-0.8354037340876541,0.017294159247458543,-0.26214506429864404,-0.817262842874698,-0.47206569027334355,-0.5524782626658757
NZLVRVYNQYGMAB,-1.0295665626269301,-1.1709027334054052,-0.008685563775049416,-0.8197368929344047,-0.4202664431148448,-0.6143056562523815,-0.9448122888434783,0.2440577881048282,-0.7878264802739574,-0.13980678965943752,0.06396393789774842,-0.5108820800904029
NZUPCNDJBJXXRF,-1.4697401669752634,-1.7211937844318737,-2.2759671593968864,-1.2642213169928969,-1.0682961918580123,-0.8619436833273719,-1.3351862405814698,-1.3862972696827927,-1.4347936824360132,-0.8984313140553658,-2.0020106534717623,-1.224152424060176
NZZIMKJIVMHWJC,-1.2512828061270826,-1.604449134551874,-0.07347278126203659,-1.1930613325591466,0.08174859118607983,-0.7635370098391911,-0.9082150318717325,-0.10144596690852367,-0.5327212354847665,-0.5023773023237975,0.10876321849818474,-0.9340294961176081
OBKXEAXTFZPCHS,-1.4773357043990971,-1.832656706068787,-1.3210847057763613,-1.2269402244140033,0.02145316022612694,-0.6922744229973359,-1.0818337751863945,-0.5323613000009342,-1.3333772371764894,-0.6284868903075062,-1.066216589547824,-1.2756620598989394
OBMLHUPNRURLOK,0.25761351971006197,0.16672756122410354,-2.583574762712676,-1.2769907420024718,0.7509053081551252,0.1739234565675158,-1.128261723555854,-0.3817217553294933,-1.4380179604069165,-0.7721230014757632,-1.0845814765175932,-1.0594265356878534
OBWGMKKHCLHVIE,-1.3352606151629276,-1.7057342309130175,-0.48431338241235944,-0.904981352187366,-0.7194622446787639,-0.9063427232499605,-1.0419230396697836,-0.13490512228296112,-1.0712220887107338,-0.9168824602893901,-0.4684978048098476,-0.7623079498309172
OBZHEBDUNPOCJG,0.6624039026274227,0.37594336820065966,-2.316977864216729,-1.017675900480545,0.45413354972283704,-0.00631326570766088,-0.9209863693467786,-0.06804853484941278,-1.335747262603511,-0.8801721598649815,-0.628956629147087,-0.9513289280476123
OCAPBUJLXMYKEJ,-1.355979716636014,-1.8138884500746935,0.5415515583410704,0.6672878198766128,0.08272611412362435,-0.7699427709007987,-0.7553627621632537,-0.012026736949492939,-0.5081085108883415,-0.24511517400076568,0.5454782298259117,-0.5281683250869774
OCJYIGYOJCODJL,-1.4148116769300112,-1.7469558808571013,-0.24133382474552903,-0.8808441754221157,-0.38673249435132706,-0.8623154883710938,-0.8215470856404377,0.09498399978437355,-1.1355625039465604,-0.7633067401308389,0.0235416589745691,-0.9066533391261427
OCUJLLGVOUDECM,-1.314356758469334,-1.7659536665426576,-0.9996012567875256,-1.0103180080932872,-0.4725051800378113,-0.7670421735916142,-0.8890759861093667,-0.8240516940900515,-0.9361163596604962,-0.9802233608178323,-1.0835772645747115,-0.7569088087300804
ODKNJVUHOIMIIZ,-1.0598844937697438,-1.5864604893043828,-1.9795371811651952,-0.9991411133671644,-0.8023424600956885,-0.7945325320323859,-1.0838312416755012,-0.9941003617106993,-1.0946074596170792,-0.9494822541908043,-1.8977579654100654,-0.5654990793424279
ODQWQRRAPPTVAG,-1.3402295405226068,-1.682089047070814,0.4072490271913404,-0.6701562359612728,-0.3448627209470575,-0.44769677212690817,-0.8576671653150766,0.17349134150482418,-0.44458871230212066,-0.43941566481060007,0.19967097575367151,-0.4605760133216929
ODUOJXZPIYUATO,-1.3002652252237803,-1.701005421546518,-1.4171944313966554,-1.0972198252005576,0.0650116794391075,-0.8278555370595966,-1.0021195313914817,-0.7832398197876448,-1.077019066567538,-0.9255114581106498,-1.2824311285665062,-0.9590920636693763
OEBPANQZQGQPHF,-1.3711286676534151,-1.7993461363678052,-0.9706989019294107,-1.2419246742331045,-1.0252862365952908,-0.9251963945787245,-1.033252119588803,-0.5201434417171438,-1.132428366194769,-0.9818112626960096,-1.0998896888373897,-1.109280723231237
OELFLUMRDSZNSF,-1.2957775751542764,-1.6862905502523229,-1.9550424506086375,-1.2936113010418504,-0.2650686296822402,-0.6697922301751029,-0.7939446363541369,-0.695928355171797,-1.3221074795281336,-0.8848435990301843,-1.1487798137278886,-1.0582560955022875
OEXHQOGQTVQTAT,-1.0327501724926735,-1.4708783185212737,-2.042848254656222,-1.1777123227973554,-0.10929198508795698,-0.760396061031909,-0.6807290805139977,-0.942094133001361,-1.172301685717153,-1.0206228935519346,-1.1310181284555154,-1.043756027087078
OFBIFZUFASYYRE,-1.1061729115621675,-1.5795862224772157,-0.3455736667874723,-0.23484301843080935,-0.7400224469497857,-0.7223706465318617,-0.770196153715689,-0.20280990512911928,-0.8879453732508409,-1.1019406059771713,-1.2226783234591039,-0.6331428600159186
OFCNXPDARWKPPY,-1.506913792018625,-1.9077860493901808,-0.44182429201986717,-1.0463278975789598,-1.069437472762227,-1.004849188504661,-1.1846724524054018,-1.0583109107065276,-1.015245937721193,-0.8922153736932351,-1.7123752083275983,-0.9326906786809119
OFHHDSQXFXLTKC,-1.4929087053503347,-1.6126262498418729,-2.4007639816693005,-0.9791680522010715,-0.8292437562872501,-0.7795789447072272,-1.204604463524734,-0.39947411864303306,-1.2511382391537307,0.19984726216194376,-0.552011715666989,-1.2012109392840677
OFPXSFXSNFPTHF,-0.978062815017376,-1.6339563582941996,-0.5616803015307492,-0.744099879332361,0.20082905887835423,-0.5925264639037262,0.1479236146228992,0.08903462197712354,-0.47175353905852424,-0.9032964305260839,-0.39416139333888356,-0.44422061953276676
OFZCIYFFPZCNJE,-1.4714317297332622,-1.7357613580543898,-2.319573012113843,-1.2613192100065929,-0.9012054027103326,-0.6882260398532904,-0.9380003247809252,-1.340112539998879,-1.527387204077341,-0.8928778918916475,-1.8317787770035259,-1.1408416470301252
OGAKLTJNUQRZJU,-1.2287445165116502,-1.6538084219457643,-1.4885122917098461,-1.0421268669675667,-0.2648478126907059,-0.8646762178064347,-1.0680501225705177,-0.6372471462528717,-1.209742087528128,-0.577614047953463,-0.3812784781757799,-1.0738253973438525
OGHNVEJMJSYVRP,-1.0759173491092777,-1.6383830678903373,0.4654291343683563,-0.8889967285372163,-0.26802923942467194,-0.7159846775973192,-0.9062157213322541,-0.19814517938739695,-0.4844955777573847,-0.8577808132505335,-0.642847596867691,-0.30987463412128724
OGJPXUAPXNRGGI,-0.979636923338624,-0.8076867948557168,-1.1487999529272817,-0.6717641583796696,-0.6387151188379439,-0.5261189863315328,-0.39574774648957817,-0.4351807457844435,-1.051721572739596,-1.0647821481792543,-1.2969580287336506,-0.5032582094483209
OGSPWJRAVKPPFI,-1.464506296301588,-1.5271797867813175,-2.325260402208968,-1.377631407143848,-1.0353095502864211,-0.9375894242287448,-1.252407251351463,-1.0601785302091653,-1.4946253625349744,-0.7510588767438514,-1.7897155006337644,-1.365563470064039
OGWKCGZFUXNPDA,-0.6013178149796394,-0.7798069475906141,-1.4190924659076385,-0.6304799798301388,-0.20726308816848787,-0.4477646810882055,-0.26587566497182014,0.11842384417864217,-0.506320825122275,-0.9250858835680517,-0.2883509093366032,0.3940030936378076
OHCQJHSOBUTRHG,-0.33255570245342864,-0.7187673315519443,-2.6917512127555723,-0.8857094386186903,-0.23860779078725372,-0.4436123552606359,-0.595795198334268,-0.7213799965869632,-0.8710699775649704,-0.9324200086666502,-0.6614091914882751,-0.08662555354805175
OHKOGUYZJXTSFX,-1.3208909860321179,-1.6682815757603853,-2.130675624198311,-1.4727002878186157,-0.4540474824275951,-0.8857716311275006,-0.6924839622711431,-0.20282553794856586,-1.3618930194636012,-1.1671138526389295,-1.5958966226902478,-0.7014559848607893
OHXPGWPVLFPUSM,0.5433547992731106,0.042017697190313306,-2.71406680457544,-1.480525844035494,0.17408245228809358,-0.14863326704466662,-0.7716709870275543,-0.7574285250810324,-1.6563536936325778,-0.9437126988790778,-1.5686669005445646,-0.8389031848600852
OIGNJSKKLXVSLS,1.8170537908553064,1.7338075622552003,-2.275715026716798,-1.0452572819134371,0.6736818516025389,0.006249405142038806,-1.1782678483604907,-0.5102843688806031,-1.2205545326244798,-1.0189173075584295,-1.3311915527320166,-0.7870772879266241
OIPILFWXSMYKGL,-1.3654695129639296,-1.6570214927304636,-2.397095563776248,-1.3014636012087974,-1.1192181237271708,-0.9382680722036429,-1.2570838966250968,-1.4665354841409288,-1.4807600093199627,-0.8917626074225279,-2.2468508110323,-1.306916571767911
OIRDTQYFTABQOQ,-1.160098114123462,-1.7564430437088687,-0.39856390084514914,-0.8004075369441902,-0.4179208194455452,-0.9199777803857419,-1.039958277851591,-0.692478715972371,-0.04644627201089471,-1.0211782676537808,-1.643153926154741,-0.014103561320959914
OIRFJRBSRORBCM,-1.4182980389287718,-1.74089538369454,-0.893291933783449,-1.061192780702811,-0.5004630988251282,-0.6085850712151727,-0.8671904318933734,0.003522003479543566,-1.1366855568436376,-0.699242241785907,-0.49453655273331154,-0.6606323899989526
OJFSXZCBGQGRNV,-1.4559370500867377,-1.8161501571882017,-0.2092759258216692,0.12118545382553059,-0.4543403628374829,-0.8451894567143408,-0.9936236105340547,-0.4619639848051914,-1.1113965387600098,-0.7363365709147535,-0.3255991389105597,-0.663815091933798
OJGDCBLYJGHCIH,-1.503315074210578,-1.6953021182611543,-0.6246135585868979,-1.0062996116809115,-0.6552749666501294,-0.9152587608594153,-0.9422000894660032,-0.1326953012954126,-1.2747678346134055,-0.718223463027127,0.026458908824737205,-0.8779125663399128
OJMMVQQUTAEWLP,-1.1575612890880451,-1.6507015460978594,-2.851839993360703,-1.2221313512452705,-0.9285201273304629,-0.7712402158634857,-1.119497014254566,-1.0849058669444487,-1.1474534540077286,-1.1168596734431322,-2.02484541602675,-0.7408609090179624
OLBCVFGFOZPWHH,-1.556342659558157,-1.826805993258226,0.08409343757706583,-0.6864925646215958,0.20223934361721235,-0.6390860799321,-1.0570501027593755,-0.4430966280365323,-0.8321740977682981,-0.6269448198567242,0.020458122259121584,-0.7751790947740498
OLNTVTPDXPETLC,-1.176058098651998,-1.6931876592317419,-0.9142739625520118,-0.5488610493656533,0.16508652645111355,-0.48971777674965816,-0.6018490326980083,0.28097379964409447,-0.8705228773168476,-0.44062972578389165,0.5923738147781714,-0.4780510015577526
OLOOJGVNMBJLLR,-0.8253637415218176,-1.3877721195733213,-0.23527770326385886,-0.9968312849553191,0.13420958464657926,-0.5335380998750728,0.36374434137100714,0.6058637265921917,-0.19908063927863007,-0.2170325494589327,0.23698980232671052,0.23508918268145781
OMFXVFTZEKFJBZ,1.7066172356061777,1.4508241941451212,-2.483578467055108,-1.264221273668512,0.6491634532521392,0.08668980769567004,-1.2004267319539426,-0.5272793094428685,-1.5202126060179075,-1.0589098259846284,-1.7737563562882777,-1.0575268962152784
OMZCMEYTWSXEPZ,-1.248386742387762,-1.5992231375542,-0.07277344275924726,-0.6108329455699337,-0.5736668469892352,-0.672157796323481,-0.5829799686524237,0.11636993041131442,-0.4814282891477404,-0.947426323522417,-0.8704224975366928,-0.6073507652309202
ONKUMRGIYFNPJW,1.2709212316147476,1.132774414041372,-2.261788324407079,-1.0229748492715318,1.1628725069385717,0.7090859135232677,-0.9224942403177813,0.5539173943789117,-1.1618432274628119,-0.8363819296373595,-0.3163877826973375,-0.43585233499200177
ONWXNHPOAGOMTG,-0.909337428380872,-1.4325123776192432,-1.0957781622991327,-1.0458847695091036,0.010876044562897768,-0.582778065386708,-0.84913584760388,-0.18032488558438542,-0.93948855883025,-1.0052058801416281,-0.22908656639375205,-0.733177292761243
OOGJQPCLVADCPB,-1.4010804677010338,-1.7983606522891884,-0.5545435942405357,-0.83098796364601,-0.02136969984126336,-0.6747018260467645,-0.9083956765882876,-0.20435278882165486,-0.9536207091165101,-0.6951697265223744,0.13565504116351565,-0.8821415680394571
OOUGLTULBSNHNF,-1.3252496310284205,-1.8853657063490816,0.12887007788456098,-0.5885141606060015,-0.17935878487750423,-0.8306838074473116,-0.14040663504307313,-0.1315682958633634,-0.4378026194017972,-0.9392558411549701,-0.6576368219009049,-0.810201084170085
OPNUROKCUBTKLF,-1.477875757376852,-1.8955921551608597,1.6012279851864655,-0.8820343617671811,-0.0019834160283026155,-0.9605514674237128,-1.0146738464074163,-0.16060219299117315,-0.6542237570172393,-0.5005818470317005,0.37926567194429134,-0.6452166385398421
OPQRBXUBWHDHPQ,-1.3531931388868925,-1.6702241510384368,0.5558187478111727,-0.6624892745469759,-0.6898008086895342,-0.8176652644305307,-1.1172441949543104,-0.6204355455766809,-0.5319825994192237,-1.01466506038078,-1.1519370250614995,-1.0100159875926895
OPXLLQIJSORQAM,-1.006658389509517,-1.7076122794894766,1.262321448583994,-0.9193409766881852,-0.19901848478987832,-0.747753120559145,-0.7553160748871733,0.13121484160178296,-0.433145992897002,-0.816037372514484,-0.6713530640972561,-0.5719851765932747
OPZKBPQVWDSATI,-1.3797044621906462,-1.758646053733793,-1.418794874251194,-0.9301312696168347,-0.5708386689699056,-0.5959937166492616,-1.0802520917000171,0.060895762105514256,-1.0164175253133951,-0.6228382895197326,-0.2998907053013479,-0.8864016512706827
OQDPVLVUJFGPGQ,-1.408228856457445,-1.7958703772258608,0.5703070193619665,-1.0755883149873864,-0.8923374659701135,-0.8963683484298615,-1.1295799714116608,-0.5233763129492899,-0.7210936794046229,-0.8910320149715094,-1.573165216184842,-0.9057435679315216
ORNBQBCIOKFOEO,0.8365298745149155,0.6531829670492612,-2.3189967890280996,-1.1386434454929064,0.9728709717527209,0.47472253187708024,-1.1377181653046409,-0.10789878635403918,-1.331514668098278,-0.9062346944552995,-1.2083222100123776,-1.0708298768823243
ORRZGUBHBVWWOP,-1.1753378479459988,-1.5959862318525144,-2.4425960852156257,-1.5464704274918528,-1.1773071424222787,-0.8089219021797937,-1.2484913232287032,-1.3437816686518256,-1.3044648884154124,-0.9144943168784753,-2.1048293758953442,-1.0351921599122438
OSUCQKNXQBPLDG,-1.0938603111529852,-1.5455446754957662,0.020441072754985686,-0.4520540991209102,-0.5276094616602269,-0.7384115507970884,-0.9571057355439865,0.2533063591609074,-0.7894648528961004,-0.9325113030371186,0.7616247050025503,-0.8368864104871518
OTGJPAOGHQFBMI,-1.2245198950146656,-1.5677109759908603,-0.4347312273375759,-1.1065819470910456,-0.8919848335229258,-0.8446423078319127,-0.8125652823209323,-0.1668110958531436,-0.5352331706355484,-0.8541472352332425,-0.6835588285398732,-0.7014875482242942
OTVAEFIXJLOWRX,-1.407359286023538,-1.7455070400570476,-1.5297064249643861,-1.3429739738307804,-0.7707575524252362,-0.8347235143303218,-1.1056713591545968,-0.7730606492767841,-0.9168001631247545,-1.0184866569579425,-1.0964951187388619,-1.0435632880207064
OUDSBRTVNLOZBN,-1.6638084649638638,-1.8632625208078515,-1.8449832960041002,-1.655105655918989,-1.2754936049921306,-1.1280812565081906,-1.2700817964731412,-1.3553545479361258,-1.5558348240092446,-1.1589465266931342,-1.863170621592178,-1.5220132684056058
OUJTZYPIHDYQMC,-1.087208060164214,-1.7267009837372895,-0.7702429905725477,-0.7815236296861869,-0.28055383894062114,-0.7714585287241843,-0.25508219545462807,-0.6183229368267005,-1.1287904799330366,-0.9655812350948605,-0.7599215360968745,-0.8299616334614567
OVBPIULPVIDEAO,-1.1969781466144733,-1.697346374430886,-0.8348295491775146,-1.2651195541476477,-0.7162521364923315,-0.9159349843257594,-0.7612111306688449,-0.3702845722321692,-0.49107001279483764,-1.085618720338598,-1.5442787954101833,-0.27776322203220577
OVCDSSHSILBFBN,-1.3571460364393761,-1.6984124899924993,1.0862156470288808,-0.48895293103102877,-0.35443673979163814,-0.6064304115493305,-0.8368908772949893,0.41766804767774385,-0.6430681039557803,-0.8144603905750455,0.23897231496410765,-0.5093924242962932
OVGGLBAWFMIPPY,-1.0737206072435301,-1.7388469493929326,0.5110208387983872,-1.3873276175039382,-0.783036622525371,-0.6749168246779688,-1.0444806072833401,-0.0325904101937898,-0.5701955014074814,-0.861631111040311,-1.3520455774765294,-0.9818467783363025
OVGORFFCBUIFIA,-1.4207305700422046,-1.7947601471707313,-0.9719479338328867,-0.7978841803400373,-0.049256669770802265,-0.8158898733290975,-1.1417019937429755,-0.6609721703561564,-1.2483247813653646,-0.6314506695567458,0.1346816061576584,-1.0101027324543363
OWQUZNMMYNAXSL,-1.2511730248728592,-1.7587173389638864,-1.326892345874978,-1.0049879890513647,-0.36824699180589765,-0.8063531534042987,-1.135602618225368,-0.5854843517934283,-1.144063971196497,-0.6234667243578886,-0.7814333698618434,-1.0632644138788812
OWYLAEYXIQKAOL,-1.2591354958385252,-1.718243762494394,-1.0045661890062483,-1.2013945670099875,-0.7161768377460282,-0.7555302653832503,-1.1523170735724075,-0.5556617748477007,-0.951727914990947,-0.9171239547896622,-1.5099061950403125,-1.070299355317118
OYHQOLUKZRVURQ,-1.3409272529837257,-1.5786912160115678,-2.4973497680511816,-0.9025530495321273,-0.6727565994948648,-0.6857718841034887,-0.7707263066294249,0.03654938771709957,-1.523038717298349,-0.5371765501071335,-0.5308664135829971,-1.2072635535812015
OYPPVKRFBIWMSX,-1.428990348749533,-1.7198458163696064,-0.16023355564505554,-0.24095590193923372,-0.38008771150570775,-0.6792017297402746,-0.6741236510994807,0.3453925954110679,-0.728726526578713,-0.11987091764709908,0.24045339015683115,-0.21637652130603627
OZGNYLLQHRPOBR,-1.4551680632579516,-1.7482827572423782,0.7870369663483001,-0.8953069761585606,-0.11407325336852489,-0.7547730582805321,-0.6145907483547748,0.05309140508183846,-0.5364411267544946,-0.40546338239153956,0.30990193760371476,-0.48274508663852606
OZLPUNFFCJDMJD,-1.3731953688826428,-1.6761895753536398,-1.1766507348909712,-0.9958628789153765,-0.8728105584551376,-0.9357338430207707,-0.9239602182256006,-0.6932385571773557,-0.7240660999173469,-0.8092028695578033,-1.1303861819839887,-0.9006417046605973
OZVBMTJYIDMWIL,-0.8094223215453741,-1.196991505911943,-1.4828088202348633,-0.8078234875128274,-0.5380352701025051,-0.5413981595213643,-0.6208926333687206,0.10412675760936399,-0.965203674209419,-1.078601670885956,-0.24864743811312062,0.17258760279114058
OZWKMVRBQXNZKK,-1.367082211387954,-1.6364545626269948,-0.4842468674135204,-0.826417339981989,-0.3656810552655805,-0.6847791638953076,-0.7814329187705382,-0.19383954792798738,-0.6328496020565793,-0.9201967633264057,-0.6146739860711153,-0.6318317343852197
PAZJSJFMUHDSTF,-1.4858887891163208,-1.8303403861215841,-0.7815819046561794,-1.0183768189070017,-0.6734403366979155,-0.8446671408111887,-1.0698746386543854,-0.7265726254453918,-0.7204221081827585,-0.6819224474349785,-1.0229141075035495,-0.7780986735534547
PBBGSZCBWVPOOL,-1.3157324489980864,-1.764973611883544,-0.4595082058525758,-0.5316394403912446,0.38925300052535017,-0.4601964117134473,-0.836063645565578,0.5548334752313476,-0.671443421154975,-0.2198820997825601,0.9022052326310702,-0.3304962204396178
PBCZLFBEBARBBI,-1.499998889704815,-1.8639165365915984,-0.5646461505084135,-1.462479880234975,-0.6571752831660539,-1.0046412786985282,-1.1663958536472623,-0.7120081749236103,-1.1792149790925834,-0.8352372780630575,-0.852505799080435,-1.2277725423676853
PBJUNZJWGZTSKL,-1.166877586112632,-1.5231714975619597,-1.3153821317672487,-0.842436073413535,-0.5282504301495983,-0.7805522007800627,-0.7138512724025368,0.4683796804710817,-0.8229730071666803,-0.4459029147665231,-0.9002371558454458,-0.6971592176155031
PBKZPPIHUVSDNM,1.6577448198480302,1.241785649743005,-2.3249348834407706,-1.2340889038514655,0.9029561381028346,0.5054164243260648,-1.1045275041335787,0.07441426253492316,-1.3015878422266516,-0.9982817842208113,-1.321785746659821,-1.0020653995112276
PBMSWVPMRUJMPE,-1.3594631267744834,-1.8596788056421485,-0.7345368910689933,-1.4363721665316787,-0.8501643539131778,-0.9701213624675519,-0.8110589035462565,-0.3482945890347778,-1.0726586415514314,-0.9848615127970044,-0.7203437857555395,-1.1465401731120086
PCLITLDOTJTVDJ,-1.241599409435303,-1.8447229688422968,-0.5623942586486612,-0.7107954139634308,-0.5647981705223173,-0.9346984474474642,-0.6360975283444061,0.30635965241807817,-0.7046482478693565,-0.46635933046782474,-0.2685616574628748,-0.7128804289346345
PCSWXVJAIHCTMO,-1.2788950026886587,-1.5169422365103484,0.674510466452149,-0.05942924803738822,-0.20421094534363482,-0.7104529099301544,-0.9130569150544516,0.8706352061290563,-0.3288654358195476,-0.49080479491862034,0.8759519589059912,-0.08143076973050808
PCTRYMLLRKWXGF,-1.3226212445445147,-1.69648484512721,0.08062781772517166,-0.42306853675365813,-0.6856920909419817,-0.813833389343187,-1.053264016887996,-0.3796292984797528,-0.8457292136884837,-1.0436764284734745,-1.231098830719658,-1.006292807726546
PCZOHLXUXFIOCF,0.07300739087387825,-0.3762905657407021,-2.579574585107567,-0.5985985863932557,-0.0409398091521951,-0.12149791289314554,-0.8015729901963505,-0.37668089416478817,-0.9171802548037162,-0.9504231275443742,-0.3795781433017051,-0.45192973193325825
PDWUPXJEEYOOTR,-1.6566043859858688,-1.8800347173926732,-0.03274035436760241,-1.1017636794746242,-0.5218911095844034,-0.961704838499992,-0.8179227565571279,-0.29400116891895317,-0.929120859054177,-0.41273512712203814,-0.5384274970592822,-0.6983122042654303
PFOLLRNADZZWEX,-1.3815659754874279,-1.6556231421849974,-2.107176962448266,-1.2684146703732158,-0.46513865925722075,-0.820596066340408,-0.880781767050116,-0.5550443701613038,-1.1996917705062904,-1.1032971196665171,-1.3427871671301022,-0.5277067322330494
PFTAWBLQPZVEMU,-0.9702984317744469,-1.5954674694195417,-0.4132903807694463,-1.0174674699222448,-0.21732368466099541,-0.5768245820131838,-0.7279264719161317,0.1000907300802881,-0.2938436273362328,-0.6925207491681276,0.09750249728372783,-0.0831344698260205
PHLBKPHSAVXXEF,-1.3546777273753894,-1.7099383449130339,-0.08117494460886379,-0.7939980854523967,-0.9013918795291527,-0.99228646928168,-0.9110951586171416,-0.0721367806894241,-0.5170396718251162,-0.9301552405073645,-1.1288528041839176,-0.9086535623532473
PHTUQLWOUWZIMZ,-1.218720479833426,-1.0495561533095854,0.7402826125724155,-0.6947689041519307,-0.31066065783581687,-0.6204340963833102,-0.8270939465932552,0.29623428738090907,-0.7469477837730285,-0.1332851810557478,0.45890582185344997,-0.5795023687262701
PHVGLTMQBUFIQQ,-1.329546442629557,-1.6418961121685536,0.37207984814669776,-0.8499293214890213,-0.12846386190854336,-0.49335442823391684,-1.0096830435523987,0.28103588525054873,-0.7596818999953407,-0.16440605524593402,0.7225729438099943,-0.6268250875547511
PHWBOXQYWZNQIN,-1.277581988867679,-1.600346525146876,0.3624880818646618,-0.6357969006344664,-0.4667777727993116,-0.7567193027422944,-1.099665479801472,0.2375514317085131,-0.8700494237589773,-0.2904466102150802,-0.08946529948496955,-0.7006100360508313
PIJVFDBKTWXHHD,-1.0417528477322775,-1.5097426827611458,-0.8217901813675521,-1.2628477561044538,-0.7525364530598223,-0.8626249293279037,-1.150933317002018,-0.4742975004382246,-1.1343547790985933,-0.9219564425552105,-1.414840126204271,-0.7559790729436474
PJDFLNIOAUIZSL,-1.5511480327587839,-1.7812002202433033,-2.403761093779658,-1.5842778014964214,-0.9889915479043285,-0.8734408193094619,-0.8453541845726467,-1.111892875343919,-1.1890184201141374,-0.8338607896458824,-2.0733669284736695,-1.2802521077937226
PJSFRIWCGOHTNF,-1.3833063521655433,-1.8619673545200575,-0.8668573662036899,-1.3179946347595766,-0.9588246354357048,-0.9807559320679535,-1.1910810551368178,-0.8384028199354341,-1.2644681748661888,-1.1204228682544766,-1.4919095157636872,-1.1958085555781177
PJVWKTKQMONHTI,-0.9825586768698438,-1.470095815785842,-0.6030387022915343,-0.9853362056090967,0.02974253782486212,-0.4127675376950017,-0.06564947881201817,0.054184913869318056,-0.5230199898553316,-0.8008334791674511,0.7793392736783727,-0.15802174573854125
PLDUPXSUYLZYBN,-1.3855688913377053,-1.5108762487305187,-0.5737437792983349,-1.073214489164977,-0.7306434864404797,-0.9000527289217833,-0.9049349698349607,-0.24893332185762912,-0.964600531516467,-0.8675734661751509,-1.0553018802746497,-0.8392382684442974
PLDZOHPIBZVDLQ,-0.15098030393751877,-0.8572050680808336,-1.3785887954530904,-0.8481977660429143,-0.5161698424873337,-0.545078474352168,-1.0404677463290772,-0.5665106753149729,-0.8267007296371239,-1.049765043392083,-0.8173727941237664,-0.3810757490403724
PMATZTZNYRCHOR,-1.1383550269336307,-1.4805507358372545,-2.7393685657064104,-1.1265729946656797,-0.8150431430391579,-0.5983437793402028,-0.6273276252905448,-0.928351617984803,-0.5265239995511255,-1.0789167729668758,-1.617192712672833,-0.13971168584666246
PMRYVIKBURPHAH,-1.3033756096096125,-1.9161760372064178,-0.9360661717414556,-1.0059465292479286,-0.9067989497674143,-1.0836246036796466,-1.3186489691929326,-0.6490418954982873,-1.3329615020932275,-0.6371365713138811,-1.4499334987730168,-0.963913571458594
PNVNVHUZROJLTJ,-1.1171730374158697,-1.624617949631405,-1.5058143375432829,-0.9885379681914441,-0.2746789746387174,-0.7094341164858793,-1.1685100912879454,-0.6795282304712558,-1.0745706688857903,-0.7052617034386183,-0.26555267389855736,-0.9856981650935523
POPFMWWJOGLOIF,1.6471750167440016,0.02622400904274949,-2.653169711473833,-0.837107231644898,0.4894969901095431,-0.05561106593361541,-0.8076575592603809,-0.4966636050867991,-1.5326070772315803,-1.1056192845999906,-1.1214972356011488,-0.4808029533028161
POZRVZJJTULAOH,1.1879646024257629,0.26849479385320774,-1.352301902670473,-0.7739174111462912,0.9547846423835997,0.960879814053369,-1.0174944518423557,0.2552089069574783,-0.7138394454815163,-0.8960459624544194,0.15016831665430663,-0.5916863609310327
PPQNQXQZIWHJRB,-1.325525051573515,-1.3729290681206006,0.9059257723135167,-0.8177943543987184,0.6711647813151083,-0.09212325855267808,-0.3722532554823841,0.19029368062422564,-0.6022296840492296,-0.30699950848572766,1.7090717991899116,0.04660051517498956
PQFRTXSWDXZRRS,-1.4197552795335258,-1.7433340810466555,-1.2490339219331317,-1.1308776152770816,-0.851418485543107,-0.6505903508631399,-1.1335489844837778,-0.5315067497894738,-0.9773053177126143,-0.9715534793906779,-1.654787225083494,-1.043882488251887
PROQIPRRNZUXQM,0.2460348499408612,-0.6196169563287337,-1.1233512844122544,-1.0754807430663345,0.8134341132249969,0.40778185014047047,-0.7325020623565057,-0.1204204875886101,-1.198746770171624,-0.6541649038182771,0.045892880062345875,-0.6136705498381807
PSIFNNKUMBGKDQ,-1.3269329222706163,-1.7948284183517504,-0.29141078606761933,-0.426718773935565,-0.492168454078362,-0.8362642074244897,-0.805887642182259,0.10231598714374053,-1.0448634779509538,-0.9286775619619145,-0.13088350472530813,-0.6736264464669564
PTGXAUBQBSGPKF,-1.3434219279933066,-1.8487616079070337,-0.8033917031126563,-1.1031553439520854,-0.1106612768339428,-0.7771444659599228,-0.9537831260127696,-0.019535253633462705,-0.7339126185497112,-0.7320870768869073,-0.2755488387558402,-0.8389580148709249
PTKSEFOSCHHMPD,-1.3521375301202532,-1.8452930576610065,-0.8022629685165912,-1.1829754778586634,-0.4690952610209772,-0.8831201920439582,-1.0444261302777322,-0.7696530454525325,-0.9930190198822247,-1.052780751147007,-1.4725695070452782,-0.7983328115963524
PTOAARAWEBMLNO,-1.0962197037321868,-1.6775120117842426,-0.16822513470082648,-0.7192743136793055,-0.38524109274002233,-0.8466191682537336,-0.9615780805426504,-0.5027796455277012,0.005768525719993937,-1.0459134899667673,-1.273020061192701,-0.10518901907800458
PTVWPYVOOKLBCG,-1.2826241481413132,-1.734398762565975,-1.2992822563214372,-1.4015033036081135,-0.7517874574657639,-1.0221996369103623,-1.3529218038494721,-0.9747982030182014,-0.7445848381116307,-0.7639732939886623,-1.6481684434383759,-1.0529186904337862
PUFQVTATUTYEAL,-1.3390774096596298,-1.753444541687106,-0.19124006550114672,-0.8960407819565545,-0.629917998735786,-0.8085859828513233,-0.688076624684529,-0.4442758291863894,-0.9576903329068922,-0.9665761131130117,-1.0889014497660408,-0.8544343730317073
PUXBGTOOZJQSKH,-1.2202946690145147,-1.3850583239612548,0.4153073096072113,-0.4812403189738181,0.04612494296199189,-0.4291957042840603,-0.4667091665344135,0.15950920177971797,-0.8143895891358564,-0.810013200072278,-0.10343946781008691,-0.20259951036042212
PVLJETXTTWAYEW,-1.06967930184258,-1.6821743737652013,-0.49218354976575934,-0.8661366701060639,-0.4702848430212877,-0.8868997892106947,-0.8859991921417718,0.01843300524368603,-0.9846560063836811,-0.9729220245005459,-1.2239474124120504,-0.8079147802886557
PVNIIMVLHYAWGP,-1.6243694227964123,-1.930845038012928,-1.0013481434905136,-1.0880622422211734,-0.9072385515966832,-0.9728941645553271,-1.090146917500583,-0.9339794747647192,-1.3211389678403493,-0.7545279615907893,-1.874114716705592,-1.1358268936722014
PWKSKIMOESPYIA,-1.455436318545921,-1.7988402620901298,-2.4147959070832234,-1.574986491455635,-1.0696415410207494,-0.9564294755096734,-1.324564264987243,-1.297562289215191,-1.376880062714067,-0.9715867141687353,-2.355927321567517,-1.0711835041124778
PYZRQGJRPPTADH,-1.3649512088760318,-1.8656633581062998,1.2299734233116641,0.039375733291188236,-0.30992506808569426,-0.7169776515294048,-0.8798678826596953,0.1581676248926457,-0.31535929920750616,-0.7733210307694235,-0.6400688614583108,-0.41838944671044626
PZBPKYOVPCNPJY,-1.5968243403370654,-1.8264316881740352,0.19913765705758132,0.9286594762787828,-0.5482292135958817,-0.6818471900073615,-0.7920310783193225,0.5651452717083142,-0.9862427439831649,-0.6242505610816418,-0.43139713500695226,-0.8198335448661791
PZRHRDRVRGEVNW,-1.2248813195701547,-1.857539878891958,-0.38932662453920536,-0.7696204989762154,-0.661041299722891,-0.7838205147009414,-0.9938795743044273,-0.8205136094282943,-1.200316789524728,-0.9471955619584801,-1.2334085548799123,-0.5746693319438606
QAGYKUNXZHXKMR,-1.3812271681709807,-1.7477801760713974,-1.4832430168662105,-1.2586466107960068,-0.4632519429376864,-0.7263862665470355,-0.8752093179564879,-0.720794935281732,-1.1807570009592339,-1.034457319638863,-0.47490585097003923,-0.6288009281282531
QAIPRVGONGVQAS,-1.4577408473445022,-1.7390590709787561,-0.7575762685508602,-1.503432864816221,-0.36705930983994994,-0.45598155475782864,-0.8174660656910369,0.22856084839616256,-0.4859647199664197,-0.6636567699947155,-0.9649142953423612,-0.6088354960580746
QANMHLXAZMSUEX,-1.5074709564386046,-1.8999483402231674,1.1354994201580266,-0.6714498823413632,-0.5498958215613925,-0.9986324602391647,-0.9943218029738756,-0.5210795247882887,0.561679219098061,-0.8648764770665965,-1.045957303548827,-0.5942881565736189
QASFUMOKHFSJGL,0.6245386500797219,-0.061153961090671415,-2.4661754226505592,-0.9671596042822206,0.5119390835138113,-0.012426108005642252,-1.0679558828068838,-0.005772787396607608,-1.191227696975353,-0.9311452034104989,-1.3463801353439855,-0.7415844144067526
QAXBVGVYDCAVLV,-1.0079262072637691,-1.5478550627097687,-1.1774337890807578,-1.0863571519977746,-0.3844810481856752,-0.8194539417967479,-0.8928374002795146,-0.09988026457487341,-0.805694807845478,-0.37252811235703853,-0.5137563288989633,-0.475997721453303
QBKSWRVVCFFDOT,-0.8712537667186308,-0.5436633525267753,0.4562475956744338,-0.2105681931284747,0.028807590192933535,0.03167713794146445,-0.10319520447051439,0.4748467318706323,-0.1350617444983228,-0.7398797584958061,1.2182050113589256,0.36300882843930193
QBPFLULOKWLNNW,-1.1913477669665962,-1.3256099725572614,1.1178762428073283,-0.7839346514552942,-0.0034758829823844433,0.013840693385024376,-0.7407084517065871,0.5153571641481172,-0.25771144184344563,-0.4547951993268301,1.1752651328529813,-0.13797714904942532
QCDFBFJGMNKBDO,-1.3516784926618126,-1.5383080608645117,1.3344917854641778,-0.24548625279850958,-0.009670778386711279,-0.4188975266159175,-0.3707876154474463,0.6059253128063331,-0.21124303922089502,-0.02987893569747043,0.8436925153703257,0.009027530156875685
QCHFTSOMWOSFHM,-1.3264306233280234,-1.7238624311061703,-2.005976904828214,-0.5057522365901467,-0.9827652584222937,-0.7533756899804911,-1.1955763770571277,-0.6971085405756734,-1.2543339707414605,-0.9948996096323497,-1.4676384060152514,-0.9141635387184341
QDGZDCVAUDNJFG,-0.652182966610676,-1.1800847535360672,-0.7986311082351026,-1.0829409903889577,-0.45071572590225334,-0.8199335022944201,-0.9270670343348685,-0.3716470867752825,0.011013562355934906,-1.0353540211096646,-1.5647738375167788,-0.14333308233066902
QDIYJDPBMZUZEH,-0.9732801094391339,-1.5843288857951772,-1.59786051660835,-1.2952843793422477,-0.35374610136768964,-0.8907241188257079,-1.1025258582828092,-0.5329252460594874,-1.2776505517352743,-0.6454897383116329,-0.8983564889890936,-1.0063914096958382
QEVHRUUCFGRFIF,-0.9774227872830524,-1.3615406046767702,-1.1349244321322232,-0.9793643454009846,-0.5212566590601793,-0.5869354288996851,-0.5948677650146376,-0.2416548139043006,-0.936841792949922,-1.0263155033099944,-0.8978158728778272,-0.47667215937484686
QFOHBWFCKVYLES,-1.4170364020136401,-1.7946863943648257,-0.9017062134922504,-0.6469762594136171,0.37806236568923285,-0.17853929885739078,-0.7929164766285035,-0.7558164680945083,-0.778215977491725,0.004259633232218397,-0.8224302669856426,-1.0622447651086981
QGNJRVVDBSJHIZ,-1.1746983749700464,-1.5457646669784628,-1.7648316824503623,-0.47884540718817004,-0.42090642301001807,-0.5104885487466139,-0.9560352020375773,-0.18213509788834467,-0.40373552695229137,-0.3536506646751944,-0.7072172383707028,-0.6007176446377913
QHGUCRYDKWKLMG,-1.4560444151024714,-1.842342875090011,-0.6898161965775305,-1.207250556110208,0.0038798529212908193,-0.805697759992412,-1.2012218605578016,-0.5621596403627337,-0.5745864021588487,-0.37782061916639587,-0.6606943253667651,-0.7012137559515015
QJQORSLQNXDVGE,-1.3148759222566397,-1.7446717147892483,0.39409019929084405,-0.8163701964012263,-0.7712885391098273,-0.6902295579791656,-1.0375782199179926,-0.4831121557854947,-0.6459207529712379,-0.8716331776529387,-0.747536951989038,-0.669952364072423
QMGVPVSNSZLJIA,-0.1978687074009419,-0.89110870367522,-1.899509294105143,-1.239645418484115,0.055969439914562255,-0.4372093954489474,-0.9851154288484063,0.013417244170089623,-0.6374865140670328,-0.8831685420877071,-1.289144992238391,-0.47184409151312257
QNJKSUYWBCNWFI,-0.3122681246981179,-0.6183608860147018,-0.745895891857313,-0.34321658961607254,-0.28402176212065267,-0.3192078073118766,-0.9584592688578522,-0.06053848817981635,0.046623987548338124,-0.9712836203781678,0.11720343038687393,0.34115590323770667
QOVTVIYTBRHADL,-1.475540625934715,-1.8082926549110026,-1.3572295715593004,-1.2965738053282574,-0.8822038691528217,-0.8176129467547415,-1.0645149100495193,-0.49764695741501375,-0.8792252909276222,-0.8843830149787307,-0.5943590270908164,-0.9794229059921138
QOYHHIBFXOOADH,-1.2875926700214966,-1.6095582804423814,-1.104917882437134,-0.7032183413609068,-0.38419612969628636,-0.7802380136907144,-0.7591981511571129,0.21272033247587863,-1.2898748384742609,-0.9149550451951871,-0.21416216877694355,-0.5564129316828337
QPCDCPDFJACHGM,-1.4840682763933684,-1.7314256111653923,-2.5279897285439485,-1.6956071083850142,-1.1557855756949214,-0.9762832829690905,-1.0699006646107634,-1.3160350632363633,-1.3374048444866125,-0.9204576917062464,-2.2429249635503417,-1.3394017263599145
QPFYXYFORQJZEC,-1.468609051042324,-1.9616633795733451,1.8750613084054635,-0.839916795795945,0.11359362205776989,-0.9529919175690378,-1.0850023391143042,-0.12905996799250868,-0.008921838254014517,-0.6159296774378159,0.3619868158995628,-0.6641701782449014
QPGGEKPRGVJKQB,-1.365104571299643,-1.760007220200717,-0.2759316585277003,-1.0896721536498017,-0.6758681498223429,-0.8751157748349725,-1.129553834419974,-0.3876271330073819,-0.8921799468039768,-0.8887708533614125,-0.6550095706163835,-0.3820932851059976
QPPBRPIAZZHUNT,-1.5556860481645685,-1.8912304389303183,-0.3422303668582244,-1.4277820116036795,-0.9903745259536891,-1.0554062278227068,-1.1753840232592483,-0.8205106973127174,-1.1584047432936069,-1.0468791778706878,-1.537307566559501,-1.2998553454673893
QQQIECGTIMUVDS,-1.36164611369461,-1.8210716993784541,-0.4459636734074153,-1.1984904163550016,-0.6341154990367335,-0.9397732002775488,-0.915023607513131,-0.5799578698725752,-0.8030851141359652,-0.9039330467999908,-1.1200914579743197,-0.8450301557387165
QRJJEGAJXVEBNE,-1.5644501536036555,-1.8952652646211576,1.3123989135967618,0.6642715196603755,-0.28840282001873724,-0.77336909145865,-0.7517600102041299,0.7272313601457535,-0.6691266494255139,-0.8035350687966787,-0.0026467397633881864,-0.7193953527569914
QRJOQYLXZPQQMX,0.3964269176319263,0.15877351513892607,-2.682988860397095,-1.3573394587985663,0.4052842000537989,-0.2600110812205971,-1.0178121326752356,-1.0641902197326225,-1.5938692251041167,-0.9843628134392424,-1.7892263022065515,-1.1357066462159666
QRZAKQDHEVVFRX,-1.3091847964292394,-1.7493199914891742,-0.675281816407939,-1.1670637489672722,0.31165480312341826,-0.6942975633519485,-0.12107825008911312,-0.36060416424060826,-0.8564317625579534,-0.6552424704526413,-0.431393583488135,-0.7659656130512119
QSAVEGSLJISCDF,-1.094294387429409,-1.5094972156548445,-1.8155266065704863,-1.0480522242341745,-0.3774320678716836,-0.8315821887852808,-1.045060006474357,-1.1126684607378101,-1.1871226445014036,-1.0058172464630213,-1.2463082417342963,-0.9716505313395102
QSLMDECMDJKHMQ,-0.8469444019563865,-1.3284885658908583,-0.4958189869172628,-0.7695859536595817,0.008691413189900224,-0.4522153422345483,-1.0454870296998502,-0.16643095399711164,-1.164842800846228,-0.2816777447286638,0.4518412960589625,-0.6029890884161989
QSQQPMHPCBLLGX,-1.2990952827761764,-1.870542913944568,-0.5737757674390602,-0.885015291893456,-0.17295931904348782,-0.8545597304874599,-1.0966945011794191,-0.45368173712175713,-0.950803434083383,-0.522332845559501,-0.3935345150469536,-0.8836989968778921
QTGIAADRBBLJGA,-1.1114944123487116,-1.7767388566793794,-1.0876242693732627,-1.2153822090354667,-0.7841462134182661,-0.8898382077939014,-1.0563580351252315,-0.11306746311834193,-1.165068916750135,-0.9738054619621135,-1.1262236584075869,-0.8652831841383555
QUQPHWDTPGMPEX,-0.8858165492610789,-1.561521667466741,-1.4908450348855335,-0.8629406758558058,-0.2749198883544434,-0.6071118011558997,-0.7482377432210237,-0.35915088413131235,-0.42236758511162437,-0.9440585184468471,-0.1993049015671546,0.08311180298198009
QVYRGXJJSLMXQH,-1.3934275179808049,-1.7965308500066075,-0.6496775552948632,-0.5748093272560144,-0.23246461121327106,-0.6902957608755423,-1.0172632720796113,-0.5868344977689417,-1.0940578978739206,-0.6936626658225725,-0.15591177701680714,-0.9042535930055853
QVZCXCJXTMIDME,-1.2625781562296434,-1.637717624257687,-1.4727631689088192,-1.0883018859889346,-0.7409094527430445,-0.7048645419945814,-0.887100178323022,-0.7847151411326183,-1.038418468310986,-0.8665967337798377,-1.9738456314559776,-1.0361188840543938
QWAXKHKRTORLEM,-1.3441248311301113,-1.7346388137490252,-1.7329950992380545,-1.2321892922297548,-0.4600564582142115,-0.7046015640367514,-0.8200389626818656,-0.5785097224654684,-1.022959520941713,-1.0686873568457713,-0.6274075384928097,-0.5024050423805535
QWCJHSGMANYXCW,-1.3860885903246287,-1.8903236232486516,-0.37937162526572626,-1.1111552802354616,-0.7128084841896365,-1.0082612251909318,-1.102698833781132,-0.4811408027771795,-0.8540193170908617,-1.0012721125752495,-1.0369614443453308,-1.1331669827001036
QWCRAEMEVRGPNT,-1.257450643111709,-1.6088162146490355,-2.084098870600132,-1.4454065076232367,-0.8433026552684965,-0.8386814171618044,-1.040906771446224,-0.7674728375456519,-1.0849233062491463,-0.928444057051083,-1.979185416087369,-0.9748439313503526
QWGDMFLQWFTERH,-1.4612459745030884,-1.7951983633579272,-0.1959861637618938,-0.8597695837092905,-0.3919407347428646,-0.9307508161192573,-1.017926503135134,-0.011735617340866622,-0.6312380735337458,-0.9738583525859621,-0.46694696625443316,-0.6315512872440356
QWZFVMCWPLMLTL,-1.6178350477710945,-1.8644060077896114,-0.31190591403692997,-1.0828900685297278,-0.7478246562432176,-0.9224672152357363,-1.1249554368920394,-0.6441199315094036,-1.1768888227413226,-0.6631643653414169,-1.0325155060515112,-1.04970270149831
QXHHHPZILQDDPS,-1.4069708744174994,-1.8653628846778303,0.8481369174405852,1.2246160051793662,-0.3770570673893129,-0.7744731162154824,-0.6371292423615188,0.7871612816084135,-0.8737912830475332,-0.5886661321813714,0.20913485893187544,-0.6952358197686404
QXKHYNVANLEOEG,-1.0885674519291961,-1.4924192403324035,0.10634516079876741,-1.1929358266762724,0.018947449713154048,-0.6109731702322486,0.0962847242337812,-0.10020428592505412,-0.23832662681026415,-0.5469184637689316,0.33000517556938946,-0.07290944740662976
QXRSDHAAWVKZLJ,-0.6934042491317868,-1.1191164899139727,-2.2767013047016746,-0.5218221209885958,-0.3242532386024409,-0.49682374376202115,0.16390365197871784,-0.17008712122866645,-0.46395904073674166,-0.8765114852531177,-0.23054811735043093,0.1662938668163173
QYIYFLOTGYLRGG,-1.2922821451546662,-1.600391444696714,-1.7435765923333244,-1.3621107059508528,-0.7209833279100137,-0.718318413829108,-0.856783425867026,0.037495166339117994,-0.8688086188024478,-0.9651249924484792,-1.3084213700307639,-0.34317388763954837
QYQDKDWGWDOFFU,-1.1096224180205672,-1.638543371651234,-1.637585929473798,-1.2759594846073679,-0.950963048863611,-0.7496883560108321,-0.7643951544363252,-0.2150533879379722,-1.0765290301700607,-1.081084417558952,-1.9677484017868863,-0.8033390389248836
QZUDBNBUXVUHMW,-1.4071605843120392,-1.7617991735897824,-0.040953187579295086,-1.0403634009102265,-0.7228911605555488,-0.9881874239408318,-1.0220665532957658,-0.046899388991915855,-0.8776221223287675,-1.0415241985670678,-0.4761574520132861,-0.7536133416438541
QZVCTJOXCFMACW,-1.3834892498634814,-1.8317520885191487,-0.5098444341943431,-0.9789729401362182,-0.17368291637800412,-0.910326172448077,-1.0784633038591709,-0.3880305870480089,-0.6422962538721053,-0.7176820974121081,-0.4416482360764185,-0.9974685582860658
RAOCRURYZCVHMG,-1.0920986442310356,-1.776484352242607,0.9988971795574773,-1.0069979465395966,-0.5379358427460765,-0.814014494704143,-0.6721593965085172,-0.20147398411744497,-0.3239439560935147,-0.9775052627962508,-1.2793509066847022,-0.7064076890311859
RAPZEAPATHNIPO,-0.8835536424643339,-1.4739215778785688,-1.0470684996006914,-0.8287025970370596,-0.7213900985248698,-0.7358568691786476,-0.7723624885088312,0.20097544121962987,-1.0261461296783556,-0.9546136086361938,-0.9491560561706658,-0.8158158286029903
RAVIZVQZGXBOQO,-1.1688406068121835,-1.5731697117492829,0.5897201118209685,0.18041732895344625,-0.08409191573648515,-0.5329750023575938,-0.2648434796483659,0.393457659364385,-0.691683675419544,-0.843618217480189,0.9744990531769696,-0.1437051291695977
RBQOQRRFDPXAGN,-1.2565300109399697,-1.5787878306349852,-1.3216422801296277,-0.4171725789911834,-0.9189293137786647,-0.8428742291959931,-0.7402440474275719,-0.49369128180968447,-0.7797882154770598,-0.9207221853517622,-1.3968694556781045,-0.8344825591476684
RBTBFTRPCNLSDE,-0.9043777146243848,-1.38653440880944,1.6790568359568812,-0.49866548526943344,-0.1924302672280617,-0.774069654304042,-0.23327649070186973,0.3714256765463341,-0.09848089999086238,-0.38832959383736776,0.4299057663487848,0.19797738869439127
RCIMBBZXSXFZBV,-1.17629065332749,-1.2909297029494575,-0.7703821895082438,-0.9785821591838137,-0.7469509521802017,-0.8040004880090028,-0.3072788808970065,-0.29285009088955105,-0.5588518287303637,-1.0240229532754153,-1.421101005036646,-0.7237144665696861
RCKMWOKWVGPNJF,-1.5774920429341213,-1.7850658674195976,-2.5720105754814906,-1.5184389778932383,-1.45243826580623,-1.1301544181659229,-1.4481516946855606,-1.5634720471314525,-1.5517781177058088,-0.9300822932279675,-2.403873680497534,-1.5143320959707731
RDFCSSHDJSZMTQ,-1.4067331908144858,-1.6679078763367383,-1.5651880741638435,-1.2735691963719005,-0.8399011963463157,-0.8084034505899448,-1.152223754057164,-0.6207351495579093,-1.1167554145193,-0.9384676022916729,-0.8549095538085869,-1.1177126572207412
RDOIQAHITMMDAJ,-1.0683226706834947,-1.604768941373093,-1.3577758817167163,-1.0454203116392398,-0.20221185482136522,-0.7726113434233901,-0.7921445804271339,-0.41861220325149073,-1.2382488076207905,-0.9177693681080881,-0.2269165829375699,-0.7777060924257614
RDXLYGJSWZYTFJ,-0.9836920508896263,-1.606067877144951,-0.8973299312125685,-1.4006038902602624,-0.9862057502353497,-0.6202844592368849,-0.9621567024981752,0.14982424902120822,-0.43129136970335885,-0.8795046310333919,-1.3048898123613366,-0.838345920825273
REFJWTPEDVJJIY,-1.0492129040392242,-1.474748478856759,-0.027592629136796623,-1.0057291722648833,-0.09674869181033686,-0.3255743205314216,-0.3413177748176088,0.583136497490233,-0.14732542440141772,-0.6553909922572967,0.5269864630525284,0.08227234791047564
REQCZEXYDRLIBE,-1.560569530529751,-1.839839886411592,-0.5991311279731845,-1.199000309495694,-0.8785789856311953,-0.9755989992954476,-1.2489260505646287,-0.9055536334866395,-0.9765008245625816,-0.8495008473228376,-1.4839716832404588,-0.9787164074482487
REYFJDPCWQRWAA,-1.56287275476726,-1.8864350721385121,-0.5695180993616391,-1.1401080346407817,-0.4774203531084546,-1.0487096004344079,-1.0921959068786071,-0.3671289640779192,-0.5988802718866252,-0.797116810104481,-0.7326962780164639,-0.9200301622644862
REZGGXNDEMKIQB,-1.2339820355323434,-1.8771617994671108,0.04408047606663115,-1.0273293132018106,-0.6685804020275009,-0.8863706849918812,-0.7707523605817783,-0.44266018160979165,-0.3971560517260488,-1.0318535659700963,-0.8685526981386344,-0.7964073411887044
RFDAIACWWDREDC,0.22954990871074402,-0.4667279460002186,-2.851634769191106,-1.3886189084699998,0.24356644017749912,-0.3154719698323407,-0.9912156847775324,-0.8766169222754485,-1.5249698886165555,-0.9902232315970891,-1.9362193772401608,-1.0462484357199286
RFHAOTPXVQNOHP,-1.4999206118534927,-1.8135622626728516,-0.0029929000551539146,1.286325738199995,-0.7897549194136902,-0.9941143810001252,-0.9226613779513076,-0.4216272937484553,-0.8927919359648079,-1.0412931585370568,-0.6415491672834397,-1.0342790942346158
RGCVKNLCSQQDEP,-1.3859602897093828,-1.5697356085874314,-0.07693740068823421,-1.0550533280664558,-0.7085959632375891,-0.8941033705625892,-0.9339551594415092,-0.17576889610976806,-1.06546871043251,-0.7024910926287127,-0.9256008581669622,-0.823297431219951
RGPDEAGGEXEMMM,-1.2891873559874705,-1.7923411026783622,-0.657840664761735,-0.9408316558446269,-0.543860580171748,-0.7287663178917423,-1.1850474431757982,-0.6488496120030581,-1.1074480987867632,-0.763500238173611,-0.8603881066452518,-0.8810784273220547
RHAXSHUQNIEUEY,-1.3117966959600562,-1.8694348399848042,0.4151696421433444,-0.9342666342114655,-0.6217933667488718,-0.9565219068488073,-1.0862520845874222,-0.5001393686951084,-0.45727315542470787,-1.0085282588662519,-1.3999274649989344,-0.8780831838475285
RHMXXJGYXNZAPX,-1.1988572407999076,-1.4334457812949075,0.6744295192929186,-0.9711869616217611,-0.04546127219835434,0.054525817615311334,-0.8244019488540055,0.3373938155961343,-0.5226172637161016,-0.5623123182304708,1.1279908884643863,-0.24224611850065275
RIKMMFOAQPJVMX,-1.6125317689633731,-1.9514178440992804,-0.33350745585095826,-0.8183638268253384,-0.9052433805545701,-1.0543829264394726,-1.3282471068434765,-1.06316396264222,-1.23679529713554,-0.7567548438834356,-1.4439583339058237,-1.1557822935537527
RITAVMQDGBJQJZ,-1.1476784364941588,-1.7824499428205058,1.3785304324586822,-0.6325968381137507,-0.4158646505108392,-0.8321491940599091,-0.8066021170299158,0.30191299927423737,-0.46156926904937096,-0.7756757706001536,-0.1811613057663401,-0.49848907796647635
RJMIEHBSYVWVIN,-1.1840711329678852,-1.776573944645224,-0.5399379375107869,-1.1755267840528252,-0.3979737845049206,-0.7893475490775972,-0.9114988209700046,-0.2679558181187226,-0.8579440831612118,-0.8184077426403218,-0.33765323701112837,-0.4841432679490736
RJMUSRYZPJIFPJ,-1.4822979998629828,-1.8131398094674767,1.5305491684912529,-0.9583864923540153,-0.2774132791179619,-0.44720590958287953,-0.9100949635534811,0.42244300863963136,-0.7733251221383918,-0.7667774188554102,1.8712798498047154,-0.7629994828980384
RKLNONIVDFXQRX,-1.1820785190535017,-1.369121229357732,-1.4540915330944353,-0.92162522223027,-0.2975909802625941,-0.7501531048428636,-0.7479242332307705,-0.0028594396469365803,-1.0061984587879111,-0.8777114998253011,-0.527299169999738,-0.9257493358098673
RKUNBYITZUJHSG,-1.0809799752896572,-1.5143062954726627,-1.931158201598877,-1.2272698950017724,-0.3670828811990775,-0.7784371570298778,-0.7643274697737301,-1.0881681580159985,-0.9668632456449961,-1.0305016806448093,-1.2430844378187862,-1.014459066393682
RLAWWYSOJDYHDC,-1.5336738255022504,-1.813866519895504,-2.184033792993413,-1.4612124504000918,-0.8178480492496975,-0.8593512287691271,-1.0728386790411764,-0.9482150460179313,-1.3430593213087156,-1.0401301076956693,-1.6915240611140776,-0.8894752905471273
RLFWWDJHLFCNIJ,-1.2400043773128362,-1.9214414812301106,-0.507504163525085,-1.1187816894828222,-0.2575510632131283,-1.0069570365439553,-1.2407242811520016,-0.7291959559630765,-0.7903548073686743,-0.934273630263171,-1.2559932681656039,-0.7407918326917119
RLJFTICUTYVZDG,-1.206737728590309,-1.622723855702952,-0.18854610093918633,-0.9979894853904437,-0.6479102685844385,-0.8627956773073071,-0.9253910378376053,-0.1862126203670797,-1.0329290988289919,-0.7715024303186253,-0.7984438924676811,-0.7619984867195946
RMEDXOLNCUSCGS,-1.0801039209472951,-1.345116649374433,-0.6834329288639712,-0.9465815394718119,-0.6908400884147772,-0.736722656573886,-0.47813779612891083,0.05254343861622473,-0.7106569023266257,-0.986501696127973,-1.0265091436160945,-0.7244587576439024
RMHMFHUVIITRHF,-1.1084893645170983,-1.7335771594484797,-0.5702051792323921,-1.2348400173439702,-1.0774967125056436,-0.811545160635317,-0.982143050089135,-0.5083967654616226,-0.8905859271656608,-1.025536201365695,-1.2075068297231861,-0.7512231830288637
RMMXLENWKUUMAY,-1.1254377115955942,-1.6854851515139282,-0.19546805738247952,-0.17913986398401738,-0.295494521665219,-0.7145503674965729,-0.22892739385511182,0.25744017670894714,-0.7875438946065076,-0.8326382996862094,0.08765964384580938,-0.5130625053940425
RMUCZJUITONUFY,-1.5144868314763895,-1.908606052596045,-0.01331537688376594,-1.1636046831683213,-0.43674978963353894,-1.0163743587570242,-1.222094751401288,-0.66297232115815,-0.8843583164027841,-0.5159756842200428,-0.4973270446698135,-1.0662531302844627
ROBVIMPUHSLWNV,-0.9577179598262779,-1.5734807564654503,-1.375159665007175,-1.3124090283589478,-0.4460953594806689,-0.741645447033235,-0.9040747021947079,-0.693943600336493,-1.1576697849044435,-0.8645754830168269,-0.859404217995271,-0.4326183317438166
RONZAEMNMFQXRA,-1.19083615790825,-1.6930551913166334,-0.09584735700892724,-0.833673674303844,-0.7843413074601178,-0.8207756838922168,-1.1554234235320835,-0.3034744954350305,-1.060505769864536,-0.8496486156543349,-0.903738982213285,-0.6459419531870584
RRAFCDWBNXTKKO,-1.4438532203359893,-1.8403859369907842,-0.15703032683342957,-1.0689782189386137,-0.1795676778705899,-0.5702628339835759,-0.9980203751507581,-0.2327995891274971,-0.491831345520203,-0.6072047374125533,-0.25985016828095936,-0.7108990549604185
RRGUKTPIGVIEKM,-1.1754601707627774,-1.679309320453904,-0.3902681543542561,-0.7682085358720314,-0.4397297922116938,-0.8411328545284287,-1.001962614776795,-0.2496545226148135,-0.7273041785449262,-0.6090048441041358,-0.405312605524486,-0.7818088615138714
RRKTZKIUPZVBMF,-0.10742471411279066,-0.8250322511846774,-1.9915504921497182,-1.0382442525501832,-0.1372053618489245,-0.37996338267440133,-0.8971827276314024,-0.04446182904650805,-0.6799285704759135,-0.834503236281509,-1.1199773205135406,-0.004522796300708527
RRZXIRBKKLTSOM,-0.12163669708078348,-0.323513423335968,-2.457092512657466,-0.08979146893557305,-0.13909530742774687,-0.30673313978690947,-0.7521391674552297,0.009449292808337662,-0.23954660602380293,-0.9664269976855133,0.10764178378199493,0.16566963909114088
RSEPBGGWRJCQGY,0.4285053555706739,0.01931775923671241,-1.4705881947993573,-0.8243084438183625,0.9873505512443971,0.9276412093983997,-0.49157145503695143,0.04304573257239972,-1.3018763756774032,-0.6635774495175571,0.4584407665589899,-0.7284689094275731
RSUVYMGADVXGOU,-1.3943573445422284,-1.8108977471187537,0.18923984878245348,-1.1380449831062482,-0.46788339621533687,-0.863518069618869,-1.0179697150691491,-0.10063681738377676,-0.6439374527153655,-0.427418584378208,-0.29952912899504447,-0.8395606650350613
RTGDFNSFWBGLEC,-0.7551552080981255,-1.1823931756186468,-1.8453478923602378,-0.7507632472816245,-0.2949321218362119,-0.2676209395827394,-0.9020382653980319,-0.63799722690093,-0.7773412965209477,-0.8337167791987031,-1.2688547286223573,-0.4561885305860334
RTHCYVBBDHJXIQ,-1.3875574376215607,-1.8218277319596927,-0.3200720337430919,-0.3567669166431283,-0.021671217081793617,-0.7579892789362778,-0.9314870498779237,-0.2880720586110264,-0.6655939228107461,-0.8491741416408897,-0.08082266627466986,-0.9721282897658314
RTRQQBHATOEIAF,-1.1480911952554076,-1.7588011654645004,-1.6463813456380398,-1.0453997551254337,-0.5556144253603716,-0.8773171951950589,-1.0821482076708857,-0.8524433576147108,-0.699244846936659,-1.0550159446918486,-1.9314785956731846,-0.26584358081600856
RTXOFQZKPXMALH,-1.212902608620265,-1.5597827635409458,-1.327822833466688,-1.3299863149825997,-0.8237420378076503,-0.7283611323412171,-0.8469617650882375,-0.03885947645334725,-0.4196421331852543,-0.9638451105493636,-1.702278138782793,-0.29014061762107607
RUDATBOHQWOJDD,0.29944676534907305,-0.0893253206877575,-2.7332693759622937,-1.2884303193050948,0.42597018763430095,-0.17437773315542032,-0.8611097074344876,-0.7436468543141206,-1.6666253354920437,-0.8732484285631582,-1.5051800272611564,-1.075047676898447
RUZYUOTYCVRMRZ,-1.1172383096351886,-1.5964266450708453,-0.21296279991839193,-1.058428844453685,-0.4952685278857149,-0.8108158930192347,-0.7112686576251557,-0.04067339377699475,-0.13134066228498315,-1.113515576013631,-1.1642601671236548,-0.32502989399562704
RVOLLAQWKVFTGE,-1.486938711726373,-1.833830849083369,-0.8836148396349774,-1.0611908243218489,-0.6858084970828087,-0.9827132825517739,-1.2441492318678968,-0.9415499122180804,-1.318742295825205,-0.8743519681323271,-1.4370062999268267,-1.1057734286800118
RWTNPBWLLIMQHL,-1.1767723398810936,-1.6208688038176806,-1.7629803563236555,-0.9895383606280317,-0.17978423668126053,-0.7883179540730236,-0.894022760465079,-0.6184318998586716,-1.4275966996730167,-0.844997813283869,-0.517386014099293,-0.9984062051157806
RXPRRQLKFXBCSJ,-0.7589715497079903,-1.294013265699095,-1.0929155396334427,-0.812831993324692,-0.2075111076212719,-0.5889176453119189,-0.5776877080552211,-0.1812713131528047,-1.0919581838933061,-0.9719537322615563,-0.8178444016921051,-0.5382141410579717
RXQCGGRTAILOIN,-1.564350029967024,-1.8784284516225782,-0.32407822385405183,-1.1043616999900472,-0.4239176367604594,-0.9920807011717756,-1.2858481601143796,-0.9253263676103778,-1.135803791194761,-0.6113982526571581,-0.3339110290498689,-1.0361520285816501
RXWNCPJZOCPEPQ,-1.02041990406308,-1.719259749080153,-0.8457291868315546,-0.7768302145834879,-0.19773618007599034,-0.8593564376227217,-0.762279204397362,-0.540180977757511,-0.10884781827303741,-1.152608621746116,-1.4671229239494834,-0.008779589742872577
RXZBMPWDPOLZGW,-0.7780583448866254,-1.191385561159824,-2.669166823186901,-0.7212368530366075,-0.5408304089669541,-0.6706307764263221,-0.8636118329218951,-0.8892762194887316,-0.6707573506172498,-1.0342139636698802,-1.0158794021857351,-0.08150864806047178
RYMZZMVNJRMUDD,0.1112486276200475,-0.6202117794507481,-2.533960052059324,-0.6793981991409261,0.005830306693080647,-0.06909979757041913,-0.7697723068592361,-0.3855194444830148,-0.8864163199943789,-0.9548782202018741,-0.06028190294969892,-0.3117181906327007
RYYVLZVUVIJVGH,-1.1520154667773328,-1.7453419738692353,-0.7645824007230616,-1.0321595690872791,-1.028188648105962,-0.97900194865105,-1.1042288673268077,-1.0522426776214355,-0.9246543397356024,-1.0037233777805663,-1.9269606215038402,-0.8207532145795026
RZEKVGVHFLEQIL,-1.2403923069303069,-1.752969153456587,-0.6503729591522551,-0.7534711011034481,-0.38446386704629365,-0.8754796127080311,-0.7425999628007375,-0.1275983895622353,-0.8367753241629217,-0.9508258282611423,-0.39011755342419707,-0.751194829007171
RZJQGNCSTQAWON,-1.1717164370736104,-1.500878837082128,-1.1670266411940722,-0.8714814900541734,-0.2442458395871445,-0.5977660539224325,-0.8717751862467139,0.13965950028139829,-0.672242201254885,-0.8513741571529064,-0.25752254484288306,-0.7589081068371025
RZVAJINKPMORJF,-1.4938268654896785,-1.8752273904899424,-0.07398358761236826,-1.4295618416360574,-0.21005897740809132,-0.7730563453969042,-1.2503157396992375,-0.6344365958387025,-0.6527470162280284,-0.3452298765185926,-0.6048440291727671,-0.745454148858034
SAPNXPWPAUFAJU,-1.317248269959105,-1.5554365414981137,-0.10607758670885355,-0.8412258429773785,-0.5335068437337642,-0.8080757353067705,-0.856197294647748,-0.044820306335256965,-0.9535707934153916,-0.8596116478116729,0.05819599096915266,-0.6410157853638062
SBDNJUWAMKYJOX,-1.5196434687953198,-1.7854230427089923,1.0481130836397499,-0.727043858427766,-0.10161140080261194,-0.5496644384047658,-0.815713307701434,0.6174738741652619,-0.8932149361028087,-0.8626944925692477,0.21907463992853987,-0.967046673862503
SBUJHOSQTJFQJX,-1.3399470916716838,-1.6153777377702485,-2.7579008122511737,-1.3413819103770515,-0.5515270274788995,-0.8349786630092001,-1.2277665172098189,-1.1404133190853558,-0.82123201586681,-0.9288739040486237,-2.1337031554140524,-0.7986522588976991
SCKYRAXSEDYPSA,-1.2738632780386971,-1.7521824376901645,-1.3402413968196085,-1.0880058144028728,-0.17623358037985062,-0.780769311521321,-1.1724247144727977,-0.608450878846645,-1.2305784850623873,-0.6725281413670212,-0.47862144720889577,-0.9144338693137418
SDUQYLNIPVEERB,-1.116046870903939,-1.6779885363716802,-1.1501151628799833,-0.7392478168717349,-0.6101013163236522,-0.7761088608804048,-0.9570820104550379,-0.8235671023148121,-0.6609338658392878,-0.9686919908567373,-1.4298924781598406,-0.0295932061250104
SECKRCOLJRRGGV,-1.2173533525799327,-1.728638224172112,-1.3535057144939815,-1.1168574127840056,-0.8739909209301496,-0.9065566584249097,-0.8678640320129638,-0.4877227947769163,-1.0939618507075584,-1.1830413740677035,-1.506867107749013,-1.054205944029151
SEEPANYCNGTZFQ,-1.6179104641207849,-1.9192409492786267,-0.6268559742349924,-1.4405173451767974,-1.0439739764367657,-1.0783098718904576,-1.2251449925422366,-0.9723734018489705,-1.19679328283007,-0.9862623396246049,-1.6442197087677703,-1.277337129135395
SFBODOKJTYAUCM,-1.1308110266125166,-1.7117476643903398,0.22453435944049097,-0.7890899434567933,0.2276864966910403,-0.5903887480357531,-0.15317735395647394,0.12284257845397709,-0.4702638371520575,-0.7596102910089424,1.142549975794227,-0.1700092037266924
SFLSHLFXELFNJZ,-1.381557261704762,-1.7775162600877672,-0.7334946105491895,-1.2454825157067566,-0.3919028398185763,-0.7086736329904681,-1.116439206407091,-0.6001322306651304,-0.6183381098551897,-0.7309739687954084,-0.7214874825456339,-0.6566406314474081
SGDBTWWWUNNDEQ,-1.3845080613429868,-1.521069199784282,-0.9786547033906531,-0.9342536539756641,-0.5698919435429955,-0.7794661339310405,-0.5792691842701327,-0.3066847221137042,-0.5942702829382686,-0.545807360840094,-0.7990560925242868,-0.6193574849324208
SGOOQMRIPALTEL,-1.0505599970471287,-1.5347270181134471,0.3452958162992536,-0.9586045413589344,-0.2627945363586191,-0.6721813122016462,-0.7786230453523997,-0.025226603102554222,-0.6045756847622393,-0.9443106271293338,0.13729263799360378,-0.3586508296908033
SGRYPYWGNKJSDL,-1.2174932774025673,-1.6104233997272668,-0.2737742341995398,-1.0528923521696758,-0.31093262774735375,-0.6043355064311632,0.04181767696439084,0.03836492890640179,-0.6772477360598923,-0.9585341147426802,-0.2200329269498277,-0.15799005559025137
SGTNSNPWRIOYBX,-1.3132689186932516,-1.7569147947260184,-1.0697514875873,-0.4074521625363035,-0.5209456314497684,-0.7464547353981862,-0.9131552633223111,-0.42447784595557303,-1.2498675595007476,-0.7785704447528253,-0.20206393544624296,-0.9010763627340451
SGUAFYQXFOLMHL,-1.3875277520974383,-1.8220627312856958,-1.0998422434844017,-1.2993771195997186,-0.35913733149520577,-0.7347411333443131,-1.1016309009243033,-0.2527332444507755,-0.6682451466433952,-1.0268765182603123,-0.48696183291685047,-0.8422320328527295
SHGAZHPCJJPHSC,-1.1634956785117483,-1.54041304232406,-2.019043347404192,-0.975915605534367,-0.5251664655129151,-0.5544112900854878,-0.9891867566226875,-0.12825413658002496,-0.5953776049632045,-0.30724425206708345,-0.698990546419944,-0.6981315807688491
SHZKQBHERIJWAO,-1.539104940218912,-1.84195380326046,-0.4691138863043019,-0.6042910835413775,-0.73385651435546,-0.7360810509953424,-0.8756178323555501,0.3041433123684402,-0.8764635897824651,-0.5392788898451959,-1.3229839274987716,-0.9973280193724238
SIYLLGKDQZGJHK,-1.365616776820093,-1.75496364168199,-0.6035599832152095,-0.9847136350792616,-0.3941820076427525,-0.8626702203502208,-0.8772867690090294,-0.4931142175159119,-1.1263368761313077,-0.7460349233661466,-0.2753339168724888,-1.19784431824298
SJYFDORQYYEJLB,-1.2946653169344062,-1.7370681640310512,-0.42515631212839816,-0.6678433651903093,-0.48581121187074977,-0.6126591470309779,-0.8922140479352538,-0.6037451791282009,-0.9007905877700126,-0.9156116838529901,-1.2194642614213265,-0.6656700758847136
SKIVFJLNDNKQPD,-1.5259795199934203,-1.8506986555722016,-1.3866183440732034,-1.6417611338128615,-0.9602673162832274,-1.0539887157949535,-1.2508039721291597,-1.0558144659368072,-1.4008617442813125,-0.9398494317322426,-1.5751820531302636,-1.269870085913387
SKPLBLUECSEIFO,-1.5302487460637326,-1.8209090781363704,-0.7690288779859602,-0.884311657160254,-0.3785784614117743,-0.7522948070716327,-0.7782207129788982,-0.7238763265620486,-1.0578479935865643,-0.7210162546798538,-1.1753752311347805,-0.6711927125900863
SKVLYVHULOWXTD,-1.3574981679216656,-1.823796721888376,-1.4259100058280447,-1.5110632605250374,-0.8754114152799085,-0.8825622605555227,-0.5491377679783482,-0.5009252361911283,-1.1382024332253293,-0.9907183648670569,-1.278720803615173,-1.2019225387093775
SKYSRIRYMSLOIN,-1.0774017567949736,-1.5432591899558887,-1.8005646462286804,-1.0036530240950405,-0.41569220393543965,-0.7914801822745484,-1.0579944075872687,-1.130956912916123,-1.1738171316776023,-0.9426324748150178,-0.6248375345000785,-1.053589668535257
SLVMESMUVMCQIY,-1.2138759970377944,-1.6212823110475203,-0.15652017553730013,-1.0181606423234317,-0.7248423901721651,-0.8335182229781168,-0.970968697739409,0.15498780940189785,-0.9954720045458781,-0.7768829888370226,-0.39691022343594173,-0.849100013976331
SLXKOJJOQWFEFD,-1.518178445506661,-1.7698348274104874,-2.6654108629168882,-1.4615673588432712,-1.0536743629170284,-0.9103246082115627,-1.4017656968650798,-0.8968099557094475,-1.6299386514052243,-0.8432824148754045,-1.7522966160439315,-1.4000450218675293
SMANXXCATUTDDT,-1.3860981785344892,-1.7098276333999471,-0.6556072731196011,-0.7524636470040642,-0.4097497549865234,-0.8230179190681037,-0.7898125376102042,0.4753426935735174,-0.8492765685769519,-0.5310911333771974,-0.16575537404132176,-0.8657352990661191
SMEROWZSTRWXGI,0.27316556091438776,-0.09542664219475055,-2.6534759424989818,-1.290214436036221,0.6681757821362635,0.3448107001693675,-0.8715475369795216,-0.6145343350042678,-1.670749706580371,-0.8434944856731489,-1.5233639395028449,-1.1538889456627137
SMTZFNFIKUPEJC,-1.3968222221245585,-1.741121588223109,-1.7707951459223596,-1.32849747111928,-0.6205543057936214,-0.882635822600559,-1.1340828273808294,-0.9549494022191833,-1.069545232275997,-1.0058814710017796,-2.0683608236706736,-1.1002666199119286
SMYALUSCZJXWHG,-0.9548505021646443,-1.5154171252143178,-0.6484012879371949,-0.9833061948706814,-0.5759417205894566,-0.7481135956750159,-0.8916511478281747,0.09711456823460496,-1.0095106193498733,-0.9995667817488232,-1.029383982745577,-0.6930001610989679
SNBUBQHDYVFSQF,-1.1167563004362657,-1.5591684582684624,-1.799438605991778,-1.0380391448302446,-0.8536543619961688,-0.7325131643040438,-0.8008625333905082,-0.5716338556495995,-1.0875379649245134,-1.1250235154518031,-1.9208821874484534,-0.754015606125827
SNICXCGAKADSCV,-1.4202036376153404,-1.8189783034162044,-1.0968548369093627,-0.8443419908442974,-1.1497288255381661,-1.050913636359501,-1.2314296681226944,-1.004849375692089,-1.4350449935291685,-0.8288946502449429,-1.6598373937519357,-1.0644624510588012
SNPPWIUOZRMYNY,-1.5561937440531795,-1.8157543439279404,-0.006121103536020366,-0.8813468113360814,-0.4373237385008001,-0.855206687839272,-0.9340243992546036,-0.28443611436501226,-1.1331545439361275,-0.8473896235879538,-0.16336499177193184,-0.9292090475554775
SNTQPLDRUZOSDP,-1.046739657476323,-1.5127848476135966,-1.3666064850909898,-0.5134801122746018,-0.13146476164485338,-0.6829756464525963,-0.8982161327461513,-0.5209293679537721,-1.1545151547100831,-0.8448454683693147,-0.6083570309240575,-0.9718016767416642
SOYKEARSMXGVTM,-1.4993438176891198,-1.8194677397126082,-0.3078646476662189,0.015727811424584962,-0.48955452746117867,-0.8822007471614517,-1.0660693219161805,-0.1542093232327775,-1.3565165678456705,-0.6272124543601179,-0.08744253576566652,-0.7465102148327298
SPFYMRJSYKOXGV,-0.8982848023964088,-0.5275251968850095,-1.1657632135853007,-0.8018372262560669,-0.46026265194390875,-0.47216665451077156,-0.3188870756637278,-0.16495956509345153,-0.8968587591961197,-1.0255999883385116,-1.060919203394716,-0.3111892050438643
SPIUTQOUKAMGCX,-0.6294443024887935,-1.338623471085003,-1.047723238502838,-0.8352539789686348,-0.19764881221513275,-0.4448515517064925,-0.5220143003102674,-0.2994596564729767,-0.6590807681618717,-0.8197143237455994,-0.680118991933191,-0.502440512023301
SPTMROWPYQRZSX,-1.1966778456706966,-1.7332939988048357,-0.6225570796542351,-1.2381316747270181,-0.8805761776876933,-0.9288108520875826,-1.0057243723531921,-0.35374097365637813,-0.6991982261251185,-1.0937053859953818,-0.5792188904017942,-0.815383959982401
SQVIAVUSQAWMKL,-1.45331253188183,-1.8568024014380538,-0.9381455368977464,-1.2565805344818184,-0.491875909242843,-0.9104717206896075,-1.2122769431438178,-0.4081958278937561,-0.9634385175751328,-0.7912956085458037,-0.873517935691199,-0.9950654829463472
SRBPKVWITYPHQR,-1.3611146502496236,-1.8248189130037342,-1.3166400043605564,-1.2675818406788495,-0.3106071076529186,-0.8403350611558267,-0.8496402448115022,-0.5930169263769671,-0.7500871580008468,-0.9256885259496617,-1.1546171365336177,-1.0415072238992857
SSOLNOMRVKKSON,-1.4698359707219597,-1.7885025255501723,1.0616990119623702,-0.9437343942466585,-0.43782797333047707,-0.8617917875707906,-1.0519615732396241,-0.33178207013385813,-0.8703620752386717,-0.5876572834115518,-0.001660696056061158,-0.5619843915638962
STECJAGHUSJQJN,-1.0891690936666918,-1.5056474781964908,-1.9541075978911684,-1.2100953279158542,-0.3755407841467837,-0.8419165375633417,-0.8137684258846383,-0.9909966298878787,-0.7835430145943929,-0.9960151710217058,-1.4081255371880956,-0.5070312481444669
STJMRWALKKWQGH,-1.528689345787834,-1.8152047979076893,-0.12223957691872758,-0.7661285447722438,-0.5633727926510204,-0.8148175390031341,-1.0471869399000282,-0.12120559890608822,-1.0314375907414366,-0.7687258015977084,-0.2732100957752988,-0.8114519161123301
SUBDBMMJDZJVOS,-0.33733824900081383,-1.859532096591617,1.4988925518081766,-0.8533182374859096,-0.4226730313235473,-0.8488646980801037,-0.8400552339736281,0.6921271082892464,-0.5669693096171196,-0.9770324783727669,-1.0559434249871507,-0.8832734799431251
SUDAHWBOROXANE,-1.3892131316649245,-1.745526801983992,0.038485777598235855,-0.7379520918952885,-0.33858781264053167,-0.7315903548745242,-0.8436630191359697,-0.1829333165162848,-0.8448074062682223,-0.8927805405709137,-0.3519635339091148,-0.6312649052867535
SVEBYYWCXTVYCR,-1.3252403341790977,-1.759643147936741,-1.078111776075923,-1.1961349201664522,-0.3931341325672965,-0.5263226609409891,-1.0566820610933383,-0.6207997144070592,-0.9659188406549012,-0.9243499079122124,-0.7943261846834315,-0.8545609097036386
SVFXPTLYMIXFRX,-1.238527973376212,-1.558445965778079,0.4197644016672673,-0.5334169633032082,-0.008006887799834965,-0.48296672267597557,-0.6979580436602895,0.3698095805039239,-0.8141226405290636,-0.675780192970172,0.8042004860320011,-0.21524760305590288
SWLMUYACZKCSHZ,-1.474200048352889,-1.8576092961358248,0.6045406337103978,1.2000240083804812,-0.30526968795502535,-0.7765586463312713,-0.7601808514323144,0.8312355463347676,-1.1579898176711314,-0.5621469251029584,0.6699761022712736,-0.8234503674661351
SWZMSZQQJRKFBP,-0.28389959012572097,-0.750855211345079,-1.900301715169589,-0.8646836130800816,-0.12470388287964276,-0.28866511338759127,-1.0651646835732387,-0.1751925303323633,-0.2823787386059521,-0.7855550084649375,-1.1897543558241779,-0.35324302048576045
SXYIRMFQILZOAM,-0.5990442515430865,-1.1940538089781474,-2.278080378913628,-0.9081158488582517,-0.10193456957319103,-0.379311107331785,-0.8606477606468972,-0.5251007141361216,-1.1322370668318835,-0.799049433923816,-0.9585998134413113,-0.3157545862100444
SXYZQZLHAIHKKY,1.574380970121578,0.9433386762172176,-1.6562093288910718,-0.8962779322702289,0.3603173255723813,-0.22612410572254932,-0.976301270480531,-0.3890587036392787,-1.2367068213175532,-0.9973741203025683,-0.6895654825040144,-0.5773716475812788
SYLKGLMBLAAGSC,-1.3460876696439357,-1.6740132479881886,-1.8518414186768035,-1.3963580896211414,-0.8720510301970801,-0.7673335374536061,-0.8602322980855681,0.14966129476976933,-1.2195574358858758,-1.1374615758528364,-1.6876924376357383,-0.957996739021785
SYTBZMRGLBWNTM,-1.2048167254390978,-1.6157081387980559,-0.508617638243357,-0.5158663023230796,0.09327837857876815,-0.5045451056657697,-0.384824169775398,0.12249082255601597,-0.85168498330857,-0.7792309414875584,0.009967881393279558,-0.5656979105986579
SZLZWPPUNLXJEA,-0.9326629302130779,-1.262564470518114,-1.120395150655797,-0.9435005762583406,-0.5041943131657753,-0.46938348956753695,-0.4457826487402148,0.15899222861145793,-0.4332224537377759,-1.0309302266223463,-0.8072681212957901,-0.29235898992022874
SZRPDCCEHVWOJX,-1.0667352314719252,-1.7797621535234038,0.1613697899048785,-0.9079900698922299,-0.3161450645192608,-0.7822635921410287,-0.48769042621583375,0.06994923109769638,-0.9020315082549586,-0.8851202423464737,-0.9648021732379032,-0.9226980888375212
SZWKGOZKRMMLAJ,-1.3178468466216193,-1.7190326461228391,-0.22285485109033287,-0.9792235281397964,-0.13470664576892985,-0.5092083009548897,-0.7579341844147486,-0.26555735343908343,-1.1296023469874044,-0.6597474957177458,0.32670166494552005,-0.6909489636058974
TTWJBBZEZQICBI,-1.4672991118852905,-1.7705101317383154,-0.16339718298492267,-1.0228556407875078,-0.7721558007544638,-0.8479292559588844,-1.0598504660231907,-0.47493500469573335,-0.9225827534336778,-0.8795070459664828,-1.0570677139530082,-0.839783959844258
TUEWQXNXQFRUTK,-0.3726114319359626,-0.8220828468725885,-0.9162009611386885,-0.6629564837227668,-0.3136762427051735,-0.5120467659862523,-1.0004085831782374,-0.45743593502913205,-0.37016836914112017,-1.0238396958221687,-0.06681497744739838,0.021621281378086245
TUFADSGTJUOBEH,-1.3028207909595773,-1.5935138365212873,-0.4427768926918918,-1.1238300177866982,-0.7995809970314466,-0.9639957746746651,-1.3294631205625305,-0.8736224510199819,-1.3483879685252265,-0.9177926675589894,-1.8533439191804812,-0.9631519876879027
TUZYXOIXSAXUGO,-0.18736698712900504,-0.40434986195450706,-2.5110150555273916,-0.7664763432369497,-0.043452229374011025,-0.2325916582786476,-0.9286302219974432,-0.3382855456956093,-1.0503642117887915,-0.9738075644910587,-0.7881776189231504,-0.9045757186833493
TVQZAMVBTVNYLA,-1.3265745305650891,-1.794299698501385,-0.26441088091882603,-0.6742612353105227,-0.45516086213848145,-0.6471741784549451,-0.4745362791368112,-0.4281014477756205,-0.8598251117385807,-0.8783914917694549,-0.8947119066982596,-0.449018367918258
TVURRHSHRRELCG,-1.0456357459783363,-1.5970999666635715,-0.029284872260702716,-0.831515594567255,-0.11007985739742876,-0.29864105427628296,-0.8535314397939388,0.5235775011510342,-0.8627035615788348,-0.1629999081319034,0.224654495161927,-0.17849101533144018
TVYLLZQTGLZFBW,-1.1182517204066316,-1.5817684470202542,-1.40452000816456,-1.0689504320143626,-0.20480169558488523,-0.7161496794808282,-1.1171260839805819,-0.6845908598231536,-1.187512101619076,-0.8660122684682044,-0.3943067330090323,-0.8904600398749318
TVZCRIROJQEVOT,-1.2060185350358255,-1.6748142192468092,-0.9470661781645835,-0.8939692653039146,-0.5278509275555651,-0.6282873559454291,-1.0416988114619148,-0.6309325442903031,-1.0397168755418285,-1.0636274265983339,-0.84912871071263,-0.403425095931308
TXCGAZHTZHNUAI,-1.4843366016759805,-1.8201115277064472,-0.6960829243993241,-0.8641780560466522,-0.28298727372596855,-0.8108277576033903,-0.9295913979209507,-0.7607158140726132,-1.377936006751863,-0.8327014321642809,-0.584617735175906,-1.0592549912038074
TXUZVZSFRXZGTL,-1.1781808116674628,-1.630597491220525,0.0074296240409278385,-0.4821833009992115,0.07940760499424869,-0.3471107229567438,-0.596681425296885,0.5850650918684891,-0.2894672040068468,-0.16017461052146362,0.7989300538920228,-0.4070352700098192
TXVHTIQJNYSSKO,-1.5030940503666226,-1.5866456403904665,1.0467011484872863,-0.8220347650734151,0.8339269056360743,0.03807979300947188,-0.19906074171827814,0.08227311776990331,-0.41726107441623816,-0.18769726114014967,1.9217165860066254,0.26723295917200385
TYMRLRRVMHJFTF,-1.627514778949762,-1.9173974086658268,-1.2479593154031372,-1.5246717979906619,-0.9086900463768548,-1.0279457329185362,-1.2563842760711772,-0.9321170969349803,-1.342875218907607,-0.7457297617566487,-1.3626426364532702,-1.312169522109249
TYNLGDBUJLVSMA,-1.1688501067201795,-1.1000564549318916,-0.5267476937892103,-0.792276067650808,-0.27943882099043277,-0.39425693361953684,-0.46511332676458206,-0.17822723738261878,-0.5503542916701539,-0.8611543334471572,-0.1833361286982055,-0.27008580749571603
TYQXKHPOXXXCTP,-0.6201274329853768,-0.9284895210498416,-2.8101773739422384,-0.7363690031498924,-0.35961088283261644,-0.6405153495450899,-0.7097378901608488,-0.8639945150023756,-0.7567830898165512,-1.1110193074456942,-0.8702179690725728,-0.018764759137275187
TYYBFXNZMFNZJT,-1.326791900512849,-1.67058495359893,-1.2130766716793018,-1.070128998835379,-0.6835419580096586,-0.6329041010922931,-0.7443670318577544,-0.4656953569542628,-0.7138932954593666,-1.0089878791027047,-0.8554178033582058,-0.5549149576671565
TYZROVQLWOKYKF,-1.2398530790402245,-1.6160821279855047,-1.6208392773553262,-0.948053278378443,-0.6935221659629497,-0.7699964422515739,-0.8192148754030028,-0.5789383213031701,-0.8184049916343668,-0.9280920599803667,-1.643689641270269,-0.41604320115714305
TZBJGXHYKVUXJN,-1.1773007626272725,-1.683650075077536,0.2261582493370353,-1.1214220086286628,0.18965046727776408,-0.15173830562107682,-0.25654185225092546,0.4408459722794765,-0.22214294839200174,-0.153910729446499,1.1133688055721425,-0.013361968269175697
TZFWDZFKRBELIQ,-1.3649148083111236,-1.7831612653427384,0.18647933832222222,-1.1399793424021154,-0.37635447657236437,-0.6877117789409035,-0.4153662024568886,-0.11211579267822415,-0.8091412856853857,-0.6324203011624858,-0.7318394001962312,-0.3945706316871779
TZJUVVIWVWFLCD,-1.3675377207062935,-1.7836374120370102,-1.060116333362441,-1.331821011860147,-1.1044357556962245,-0.9984081194867716,-1.1597326096500862,-0.5284455146218041,-1.053300111698095,-0.9649582833483485,-1.515593302170184,-0.9821870871757029
TZRHLKRLEZJVIJ,-1.1324244135457824,-1.7498895378562187,-1.1509051550411205,-0.9538357345518008,-0.5754674720551253,-0.821811006167872,-0.7628220177863071,-0.17587257361508554,-1.1255490496853209,-1.031223977125637,-0.1527757492661368,-0.8352767630221136
TZXKOCQBRNJULO,-1.309667567234618,-1.8271054771500688,-0.9408213522900584,-1.0961063587377036,-0.7529203280967768,-0.8455394154998614,-1.2513243659840836,-0.8541909770046943,-0.9624364160418183,-0.8424485862007963,-1.2795193755655576,-0.8371531455916317
UBCHPRBFMUDMNC,-0.9888656780403889,-1.1503794004451449,-1.8870138146878745,-1.0304973365321917,-0.06218866872222724,-0.5200791850649803,-1.3240997262559542,-1.0398047755265964,-1.2901861871318103,-0.63429377697011,-1.1669487468672282,-0.9144174707049333
UBPYILGKFZZVDX,-1.223864023975185,-1.6872264848230705,0.1706440527326775,-0.8010073770688966,-0.6441236794529891,-0.630739250823192,-0.8282423865896296,-0.12702296120279433,-0.8795492274355832,-1.026393180575371,-0.5295839645028958,-0.7212764361552224
UBQNRHZMVUUOMG,-1.3881927783200672,-1.847668993263735,-0.8604874136209465,-1.2406932903193788,-0.718849747427364,-0.6194299269333127,-0.18450230384201058,-0.5777980099401709,-0.748699250296649,-0.8980240581327203,-0.9519807197169716,-0.9303413836404104
UBRKDAVQCKZSPO,-1.1445485493271972,-1.6840322364864941,-0.7799341370599275,-1.0300983341232177,-0.8986259737882651,-0.7889740017804272,-0.8881121878790136,-0.33786829822703773,-0.936280606732562,-0.9992790432830196,-1.012670426476725,-0.6468694605277358
UCFGDBYHRUNTLO,-0.706968630878058,-1.1244771329046805,-0.79034610992387,-0.686804663023521,-0.44497852518213055,-0.3587388497797542,-0.5493248813700102,-0.1182408678724758,-0.5545107262618811,-1.037046714390824,-0.4698685585738631,0.09893199641042572
UCHDWCPVSPXUMX,-1.091867157491457,-1.3924559594573416,-0.43289249004873764,-0.2520761349906154,0.24695718120467908,-0.5500049488611651,-0.2056329627225465,0.7351277922548317,-0.8596438635822604,-0.764480450114661,0.7950855660045959,-0.5922222042183751
UCTWMZQNUQWSLP,-1.2955457229178735,-1.7780940831261316,-0.8392776184735391,-1.3431692475331343,-0.5961065519886405,-0.781684361185966,-1.1936211557107415,-0.7442700264286781,-0.7826551025057419,-0.801039394947339,-0.8837010029704033,-0.810315029526246
UDMBCSSLTHHNCD,-1.222946932112226,-1.3814436405499915,-0.8886804910423383,-0.7123658440563003,-0.44118138255773204,-0.8462909752865138,-0.9435337460368258,-0.6234029474516709,-0.186965645032589,-1.0230488352573457,-1.7497262099590498,-0.3202547532999042
UEJJHQNACJXSKW,-1.1437672179397795,-1.6056523293756018,-1.0574250240335274,-1.5201583295363092,-0.7715088849382735,-0.745403096928194,-0.88764075390695,-0.9341317612492851,-0.8408782421585291,-0.9770806655541502,-1.0875810000127348,-0.3380791470169511
UEQUQVLFIPOEMF,-1.2328260458213072,-1.7423161158077367,-0.12628713475929987,-0.9998400923605119,-0.7318898899477587,-0.7933214657064882,-1.148882314368725,-0.299221851233078,-1.174976097961294,-0.7162557135887593,-0.5555337901202834,-0.6554541575015681
UFLGIAIHIAPJJC,-1.5209379132195782,-1.884351104464878,-0.27462120281202934,-0.7544449963478002,-0.5897243577021254,-1.010705616097284,-1.1860559296317446,-0.6940381355307088,-0.8400635943926951,-0.75751663173142,-0.7593728852143573,-1.0092698654739847
UGJMXCAKCUNAIE,-1.3773182305714002,-1.6638776009827652,-2.671844252527403,-1.4397505881979735,-0.8371254658347316,-0.705892624528399,-1.2811409517629042,-1.1853559085061616,-1.5949628183983493,-0.8356020957174073,-1.7752539592672112,-1.3791989355693033
UGTJLJZQQFGTJD,-1.544680389598981,-1.8248446127696292,1.1018053041857525,-0.24137495462810057,-0.3114004395704392,-0.7763758420674881,-0.9142822060415705,-0.1229190519145629,-0.5423283351838561,-0.4009131539884166,0.25801131326354587,-0.5733597881112954
UHDGCWIWMRVCDJ,-1.1614740036401525,-1.7474294744825951,-1.478583579614245,-1.1219399191359156,-0.5900063431897433,-0.8791692808175795,-1.0920309921388378,-0.982373525519777,-0.6715686371833074,-0.9541112621923902,-1.879322378311144,-0.21034670278339565
UHWVSEOVJBQKBE,-1.3702874118432442,-1.7705605350463538,-1.1046385724396124,-1.3363713845329355,-1.035426963179245,-0.9137539177429778,-1.3187247770761172,-0.8529695462008131,-1.0297902583024698,-0.930613489721962,-1.7689716206110933,-0.9909508704070931
UIARLYUEJFELEN,-0.7109651794205952,-0.8598203330095757,-0.4323646058893935,-0.25326527407831195,0.03542271290520204,-0.34518896084069894,-0.5765562604870409,-0.0997385424036689,-0.2137407380518308,-0.8493547762469145,-0.11826025899320375,0.39712276328526536
UIAYVIIHMORPSJ,-1.1563406521987778,-1.6234998580568025,-0.8286622273517549,-1.1373223822405933,-0.14431775321554335,-0.6655441766797456,-0.7088186420919685,-0.48914284508827766,-0.7010345172159499,-0.9490600496796283,-0.5824289859919887,-0.6243484641588876
UIEATEWHFDRYRU,-1.522246733726279,-1.836163169787181,-0.8146323517007746,-0.9435221218381891,-0.5036190674892675,-0.9328280751427422,-0.992558124284556,-0.5821585488896802,-0.9327785217100758,-0.8585848397365523,-0.8559973860911401,-1.02156664434637
UIKROCXWUNQSPJ,-1.2522260497052118,-1.7338328862221644,-1.4607859748975272,-1.0262523756543045,-0.8879998161255713,-0.8465584927032515,-0.867319722504012,-1.05290876012755,-1.21204903807045,-0.9534441087726073,-1.7024974831230484,-0.889473648036018
UJEWTUDSLQGTOA,-1.4585131315244486,-1.7899997906456737,-1.463498472372869,-1.3424449924479878,-0.8286304834123219,-0.9146580625416735,-0.9875358440080048,-0.35793171621479886,-1.0033144454749316,-1.061424851306035,-1.303035624226455,-1.076074959418605
UJVLDDZCTMKXJK,1.5514039839331204,1.0239667687214136,-2.057138527593257,-0.9790758978963015,0.9102132713934513,0.7159252600911704,-0.9790361280036546,0.08448733032786195,-0.9043354755614602,-0.8177703737673417,-0.9048772874572484,-0.46119800068430306
UKTAZPQNNNJVKR,-0.9795455411713441,-1.0178612505680142,-0.9083557520060936,-0.8356918962168999,-0.00896739183111395,-0.44671275360785556,-0.5408062859635449,-0.6318019280749457,-0.7357102557284542,-0.9893094922769351,-1.1383835750821585,-0.3500273373830134
ULDXWLCXEDXJGE,-1.0580255968189558,-1.6291557797898146,-0.11702274758975452,-0.7283320579783789,-0.129905449048458,-0.7190964795965369,-0.6355950519979711,-0.22734181534437248,-0.5415185242531213,-1.0128802740857465,0.011350535717100029,-0.23510167858546163
ULFRLSNUDGIQQP,-1.4559278094711272,-1.879855048876895,0.6709941808703587,0.08616954250369523,-0.9668082804618222,-0.8919924551783763,-1.1800943204130696,-0.6800575952234593,-1.2023716556960928,-0.8780527484523344,-1.147364170251355,-0.9231176290156042
ULGZDMOVFRHVEP,-0.6289687452109428,-0.9010364259591923,-2.799422705452611,-0.747048967267229,-0.3782266449506659,-0.6360328167641369,-0.7109496495307257,-0.8385621380607351,-0.6198898857822807,-1.0214384888076409,-0.9863524996601195,0.08640996265169869
ULLNJSBQMBKOJH,-1.2746930694313603,-1.8045956118579374,-1.4698122366620003,-1.0699085763908454,-0.14332759510060356,-0.6584544010791133,-0.39408767003698136,-0.5730118968543105,-0.9299033460606769,-0.8207181817939603,-0.9169217709957731,-0.8034602467129126
ULSDMUVEXKOYBU,-1.2199519026518906,-1.604589086247842,-0.33971878930707966,-0.8775935680312825,-0.8913366702599349,-0.7229457322671088,-1.0194681698693973,-0.5937801504387276,-1.0453755759958816,-0.8680916638482175,-1.2762935099393715,-0.5297847835585714
UMFJAHHVKNCGLG,-1.5553704156395514,-1.779664906835904,-1.5071584144847918,-1.3753557751182965,-1.1672870402161666,-1.0322687269475406,-1.3855473485554137,-1.4035026718746717,-1.3571697434585668,-0.6437803586546136,-1.7319254229326715,-1.1472983923309419
UNAANXDKBXWMLN,-1.2461564211823726,-1.589330464126441,-0.8045921322952109,-0.7618029787652767,-0.20067358712132916,-0.6974208887899602,-0.6621543679094005,-0.19438579554177862,-1.4152654536544877,-0.549043656921367,0.19296575418280026,-0.6599492691219758
UNBRKDKAWYKMIV,-0.8675637350142443,-1.2599416739168063,-0.5236910299405491,-0.9527329200457458,-0.5600183923528714,-0.565191957733204,-1.0837497884184315,-0.11689231302505161,-1.0829470270339225,-0.9673138686092508,-1.3289438775900468,-0.3131044409549002
UNFWWIHTNXNPBV,-0.8717881688209473,-1.3446635915876581,-2.42451758723027,-1.0203696398070818,-0.6349064389400844,-0.741809511401086,-1.0983621662603542,-1.0808603990486558,-0.8824051106837337,-1.0399266120973931,-1.3786666952734883,-0.00684028367080364
UOACKFBJUYNSLK,0.1684200588464098,-0.1893409133416941,-1.5206378068079163,-0.8685528701698112,0.9494374685087856,0.9265914902257227,-0.4178401367889791,-0.008267888396343246,-1.281575269290213,-0.5775519634269561,0.40428430141570737,-0.751253265264123
UOCJDOLVGGIYIQ,-1.2229167348585945,-1.6768112204713135,-1.3716913960749908,-1.2607576329944816,-0.7080132448823552,-0.7454836631626193,-0.8287903282348419,0.012951385890584447,-0.7313559275720981,-0.9585732229827906,-1.5247529977096732,-0.5638746839473756
UOWZUVNAGUAEQC,-1.3201130739199571,-1.6754495142542267,-0.5028235772400726,-0.9565161567577711,0.02306533816040507,-0.37800581176584364,-0.30864079975017256,0.28469252679740925,-0.46411476003976887,-0.7456327442161377,0.2596831056267145,-0.6279671067338202
UOZODPSAJZTQNH,-1.3507093292364074,-1.614174236072274,-2.7269852582096044,-1.334369728637545,-0.5410082342648084,-0.8026490873778462,-1.0858063906162552,-1.0593041520428432,-0.6464432325700509,-0.9417960136801307,-2.056168721183578,-0.5392389250446096
UPSPUYADGBWSHF,-1.3448601309005728,-1.7636339195043669,-0.06752706567573453,-0.7452769046819783,-0.20857712023284397,-0.7195824074666295,-0.9356990365975948,0.15966177633234657,-0.7724496947347033,-0.8293131170420536,-0.6355315887672239,-0.7318506215010541
UQGKUQLKSCSZGY,-1.0214079783343912,-1.2960953780240418,-1.1140531736799213,-0.6366194718549963,-0.48248918954191533,-0.5873999052829967,-0.4747527747147898,-0.0996974096552547,-0.7808858216478692,-0.9655007958406134,-0.49613501272854804,-0.6522761477843633
URKOMYMAXPYINW,-1.1596027824003479,-1.5843898950787279,-0.23304688502592177,-1.1534478545557396,-0.6329750891265432,-0.9943981391663053,-1.0433365528101493,-0.1999032750715778,-0.7761293978206062,-0.8194364825019433,-0.8731889163631912,-0.8752476954183159
URWAJWIAIPFPJE,-1.0982311227273502,-1.5130906320898445,-2.744314012377727,-1.158990556336561,-0.5397553888883839,-0.6949813630231316,-1.2000622236029364,-0.7605424045391878,-0.7963288533346529,-1.0564097985521728,-1.7441104312831457,-0.6222830906053822
UUQMNUMQCIQDMZ,-1.594265503942808,-1.9199349799028023,-0.3668214285197662,-0.8308555175679516,-0.9548490257846824,-1.1254035277822956,-1.2787938581161145,-0.8096469636970955,-1.091397249779948,-0.7637904447228773,-1.0356183968507902,-0.9654667323559337
UUTKICFRNVKFRG,-1.3351241371488238,-1.6152589502549255,-2.839433821694797,-1.6973635176193684,-1.1281394610264055,-0.6584159980425431,-1.0430706129229692,-1.1495704777094913,-1.2151082875095818,-1.1258906566109093,-2.2171950804414156,-0.8993352883184909
UUVWYPNAQBNQJQ,-1.5361992762125571,-1.7801216594164901,0.029140057205290067,-1.1979147158202574,-0.9424569703116407,-1.0511460784810047,-1.228727174485532,-1.223249304900242,-1.13573735904835,-0.7534119266221452,-1.5520531621623253,-0.9077433652762096
UVKZSORBKUEBAZ,-1.3654208320382089,-1.7814702903299424,-1.0231772473340424,-1.0829211996758112,-0.6548295540452059,-0.9199994801081302,-1.1843466984714732,-0.5346755503402837,-1.2384154306647075,-0.6647497202530777,-0.8194021328083995,-0.9875111954880504
UVTNFZQICZKOEM,-1.3641687618556044,-1.7719594941888965,-1.2722414922285037,-0.7977257829798474,-0.4698729249378725,-0.8765538089420666,-1.0338636618670995,-0.6675799673453446,-1.1848555932080502,-0.9992914857065822,-0.9751769688171991,-0.7724152516850352
UWKQSNNFCGGAFS,-0.8023011769415298,-1.0398923638594462,-1.481406418579872,-0.611666810636593,-0.06364393296116115,-0.5466157399507455,-0.29353568038030253,0.05979335924456354,-0.35226056401520794,-1.0671061725670556,-0.35551521108174733,0.2540626198882376
UWWDHYUMIORJTA,-1.2458725874754948,-1.7117070267314367,-1.4175084347435751,-1.2171012520346691,-0.5684026359268138,-0.646400192944949,-0.8879138435469963,-0.738580847714885,-1.1095308284821308,-1.1348098022478779,-1.0453445346494519,-0.6916897215855575
UXABARREKCJULM,-1.4553540174643207,-1.8047749636302166,-0.2306560667170129,-0.5543397924731971,-0.6340189821562365,-0.8760625194499305,-1.0552345260487397,-0.201085933621823,-0.4872564029055183,-0.8028104978991255,-1.2674398267186309,-0.5879055085599324
UXOWGYHJODZGMF,-1.3074187573642995,-1.7572577182153588,-1.5859282226411873,-1.0954187794768124,-0.6679189699581509,-0.7278220283023912,-0.9487568072606143,-0.7706714474802572,-0.9374319451716305,-1.0711467139807627,-1.1394378797452969,-0.7532171680509864
UXVSDVSUISWXKD,-1.1016777360763257,-1.5386017432094443,-0.15813744310063985,-0.3457236773417667,-0.5546947798077945,-0.7778747349128008,-0.8533784958779247,0.11878905906763035,-0.9184057790067414,-1.0169175667391142,1.0078683589005815,-0.981350573849773
UXXQOJXBIDBUAC,-1.2241813530572236,-1.635838444631731,-0.616883051688937,-1.0670236551973231,-0.7303934095962793,-0.8081922376551295,-0.8347914284834055,-0.4153141202152113,-0.7079757510200648,-1.0685282917299364,-0.6373184438974306,-0.7233660029256396
UYIFTLBWAOGQBI,-0.014959220526114099,-0.6400173832238545,-0.7759298445101935,-0.9410821888825205,0.9541221283374719,0.15504839649561034,-0.37657136693614607,0.023662416252320757,-1.0100586817478727,-0.6768632576101185,0.5547915198268077,-0.7232604487740273
UYNVMODNBIQBMV,-1.2779519383891116,-1.7362308502304131,-1.2399956296121832,-1.2449111010956762,-0.10975877763323044,-0.8299048212265501,-1.1523412725853084,-0.29936993812014584,-0.9585758543146192,-0.7036690552589714,-1.1155762115668693,-1.0206013051967218
UZHSEJADLWPNLE,-0.3495605325204644,-0.7869777201639214,-1.9512622386467737,-1.1126616310037898,0.2097445298874743,-0.4598742718263038,-1.0038734709354333,-0.36332286170683076,-0.715586854531005,-0.7110086071306018,-1.4989682792555248,-0.2057580627814741
VABCILAOYCMVPS,-1.079839617345805,-1.5693048459486199,-0.6658268894828947,-0.9738402128676904,-0.25237480254844524,-0.42005693061971433,-0.2630374049018701,0.41887343048649217,-0.44891597069527245,-0.7985493643367746,1.5602721920312272,-0.5021792668569247
VACCAVUAMIDAGB,-1.4427647885340291,-1.8884901883166378,-0.6450324053867637,-1.4232780230412936,-0.9618214710996584,-1.0810120501676148,-1.0132567165988122,-0.6106118268651843,-1.0405308549273753,-1.020347898531695,-1.248796506345246,-1.2904532493705398
VAOCPAMSLUNLGC,-1.4750374973401241,-1.7400337766656147,-1.4235633068881903,-1.0847144587674387,-0.9629436743249383,-0.881373538563481,-1.218860723273795,-0.6657613858781601,-0.9663716972297609,-0.842182748637735,-1.6867864837127309,-1.2856577152725843
VCKUSRYTPJJLNI,-1.1376746935880167,-1.5840348262686197,-0.6413373689744547,-1.1452972083485897,-0.4774902766101319,-0.7667427049205979,-0.8909110242665375,-0.3620546451138999,-0.4027653210292747,-1.158686483331317,-1.4036203292509821,-0.5034257893147727
VDCRFBBZFHHYGT,-0.7694045671369105,-1.1357432401464678,-1.331799901187715,-1.1931746815740136,-0.6071757928265016,-0.8125604600725328,-0.8292640995978386,-0.711424920688135,-0.35197109150273775,-1.00508696607786,-1.8748498090512196,0.06730398207229386
VDEUYMSGMPQMIK,-1.4667121499410924,-1.9167541310122829,0.3583680428379621,-1.2828556860603368,-0.2884002926253639,-0.9111706531132664,-1.1797724466241057,-0.5590844793000511,-0.7761650683474302,-0.5230965997941384,-0.6712367390692549,-0.9187730795318876
VDHAWDNDOKGFTD,-1.480084183634224,-1.6534615299276112,0.4537053311738223,-0.3251133218297667,-0.08411594940259688,-0.6190592472000105,-0.2872239719498117,0.0025571435035553016,-0.8170962500048323,-0.6819724017487083,0.649314357502003,-0.457536492101816
VEMKTZHHVJILDY,-1.1440067496953084,-1.5884710074544621,-1.3151944390079497,-0.8927427546899398,-0.14716018368182796,-0.6065640322483358,-0.3021671461793828,0.07497210577414677,-0.8685569251556868,-0.8403882733495824,0.2367586460371801,-0.8367784847691984
VEQOALNAAJBPNY,-1.2025362425348443,-1.9336586506874087,-0.464266943658177,-1.186701674359477,-0.150885953953761,-0.9929748289158234,-1.225887043975952,-0.70836074907652,-0.8517095292093209,-0.8560477601303753,-1.1737866557154906,-0.8608904733065602
VFLDPWHFBUODDF,-0.8560298604238664,-1.3980504287427489,0.09323719183574168,-1.2317945150302865,-0.02313011094236804,-0.3235982921925898,-0.662934809644375,0.15964920791364948,0.07457710922272491,-0.5453375983654845,-0.2897162490902075,-0.5475164202846927
VGEREEWJJVICBM,-1.4111952714305005,-1.7485315647157553,-0.6293420534556802,-1.2521312043145123,-0.023230226544411595,-0.19056663798541004,-0.9353315368206319,0.12340062953357156,-0.7158396489377624,-0.5612656603004499,0.14532861145389517,-0.6948502644517447
VGGGPCQERPFHOB,-1.3829788312756752,-1.711712713259519,-1.5664872519240511,-1.1863686009424133,-0.6011152901405926,-0.8419518935811715,-1.1017817349231762,-0.9996753199558961,-1.0701479205701436,-1.0551074891984242,-1.3625495251441089,-0.8260063210607644
VGIGHGMPMUCLIQ,-1.2310753581501355,-1.517466847560765,-0.9074883815854526,-1.0330038593587276,-0.6777499361776316,-0.8009868873464818,-0.4408582517654683,0.10904871323635933,-0.7438752098898208,-0.8600174904221574,-0.43693363454924217,-0.7259840429067688
VGKDLMBJGBXTGI,-1.1830633983517624,-1.5294162811117396,0.3989362089345633,-0.6246778437741785,-0.025995930524790174,-0.44265579110141945,-0.383085059154107,0.387764761734442,-0.851480391799335,-0.6452807027505636,0.7934825346151854,-0.3282488549893294
VGLGVJVUHYTIIU,-1.4264967671089592,-1.7928409113422226,-1.421139792500282,-1.400745592285247,-1.0969363712487734,-0.7990176190301804,-1.0164246091391993,-0.5582917765399013,-1.062657585037278,-0.998880401702497,-1.4158544241487672,-0.9859552364989688
VGZSUPCWNCWDAN,-1.5582874957016069,-1.7870842124927888,-1.9624891976737437,-1.6271899287429354,-1.0136572976522122,-0.9939070359241253,-1.1903792749930482,-1.1624644394164192,-1.4808945289130477,-1.0649948063815773,-1.0415030545813908,-1.3971944741483457
VHGCDTVCOLNTBX,-1.3804495432704593,-1.8843586848027998,-0.33090609904305734,-0.29520824175052657,-0.12008786331965865,-0.9098940549611617,-1.1017515451543076,-0.4468630082859594,-0.80778963002981,-0.8542641463727474,-0.27091731083217185,-1.0075802164392247
VHOGYURTWQBHIL,-1.5198509829422242,-1.8150041192133586,0.5192608031684005,-0.5763681919271455,-0.4676403195637622,-0.8658217053876138,-0.9831402117992518,-0.1997012774297119,-0.5222873843336849,-0.879753469304136,0.24918071178671194,-0.8082950626968051
VHVPQPYKVGDNFY,-1.2319483140684269,-1.6893112850751424,-0.2525314145714496,0.4471573822990672,-0.5643920537835176,-0.8096239361305586,-0.7395493295640301,-0.018193429372931863,-0.3740890500594317,-1.0121965535059707,-0.3107060822498848,-0.3822337476689376
VHYCDWMUTMEGQY,-1.4793871077574736,-1.841765422921997,-1.3440228575824833,-1.1112344864737858,-0.7252607679559503,-0.9429083950465069,-1.0594439410209842,-0.9757539672724482,-0.800917244926162,-0.7545240896070683,-1.5043016713039015,-0.9419706356868682
VJJPUSNTGOMMGY,-0.8068020678429054,-1.33893681029558,-1.3554434260487849,-0.6928636309534288,-0.3318354421744023,-0.47470309046738307,-0.4239524688643972,-0.39488604223298435,-0.4632019945734354,-0.9617419231582824,-0.5023470036194931,0.3774201790056275
VJYFKVYYMZPMAB,-1.4920462835626176,-1.7358121055491376,-1.7230593820857352,-0.8664772243445562,-0.6894877015101449,-0.8362011914001882,-1.22649792780311,-0.34008372340668774,-1.4639908175955605,-0.6164797337849243,-1.1723546148832376,-1.3136600898864461
VKYKSIONXSXAKP,-1.3795731792282326,-1.3871957587191137,-1.3265030516683385,-1.6639530584164062,-1.2517510859166665,-1.031629506061709,-1.4573316670282317,-1.351911686103992,-1.2679217289421245,-0.7790330676794471,-2.267082033155781,-1.0753092381916944
VLPIATFUUWWMKC,-1.5521042614054052,-1.8779726736413735,-0.11999286185852374,-0.8011408342215435,-0.4058553270588184,-0.9214692018319222,-1.1811834042316802,-0.7424643115793844,-0.7549363973256812,-0.800987359855818,-0.8282078389466112,-0.7784897462419242
VLYWMPOKSSWJAL,-1.4358924088920597,-1.88157916353796,-0.7730425386822776,-1.3261993594481811,-0.895190241381318,-1.0539716918345368,-1.1750874333702426,-0.7201985735535111,-1.0003320941516667,-1.0961546580103103,-1.2267132434039965,-1.2713367477929083
VNFPBHJOKIVQEB,-1.4282168101959118,-1.821448668799465,0.18712472993835114,0.9610788552567819,0.2497688803970764,-0.6558694769347502,-0.8399118639110766,0.06366767289948902,-0.9888819386073371,-0.5489333612666525,0.41195821607476646,-0.5793977976534042
VOXZDWNPVJITMN,0.18750151000260804,-0.6330150735573395,-0.9612042667286469,-1.0627261150562008,1.0100846590700545,0.6598925940001904,-0.9735952651255517,-0.04261428441482416,-1.2328728898721224,-0.5697574598837833,0.6286001532536235,-0.636019694386851
VPJXQGSRWJZDOB,-1.451730712533158,-1.7154521544429524,-2.2736065111008394,-1.3655304590061876,-1.172230960162348,-0.9337259663706352,-1.1899710286437284,-1.4448382894248961,-1.4899163484279505,-0.8830350486454333,-2.1779964489430705,-1.3103270425866789
VQHUQHAPWMNBLP,-1.3552141473765296,-1.6690471067989983,-0.3297810176075123,-0.7447092151130832,-0.4112600977023052,-0.8149800934315622,-1.0307753036849165,-0.46482756500209865,-1.2613351216812274,-0.8041598188665839,-0.742473827731594,-0.9115568382628652
VRBKIVRKKCLPHA,-1.2531201411677206,-1.7132428155775437,-0.813419899168596,-0.7457551069209628,-0.7190612568778012,-0.8505888766235813,-0.7366875925555849,-0.13954892767921048,-0.39959053874369993,-0.9952114358809702,-0.9164328094148698,-0.9795966442920024
VRDIULHPQTYCLN,-1.404330280090655,-1.852824112229052,-0.20556895053549532,-0.6297213022669522,-0.7292505649749441,-0.9868819189067499,-1.0608390842824376,0.03885275076268418,-0.9093470319513979,-0.4171366317826856,-0.5895193445441828,-0.82727168263156
VREFGVBLTWBCJP,-1.1152820984061527,-1.7681722251077097,-0.20979924856342003,0.03357520999651932,-0.07282408254110738,-0.8545538333956175,-0.9113110722059343,0.10388880044925705,0.3955219614798552,-0.9298690639929448,-0.10001615048052233,-0.41439577180828097
VRQVVMDWGGWHTJ,-1.3008801530874101,-1.7715709570997946,0.5819505773411328,-0.8296561168963712,-0.4724444038055848,-0.8589549584832068,-0.9335317312942546,-0.14457673718528055,-0.7334399676024823,-0.7821493254385122,-0.5189527254551483,-0.4404444377244836
VRYMTAVOXVTQEF,-1.3579598698450295,-1.7221164309624695,-0.8287651933708295,-0.8317373054392659,-0.6277556082069766,-0.737747308789962,-0.9941755984769216,-0.5863152279581679,-0.9570291179834928,-0.9272062896686175,-1.1162155779331562,-0.7877996910834846
VSBHRRMYCDQLJF,0.9843260629066622,0.5487701142328024,-2.3300031949806894,-1.0306393014920214,0.9224829449186844,0.1462074309162349,-1.0723122414623596,-0.21493391010893134,-1.352432570158296,-0.9532313504664566,-1.0058941376641812,-1.0322336717527527
VSQQQLOSPVPRAZ,-1.1396485994067733,-1.587600718678191,-2.0405595989301,-0.9741673618905031,-0.5957434823626219,-0.7650777185097769,-1.0483967963276222,-1.0429328119795083,-1.2320296183350496,-0.9820587240048031,-1.7478777029213701,-0.420213396948931
VSWBSWWIRNCQIJ,-1.1488318272642377,-1.6403980970012717,0.608175310907227,-0.6942286595485131,-0.36135114293662235,-0.7257408319704886,-0.9466693901738441,0.1854857706677484,-1.068679454125641,-0.7080230289078917,-0.09710026744501277,-0.5005197402853041
VSWPGAIWKHPTKX,-1.1547333360286696,-1.6430535617865205,-0.6820724437823167,-1.277859867407872,-0.9021162591999803,-0.8239322884238188,-1.0419219572837475,-0.21124097820430457,-0.7604561842672031,-1.025616732861525,-1.1865404732348532,-0.7231811618296682
VTJXFTPMFYAJJU,-1.3190332311048296,-1.6911593097337663,0.3569832034935308,-0.5799427272322213,-0.2369055094742109,-0.35358516025161724,-0.9410711131486685,0.06581774436692846,-0.23541676249560028,-0.47279905650742304,0.08453482371309878,-0.2154251246220003
VVIAGPKUTFNRDU,-1.2844340059061978,-1.5749872757637644,-1.126556933813009,-1.336701276025629,-0.6835273410809999,-0.7852110998553734,-0.9825202773593278,-0.16586164765848715,-0.5985694283594263,-1.1040478276828367,-1.5147969396363248,-0.4954670365158096
VVWYOYDLCMFIEM,-1.24175901722834,-1.4311964976195555,-0.7141828037353383,-0.4487186782645076,-0.4317173751717751,-0.6766659562074134,-0.6295398011823321,-0.5681046287489839,-0.9723064054907693,-0.8872364586269815,-0.3990528272360808,-0.8151774910730362
VWLHWLSRQJQWRG,-1.517544193171843,-1.8190729898075775,-0.12467977675196469,-1.009435749408965,-0.3242109929954407,-0.6839478749833114,-1.1969764138291428,-0.29947158300174237,-0.7408041993784491,-0.5115825923802553,-0.3043717276655771,-0.85282304536116
VWPOSFSPZNDTMJ,-1.1228475259708408,-1.67926105353488,-0.8284919586312064,-1.0017609620463674,-0.5662908763934472,-0.7371596319538674,-1.122154233490504,-0.8520245451358378,-1.0277350316405134,-0.8126569091728674,-1.0065241512555612,-0.5775258438652796
VWQWXZAWFPZJDA,1.8128516985491736,1.9730552167557114,-2.710726493466315,-1.2078239160025195,0.726510946332783,-0.06842229366573821,-1.0704041330963237,-0.7069652057239497,-1.483164207556705,-1.079581619958332,-1.6913740422220063,-1.1231833259740944
VWUXBMIQPBEWFH,-0.17233555955621366,-0.7767421489017512,-1.4397976491984135,-0.8428021430153152,0.19649811273686396,0.025444203985124588,-0.8264015240389255,0.027464219955324786,-1.2985172230925306,-0.5124374636320481,0.09547272091409846,-0.9369410811972883
VXJABHHJLXLNMP,-1.5128410031783095,-1.815180879197018,-1.1018700120619822,-1.0159337659737713,-0.42744200069379085,-0.7546732559790608,-1.2379120645511152,-1.0536488192989228,-1.195466257514339,-0.8164824148984366,-1.3232542325624457,-1.267975165530718
VXVNYCRICCVPTD,-0.3644144128279093,-0.4699341531093457,-0.8753268732602326,-0.5607839435323394,-0.2973124604103826,-0.46294976310976743,-0.9883328099138937,-0.39034856183278505,-0.27337594645443625,-1.0257564769754284,-0.03490097392507361,0.1459056406424581
VYFYYTLLBUKUHU,-1.5117806135637286,-1.8680860665913093,-0.46452690864691665,-1.2362939073236467,-0.4406285778603242,-0.710222759834002,-1.1290015686993633,-0.3522876185402779,-0.7037017506849638,-0.6459712167689233,-0.5978395583465325,-0.8030798950900822
VYQNWZOUAUKGHI,-1.4609755850323103,-1.91803518998132,0.05354681319957372,-1.0459018324267535,0.8319495713387288,-0.694853297677072,-0.888654636240878,-0.2844048003388784,-0.11825204300439762,-0.10149647954687993,-0.03283404399381473,-0.9358505826903358
VYVKHNNGDFVQGA,-1.2913443432753813,-1.7061220003094355,-1.121630732063322,-0.7725157244810947,-0.37114102509536606,-0.6107894507193008,-0.7431175465922537,-0.6157356955970484,-1.0535446559222013,-0.7395365819292706,-0.9312045864853362,-1.0086395170333193
VZGDMQKNWNREIO,-1.5808746316499291,-1.6964744969024044,-1.688015704794605,-0.9746155540631156,-0.5011080593500102,-0.7748500595225094,-1.0943853416130689,-0.020803097365464294,-0.8310994044303911,0.2553610989848206,-0.311164281724668,-0.5133509613811238
VZJFGSRCJCXDSG,-1.5258329547029204,-1.7223126750564512,-2.4876015580929622,-1.1854692816574992,-1.2693466932234163,-1.0881181633951307,-1.3754059065898252,-1.1289174883149626,-1.5610265215712966,-0.4531420963370907,-1.2389226147924857,-1.3650694953770373
VZYCZNZBPPHOFY,-1.3577598360495244,-1.716905107777019,-1.1926939627675281,-1.2362788861000757,-1.0131727767015852,-0.9506973515823244,-1.0352074684891173,-0.6394037673878518,-1.21857807774169,-0.9316170997396928,-1.378005318753762,-1.1102339217550634
WAEXFXRVDQXREF,-1.3999925559529067,-1.8095670557492554,-0.8867096213932928,-1.3040459130012676,-0.5348996815481857,-0.7308566452942634,-1.193329698582056,-0.6188821460807536,-0.9511212773261722,-0.23847138049376412,-0.5579071893074683,-0.9931974383597442
WAOQONBSWFLFPE,-1.4507751553971975,-1.7298695121654226,-0.9399491609649903,-1.155406693937608,-0.688568413956745,-0.7617096809666523,-1.0803390236642172,-0.24453333066177335,-1.1642222034197047,-0.9459121094900202,-1.1307605893837314,-0.9220280467329317
WAZQAZKAZLXFMK,-1.1358166147091366,-1.676045046829356,-0.6776657110177169,-0.6997634513744987,-0.4323509793080195,-0.8579460944423356,-0.6764854578081982,-0.025340753662237113,-0.7169877673904513,-0.9963155163312188,-0.4705181950983153,-0.6115621981000395
WBPYTXDJUQJLPQ,-0.5194433354883281,-1.0310942480751264,-2.773548727250833,-0.6071849170305251,-0.20888401699285314,-0.5285846900252065,-0.9846574782747535,-0.6140245062269952,-0.5131437463788956,-1.0405558842048166,-0.9088487025982324,0.07548329772321677
WCDWBPCFGJXFJZ,-1.4540496956475764,-1.7583918362892363,-1.1199618955183142,-1.2756378412630944,-1.142685065871597,-0.7682667631058144,-1.1739272428127705,-0.6261065195134965,-1.0850890658059882,-0.8570166039453398,-1.8109851506069288,-1.1297273659186324
WDDPHFBMKLOVOX,-1.0876184861243507,-1.678646886670012,-0.035092282393268094,-0.6198508077890358,-0.43477599175959886,-0.8410728728075249,-0.840295168098618,-0.5362155632100873,0.014109110028239658,-1.052417355630418,-1.3688443694967325,0.03176768595669677
WDFKMLRRRCGAKS,-1.4197791577455023,-1.5207345546583666,1.9456077343074678,-0.1912039673432891,0.0789343679712573,-0.38856346352923754,-0.5681954446768621,0.5949222525580766,-0.264949670362369,0.03866670143499544,0.8426562045778725,-0.04022560747487097
WDJUZGPOPHTGOT,0.2633325119575362,0.05938631335840502,-2.443371271053557,-0.32146975395237876,0.2135948270058868,0.07885495826655994,-0.4044135919321318,-0.2616330812223462,-0.5562441507692242,-0.9439072335554535,-0.2935928101791495,0.21103609862985467
WDQPAMHFFCXSNU,-1.1146654158319755,-1.6838617040847303,1.1175752057665311,0.14119391040348417,0.30422501098110316,-0.6479715376498107,-0.5257971126283691,0.38484537175550465,-0.17523300680868367,-0.8366705538554735,0.7993966403190261,0.2306475993404551
WDZCUPBHRAEYDL,-0.8027895240883588,-1.304296345387716,-1.2425479994504858,-0.3548056491645216,-0.315613421540262,-0.49362319832960544,-0.7236524148702824,0.29334345196900613,-0.10165488660669725,-1.0666381573425312,0.11005999368636507,0.19944330020221368
WDZVGELJXXEGPV,-1.6082921680607234,-1.8572203546951616,1.414899572814104,-0.7658269901185534,-0.5358214875009252,-0.6789551582314179,-0.9819281093386746,-0.03242409261004985,-0.776304515972731,-0.29511778912818304,-0.5251904028614676,-0.8473361487477142
WEQAYVWKMWHEJO,-1.1062924887867824,-1.460800690735288,-1.2983181891139661,-1.0695459126675546,-0.6998622324728315,-0.661347576488654,-0.5592887136810974,-0.4146007994318008,-0.6361947876604369,-0.827357495364949,-0.9479724960002065,-0.722767924483884
WEUCDJCFJHYFRL,-1.3901749717578946,-1.7238317420086218,-0.8950350909018097,-0.9007274940729811,-0.6400581887378813,-0.9047140865354301,-1.053271334013918,-0.12478062280685838,-1.345934955432093,-0.7707251377574372,-0.48996127043428594,-0.8991465038434664
WEXRUCMBJFQVBZ,-1.1036128617395768,-1.689186694819849,-2.4893493725133755,-1.512727369293597,-1.2043305126818291,-0.8472101621875692,-1.2175820972299969,-1.4165350943936938,-1.5427923849521843,-1.0176817999237047,-1.7997771800169802,-1.0890555078244963
WFJIVOKAWHGMBH,-1.454077029363274,-1.8141540226041137,-0.5635163139920112,-0.20560262812895316,-0.11394574061125684,-0.44601655583793215,-1.0912697294531934,0.4557568990711327,-1.015236449806691,-0.06813459326573641,0.9410749380768251,-0.7107827023020183
WFNAKBGANONZEQ,-1.428725780526592,-1.7702803177990436,-0.7214866642245045,-0.9261700214427313,-0.6172404371669389,-0.8728489780742952,-1.0966318646929711,-0.10461115284579862,-1.3289720151827722,-0.6862825808001257,-0.42776182697783427,-0.9190402413680774
WFPIAZLQTJBIFN,-1.2498063011775735,-1.2928584786063233,0.005549356547700447,-0.830483706706792,-0.5312625095715967,-0.695625067949855,-0.8858285215753876,0.2943157162061251,-0.9009418056278853,-0.557916413199931,-0.1372983231896362,-0.7635716638264175
WFWLQNSHRPWKFK,-1.3177842595546176,-1.6621543478867498,-1.7067492498670043,-1.0934636751738787,-1.0567745623199558,-0.8974889734510781,-0.9206152891950657,-1.1105860321937133,-1.0403122718136903,-0.9406895289961662,-1.9817518415034134,-0.8620458483919898
WGQKYBSKWIADBV,-1.5663306954019613,-1.9540195383175223,-0.19268307165239398,-1.1139403896829054,-0.20661384198819013,-0.9748987146501573,-1.1821737215375818,-0.7762240621119847,-0.873034059684032,-0.5165561316269872,-0.5463251863323322,-0.9482013900019379
WGZDBVOTUVNQFP,-1.4035468963997315,-1.795098649997875,0.27855679958597496,-0.8222510360841345,-0.5806718381851375,-0.8262866215904295,-0.7385364902217288,-0.5661338218197521,-0.722219372208667,-0.8057099092706586,-0.8316839460111787,-0.8501005325081177
WHBHBVVOGNECLV,1.7224199117228896,1.884072139556754,-2.407532755886693,-1.1429638336717296,0.834304534855083,0.12093159575837395,-1.2053557774306816,-0.4489022612189766,-1.4900585150796593,-0.9913142365695602,-1.4413500327569353,-0.8500867103810998
WHQCHUCQKNIQEC,-1.0636694348965559,-1.264633117028986,0.3496287532842336,-0.5987903298530084,0.08045014364408391,-0.1470963294035752,0.5917497110014402,1.1147260474269969,0.016556417391815625,-0.7187144521776561,1.8344857381538113,-0.0994569938774686
WHTVZRBIWZFKQO,-1.470828284523643,-1.596155893496084,0.32999051475312086,-0.5205330177663225,-0.5961865608129299,-0.8080113469887654,-0.869704514208911,-0.23896725874389937,-1.1599862649467838,-0.8369489430899058,-0.2918132033956238,-0.7000838886106571
WIGIZIANZCJQQY,-1.2332314828549147,-1.7195153165957375,-2.1356223269589876,-1.3870831344409669,-0.9789248044311626,-0.8919075962748498,-1.0040969828460544,-0.9535251811904347,-1.4692056194968737,-1.0453130718052865,-1.6012925646699419,-1.209247848817593
WIIZWVCIJKGZOK,-1.429643456555347,-1.7649626871203346,-0.4523467065705412,-1.163855293819025,-0.5996884933966552,-0.544689457215026,-1.0844454431519888,-0.21010598608870884,-0.7655818998896182,-0.7797056451348261,-0.2263310529708627,-0.844955021968376
WIKYUJGCLQQFNW,-1.375510236801747,-1.6763655623470752,-0.026740355936411383,-1.0821403640484704,-0.8186700033824547,-0.8826586110504808,-0.9402278737836801,-0.07393951417329225,-1.182271672298143,-0.8420005416956677,-0.5808575440941839,-0.7964233637741959
WJAJPNHVVFWKKL,-1.3916901281091814,-1.8370513811191989,-0.22124624029187942,-0.9309208406900011,-0.4690353965976232,-0.9014794978849044,-1.0641057238751666,-0.6272731562191862,-0.9102527243384052,-0.8446906427030401,-0.6635977444326394,-0.72514128433011
WJCNZQLZVWNLKY,-0.7085557574938756,-1.8609163276239262,1.9475801604384984,-0.7364507530415993,0.3677598577168501,-0.8755477118727395,-0.4358385006221927,-0.05870279289716985,0.5322625275542494,-0.46814031834406233,-0.30161738192205634,-0.3129911508629243
WJFKNYWRSNBZNX,-1.411257389254672,-1.7916614345608584,1.3699613830039041,-0.8864149233618271,0.21824494177863113,-0.9126460337753161,-0.8746639814426203,-0.11488076361532072,-0.40427780214102904,-0.43893407932396566,0.19260715320946553,-0.3544671716315152
WJJYZXPHLSLMGE,-1.3228679635758989,-1.3265591459135948,-0.0490473557892363,-0.8362319118628337,-0.1512809575239805,-0.6290161094760817,-0.5555885753711794,0.3303550785152697,-0.5554104390053477,-0.4780641426806421,0.37661914102158395,-0.5123521028379365
WJOHZNCJWYWUJD,1.632864880396386,-0.1784266855761595,-2.2294017431807296,-0.7521523430477699,0.4999632853566467,-0.16727138239470607,-0.8388113132648277,-0.4988584381955681,-1.076660527940129,-1.0927439950015758,-0.5148723630163708,-0.28201013213781023
WKGXYQFOCVYPAC,-1.4286650829938037,-1.7827460531502846,-1.078845367409872,-1.0437464814998778,-0.32879855038186934,-0.6975277274244124,-1.0276618066196028,-0.8700712196363437,-1.0279292075396005,-0.7474648445366628,-1.0560915792606451,-0.799073065599697
WKSAUQYGYAYLPV,-1.2957523918161131,-1.8051291417077353,0.7939013804773601,-0.23684833137800862,-0.02693384123613936,-0.7534011251037535,-0.719556703343431,0.1330629885132513,-0.8279569323416744,-0.8438937341943029,-0.27686593205370297,0.006463337320934838
WMBWREPUVVBILR,-0.9866807966261395,-1.4536186088252752,-0.817902049670201,-1.1052620711939425,-0.23376120635922912,-0.3407113329715001,-0.5871294512761108,0.022425984534257357,-0.23206201557591863,-0.6875886962756413,-0.17507298994494772,-0.14293964022343797
WMPXPUYPYQKQCX,-1.499192984938616,-1.90098597345855,-0.6302555303622067,-1.3731033963633381,-0.9576319317883322,-0.9716924805297302,-1.1803996268170078,-0.7851113649307973,-1.201573424192019,-1.1503493667675382,-1.3947424309701328,-1.2508185742336675
WMWTYOKRWGGJOA,1.602867984995423,1.1395776891725118,-1.4589747418970795,-0.5888098875018696,0.2742711178125565,-0.23322474492033488,-0.9466973469186957,-0.050240526871338224,-1.0744746403216716,-0.9900564597724735,0.3236042713374188,-0.379274747432405
WNIDXAKKFOKNEF,-1.5279169463019469,-1.8083241769895992,-1.278342229872723,-1.513109594408271,-0.8970969245825693,-0.7529495035268919,-1.0143894146033678,-1.0613852253233786,-1.1581996129547445,-1.0149351595319076,-1.4569333274289167,-0.9221499601437786
WNMJYKCGWZFFKR,-1.1537292399523944,-1.607953530799662,-0.41684994511391105,-1.0416381446785237,-0.6324472336590375,-0.7905575865211601,-0.9258394119542722,-0.5338591540838795,-0.5925620212740579,-1.0654695607460656,-1.6290795090736578,-0.5321149912965386
WOXKDUGGOYFFRN,-0.8638554919287028,-1.4792463625239027,-0.4892906299767777,-1.068295833026903,-0.5903294726365537,-0.47143048512989666,-0.7646652652574674,-0.27666986495334467,-0.7215165163870916,-1.0270590540622497,-0.6456729140249257,0.1171002545174859
WPNJAUFVNXKLIM,-1.4433886073608486,-1.8102920635231348,-0.6558696098141437,-1.3336472690465926,-1.116128328725795,-1.071783635304302,-1.2713783045075377,-1.0130737241594168,-1.3281306420710228,-1.1260069110235476,-1.8828803847694395,-1.1243452140372545
WPSYTTKBGAZSCX,-1.5596799702504738,-1.7378451585115493,-1.259100446380303,-0.2140492996184036,-0.668128547851053,-0.8502066668612305,-1.0445096259441282,-0.14279113196681908,-1.3080693398061634,-0.13299800536972642,-0.027959357956176115,-0.7621313279580122
WPVVMKYQOMJPIN,-1.3897680567430983,-1.6428000459568222,-0.6448674741895083,-0.763458125610338,-0.5448833702988373,-0.9615612473774782,-0.9681495214515519,-0.5527277811911034,-0.7369373779227164,-0.7716983783244882,-1.2447401865946022,-0.7834021393748194
WREGKURFCTUGRC,-1.294474216359876,-1.7658295054524398,-1.4362383636915905,-1.1917298118638644,-0.6584767540259917,-0.8890446241454829,-1.0740395550808257,-0.9046246106002321,-0.42557804042692354,-0.9757096097165718,-1.7016615017686667,-0.32633337029997717
WRJPSSPFHGNBMG,-1.2648914079649256,-1.5463739171289426,-2.699008020420553,-1.5475655777051667,-0.8922422420284571,-0.732841016954222,-1.366788229032169,-1.3986771563374611,-1.149500367235636,-0.9700502958931383,-2.325436191239057,-1.197718867526385
WSEQXVZVJXJVFP,-1.227624661371265,-1.5685381578495086,-0.7559176459257522,-0.3296011752098513,-0.2990297183935492,-0.5344946150886131,-0.9171289514032919,-0.2927539328806153,-1.1495101168226176,-0.8128237011555777,0.14148774065273098,-0.3796929321345113
WSPOMRSOLSGNFJ,-1.1842451557240934,-1.297763071332077,0.9169019211552285,-0.5208624983015553,-0.28523476234894674,-0.49283464002914923,-0.7482059421180397,0.7403760003640842,-0.8343834182654315,-0.35635677330076365,0.8463609688232786,-0.32386051116761433
WSSJONWNBBTCMG,-1.232323982155177,-1.6374336019528748,-0.9041742926972864,-0.6784731961294125,0.2912047200253283,-0.1095042156716752,-0.6064326869309046,-0.6299440620004957,-0.6524298964254924,-0.6547423768262706,-0.4128744175488091,-0.752591921228709
WUBBRNOQWQTFEX,-1.5472140640052223,-1.8634507287291249,0.3135738640806357,-1.2460646518205456,-0.43155033412216254,-0.6027341095470804,-1.1241091709854776,-0.020254847253937225,-0.809425827285038,-0.6213354419159742,-0.7212179310411383,-0.8019607473439148
WUKZPHOXUVCQOR,-1.2193318025666842,-1.4491441282917763,-1.3472157173253356,-1.2263392077665896,-0.8066689884311122,-0.7532169505977628,-1.0680893433446896,-0.5899605198958559,-1.151496593916107,-1.1110822163534484,-1.3494419736055532,-0.2283517448142328
WUWFMDMBOJLQIV,-0.9502370434708498,0.08912316355248169,-0.8677407363641673,0.862802944833354,-0.38366223532040367,-0.6509165317037231,0.8367491874443618,0.4604699487619143,-0.7754630674195451,-1.0763655865360031,-1.155176313933026,0.03772280442468613
WVVSZNPYNCNODU,-0.8487013400586043,-1.2386169603775121,-0.5731543918612888,-0.9797726674714846,-0.5837867715329942,-0.5739898694703387,-1.1041547723756997,-0.2001257248621885,-1.073281508820204,-0.9693183247933796,-1.360921816173966,-0.30619163527320703
WWJZWCUNLNYYAU,-1.307099931207832,-1.764944996197167,0.3888680991129585,-0.3073480043239968,-0.002505907199563854,-0.8968022745796671,-0.7413161451980922,0.3097250991653657,-1.033641483415526,-0.7419627377005554,0.28248617821377603,-0.7486562550198076
WWSWYXNVCBLWNZ,-1.0270891371131952,-1.378731379439684,-2.0420057583998297,-1.067287606124212,-0.29527652144758076,-0.44770174103593735,-0.6768692391232698,-0.24132197828424767,-0.9298081557637716,-0.8980716005854155,-0.517646920158954,-0.8581586683702562
WWXBHTZSYYGCSG,-1.215759312799642,-1.56853415330484,-0.32986796602535723,-1.3838743103931956,-0.4637632106155612,-0.8212992749619628,-1.0424035467504753,-0.7301662047301599,-0.9814606691879345,-0.6683585265252298,-0.6175786997253995,-0.8556480400341154
WXFIGDLSSYIKKV,-1.4932964361737975,-1.854443555357807,-0.47334410691408546,-1.1766530962099118,-0.2486587183780598,-0.8677909399057392,-1.174759188745131,-0.5247940990998533,-0.7540192919174571,-0.7349520609737267,-0.48464185714877184,-0.7418276860389934
WXNXCEHXYPACJF,-1.4743692244607378,-1.7897377884329475,-2.425113252098751,-1.4430857341663603,-0.9995232588213058,-0.960463341942996,-0.8535050389681578,-1.4157749173194931,-1.5081906065905086,-0.9943619381710372,-2.2490277218022174,-1.0112600079320746
WXNZTHHGJRFXKQ,-1.5885129486492302,-1.8888751623021793,0.295917437415076,-0.8552875194333792,0.5286710460751771,-0.6025224274182828,-1.0326432722934393,-0.19018281644849006,-0.8647876657640993,-0.03754956773511207,0.22846010052166388,-0.663269892333115
WXURHACBFYSXBI,1.6970499414493097,1.377291234341565,-1.8431347415376975,-0.7972321585409735,0.2790875897307941,-0.34970933595086423,-1.119940108983511,-0.7498496012971199,-1.1831892835132873,-1.0722926954013536,-1.0328911127085605,-0.6151860963926779
WYDUSKDSKCASEF,-1.2268575037005416,-1.6041918120269387,-1.948889849800584,-1.1936430630725556,-0.3251477851332488,-0.8165725012505161,-1.220542689991362,-0.7867670939486751,-1.2593986043096652,-0.772386797022044,-0.9238804961708791,-1.168297111678715
WYJAPUKIYAZSEM,-0.8988562737655412,-1.2456725410294407,-0.890952585511317,-0.9630036904576692,-0.3370322897575922,-0.5692377985786663,-0.7386327276657677,-0.020220829246935825,-0.9465601686382806,-0.7785097386710128,-0.6680616213416588,-0.40331204074218796
WYWIFABBXFUGLM,-1.4812526543992692,-1.8155085107053701,-0.9937593762679615,-1.1205914115077167,-0.36053105260498924,-0.615169442698176,-1.1753659594238468,-0.4711282934284112,-1.2526855444197451,-0.8730657990423878,-0.8937445342924069,-0.9596080195560536
WYZDXEKUWRCKOB,0.6104481182912196,0.20219413149010468,-2.5380969869006718,-1.3269131338293674,0.7810500081246441,0.13133556338603058,-1.1238925821465982,-0.7668787069383567,-1.5830418713395344,-0.7792062969145321,-1.3501527237905515,-1.007591944235065
WZHJKEUHNJHDLS,-1.0314612234394902,-1.4981408012135626,-0.6544020656113907,-0.9587027761256479,-0.42202591291600183,-0.6501832483554649,-0.9515032998718836,-0.4499069411423772,-1.3248517231978103,-0.9511130602054463,-1.274461167458363,-0.7610207815955373
WZOZEZRFJCJXNZ,-1.1636969432502315,-1.3942061634732248,-1.6120275379023288,-1.2392002326646885,-0.409385040814915,-0.7223319925346839,-0.7769125687471419,0.34855594332097795,-0.9175613150320376,-1.070153785724997,-1.5266474249099744,-0.41988803304124545
XAGMUUZPGZWTRP,-0.9394203015848054,-0.793186935714532,-0.6849486724230675,-0.6619695706260005,-0.4699394662540328,-0.4266082205442289,0.11096801071143364,-0.0326195732003626,-0.7507315217276168,-1.0726007928742427,-0.6260488985291618,0.1566585583179324
XAUDJQYHKZQPEU,-1.2273908736231953,-1.748945107655672,-1.6323476406645754,-1.0657798729620274,-0.8809726728287811,-0.8424899821165277,-1.141086985422712,-1.2021168134859925,-0.8146104681922228,-0.9541905306187778,-1.8241320706943422,-0.3115132104057253
XBHBWNFJWIASRO,-0.8186932175863483,-0.7830497259610986,-0.637862560541281,-0.32052460258802845,-0.4209173811447502,-0.4674699350148589,-0.10465249570859043,-0.08418874795542813,-0.7740528245144352,-1.0462000352089578,-1.0982050918275512,-0.23196795231677778
XCTYLCDETUVOIP,-1.327378209971757,-1.679894365808043,-0.3512611499644185,-1.1198322487919459,-0.8136705880427789,-0.92272741559648,-0.917550905128306,-0.10312891065450422,-1.0363859701408265,-0.8247279717596496,-0.6290038505993181,-0.7749533149878679
XDRYMKDFEDOLFX,-1.4858341160499628,-1.8786901518015284,0.030213439935434273,-0.8908614207979881,-0.23818954333742803,-0.8969751956709164,-0.801419943670551,-0.21118242049785246,-0.3007053869715106,-0.18677083077434442,-0.4049835350742888,-0.7087061530070722
XEAQIWGXBXCYFX,-1.1362404709725265,-1.541712219904388,-0.238527971297787,-0.8524440162059541,0.10226392552404845,-0.5308561303820918,-0.7308092311185717,-0.07179022481998487,-0.27154756254065915,-0.7221617143849545,-0.4870647460592044,-0.570019217964025
XEDWWPGWIXPVRQ,-1.1990318684700392,-1.4661032907846596,-0.1291575252356759,-1.2230803726665282,-0.2514462524128355,-0.18591110289323448,-0.711908025000616,0.2903482395803442,-0.5386503918195404,-0.419794558576205,0.10743811578658745,-0.30967101892077714
XEEQGYMUWCZPDN,-1.274692020644178,-1.4968698048406444,-0.055889518411235906,0.08673744803328771,-0.19242025491705322,-0.7305242550979665,-0.4638142706873324,-0.19303677605852643,-0.9976103284605399,-0.9514280058776603,0.15593681663382933,-0.29656183399895736
XEFQLINVKFYRCS,-1.4896855347338402,-1.8172502552513021,1.5366973903966352,-0.5673819169672828,0.5018191350517863,-0.45082256463761683,-0.552328565537085,0.7525769997024734,-0.7818489957336183,-0.5144188267901469,0.8536676421343474,-0.5870112098989978
XEYBRNLFEZDVAW,-0.7625989853760544,-1.2102957935208005,-2.8412384997649895,-1.2259447950363032,-0.6255507714417252,-0.4516183074299439,-0.5685577252191996,-0.5746665224073298,-1.236386373710174,-0.47727965289008917,-0.7171724991365367,-1.0602356656540959
XFCLJVABOIYOMF,-1.1779303761098956,-1.4770287807258233,0.14808688360175692,-0.5370077404015072,0.040200086261212326,-0.4279969503453291,-0.6642990740609792,0.5204097381782642,-0.25306283609540414,-0.162540451553831,0.8004259423745431,-0.5340074297499506
XFDJYSQDBULQSI,-1.023569174251565,-1.5830868164027054,-1.8341229425221224,-1.1836223276288838,-0.5533693729180043,-0.8087006095009225,-1.08506727816681,-0.4993103191715097,-1.0628445800772321,-0.8393115671836381,-1.2326157755117093,-0.8340773941778475
XFOHWECQTFIEIX,-1.414295680923326,-1.8065952931800227,1.4998702860330382,-0.7449697448416188,0.050264499947084325,-0.10716659189697118,-0.9563443396806313,0.2271125831123741,-0.744621766706619,-0.4152429071741757,1.614130281089966,-0.6964921416509894
XFYDIVBRZNQMJC,-1.4140149494631864,-1.8520017113429106,0.6574818551092103,-1.0595946754785022,-0.7695133054267578,-0.9699975506028302,-1.0403328470010909,-0.01821698540484329,-0.9103776673966962,-0.6708267742194073,-0.9826959476712518,-0.6350782034132264
XGALLCVXEZPNRQ,-1.190979571806428,-1.5946883077037852,0.6666646514889552,-0.5629955251919785,-0.6565779465912158,-0.7465021791919837,-0.8288818804016165,-0.1960237890940466,-0.5340707949910306,-1.0502962237036852,-0.8573922487538379,-0.779593056186788
XGLHZTBDUXXHOM,-1.5552513623706035,-1.7850382445392363,1.1436503206752473,1.2284465860821765,-0.4456280405782804,-0.7613151017495516,-0.8924378292404764,0.7271923384353731,-0.7155787546838801,-0.6312240726099857,-0.36520605750641455,-0.6148848705539854
XHCADAYNFIFUHF,-0.8663844232074448,-1.5720248470330107,-1.5018161643089356,-1.2152754764949847,-0.24051058882331056,-0.6093237990448857,-0.6519077619952665,-0.39892712505446576,-0.5380033439670997,-0.8696940656841894,-0.8960295310351472,-0.2281950864978198
XILVEPYQJIOVNB,-1.3722743060722642,-1.6578390136224106,-0.051971208545380954,-0.7506665343354518,-0.11969319098398458,-0.6191481894834292,-0.7536572906703756,-0.3584744770456686,-0.8458218163623799,-0.757915030695701,-0.4706629598600196,-0.9635736877315316
XIQVNETUBQGFHX,-1.0284619674339084,-1.4136678611962898,-1.7797383706531318,-0.9826369755867114,-0.24827847999476807,-0.7294562253422991,-1.1172801200807971,-0.8501614378433289,-1.2734190580530846,-0.8938137330280476,-0.6334863582674317,-1.129377448547033
XIURVHNZVLADCM,-1.1794662162792284,-1.5370436198564998,-1.876617800826298,-1.3850447428034713,-0.5768126580585896,-0.6854300473986527,-0.8322967164272721,-0.1855701508499702,-0.8354225248135274,-1.0737490215643224,-1.8626450004360864,-0.538108862176363
XJGVXQDUIWGIRW,-1.4576632292392433,-1.8088468800757855,-0.02905604418486102,-0.9518487688441792,-0.6152091749437631,-0.951850150771083,-0.9292623010551859,0.10633932174478353,-0.7517916117631613,-0.9746166163101351,-0.3773327132375479,-0.7258760495511087
XKFPYPQQHFEXRZ,-1.5632921505817725,-1.92424031598294,0.5597298499447005,-1.2052581161584566,-0.46142249243102873,-1.002757090986203,-1.0214762776505601,-0.5568999799191786,-0.7332083360542704,-0.7260477247112618,-0.8098537647165511,-1.071363313933725
XKLMZUWKNUAPSZ,-1.398115316297042,-1.8126018545191596,-1.0703313069547187,-1.4438181114483637,-0.7716784579745275,-0.9513781424183745,-1.1126612976637182,-0.7915580152672921,-1.099341157017411,-1.0546343934592946,-1.6404207483352373,-0.9833303928944229
XLMALTXPSGQGBX,-1.1352859306442897,-1.637781544530688,-1.3475612386805713,-0.6154499860370874,-0.1896046812580037,-0.7725830577316437,-0.9778786865698657,-0.5862622988373302,-1.2480062863763768,-0.9202787635398828,-0.3717113252391199,-0.9038601366000177
XMAYWYJOQHXEEK,-1.2445084699081144,-1.7220965591630106,-0.5737032999091161,-0.17575661718612096,-0.387318397236839,-0.724906755426787,-0.42046302655216544,0.14292256488529495,-0.7865576713062675,-0.9932705546597418,-0.8831248580039345,-0.5525281405253957
XMVJITFPVVRMHC,-1.2167288082099743,-1.5573864151833214,-0.10532131227735102,-1.2069801056822118,-0.3169629772428723,-0.46018030343798544,-1.0610225116468563,-0.08531319324706915,-0.8108011695607288,-0.6102531993219606,0.2891451628864202,-0.7977767890557982
XMXHEBAFVSFQEX,-1.062315133728506,-1.5787907247137596,-0.6719159619775388,-0.49806526051601674,-0.6240353464446908,-0.7294862184928684,-0.6110624891255796,0.0482589986558347,-0.766110051654658,-0.9240716644892608,-0.9303965295061742,-0.7579909992425709
XNKLLVCARDGLGL,-1.173570059354671,-1.7716291224528078,-1.5841326965279758,-1.3552165614574598,-0.9133989149774289,-0.810051492124279,-1.1142707422825928,-1.1829123630931058,-0.9376165695240435,-0.9551516853194734,-2.142173110157068,-0.6795054875624297
XNMYNYSCEJBRPZ,-1.375950045818998,-1.7219496431124588,0.19284494795764992,-0.5835391774607819,-0.47941893147526304,-0.7997258770842914,-0.676480181069543,-0.2109838025157587,-0.7910930723847663,-0.6274182595451702,-0.25911674935414075,-0.44821410126745187
XOFYZVNMUHMLCC,1.7532720351679556,1.7713075765861086,-2.231464741719809,-1.1218379377801895,0.4390678075317422,0.04358965016079768,-1.1488502607797058,-0.32591126227724115,-1.2114963757867583,-1.0312118406876287,-1.294894355048112,-0.7404958795061872
XOXHILFPRYWFOD,-1.5371040275606034,-1.878858228045917,-0.6247797480465507,-1.2420032168163262,-0.9040415971742106,-1.0456967655682037,-1.1547244208910608,-0.5285865857623184,-1.0851609459860176,-0.916038035713098,-1.1186834356247162,-1.2174272916453144
XOZLRRYPUKAKMU,-1.2256724280538258,-1.884015309514917,-0.40765441452162565,-1.0624748323211868,-0.5400769494946293,-1.0032687448146842,-1.2041357730471738,-0.6477730756714162,-0.9771764225825031,-0.94437568120597,-1.1162839486952054,-0.8540872362479255
XPCFTKFZXHTYIP,-1.2948282730136926,-1.7291021113439184,-1.6307681817302646,-1.220706769344127,-0.43683802690752355,-0.7025330556192894,-0.8740755571512075,-0.7344686449021096,-1.1283094061299055,-1.064133132972267,-1.0553796278144223,-0.5808035000749961
XPCTZQVDEJYUGT,-1.3874830463974726,-1.7774808878439123,-0.7926623395166214,-1.3368577648780653,-0.4439940665535945,-0.7479770505899727,-1.043416837296684,-0.6199067945167311,-0.6141147760960977,-0.6139416739844508,-0.9245887437982918,-0.7034324895272128
XPOQHMRABVBWPR,-1.2104982791170997,-1.5393004534937071,-0.14982433188216926,-0.5529736440198805,-0.06559700844072015,-0.6098578406290941,-0.7726256056833635,0.07633896425818539,-0.9772639425145663,-0.8214271891868898,-0.24500087392285794,0.21866788433265802
XQFRJNBWHJMXHO,-1.0588784212740316,-1.5944624819424336,-1.933644019173395,-1.126467119499264,-0.7786638189573135,-0.7347852737658573,-1.1010994836095143,-0.7954775518798843,-1.0716476792387442,-0.8961998992634603,-1.8118571673197843,-0.593109030784279
XQYZDYMELSJDRZ,-1.2405366392603254,-1.724465030293365,0.978580634492723,-0.5931492707800641,-0.3014831089397263,-0.6433688594827206,-0.46846668943644587,0.20030546707290656,-0.663533390200506,-0.7290388504925608,-0.1568786254147205,-0.19961853903974167
XQZXYNRDCRIARQ,-1.0557761499642981,-1.739751704424465,-0.9591647324349759,-1.1696528884813655,-0.8429155186031552,-0.75952282053556,-1.022677890172994,-0.7905057844082071,-0.7865629477565517,-1.013164977039394,-1.0527259589283744,-0.5635179353007189
XRECTZIEBJDKEO,-1.5611242970766934,-1.8696807848803683,-1.0606083785252371,-1.173952025703572,-1.1067057083880645,-0.9715211997072251,-1.2263601222761278,-1.1472927583488195,-1.1714087396150001,-0.8772412333129678,-1.7070505490400618,-0.9174907118133067
XRXDAJYKGWNHTQ,-1.3594361481506367,-1.6841812393782243,0.5614383369388656,-0.9330389523106343,-0.22358558531446862,-0.8798091183287662,-1.0359781712712821,-0.35612721523511776,-0.2886590276658081,-0.7992335680704428,-0.9377604844544369,-0.4719472352916195
XSBSKEQEUFOSDD,-1.4617235388177403,-1.694206357171225,-2.7404777175451898,-1.5406198620706424,-1.3281059857915312,-1.1341851924027748,-1.5467726609271493,-1.2339220977614036,-1.5804444394825579,-0.6747438266995095,-2.229269136393782,-1.4878135474636158
XSCGXQMFQXDFCW,-1.35031507456996,-1.6306262257446196,0.15213257029567906,-0.6678261908184683,-0.6225394672214818,-0.863826342177689,-0.6175956601003283,0.003296571788438694,-0.9436081686685264,-0.8071577534295692,-0.047163184634862985,-0.35579852130565676
XSDQTOBWRPYKKA,-1.5014042750825414,-1.8581849657691336,-0.6582625182873696,-1.2192197317103488,-1.0127301730753295,-0.9321439920965551,-1.034679035197681,-0.7282876934567909,-0.9626255471964851,-0.9228902694647756,-1.5914302133624767,-0.6569656145976346
XSFJVAJPIHIPKU,1.6471165810999042,-0.0714225663184741,-2.344104224303065,-0.6590711901144428,0.5677130071599019,-0.06338808056888161,-0.8816555761623908,-0.42320579323371466,-1.3682716922150828,-1.087460322783781,-1.097795445154698,-0.3918980265834316
XSTXAVWGXDQKEL,-1.5262721154542276,-1.6527764966977028,-1.4481028196694488,-0.8056785287949781,-0.2679207353981653,-0.7084100205482426,-1.0843909584277098,-0.14391981734372578,-0.6963789352592885,0.43006439148921755,-0.32225353128211426,-0.438338096429423
XSVMFMHYUFZWBK,-1.4859546095547211,-1.7790245654116954,-0.8002331761471743,-0.7976593889171303,-0.5764386145998284,-0.9325747589953233,-0.892707949162186,-0.5608378231117984,-0.9802908808823592,-0.8748245103440477,-0.8251082741688873,-0.7613431127659408
XTKDAFGWCDAMPY,-1.3741814771085283,-1.623575822442548,-0.8558149998151389,-0.7171262816869488,-0.5583143188804689,-0.8165119024476231,-1.0847646032552072,-0.14997001321871564,-0.779448855238553,-0.8186187055276777,-1.2716261082647047,-0.973367491101484
XUBOMFCQGDBHNK,-0.9683316644837461,-0.8106591978500656,-1.3236987673089022,-0.7440641549317709,-0.6109324808867382,-0.579367297193486,-0.42583934204233936,-0.23009261777629808,-1.097674074364641,-1.0782565203897647,-1.110553650419805,-0.19369164780655013
XUFQPHANEAPEMJ,-1.3320262912406597,-1.802142017959111,-1.288116313564273,-1.4560173208614213,-0.889477392826114,-0.7884111637150096,-0.9502173053456263,-0.40963935268668816,-0.8155455542896886,-0.5249745646495729,-1.501153247733805,-1.04324283556602
XUFXOAAUWZOOIT,-1.0336179386887427,-1.4118324815363252,-2.501778238164632,-1.1554812506511511,-0.4025181135837939,-0.6812029231969352,-1.1143325386076668,-0.8195828065006717,-0.5992863380515797,-0.9046041056686986,-1.7204420932821023,-0.4400114014896889
XUIIKFGFIJCVMT,-1.3274345767486297,-1.6141197106887895,-0.7082612680138632,-0.9820575625530756,-0.1752069157024753,-0.47455123101426255,-0.3429539004306343,0.5186745308740924,-0.6243451267262525,-0.7839482958445381,0.23044716988303887,-0.580172615928737
XUKUURHRXDUEBC,-0.9186448652989001,-1.6649766216593593,-0.9629788256346317,-0.16401275904248525,-0.08924640668359175,-0.5840786048049017,-0.6172488838826337,-0.007666949107739299,-1.1264416366952972,-1.0383852929762658,0.6866199099516161,-0.6637739072757239
XULIXFLCVXWHRF,-1.4750962160170396,-1.7161727080740412,-2.3561675661495625,-1.3105111890820806,-1.1492344788908022,-1.0329831896804618,-1.4203487935981318,-1.425667649158996,-1.5530271851990174,-0.6825517393951892,-1.7004344102109958,-1.353790724100548
XVTVPGKWYHWYAD,-1.286880762634064,-1.8639498712247522,-0.04871107220815318,-0.8020641971195273,-0.5389475066508586,-0.8648504742199974,-1.132734211498588,-0.6919138054381019,-0.7578527971073424,-0.7819469801129603,-1.2640799745960207,-0.6529361472877387
XWTYSIMOBUGWOL,-1.500866784120592,-1.8304133269363807,-1.057500632307506,-1.363449459211696,-0.5387175180987565,-0.8660149148394101,-1.2320063174781426,-0.535794596936415,-1.10193758773165,-0.7297266276380785,-0.8649151687509388,-0.9103619779825665
XWVOEFLBOSSYGM,-1.3840708926854899,-1.744413472974215,-1.3130052374338095,-1.1851210249364563,-0.8470340379042582,-0.8524626129874049,-1.1703158042630275,-1.12898266811048,-0.9346935615190424,-0.9405727844229576,-1.9427234928883994,-0.90916623308554
XWXYUMMDTVBTOU,-1.2877852262799847,-1.7326341940101586,-0.7773032838882991,-1.0395519198904217,-0.7842552435090493,-0.8459822658044595,-0.6797143237272656,-0.27807779711422087,-1.086017527754664,-0.9199811679448915,-0.19648345843231715,-0.7414413784020636
XXANNZJIZQTCBP,-1.1955934271015924,-1.7144982445606902,-0.39982444790455646,-1.2803615851018275,-1.1844830933393928,-0.8382451787785641,-1.2850383857389858,-0.9698326601002258,-1.125636759014946,-0.805958975544265,-1.1716150945828943,-0.9599556855677083
XXEPPPIWZFICOJ,-1.46149672518924,-1.800121033703531,-0.9021203914091218,-1.0316871742089202,-0.48486315002858593,-0.9493797487003027,-1.2000718100111685,-0.7958664610992059,-1.036308019044227,-0.7714748671210833,-0.9988813522099125,-1.0580015467331993
XXPANQJNYNUNES,-1.2246517982939469,-1.6932654325773666,0.0934141313564862,-0.9940221666702278,-0.424594784211827,-0.8051846986589574,-1.0572504843627577,-0.4319675540016704,-0.9613344462379367,-0.7120125091573959,-0.3223356559498587,-0.41336817182871816
XXSMGPRMXLTPCZ,-1.421228876370431,-1.5768461427951705,0.09844776921094431,-0.5334670531500016,-0.6647100701329965,-0.8161434420760156,-1.0384948622115118,-0.4222514002385155,-1.1304649626617267,-0.9156399836634195,-0.7570049536815597,-0.7768407911160495
XYLJNLCSTIOKRM,-1.4068667840187044,-1.8156752171896584,0.6346960890138941,-0.8820281372246404,-0.8011425292374176,-0.9964809664616716,-0.9027761633882165,-0.3350784677512469,-0.8327381257102504,-0.7106309646622374,-0.9703559493113141,-0.2267303391408813
XZNUGFQTQHRASN,-1.2435858107496651,-1.5742376588036877,-2.4805959193864098,-1.3071405163859329,-0.524401058670402,-0.8030768442878823,-1.1557569880402276,-0.9823849894744467,-0.6816400730237618,-1.0160677035570502,-1.8497105209968518,-0.40771154114459424
XZTYGFHCIAKPGJ,-1.4102189852977545,-1.7318572217756023,-0.7981147037258824,-1.039861919023416,-0.5978296121591614,-0.8283363256241281,-0.9417879694777116,-0.9602754336887964,-1.1113461612906808,-0.9054809599687067,-1.2329074873804917,-1.0288214959203779
XZWYZXLIPXDOLR,-1.5469173875688507,-1.757428381888096,-1.4778371821285337,-1.383523962073275,-1.0435005899866243,-0.9503255291879218,-1.2506868853259234,-1.2358621352839174,-1.2672928305135172,-0.7411971576211327,-1.5468201347073933,-0.5731246740780068
YAORIDZYZDUZCM,-1.4402549391790773,-1.8033847680341701,-0.31070011873198167,-1.240153093240406,-0.2960005085143776,-0.8619252945045099,-1.1733878670833766,-0.5822291723068327,-0.7436396214711949,-0.8889883768829,-1.2374144980448443,-0.8069012001863547
YAPQBXQYLJRXSA,-1.2735907823165675,-1.7908648917900647,-0.7884433437044625,-1.2129855263877138,-1.1721338567239012,-0.9751481573270309,-1.1606903310745487,-1.0604317358105313,-0.9527147819704603,-1.0482697876983922,-1.9574418447396211,-0.8538108445047039
YBBLVLTVTVSKRW,-1.5150694805274723,-1.8281892848091024,-0.11124852842480362,0.06699049216100189,-0.7032593498060742,-0.8515154926215073,-1.2057907263101415,-0.7310753972128893,-1.2661817134148947,-0.8342411861260806,-0.768297047485704,-1.1140504475166106
YBCNXCRZPWQOBR,-0.9898256911865171,-1.3965024621098598,-2.095242509176307,-1.1404531270662117,-0.31357441583282136,-0.8232886494408229,-0.5786430151246083,-0.7054982032345736,-1.060916803799735,-1.0132417156376268,-1.4003496270575366,-0.773925040960851
YBJHBAHKTGYVGT,-1.317897420349644,-1.6483407129550929,-2.60004818675168,-1.7050657429824483,-1.1295275264001379,-0.7784847660409999,-0.6954927274206961,-0.8662362656631721,-1.4409757730459514,-1.0095598241286954,-2.0323228649450553,-1.0822291060814877
YCOYDOIWSSHVCK,-1.3831315673279052,-1.7916276660558985,1.3781531401593694,-0.032786669245043476,-0.1767623172437312,-0.741748216858524,-0.7246191532474482,0.2427619852832348,-0.3226942053510606,-0.31329176155146443,0.8915903357082325,-0.4935708799927865
YCWSUKQGVSGXJO,-1.3987947297458085,-1.7920068260424427,1.2064028165595488,-1.284985261442269,-0.36405777754860363,-0.1594308246827445,-0.831247852466296,0.7582582281164628,0.47877463233414214,-0.08548634791682319,0.487263287691859,-0.6604541603571806
YDDXVAXDYKBWDX,-1.2221288576947356,-1.790606372502071,-0.6877981028318898,-1.2626852354496638,-0.9758014170425551,-0.9002301831115287,-1.0478796152696723,-0.3181314647553766,-0.9601015931567478,-0.7530943595515851,-1.3245718371303716,-0.7132890402638763
YECBIJXISLIIDS,-1.4838496061921478,-1.8803947186939367,0.17906912508547984,-0.839492138582171,-0.4674583162098597,-0.9616263404558247,-1.1210394191778823,-0.5026308468732485,-0.4146536514228374,-0.7756839491429289,-0.6896793772351033,-0.9338200869305532
YEEZWCHGZNKEEK,-1.2248100356429523,-1.7042043113713459,-0.9413693641029919,-1.1283001889596593,-0.6212769367223338,-0.7057311355296749,-0.8104875005212235,-0.16473792018793204,-1.2633727988707693,-0.9837138354219903,-0.0007716754647959047,-0.7851820494903361
YEHCICAEULNIGD,-0.9532815502697545,-1.3829117757842528,-0.3797695164306721,-0.7795385570240305,-0.46528221157588057,-0.6210141833808018,-0.9995942093503547,-0.11081829583968052,-1.3056568997803273,-0.6390501319231048,-0.6698623772363189,-0.6346202440584148
YEJCDKJIEMIWRQ,-1.201571291347678,-1.752286475252504,0.08817393442668704,-0.622737072263507,-0.21563739454216288,-0.7652204829646743,-0.8496263566329821,-0.017599248136361902,-0.6412006507467362,-0.24403084596613595,0.41771049160826446,-0.24489574769512967
YEZNLOUZAIOMLT,-1.5457224129611542,-1.8607445364065491,0.5305093003057223,-0.8100087491399992,-0.008101730563577967,-0.5954714918947424,-0.8480910013194094,0.036794166189688185,-0.9595325082565787,-0.8796095640791033,0.13245529083783736,-0.9479055998808366
YFAGHNZHGGCZAX,-1.2678772260777378,-1.66111783845114,-0.6434684490395679,-0.6077600674801662,-0.2567948956401416,-0.78681879745484,-0.7134713610178044,0.40648737631707277,-1.0515206249808022,-1.0931304043560188,-0.8120209917614353,-0.5384265803511086
YFGHCGITMMYXAQ,-1.280369895038066,-1.812182442831781,-0.3185431710817295,-1.0078857004370094,-0.16797540748430448,-0.641729456845477,-0.9708856374118611,-0.07806349106329935,-0.8404968072934298,-0.5189842586353269,-0.5693492730592167,-0.8151642617379671
YGCODSQDUUUKIV,-1.4366363243281468,-1.841210729823358,1.228388083771331,-0.7286770403152888,-0.21142253791340057,-0.8093202941524763,-0.3445689605831718,-0.13386436826556042,-0.5337560374408228,-0.4488375482615975,-0.2789204550802018,-0.2769880586189917
YHXISWVBGDMDLQ,-1.587475063148529,-1.843100398990268,-1.1452246812581468,-1.36626607447776,-0.9796192318745154,-0.9890532283849993,-1.2801284976740799,-1.1837997330451981,-1.183541813665755,-0.9320013272415777,-1.8857976178854203,-1.1119368454351273
YJGVMLPVUAXIQN,-0.8011861245265175,-1.2110306312991141,-0.7536456417735765,-0.626532744224083,-0.3879910962015128,-0.41781551818470036,-0.38339851966546906,-0.19749618575827196,-0.5244000837992122,-0.8470524041114884,-0.3645854754948604,0.02982311326738155
YJQPYGGHQPGBLI,-0.7840956397169235,-1.3852279211488223,-0.9468686378017838,-0.6293364543629909,-0.21575458535924757,-0.4842132087348729,-0.49251672278120645,0.5427990972306209,-0.5244183231995695,-0.8996854598559381,0.3482061040987857,0.24676305011138838
YKGYIDJEEQRWQH,-1.4591809805631537,-1.7439707402448446,-1.1935213006460417,-0.6676630017955129,-0.3701413178075306,-0.5433889320194717,-1.023756030703456,-0.6598503483767609,-0.6978641333204595,-0.4437423679955229,-1.125210006881307,-0.960669968349608
YKPUWZUDDOIDPM,-1.4299844634852823,-1.790408242786095,-1.1271640529606817,-1.1558954698088575,-0.478076992361706,-0.6427107632859227,-1.0274080049282044,-0.45899453304540205,-0.7571369019804338,-0.8095248400192943,-0.7077559282977692,-0.9027606306489285
YKYBWGJKLYMCFI,-0.43695259330330866,-0.5791010739253949,-0.7264226247680234,-0.43572622920936294,-0.22776818537161264,-0.3091754840111712,-0.8907469193028454,0.15046903701714165,-0.13720497011849495,-0.9422723643095255,0.22493960539350866,0.335409062994693
YLJREFDVOIBQDA,-1.4160126690348966,-1.7012244890356611,0.8047229419441795,-0.6083745700674986,-0.25841268244179516,-0.7671474283999875,-0.8540943184790044,-0.1272147023914439,-0.6087067333397685,-0.5112890927720387,0.26647210589005743,-0.34088455859511463
YLUSMKAJIQOXPV,-1.3692923937189385,-1.6404578759669985,-0.576070591904511,-0.9999724068793786,-0.696739130782659,-0.8997554852049835,-1.2124665853618284,-0.6422705705399685,-1.2210010567106253,-0.6037000231501739,-0.986401514861063,-0.8331805353190271
YMBXTVYHTMGZDW,-1.0990270546042575,-1.5026465064842973,-1.8642946068254431,-1.3488497724440975,-0.2901509528210121,-0.5281809239939979,-0.6640150582567311,-0.6154806294915915,-1.263126881933716,-0.8747633818978272,-0.8722194595554857,-1.0576334433490184
YMTINGFKWWXKFG,-1.297014260598097,-1.743521327114668,-0.2777291386551546,-0.25719070740847355,0.19951842222984476,-0.5670011560607264,-0.6731869636791649,-0.1529723003845402,-1.1189037848545322,-0.7541491581762518,0.8824037234190888,-0.6242170467378093
YNNUSGIPVFPVBX,-1.2090281784836645,-1.6445053604641653,-1.045694825431094,-0.5309344096400731,-0.18060813653002997,-0.7189663701250991,-0.9319205914282737,-0.28993793820188557,-1.2441245344973113,-0.8039686862002349,0.09350206420618506,-0.9344039365004659
YNVGQYHLRCDXFQ,1.4155541665331635,1.3730310650105373,-1.987497096247275,-1.1073886983243395,1.3436106635207714,1.1803378394279336,-1.1427407522384714,0.4286548266794538,-1.1416479341828913,-0.7652719402010505,0.09175764434718661,-0.9135857571949324
YNZFUWZUGRBMHL,-1.3736625896793961,-1.6429324689349352,-0.32371405622081445,-1.1924943065238627,-0.761298619354908,-0.9360142110173113,-1.1240662433497886,-0.38569041695357265,-0.594496155644903,-0.7432796615901401,-1.239652551906852,-0.8035020394005902
YOSHYTLCDANDAN,-1.328928256331377,-1.7905748569565794,-0.8386791551384974,-0.9871525097677563,-0.4668701882399772,-0.8341060160841745,-0.8770352739245535,-0.048973300325831685,-0.9840812866017092,-1.067874448673242,0.3722515887969954,-0.43196490024494916
YPELFRMCRYSPKZ,-1.4431024247693753,-1.7515340796234107,-0.3680079730665948,-0.9203845193518799,-0.6891253874263109,-0.8158874332246087,-0.8402117729544509,-0.1977838358282772,-1.0176289467191573,-1.0022126105590736,-1.1006643114544867,-0.787805876635973
YPHMISFOHDHNIV,-0.8563459746917166,-1.1666481214725597,-2.3600768086848887,-1.0885030090359267,-0.6209285332236523,-0.610034384902939,-1.173522707601385,-1.2623815381850312,-1.0002566794170291,-0.8981054465958329,-1.5194280772123732,-0.6413550496995779
YQNQNVDNTFHQSW,-1.2122948705274843,-1.7125703674852437,0.5570821536110215,-1.0621384908529272,-0.5146787014215687,-0.813336839951774,-0.9036232370823631,0.2625742138929344,-0.4918623555300028,-0.9471798832035578,0.47849398863770537,-0.7103560527758381
YRCWQPVGYLYSOX,-1.380366954722506,-1.834335827555221,-0.7788071026852527,-1.2745638632051135,-0.37092188952464983,-0.8643340975156016,-1.2726880540195085,-0.8538283532754782,-0.7065871908633646,-0.41104297554976854,-0.8533426637732252,-0.8634375143664785
YRWLZFXJFBZBEY,-1.2054267337992237,-1.7677105921528486,0.7355322023366567,-0.8155250213709013,-0.46305778999595937,-0.7777364678186756,-0.912630366775691,-0.029945252805675858,-0.7305343586452837,-0.8156520558502388,-0.9039534066445413,-0.7778531238167842
YSAUAVHXTIETRK,-1.3650577822542873,-1.768874801006882,-0.7601164637088097,-1.2367264344978188,-0.9530488823288388,-1.0845769341553517,-1.0724806437866312,-0.10319890793660427,-0.49912764824600653,-0.45109431326321003,-1.2534104962911234,-0.6599861700855254
YSEXMKHXIOCEJA,-0.8257862949441476,-1.2364260192809693,-0.7175945531303117,-0.5372313817945129,-0.3933940912729718,-0.6165673864107214,-0.4591266942376298,-0.34166527551176046,-1.198662466941033,-0.9687761400548751,-0.9657633004969411,-0.40308925704316345
YSGASDXSLKIKOD,-1.3841513839563746,-1.8468701321707566,-0.9056436755323215,-1.1358710533814058,-0.3328721800202265,-0.9003891890413074,-1.1015792951187386,-0.6897978555909945,-0.9452739848396885,-0.9829666407486211,-0.7860591112288676,-0.8591503832852228
YSIITVVESCNIPR,-1.368123229411804,-1.7163513225455014,-1.3025261434252526,-1.3490749578740355,-0.8766840753274738,-0.8938972782706093,-1.235983633136296,-1.0160519152875191,-1.107771863577678,-1.044958985243392,-1.7317106971021805,-0.8410834908391467
YSXKPIUOCJLQIE,-0.7852699296713677,-1.2540927767358832,-1.9602443223938772,-1.2651971828043607,-0.22504540238482068,-0.5955559850664902,-1.1787177342588357,-0.5814835625486693,-1.0478392098525995,-0.7983866319553132,-1.053515523574164,-1.1144434041611584
YUGZHQHSNYIFLG,-1.5084099979526762,-1.670382723851192,-0.8915204419006192,-1.4179143831638037,-0.4859975193092944,-0.9686891385435746,-1.0250708753417475,-0.9499937305497193,-1.0495253299385274,-0.9069222102764355,-1.3542393826587251,-1.1057493663059623
YVQVOQKFMFRVGR,-1.368912657482951,-1.6835404464234276,-1.3960328582353043,-1.2516530104949632,-0.6304270336582004,-0.1878870025769606,-0.9872518674069375,0.15952966284650072,-0.45634025663573374,-0.6825041152472839,-1.341876212049313,-0.7506670464622747
YVUQSNJEYSNKRX,-1.2141434301274199,-1.5778382713815713,-0.8487891632531316,-0.612926742285994,-0.5222709829618692,-0.8063230768843269,-0.7682993427384842,-0.010436706975672824,-1.1080304566914199,-0.86208582393524,-0.3572406634135317,-0.7487653274090602
YWJXCIXBAKGUKZ,-0.8269576790065385,-1.4977243838868028,-1.6996848361225854,-0.9889134748195065,-0.3673062715767844,-0.4429207050169758,-1.0030713673883362,-0.8560827261131425,-0.7100060829147584,-0.8807854297427871,-0.9613929787355133,-0.14594077084382073
YWPHCCPCQOJSGZ,-1.469240528099163,-1.8409955918890952,-1.2893446468135283,-1.2482284419697554,-0.6936202638765394,-1.0010494248228192,-1.2634495918828221,-0.9989191197060725,-0.9301480635381989,-0.8897503133892409,-1.7247760275637969,-0.8980382095004701
YWXYYJSYQOXTPL,-1.3882842511633888,-1.695235406869509,-2.3820166015874236,-1.4318418142680145,-0.8301299305223011,-0.423508012878661,-1.1298338334171425,-0.8687339586582518,-0.9143282215369898,-0.7730773998549004,-0.9881785722165982,-1.0182645555664633
YXBQLONCIPUQKO,-1.33175878588282,-1.7494074688643706,-2.5045316022324213,-0.8763461124878884,-0.8960698684065833,-0.7666584470729111,-0.7649980906001964,-1.2464325239672205,-1.2737498812610168,-0.9641031529118005,-1.538787935918552,-0.7565069833756073
YXOLAZRVSSWPPT,-1.0057674949537498,-1.5122459359808613,0.09172137230391779,-0.9965667767524105,-0.04370845451166749,-0.10422177820536056,-0.3977344264698524,0.5575413375485474,-0.13975610502519858,-0.4871918643862939,0.5316954869426819,0.24818641398282298
YXSLJKQTIDHPOT,-0.9518566643268807,-1.3106742433785488,-0.9842011725197461,-1.0182980838238112,-0.5233338451221066,-0.6476272960965632,-0.949011533388633,-0.5650350823057587,-1.0381867842676984,-0.9603830474699191,-0.74328869090964,-0.7563739082712093
YZOFLYUAQDJWKV,-1.3025097544567934,-1.6271862364080132,-0.01744016396127482,-0.9682131446795926,-0.40399574323448684,-0.3303249194339742,-0.975478306702517,0.04413320789360485,-0.46431323614153125,-0.4908971560480764,-0.1243267921569056,-0.27816344829663026
ZAFYATHCZYHLPB,-1.038373896943976,-1.788928229720436,0.2725023416809411,-0.629459216338984,-0.3155696432071934,-0.7734623967267955,-0.5293035946224314,-0.23119799246521014,-0.5778493794886461,-0.9944988154224343,-0.8699427403275565,-0.4301732713132791
ZAHQBPYQBHTECE,-1.1410634658528804,-1.726147428199222,-0.36596998759261623,-1.1628525697414716,-0.8552719793884829,-0.8905473857364218,-0.9410401678602698,-0.14391647429975687,-0.623381087054058,-0.9785823315415612,-0.43972928361068814,-0.8183661445895993
ZAIPMKNFIOOWCQ,-1.2337840816909151,-1.6265495818050062,-1.7867895908094535,-1.44807352879294,-0.6794484459573784,-0.7708789871243305,-1.036160911118119,-0.289647570496728,-1.0154801333599497,-1.0696611578062603,-1.5082253340643983,-0.4535380800050848
ZBFDAUIVDSSISP,-0.40792465235055964,-1.8400906200678242,1.0246514240144613,-0.8895779051773772,-0.5626499113930187,-0.8550061915140353,-0.883195693250046,0.3494380973533388,-0.6475415357352199,-1.0037602234373044,-1.2514005984968444,-0.8421752612516886
ZBIAKUMOEKILTF,-1.4193865149931157,-1.7778079158445783,-1.1426416889564923,-0.9894923386231893,-0.6099708499982928,-0.8095507773208197,-0.8567227130818824,-0.2673881630476934,-1.422125489230989,-0.8720239267111215,-0.5418547711055868,-0.9232673965803797
ZBMZVLHSJCTVON,-1.5175518439172118,-1.846091420635035,-1.4753561113134477,-1.3113410463442783,-0.9518002326896082,-0.9768777188331439,-1.1671401256442744,-1.0222269940566533,-1.2631075207007263,-0.8410437666681361,-1.1311965659414596,-1.2170561391976282
ZBNZXTGUTAYRHI,-0.8957078900485969,-1.7203641624864185,-0.16180501423115634,-0.8986148546983616,-0.5545948849146046,-0.8602733558340743,-0.6263974308690698,0.3037474484955246,-0.6902981810164991,-1.0650785852673383,-1.117581936248179,-0.9204059216781663
ZBPLOVFIXSTCRZ,-1.426932657535871,-1.6851064188520017,0.21397038679919547,-0.8161950430586637,-0.13040664097275567,-0.584079560233362,-0.515947964394433,0.38448583805977316,-0.6718267773852664,-0.7298712352971196,0.4859827222832716,-0.5261721521741674
ZCDNRPPFBQDQHR,-1.0000792695501097,-1.2592038224824549,-1.1583583300638503,-0.9311056995343916,-0.5499210655921392,-0.5189817196064798,-0.7225766593223654,-0.10400078743245338,-1.0266228200894754,-1.0282041140787115,-0.7773264292922578,-0.5051619313947546
ZCGOMHNNNFPNMX,-1.041162721465553,-1.3024953177886565,-1.6927267406050595,-0.7965981779811359,-0.061102065766800565,-0.6726713163993421,-0.8790801339756691,-0.4046483791681164,-1.449166344935935,-0.8687407290156977,-0.981137626852294,-0.9994666978072413
ZCVMWBYGMWKGHF,-0.6832662061638056,-1.0228329480309606,-0.6044898593285897,-0.8393720478318705,-0.3242734223673491,-0.5198653657890815,-0.9780475135388966,0.4108020555980432,-0.4668277229691552,-0.3446309195141582,-0.16819577208006345,-0.23812903888525797
ZDIGNSYAACHWNL,-1.491502295734211,-1.8122426698601317,-0.4939356487076086,-0.04931592555564156,-0.5494560352691131,-0.9023235365667172,-0.8829094128004217,-0.22460785989850107,-1.228540128251595,-0.6063857623634683,-0.14585428998906508,-0.6982465343598301
ZDXPYRJPNDTMRX,-1.4493358375018242,-1.7827297505411124,-2.5102518432605665,-1.6164260326616573,-0.7545247455856294,-0.7123825240504482,-0.8886857929362475,-1.3474970190726039,-1.4300240676131446,-0.9389529104971227,-2.2311990240512505,-1.1721056257583686
ZEKZLJVOYLTDKK,-0.9161009736236783,-0.801219999244258,-1.1443847839996035,-0.5163253827043985,-0.6884609994443638,-0.5646789284330371,-0.39620912711119133,-0.4006297785544405,-1.2258114551794348,-1.0554537432114226,-1.3240806831252987,-0.5371310624942836
ZEMIJUDPLILVNQ,-1.3341190817342663,-1.7141538256020104,-1.9894313101949344,-1.2686662124381827,-0.43550931434851975,-0.8150990208544356,-0.8580668712665497,-0.5605557001083522,-1.1995134231609001,-1.0879012286463243,-1.2350093135366054,-0.5006803106409551
ZESRJSPZRDMNHY,1.6287334037535812,1.5810355711979243,-2.2823827552651608,-1.2740715659554398,0.9422673265508977,0.42796654588283506,-1.2011921291217067,-0.21534480220924868,-1.5198407904294307,-0.9778611475169878,-1.6952193735118333,-1.140749199810075
ZEUITGRIYCTCEM,-1.1545988807582026,-1.7405170488367703,0.41774673358706527,-0.3711477428351779,0.08555404894879026,-0.777953922267357,-0.5873068309891268,0.2487955277026518,-0.2561755925320129,-0.44995938570642635,0.3809803266858935,-0.28680150167372964
ZEWQUBUPAILYHI,-1.368848301200422,-1.6103699122003214,-0.5050936612526425,-1.0268539861441643,-0.8305197887307495,-0.9044206486902706,-0.9059980494407283,-0.13596397150333153,-1.0712596529568574,-0.905937016349536,-0.7606169353216876,-0.8147169793092497
ZFMITUMMTDLWHR,-1.4124761025243555,-1.81608679759913,-0.6961657748508236,-1.2532611913579845,-0.7966391028524815,-0.9687684936681148,-1.2828373980496999,-0.6742910919319238,-0.6881952007614915,-0.8893908214200865,-1.7023478122153395,-1.0807161817385653
ZFRKQXVRDFCRJG,-1.458381414262119,-1.8930017265270616,1.120623589678574,-0.5952956863588962,0.13015890301193553,-0.7203698785942901,-0.8900353877869789,-0.5227422487117457,-0.7313255346342581,-0.5123056829012207,0.08602918657394218,-0.5016586683006156
ZFXYFBGIUFBOJW,-1.1386022845866715,-1.7474101890524698,-0.7220051959171513,-1.0852808275287782,-1.0944056763187122,-0.9678531713794667,-1.1557436495381304,-1.1162853594203603,-0.9061497690373683,-1.0152237801073496,-1.9507808355935465,-0.7556524407783068
ZGUGWUXLJSTTMA,-1.3501341532939255,-1.728772637128816,0.6132681671663037,-0.8576556431334481,-0.6197199457915988,-0.9164041584366303,-0.9771447257514009,-0.1840312352498818,-0.9093886134183449,-0.6266396312995652,-0.4132997236587598,-0.5324446227424398
ZGVSETXHNHBTRK,-0.21666392681232546,-0.6025046647423408,-2.7326282128937924,-1.0057851769496553,0.1068154481137861,0.019948160005194133,-1.0352210506359294,-0.4342756093997833,-0.9752802734780321,-0.9016579034444558,-0.978929043622647,-0.5660786102409336
ZGXJTSGNIOSYLO,-1.3741746876485001,-1.4295783059780478,-2.578472872730919,-1.6487367048162633,-0.6758107791582785,-0.6530017297973312,-1.3657596171628212,-1.344975976063858,-1.4802801330556483,-0.9641849002940566,-2.2021646608430996,-1.3507442614655665
ZJJXGWJIGJFDTL,-1.5053813190861658,-1.818769907876735,-1.882906239806644,-1.3694002728660708,-1.157597959614369,-1.0610781149311794,-1.0650549891398853,-1.043857749289726,-1.4635133008950292,-1.1630235630589056,-1.5544223754644837,-1.3323836775219753
ZJVFLBOZORBYFE,-1.324480329873629,-1.7817831325511189,0.34875079891962174,-0.5021130239616749,-0.39136041412405365,-0.7808107401215477,-1.0002135097951061,-0.6016589412807661,-0.9241729999765818,-0.9481598836636187,-0.31701328341353546,-0.7141366776138027
ZKLPARSLTMPFCP,-1.3499723993230746,-1.5245160578410035,-1.2830156853619292,-1.0397953301528358,-0.66646416208446,-0.827816421433578,-0.9838577064231955,-0.47418223215432964,-1.4790116286204427,-0.9036948738059076,-1.0831306549610382,-1.0529929115760024
ZKMNUMMKYBVTFN,-1.5377792257578116,-1.8141189674118663,-1.4168605017410203,-1.3067635271878337,-0.743322823014923,-0.9218638697097443,-1.2006962581373282,-0.6656531677580761,-1.3817693956102823,-0.8443585540218808,-0.8531495194861212,-1.06479540558708
ZMEULISFKSVRLQ,0.5389713519167406,-0.11345989599261873,-2.214184961802795,-1.3934127619105772,0.5824538869569784,0.15044955415491923,-1.1327407722331038,-0.6915473738898447,-1.5247628962591375,-0.8140312371995476,-1.3439113600698973,-0.7732896476733538
ZMISODWVFHHWNR,-1.0693224330867674,-1.4821261484483448,-1.2080420636757352,-0.945628377645388,0.09031961526299685,-0.7434389914839852,-1.1348302464050615,-0.6999933775927277,-1.1098702983280448,-0.6412634487631197,-0.5940536595621527,-0.8203806148102993
ZNEWHQLOPFWXOF,-1.5157761261999114,-1.806879923839267,-2.267409423528065,-1.6332979895601631,-0.8593049605489549,-0.556510438938377,-1.2745376795604344,-1.1556905250986707,-1.4967429169637045,-0.7255588781147496,-2.07464643341674,-1.539975638632925
ZNNLBTZKUZBEKO,-1.506518330056312,-1.8167261871242886,-1.3235130224935574,-1.3712007454112347,-0.9122406961024502,-0.9534588869477949,-0.9113750543743835,-0.6402317315794123,-1.421096139771421,-1.1115907082771468,-0.5741632583941383,-1.25610031446122
ZNRGQMMCGHDTEI,-1.051802092651554,-1.4509552679304543,-0.7520186680736567,-0.7767205813725442,-0.18179992869578174,-0.5169072740864368,-0.5593900953594921,-0.5876016703326505,-0.8759757120635814,-0.9026599913579874,-1.1367552599996744,-0.5803127965653293
ZOCSXAVNDGMNBV,-1.3368143644052113,-1.6508825223971644,-0.03955210905346061,0.3588907654431053,-0.3599530694424097,-0.7975313718158893,-0.639811675775933,0.25501764709589536,-0.7589527282020536,-0.889878011355729,-0.5340649989024506,-0.5360693487655391
ZOWYFYXTIWQBEP,-1.2784687100901455,-1.7113024273784272,0.8110961423951232,-0.11946396205729676,-0.3220284609700152,-0.6519414227026947,-0.3126383661345185,0.2206855715128545,-0.6917492478380255,-0.4743004666121413,0.09763423954666277,-0.22209546433966046
ZPAKPRAICRBAOD,-1.2368665700329144,-1.5510757756622773,-0.5890150388455712,-1.1487652262466463,0.29420030763922694,-0.31360041655545184,-0.35706589156837504,0.023370589501737777,-0.6271095132081531,-0.72313609426826,-0.38451343670214466,-0.7869284725731722
ZPEIMTDSQAKGNT,-1.3786559247606822,-1.6981078405908112,0.869647025252638,-0.7343929719547639,-0.5544278278974675,-0.84175638340927,-0.8355023492019384,0.07678485497735962,-1.0554945482010034,-0.7241262662121849,0.2436321216386484,-0.4640423155045176
ZPFXAOWNKLFJDN,-1.5169506375988915,-1.77019473774618,-0.9034699070293946,-0.9090230282893556,-0.425181572222452,-1.0036812472892873,-1.0065782047191139,-0.45560766296673205,-1.0828221759867578,-0.325646267859171,-0.35467842889941675,-1.1578539433538797
ZQDWXGKKHFNSQK,-1.357134231593476,-1.6802701260667567,-0.9148789460749517,-0.936144963741625,-0.5607462731073114,-0.8852404973516677,-1.08860728346019,-0.3166310441811557,-1.3159384900733373,-0.7730651077895295,-0.8061331835965015,-0.9803141404563513
ZQSIJRDFPHDXIC,-1.1897577145730156,-1.6759911180902356,0.2729443290472151,-1.07677641520259,0.34335728364261214,-0.19004970342997501,-0.10779130956288795,0.4668755150791305,-0.16602523896295598,0.1362565602223845,1.257366414007383,-0.02430025092009746
ZRJBHWIHUMBLCN,-0.7624779395792755,-1.3198535998517433,-0.7682241498145262,-1.066883077490193,-0.36924293158326144,-0.3944268558229583,-1.1781199444610282,-0.009166111109630058,-1.0730465155360824,-0.896175963448568,-0.8394257294026486,-0.2865520895375879
ZSCDBOWYZJWBIY,-1.4296884432189922,-1.7794528747624658,-0.08253083058269646,-0.9000339585558568,-0.621685941441751,-0.9416633437769104,-1.044883651811047,-0.40563750320397296,-0.974901143140335,-0.7574407430258325,-0.5505709868307856,-0.568973376384468
ZSJLQEPLLKMAKR,-1.3834564163572822,-1.7449955425950554,-2.51782292927911,-1.623766523282847,-1.0161146266594692,-0.8887568487040504,-1.2584059280697943,-1.4462104293525424,-1.171279354472233,-1.1221747465122258,-2.304015335984092,-1.1405337652528647
ZSKVGTPCRGIANV,-1.168469721724048,-1.3915917989418274,-2.3466577216126185,-0.8943803163850383,-0.9427337931574995,-0.740726629645363,-0.7702512211214516,-0.586426321466481,-0.9952322433116814,-0.9927614309574126,-1.305676900394005,-0.48518749412843537
ZTVIKZXZYLEVOL,-1.018910372328302,-1.3589196880865413,-1.9549937979281446,-1.2551812147123642,-0.2523115340848942,-0.8009884212353453,-0.7451803452802989,-1.0820401621286533,-1.0421983907772177,-1.0348484860801423,-1.4050987750843402,-0.9733624195224941
ZWPODSUQWXAZNC,-1.0923821603849495,-1.5706290663828417,-0.7104734240848724,-0.9304638562056055,-0.25921229133329976,-0.5441424970655441,-1.0326620937460584,-0.32853972831951506,-0.8739225708969838,-0.7409299734270097,-0.2501586688270781,-0.8086737453939912
ZXNRTKGTQJPIJK,-1.3320916255286743,-1.7834576285999173,-1.2505580185376381,-1.4201887394367005,-0.5533718233908641,-0.8454033291840765,-1.1635833591464246,-0.7966900006141981,-0.8017560882183687,-0.8845461174002125,-1.1126202032111754,-0.9253367189885976
ZXRVKCBLGJOCEE,-1.2861898596219408,-1.6243954668308747,-1.3033898412089082,-1.393503669481551,-1.2730653286007438,-0.8675113430551306,-1.1460286675580762,-0.9126616451747867,-0.9610174698198426,-0.8297157530700991,-1.9305338257144422,-0.8519999719971085
ZYGHJZDHTFUPRJ,-1.328048313549354,-1.7176905784593512,-0.06195404939186486,-1.295190754085917,0.23895125027181718,-0.730200043280863,-0.2642395054562196,-0.21850837269528767,-0.29401494593883165,-0.3866238191723526,0.32550597268574727,-0.29944190483875865
ZZHLYYDVIOPZBE,-1.3730054753831684,-1.7475236558911078,0.391308865900958,-0.8178372697934593,-0.571235800685932,-0.9294515540754812,-0.9312422648961296,-0.25323618657935054,-0.915832945299238,-0.7063047179077786,-0.5617465033727067,-0.38507796895199514
ZZIALNLLNHEQPJ,-1.0309406677120516,-1.3864101110544602,-0.011328892929954412,-1.1956965139763578,0.2560428676813901,-0.27084790663036856,0.4246663250519824,0.5372625274480247,-0.11179673528603462,-0.4012741795396926,1.0431573835651458,-0.06516417245980984
ZZIKIHCNFWXKDY,-1.1608134854042456,-1.4486380299179051,-2.6991631696978136,-0.9830118880622637,-0.7384146942512824,-0.5709702433230638,-1.1083642683867854,-0.7645074635105588,-1.1461074659202315,-0.349318870816124,-1.0612912964864802,-0.9889362114368594
ZZORFUFYDOWNEF,-1.469419103527517,-1.8584788221013189,-0.7340531827956429,-1.4642286459152936,-0.9645172507427486,-0.9233028896522955,-1.1303928418424105,-0.7731612755388677,-1.2434748773790223,-1.1480209027049657,-1.3733792611004934,-1.2191563813736892
ZZPKZRHERLGEKA,-1.4845503668334548,-1.841873630474697,-0.6142346920556481,-1.2279133488493126,-0.07856523408932586,-0.7628637230090122,-0.6840295172430301,-0.6454631013687644,-0.894008623425616,-0.7688862546251685,-0.7405107617513744,-0.7853161683289874
ZZUFCTLCJUWOSV,-1.5488696478246222,-1.8750775810956648,-1.1521803468998797,-1.3140415362629265,-0.812676222879321,-0.8886611346367047,-0.886876344905137,-0.18792418097599872,-1.035180349858259,-0.9984950781219113,-0.8364545605696645,-1.0737488926023002
ZZVUWRFHKOJYTH,-1.3588994203707174,-1.7832009570720784,-0.7770377923330157,-0.7299305045639635,-0.24584531225761377,-0.8126337294162364,-1.0667782521573752,-0.7314301161951068,-1.010779304929378,-0.6310558097437224,-0.26886421643666086,-0.9244046669238959
ZZZRUAITSXLWBH,-0.3971711431845606,-0.7206237786773151,-0.9208941439804883,-0.7116059444665292,-0.35514833406956664,-0.41379413283364314,-0.921187207528501,-0.39428248829687584,-0.4550098847517191,-1.0346765598443233,-0.13720203048632862,0.4201399664667781
