task,cell,repeat_id,outer_seed_requested,outer_split_seed,outer_split_signature,n_compounds,n_positive,n_negative
NR-AR,HA1E,0,2042,2042,7d96e5e9681d8194c513ec216373c2a92c853c45e7f97ef367ce3e12392d4cb3,968,72,896
NR-AR,HA1E,1,3042,3042,9c28af609b7f57dbde56c0743e4400196732e16912c337c6c8ef7b969a936700,968,72,896
NR-AR,HA1E,2,4042,4042,5a9a2eec630110bfcb80d08943abe2b828d4231e6b0a27e107f69b8388d64748,968,72,896
NR-AR,HA1E,3,5042,5042,526b93c73f5dcb6e56f98c5d5dabadeb9f52ddd1a1eeb7308c36deb9e50cd98a,968,72,896
NR-AR,HA1E,4,6042,6042,e8092bd3c820984fd9877fec7c76611c1053130606451967369ee6c5e60ede74,968,72,896
NR-AR,HA1E,5,7042,7042,0fff024466afb6f18adf32566bca66cf0d9c459c9fa70ce9aa7ada136403a5ac,968,72,896
NR-AR,HA1E,6,8042,8042,bdcfd07af02d49619996addca6cfa7fdd5ce8ac3c0c2b209b1e9fac0a9bd65b8,968,72,896
NR-AR,HA1E,7,9042,9042,24ad1b5bbba0cdfec651732a3ea346998506dd7aea6ee1e2bffa9689d492ee67,968,72,896
NR-AR,HA1E,8,10042,10042,dd4604cd888c466f6b9c00f3da135bf64fffbb410f2a9fa117fb1f27c8406047,968,72,896
NR-AR,HA1E,9,11042,11043,d0538b3baf6930d03c886e4090506cc56be3fb231a9220ec13f8a52b6f614325,968,72,896
NR-AR,HA1E,10,12042,12042,403d1c4dfe5e1585933417194313ba3fc22b77ca7d61cf26fafa44fbd781ff38,968,72,896
NR-AR,HA1E,11,13042,13042,c52bd4231db89a62376314437b2ea06480a3db189535d2575c5efd24989eacea,968,72,896
NR-AR,HA1E,12,14042,14042,2eab592b1f209ce753c0f61f4cfdff1ed49f374138b52b430fb5ca7d209afd00,968,72,896
NR-AR,HA1E,13,15042,15042,21c3acff848d3c1c99b04c37e2972eaaa6b7b01567feed56e54ccbc09a1f1304,968,72,896
NR-AR,HA1E,14,16042,16042,0fbe6758aeb988c460b01823f4dd0fd7b8c0a9af829f7ad662db1b07d09ab1cf,968,72,896
NR-AR,HA1E,15,17042,17042,12aaae45592b17ba775fdebb620b3ce6f1697b60edec8bf14ab6325541133df0,968,72,896
NR-AR,HA1E,16,18042,18042,51ac4e538440f60bd807a8d0233853d080c7e8fa2941dc1f8fee44d341ed9dd5,968,72,896
NR-AR,HA1E,17,19042,19042,a3551917e9251d3820af8a09a531deef1f7dceb0462e41a8acea748f0c0f7216,968,72,896
NR-AR,HA1E,18,20042,20042,e9a6b3567d8c6ea3bc9487ce420134e6d3e65bbbb97923aa1cf38997e8d2168d,968,72,896
NR-AR,HA1E,19,21042,21042,d0d496f95b103e348b23b2cdbbd6a9ccd026784503b93412c6e0b7878a071902,968,72,896
NR-AR-LBD,HA1E,0,2042,2043,543c3314c9199cc07c022213e1e772ae819dac65901728a52823c9ad537ce18a,869,49,820
NR-AR-LBD,HA1E,1,3042,3043,5596c314896fe7b009b3a787f5aacb72d944215583d614e34afb8f63f6b2b0fc,869,49,820
NR-AR-LBD,HA1E,2,4042,4042,9f2c51ceb03374e1a440e50b1d58ce7679dc9411e35cdbfdf9edf43b3b305d10,869,49,820
NR-AR-LBD,HA1E,3,5042,5043,d6b0da523b46d45b59e78c5d445387394e66ce773cc5bfe30e237716df1f8ee3,869,49,820
NR-AR-LBD,HA1E,4,6042,6042,ed1f2c30f2eacc2715770f46555e06b0eaf489b25cdde86f7b38130013062674,869,49,820
NR-AR-LBD,HA1E,5,7042,7042,2b7ab10f50e4b7e58c3624cad0e8665b8c18d2a9e765640b9ae436f8a4486562,869,49,820
NR-AR-LBD,HA1E,6,8042,8042,bba5af4b4ebec7fed8a40e095527778a9f71005f41c16cdbbbb35b42062d41ba,869,49,820
NR-AR-LBD,HA1E,7,9042,9042,964be1fc8e3219525728585fc922b95e24e9b198d1f7b4e4e2bb244fbdfe8ea4,869,49,820
NR-AR-LBD,HA1E,8,10042,10042,9e65b1c737e8179c2e997ba3789925d02f80772f45b63722689ff3705e2b37b1,869,49,820
NR-AR-LBD,HA1E,9,11042,11042,d029a2c9dfc555c19f37359e929b8d3b65f67d24002ff8f6328df9a2ce09b3c8,869,49,820
NR-AR-LBD,HA1E,10,12042,12042,3c4b4a7589669d720d92534e6e017564e7de56a50252b591f50d83fac4fa89e0,869,49,820
NR-AR-LBD,HA1E,11,13042,13042,66f071c1c76839978ab32d953ee280ec2c72444a3962298386eef23ac78918ea,869,49,820
NR-AR-LBD,HA1E,12,14042,14042,6f46f8a8cb2aba6fc01b4d6180b0251541716c6f95f1bcc3b0c353befc1550ec,869,49,820
NR-AR-LBD,HA1E,13,15042,15042,b1279882a2b1ad6f3d24427ff4bfe8a8973bdbee7c27251401be1e65634cca32,869,49,820
NR-AR-LBD,HA1E,14,16042,16042,d9a719a7eb5237288316389efc04f8bfd308808deba19d0c5eae63b5d4547c00,869,49,820
NR-AR-LBD,HA1E,15,17042,17042,d464f71ed6934c55f51977522328504b14f7dab12cd80e2e668ef707a2c9ab35,869,49,820
NR-AR-LBD,HA1E,16,18042,18042,aec958b5e69bf99a6f0c24fad49cc031bb2b9f098255f2b57bf909ed7cc607ed,869,49,820
NR-AR-LBD,HA1E,17,19042,19042,d1cefa21565156c9efa551999661a78a4a51eb3d0764ff1274b9e33db87438a4,869,49,820
NR-AR-LBD,HA1E,18,20042,20042,b0a19fec39800c68f814d61b3dfb0c43a7be885f8fcf82996c62506900473812,869,49,820
NR-AR-LBD,HA1E,19,21042,21042,62b392e21951b342634866a3cc75e55eb359222762c3592e0fcfd1d3d7f7468d,869,49,820
NR-AhR,HA1E,0,2042,2042,77b6466ef440a95162e8393df9a2e0af8b23f80d3fa959dbd162066efae67cf5,849,102,747
NR-AhR,HA1E,1,3042,3042,51f248f85fd174a4f5cc2e28a0d0ffd9a4107474159d6cc8bdb85bbf405b9d0d,849,102,747
NR-AhR,HA1E,2,4042,4042,60bc7b478b9edea1e8186b5ca895391f09b1e99cf8c3811f05eed7cc8667e3cf,849,102,747
NR-AhR,HA1E,3,5042,5042,4084cbd8dc1eb73833ae1441a93a771b0e5ef1affceb702b799c9c8786597ef1,849,102,747
NR-AhR,HA1E,4,6042,6042,9d936e043b1c711f8b577730c2271755d379bc3ef10a0c7bb692d452f2019c0e,849,102,747
NR-AhR,HA1E,5,7042,7042,e3b536c6919dfc218a2255c06726c9ca529e23b9163a6bc7b2a0a34f97c156e6,849,102,747
NR-AhR,HA1E,6,8042,8042,d6de517f277b991ca42645af6a929776595dbeb2c395a9059f83aa250a9a326d,849,102,747
NR-AhR,HA1E,7,9042,9042,d03d5a4adeebf95e6de94c66109c9f609fe71c50fc630f1998545b53d38b5236,849,102,747
NR-AhR,HA1E,8,10042,10042,5715a39f9f465ff6c8250b2ef5e9133109c17b769ab3cf91fd79b86926c9d6fd,849,102,747
NR-AhR,HA1E,9,11042,11042,9fc2ee77c6a8185ba048fc9905111fc719dcbe2fdfdeded7972121e6200a1d18,849,102,747
NR-AhR,HA1E,10,12042,12042,4227b2cf07b337f4cc415acc7a959d103ae079e6f58ce1305e0e36ff437feac3,849,102,747
NR-AhR,HA1E,11,13042,13042,ddc820dd4f359ad49da3f89ae08fde4ff301b4582927cb8a74069047bdb52805,849,102,747
NR-AhR,HA1E,12,14042,14042,36bb1cd21b9e8673973912a1b66ebd49b2b93d22f154b2dffe49c9ea24fce5c9,849,102,747
NR-AhR,HA1E,13,15042,15042,526eefce593c629e90f7ef680ccb5acaaa3d8ecf5f10364ac6987c4634f5ac84,849,102,747
NR-AhR,HA1E,14,16042,16042,191364220e034d1e302b57cee713d648ef874ce289b2e1e461c018f1d8332f4c,849,102,747
NR-AhR,HA1E,15,17042,17042,69b3c49fd36a9ae4ca2a2099a562bb3f9cf1fbc36185c2887c782d7c6b7d69ec,849,102,747
NR-AhR,HA1E,16,18042,18042,1436cd12391c8558f0eb934d74b4973414e7a6d66ac6932f27a52327fb5512e6,849,102,747
NR-AhR,HA1E,17,19042,19042,1ecb31a304bd8253d14be0c25d6aa1552c0ecb573ba4fa9d0c13cdbfd4d3104c,849,102,747
NR-AhR,HA1E,18,20042,20042,3b403e1836a8f099faeef47ed8cefb04809a5391073f186d381f420f9eb8019b,849,102,747
NR-AhR,HA1E,19,21042,21042,dce09e3408736e30d9b0f1216efca5f27f24b4801c45ec264de519d115dd4127,849,102,747
NR-Aromatase,HA1E,0,2042,2042,dc8abcb709187e262acaa9031d6ec857a171d2db47453b431afde9f8bc9e5842,759,63,696
NR-Aromatase,HA1E,1,3042,3042,dde29dfb6dddfbbaebf1afa2ee032d2107b4979b9d95cbf5a846af61efba8635,759,63,696
NR-Aromatase,HA1E,2,4042,4042,539f173cff367caae297b19de64f3e92d7808447093a832254181bb5513b00e2,759,63,696
NR-Aromatase,HA1E,3,5042,5042,f56d57613d3e0cad22932c638ac0b5281fd8187e55992171c35d10b047f5db70,759,63,696
NR-Aromatase,HA1E,4,6042,6042,1b2a16dddaba57d2258887ae61c5592d569936ab8e1b4040cedb2cfd76709f14,759,63,696
NR-Aromatase,HA1E,5,7042,7042,4666eede0e39403b8bd0363f49f834863fb82ad4fc9d54bfc3327a973e6336cf,759,63,696
NR-Aromatase,HA1E,6,8042,8042,44f5f8b0175e259d9ec1f921e3e55580ab35aa976b8c9b7cecab46cca8465bbf,759,63,696
NR-Aromatase,HA1E,7,9042,9042,a32d3167c544f01e2ae4cdab9acad09559a4c9ee69509b6f17a77e9a6ed1f615,759,63,696
NR-Aromatase,HA1E,8,10042,10042,42c8c943912118a23d29950f42fb00286a323fe4fb5c42fe75b39726fad6f3ea,759,63,696
NR-Aromatase,HA1E,9,11042,11042,ff683f4917317ed5f83a75719c1838526f087a4ec7345b4d2a27223fc4b55e15,759,63,696
NR-Aromatase,HA1E,10,12042,12042,df4933180b30ac78fad37481ab5fe3a6ccab62c0c855acc77c7a69f23e0a64e8,759,63,696
NR-Aromatase,HA1E,11,13042,13042,117a2b6c67170041116551309b5164d6172097f858862a47429f63f71c0a8008,759,63,696
NR-Aromatase,HA1E,12,14042,14042,3bac073e5898005399f6b749cd7fab4498ebb564d18dc0164ebad680411f6a15,759,63,696
NR-Aromatase,HA1E,13,15042,15042,03825166c6d08cb87a98d6c2c50d6d7192bf56b3fce49d9c9f94e52a5731c12a,759,63,696
NR-Aromatase,HA1E,14,16042,16042,ead2608570b7e5156bc3cda826981ae397dc291dae62e33665f426dcda6d3a16,759,63,696
NR-Aromatase,HA1E,15,17042,17042,e00c92259b42b009c07cb00344106e559e6b37cb17dbc3debd069b92d07f8856,759,63,696
NR-Aromatase,HA1E,16,18042,18042,45830f64d1bbed5e1c78c67c6d6f9c9428ab19d6a31d934406152076616e10bb,759,63,696
NR-Aromatase,HA1E,17,19042,19042,a89a9f87f458212e2ce653f0c279c855104d71ae1eb84313612d228e55fc3d51,759,63,696
NR-Aromatase,HA1E,18,20042,20042,a1b8c0bc01e47642fcf57dd7b30c05e1b1d09e69a2c9504e6b4267297b546fc6,759,63,696
NR-Aromatase,HA1E,19,21042,21042,e42389ca6c7ca3c9a2178064b3efad039db36dca11170966d27625abacddeaf8,759,63,696
NR-ER,HA1E,0,2042,2042,440f94a8ad99cc76abae37ccababfc884dcbd357777ae621d52d50fc6729aef7,805,132,673
NR-ER,HA1E,1,3042,3042,39f306a0021712bef48ddd272bd181859672655b2428f623c685bbb8cebd0a4e,805,132,673
NR-ER,HA1E,2,4042,4042,41c311f04f16a755359024b97070b20576687aa07476e98ed64223accfa552bf,805,132,673
NR-ER,HA1E,3,5042,5042,384dbd790c6f4e886bd5fd2a873cc2bf4b897a1e678b20da5f369ec149dee1a4,805,132,673
NR-ER,HA1E,4,6042,6042,265623c9e0cc6500991ca570d4516db9401b3deb25e8d78cc239b62b5235fb50,805,132,673
NR-ER,HA1E,5,7042,7042,2e50b76ff253a20a88b9e03e82be82b8c1486f5488820f1917569fe2e856c758,805,132,673
NR-ER,HA1E,6,8042,8042,86d5e651845cff36845aabb3ece5f5ccc658ba1bfc819a67b8f9400282f1bc5c,805,132,673
NR-ER,HA1E,7,9042,9042,427d40030b7d24fd621adbe6e00c9f7c453834954880a36b2032d29bbb59cb1a,805,132,673
NR-ER,HA1E,8,10042,10042,2b907586444d9296a40ce0b88c9822441fd0b1073bb873ee843fef81d777a436,805,132,673
NR-ER,HA1E,9,11042,11042,25c750c6ac9d7da57387b49bd44c5fc0151cb415b3c6791850c391bab627b30c,805,132,673
NR-ER,HA1E,10,12042,12042,7d92d91d7df59115af768229f8af5e2d2e79e15eb6eedf3abc6718231e543e94,805,132,673
NR-ER,HA1E,11,13042,13042,87d5e95591c3fbb0c64522bf1561e401398318acb5dda2f0a4bf479b8a54262f,805,132,673
NR-ER,HA1E,12,14042,14042,fa51e68450b5ed457a1815d1a222e3ed1140a26a4610c05074e49c5c69f4d772,805,132,673
NR-ER,HA1E,13,15042,15042,ecf6571cabe05740ddce5faf2d66767db4cc95f4eaecfb01bb73b434919535f8,805,132,673
NR-ER,HA1E,14,16042,16042,ecf1524b8a9cea1fb61f958ba1653b882f369bd4111f6c1d3fedb006ef0c304b,805,132,673
NR-ER,HA1E,15,17042,17042,0f3816afd21afac8e597a0db2105e9addb6969733969f691f08afb08f22a77ea,805,132,673
NR-ER,HA1E,16,18042,18042,bce48e73654245f55bf2f97fb938e1aff7e0e168852a44f78c0a0e677c65cf5e,805,132,673
NR-ER,HA1E,17,19042,19042,dd6612a0187ab0ba02348116456689ee2743251a913ed04d6725d0448c312c45,805,132,673
NR-ER,HA1E,18,20042,20042,fe0190b1df4a165ef62fd27dd7e1c60fb58e173d2977d133351b8de3e078ffd9,805,132,673
NR-ER,HA1E,19,21042,21042,c10c5afa30dbe7cd96f8b33110b42329346391ea4772b21265a87e8e7a9dba22,805,132,673
NR-ER-LBD,HA1E,0,2042,2042,d68d5aa6bff499dd97ba3343b62ee0e56b72422f02ba3d3d2e712de9383f8f2f,907,55,852
NR-ER-LBD,HA1E,1,3042,3042,0aee1afa888706dc9ac605c6ddcdcde369cb2a6422761a171f103a89299d0775,907,55,852
NR-ER-LBD,HA1E,2,4042,4042,40244e0dab6a95bd10a1b0b230b774cef285112b83de0a3b4fc3eb5a88f351b9,907,55,852
NR-ER-LBD,HA1E,3,5042,5042,c994a8983883767fa234a2a91a9f140ee240488b714df83a842f0e3d66957a34,907,55,852
NR-ER-LBD,HA1E,4,6042,6042,ce3d41e52d95120cd5e7ea5390f88beca04d98eed9cfd86a41ccd6f161268d9c,907,55,852
NR-ER-LBD,HA1E,5,7042,7042,0966320d876193a497127ccd2610512303c6381e519bd12a9eeff06ce3818824,907,55,852
NR-ER-LBD,HA1E,6,8042,8042,3bbb0ecc01e4e42e23bfba272d35589564012e173b3b9ebe4621e50c2a2b623e,907,55,852
NR-ER-LBD,HA1E,7,9042,9042,d38f90ce5f2885e3d5b9b6e707b96b5c5041c8ce5793984778d6243ff5c42025,907,55,852
NR-ER-LBD,HA1E,8,10042,10042,3230af1e682cb89709d347ecb19cdcae06b89addb2335509f5ba7bbbd2e8f6dd,907,55,852
NR-ER-LBD,HA1E,9,11042,11042,df4df32612fdf6497e5919687fa6ffaa285c5d6090855a1046a9a1bf6021e7fa,907,55,852
NR-ER-LBD,HA1E,10,12042,12042,7390388cea9ec1f78e6b6e47915c65d217984e815bb2ff2f920cde70dae301d0,907,55,852
NR-ER-LBD,HA1E,11,13042,13042,bd9df42d0d42fb7d2b830d99c6456d0f2eb55013ae98fa19d40ba78fdde28814,907,55,852
NR-ER-LBD,HA1E,12,14042,14042,233295ebb7f6cce0bb4e3df49c52cd4e4fccad9f13b2e6ce14ef94b9d0b0c577,907,55,852
NR-ER-LBD,HA1E,13,15042,15042,8922d1a36afcaa86c15b09429f32a2b07ed8bfae89a3bef8b5b4c3a3bd6b1f86,907,55,852
NR-ER-LBD,HA1E,14,16042,16042,5c610cde3360c31d3661612e6071fcb13162320119f898da2ec90d6937267850,907,55,852
NR-ER-LBD,HA1E,15,17042,17042,ec8be44511614f39ebff4de9d0251f557f779e6d878148d9722431082505fa88,907,55,852
NR-ER-LBD,HA1E,16,18042,18042,28043aa7731347cd494e059b1edef26adf2271ef7e897480476c776dc59600c3,907,55,852
NR-ER-LBD,HA1E,17,19042,19042,44f74a126a79e569a9747689b6ec8e4f97c9475ffa1d8b494180302feb2f339a,907,55,852
NR-ER-LBD,HA1E,18,20042,20042,37378e5b49570027f8f05afb9834ab667c97c579da3a8edc1abf84ec3791d1ca,907,55,852
NR-ER-LBD,HA1E,19,21042,21042,f6bddb1f8196b7f4b38d2652e87dba5ec42b2b5945e2481a1338cb6ab673becf,907,55,852
NR-PPAR-gamma,HA1E,0,2042,2045,b40f4e0e80050ad3927ff8e9fe2da5d13dc6e52065e49887351e1716fdd4486a,811,34,777
NR-PPAR-gamma,HA1E,1,3042,3042,256c38d1c6550095b70acab7a9dcc55ba77048c90d85421447c5d6c4cc9674af,811,34,777
NR-PPAR-gamma,HA1E,2,4042,4042,7745e68bcbd1e8e337f975ab7e4200bfcdfe84474a0392fc4681e61177e51e25,811,34,777
NR-PPAR-gamma,HA1E,3,5042,5042,dfa7b3438a4ab8612177ff4c057207d2f990c312cce16509965c5c3ff554c1c3,811,34,777
NR-PPAR-gamma,HA1E,4,6042,6043,fc0d7f34b9f899558720d422c71f5415e00d4032dc52d28c9dcbbc999a591128,811,34,777
NR-PPAR-gamma,HA1E,5,7042,7042,e7769b94a90cacd49dac3a11fde8f951308592dd660eebf9b45a5bd9f0168e0d,811,34,777
NR-PPAR-gamma,HA1E,6,8042,8042,45f1df0c006abf7e5ac83e402222b0791745bc8622a82980f9c04b3068c8b66a,811,34,777
NR-PPAR-gamma,HA1E,7,9042,9042,d4c4f7beb2024ed9e3b1d10ef789e75197ffafa0d67a596d97e0c0e128b59a9d,811,34,777
NR-PPAR-gamma,HA1E,8,10042,10042,e96948c6e3ea7ca6851f2caca09e06cc10251961b7b23f60f778fcc49d105635,811,34,777
NR-PPAR-gamma,HA1E,9,11042,11043,a41703d9984dab474228f7685e2718384fb70691a5d05ad1852a37a2abc474eb,811,34,777
NR-PPAR-gamma,HA1E,10,12042,12042,c872f5d8ae0f40d6f0b2ce9dcb0aecf0609b69a3c296cf675b49bc5fac39ad96,811,34,777
NR-PPAR-gamma,HA1E,11,13042,13042,932565abe423a645c0586f1993c4cbd0a7a43c29b142174ff3daa28deafe9a38,811,34,777
NR-PPAR-gamma,HA1E,12,14042,14042,811222b19c6cb870fad6fca5192062774006e82b8797f70ac56187f748250a1d,811,34,777
NR-PPAR-gamma,HA1E,13,15042,15042,8916321bc2731eb34d25ec0b4ed4f3208c4d9fbd8e450e762d5ee46de602dd11,811,34,777
NR-PPAR-gamma,HA1E,14,16042,16042,05f60d12faa48d0dadfa0dadbe9f63ede75a7d96f9b20553c76d122a3dd6aa90,811,34,777
NR-PPAR-gamma,HA1E,15,17042,17042,fb11ef71804862882bf60cc13b6cd6dd516851bf20c31bd0ef7a0b3f1854c4a9,811,34,777
NR-PPAR-gamma,HA1E,16,18042,18043,69f20e84b6897e59d604f4bd46d215a1e15d42e489f4a688f0a1876221f74f56,811,34,777
NR-PPAR-gamma,HA1E,17,19042,19042,a3c6863b9ab504516246bea600cee41f97d02b16bb676a62fe0420ebae386b56,811,34,777
NR-PPAR-gamma,HA1E,18,20042,20042,3d0cd94419e8d03a8ba2f69030d08ad0a2ba1d4b812343185e6528a41db60a6b,811,34,777
NR-PPAR-gamma,HA1E,19,21042,21042,86c2325657c54b96ea6562184d71f363b02596bf72330425122d7fd3084a09e4,811,34,777
SR-ARE,HA1E,0,2042,2042,06126dbaa9c5a8c9c19c5cde59aa19b0ebd548c5aceb0624b70f4717a0c0947c,690,136,554
SR-ARE,HA1E,1,3042,3042,4723231b2bbd19db0d1f88e87a0eb191bc23e36b12eee61a20d67e4f068d0fb1,690,136,554
SR-ARE,HA1E,2,4042,4042,1c051c2d40fa411429f2ae66936a7d7f55b46b5405e9c8919d633d4210809855,690,136,554
SR-ARE,HA1E,3,5042,5042,7f6d9c46baaaf13b35d675cb90b90419d4bdd019b7bf745489b9016c90c29998,690,136,554
SR-ARE,HA1E,4,6042,6042,ad9f3f8da874419edcc3dc7e6bcd33edfa3e9984dcb8d1a9585d1c75360eb674,690,136,554
SR-ARE,HA1E,5,7042,7042,2e147ad32c6406b079ddff906d426bcb04b1e308fcce853637e0c914f0ddcf1b,690,136,554
SR-ARE,HA1E,6,8042,8042,36cc03c45d7c44e61af793050655e8a842e92d2b4c33cc11288698f068438c78,690,136,554
SR-ARE,HA1E,7,9042,9042,22c5943fccf7dfc0e14865acf95cb179aa3e16d19d7225c04534ae8d795611fc,690,136,554
SR-ARE,HA1E,8,10042,10042,854b646e7384cab197b52b7bc0c7bce2402c4c4962a8399444a538774fd718c9,690,136,554
SR-ARE,HA1E,9,11042,11042,a19547f1c7345b0c9e0c598a46995f83ea577d47db7e174b0c6b922ed904ecea,690,136,554
SR-ARE,HA1E,10,12042,12042,c048cadb4dba3ab75c4c75ca4269c6ba0d714281b1696fcd104e131ae1da812a,690,136,554
SR-ARE,HA1E,11,13042,13042,7e9a58a3d15188bdc80ebb94fc59d13a1f360c3dbbc5ea62a6ceffa2f8a1a298,690,136,554
SR-ARE,HA1E,12,14042,14042,52ecdd815334ce1e38219994b145c6d5de3e47e1efa634d5d677c1eb9cba85e2,690,136,554
SR-ARE,HA1E,13,15042,15042,9e69c06c97110c5f4d1e6d7acf0f99355d1507e9371768610aabf42f2d232071,690,136,554
SR-ARE,HA1E,14,16042,16042,8bb342e9b6a70521e0bf6ea7ce2ae13e27782c89dc10bacfe0d1073a5436431e,690,136,554
SR-ARE,HA1E,15,17042,17042,e52aca178d91d248eb8a101e99b4264cb519058ae180bf62cb352adf82774b06,690,136,554
SR-ARE,HA1E,16,18042,18042,99c26fbb4a0b746b090b44aaa9affe9c4654bd1f7da9b4dab2d1b288ece70485,690,136,554
SR-ARE,HA1E,17,19042,19042,d893f59ca60b0158f7461820d438c7d7b40280a3ac4a03130ceeee4ee7c2c564,690,136,554
SR-ARE,HA1E,18,20042,20042,3491b810e28922281251f52d303ea263a63d8dd40ddd196a22680f86616b6b6d,690,136,554
SR-ARE,HA1E,19,21042,21042,4063795c0ff71fef35a812da7e6283c579e7433ad9136f96d6e1bb47b32f3494,690,136,554
SR-ATAD5,HA1E,0,2042,2042,9325aa54554b594d02a438ed652a963628bb8b1b38ce7f9c5f4321d3b06b57a7,911,50,861
SR-ATAD5,HA1E,1,3042,3042,65b6147ef91a86cbcb89ae9c5559049ea912f316b234f734d5506757a0f438e9,911,50,861
SR-ATAD5,HA1E,2,4042,4042,ca17c8822f31c27d0ee1eafdf76fa2c0f974ab608cdc2fb55dc71f1485cb148e,911,50,861
SR-ATAD5,HA1E,3,5042,5042,7a95127580e9bfa1e1ab02621bbdc7d3a40b5a87f1cf02523eb60548e6f7ab47,911,50,861
SR-ATAD5,HA1E,4,6042,6042,b10ebeb6deee38c0a6db827dc9d2fc11225ed8e771cea1723ba5e155ef6d6387,911,50,861
SR-ATAD5,HA1E,5,7042,7042,810835966ec42d1e02d5fa9f1b21f4d0f1da228ebc032fb3a881ca9a95eeb63b,911,50,861
SR-ATAD5,HA1E,6,8042,8042,150d157ce35f30fb45cc60ebb3adcfc214efdebbb34619d645214e6955db0231,911,50,861
SR-ATAD5,HA1E,7,9042,9042,59598062c09befc25093ca9d39aed123827904419e343cd6fa5dd964da5f7ac0,911,50,861
SR-ATAD5,HA1E,8,10042,10042,3fcdace3ddff4ee2fffa5c9111686ec12d525bbc53bddcb92248b18f0f542898,911,50,861
SR-ATAD5,HA1E,9,11042,11042,3ef9318f0c9f67a9009a22cea4b25ed16d56d953d36aa5b0df3fd3e884978e55,911,50,861
SR-ATAD5,HA1E,10,12042,12042,d9a4a8bb1eaf4466a6e16aad4471254482efb7ac2ae89e33ac210b6d0eec607e,911,50,861
SR-ATAD5,HA1E,11,13042,13042,c315b55e1dc9ba5f32bdff5f19a4b2ad23550ecdad4b735a6622d6ee3429dcbb,911,50,861
SR-ATAD5,HA1E,12,14042,14042,d1740f23422c024c3ee81d9147e5ba08fcb3493a87ff00fca749a1ecf1f8a3b7,911,50,861
SR-ATAD5,HA1E,13,15042,15042,c2b08a2d13f4566635dcd556d67300f3ac086a88a272c49d0f72976066c4c34f,911,50,861
SR-ATAD5,HA1E,14,16042,16042,e3d44d8a1bdb06f000ea93b77bbf387ecee8d285571b0fdd4c3b85eeaa43a114,911,50,861
SR-ATAD5,HA1E,15,17042,17042,f7f53cc2e78ff5fbd32d31e6f85291316fc9cd2fdee8bdfd94bdfea60fc92d3c,911,50,861
SR-ATAD5,HA1E,16,18042,18042,a9a3437fb626b17d8a259fb20286cf1df02f72ebe0ac1a351d3f06f51fc62847,911,50,861
SR-ATAD5,HA1E,17,19042,19042,a1c6a42cda0944127b76bb15dad9d5bb593f5cfdf7ea2ab9bb61e43e048ad8ad,911,50,861
SR-ATAD5,HA1E,18,20042,20042,beb599f8d82af7a0f28365881be3714c4f7814a6256f104199eac8e4b24435a6,911,50,861
SR-ATAD5,HA1E,19,21042,21042,6458468c99dccec2734d5b6fff69cb6094e89b9902d202d27b442a5806687e39,911,50,861
SR-HSE,HA1E,0,2042,2042,a191834d8a41827c35f1010d1623cb504f00820a6c06348b42f038ae2f8e83fb,814,52,762
SR-HSE,HA1E,1,3042,3042,ee3b6812928493307fd852cbaa7e2cd43d7e1bc1355d38905ee4e172edfc293d,814,52,762
SR-HSE,HA1E,2,4042,4042,0e217a8d11807058bb1dfbc022336caf73764baff3b179318618c36860667420,814,52,762
SR-HSE,HA1E,3,5042,5042,2733924fbb887bbdcaca393192c173cbe9a931bdb113da6b2cb7a56d0706b3ae,814,52,762
SR-HSE,HA1E,4,6042,6042,397ed57e011c4831cccb66483d2885ff9a0b2d04356d39c2c225a7111bd70f37,814,52,762
SR-HSE,HA1E,5,7042,7042,9c547fe7a4baf340bb02bf747c5a5643bbde01e7848994855322eea615ed0775,814,52,762
SR-HSE,HA1E,6,8042,8042,daa805533c134453128df6685ef348726ee20b6837b3035eb06afaa1d317c534,814,52,762
SR-HSE,HA1E,7,9042,9042,c99e3657c950c978e081512b07ab16be86f7e5468bff9234603264fb15b36bd7,814,52,762
SR-HSE,HA1E,8,10042,10042,6c282baf29b6ed59da4b3ecfb10d9ec2f6ac00f6919922430666e3022db8a300,814,52,762
SR-HSE,HA1E,9,11042,11042,310f8753cde20be6663171ce914673eadffbbbab148ec4d555f9878d97e6f89e,814,52,762
SR-HSE,HA1E,10,12042,12043,fdb34e8281235e81ec3e642e3167c6ef965004a9673541109565bdcae46bd602,814,52,762
SR-HSE,HA1E,11,13042,13042,c412b68a71de878e54fe1fc92f1cbf35f2976a3859615700604981d92e28c0b9,814,52,762
SR-HSE,HA1E,12,14042,14042,40addcf2120d733f9c07ace788104cbd08a7bf76905947d9c858cb60103841b6,814,52,762
SR-HSE,HA1E,13,15042,15043,066d51c27a72fc84b52fa7d31d0c825f0b327971d4c780493c94f3eb54800ec7,814,52,762
SR-HSE,HA1E,14,16042,16042,1feb13bbcf56bd71afbae58404c6485e3657528bb3ac6ef64995ba0c24a0ed80,814,52,762
SR-HSE,HA1E,15,17042,17042,df76d58a47236be08daf61da34cb4badb50c31bb56d14ac06ba9001cbaf59fc4,814,52,762
SR-HSE,HA1E,16,18042,18042,eaf8b4c7a543365127d4ff05560af7be8a2888ee13d366073b0be811f54d3fd6,814,52,762
SR-HSE,HA1E,17,19042,19042,82fc3ddce765a8db5fe32c3bd0d83cf488c8eaa6499395697739350e175b0beb,814,52,762
SR-HSE,HA1E,18,20042,20042,9d7e8341648a79d8034d84aee035acb8398d76b9237fa4fbccff87774d34ab19,814,52,762
SR-HSE,HA1E,19,21042,21042,a166fad88cd91a7a10669d5d203c33746ceb7461698d3a46940a090bf0b1feb5,814,52,762
SR-MMP,HA1E,0,2042,2042,06374fa51488df4dbde185075b1ca1ef0b2e7920723be3a94a379443bd7755a5,723,129,594
SR-MMP,HA1E,1,3042,3042,ec30f58bade848a02f9985aaf678ddb430c0ba4bde9e1424b9fb8ef4d41423d6,723,129,594
SR-MMP,HA1E,2,4042,4042,fd50325f7fb7f309021606a36f91f1319a505d35f1edfbe61ff1c7dcb2cea95a,723,129,594
SR-MMP,HA1E,3,5042,5042,81083dd4ccc3c769023a9f5db376179de7596b7d1e0ed1449b738c12c2e1fbfd,723,129,594
SR-MMP,HA1E,4,6042,6042,0d87053b94f34f1ac001e9009d0696ca493477e0f8c506e01a3d4af79d707613,723,129,594
SR-MMP,HA1E,5,7042,7042,b9712898fb4b1f92eacba48fd812c0645c57aa93a39a13c3bf52a56cab246d16,723,129,594
SR-MMP,HA1E,6,8042,8042,7af5ea121c6072915669dd5842227fbc87ff6de5afb77f90e646a19e5da90f42,723,129,594
SR-MMP,HA1E,7,9042,9042,c0d5c266e28b1324b5686b07716ec2ff3b5c5e88ded7b122d706a33485054f42,723,129,594
SR-MMP,HA1E,8,10042,10042,8ceb0581c36dcfa593fd2d9466b64ab5fc302438bc8094c83a7ed409a4d4f1d2,723,129,594
SR-MMP,HA1E,9,11042,11042,d23385065c70579ee556a83c24e0ce81292d1ee5ebdbca71ec441d95f89640d2,723,129,594
SR-MMP,HA1E,10,12042,12042,655563476676355f606d35b11281a30262f215fc53eb4a59be93012595384ba8,723,129,594
SR-MMP,HA1E,11,13042,13042,6371d09cca77fc075ce45e21203b058f767ac1117660e758286e7b1f534f1e7d,723,129,594
SR-MMP,HA1E,12,14042,14042,1f5f2ad93a524c207fac0f8d25d4560628abb279d852c72db3c408ff0a7e8246,723,129,594
SR-MMP,HA1E,13,15042,15042,66354ed333edef13cd7e03e2d8966c43675e62a0f937310854295f332e7fe48c,723,129,594
SR-MMP,HA1E,14,16042,16042,3d2e8b4f3e20e00e1e4511ec05e4a8d44ec17cf54b5a7f478dd1abb7e0fc1406,723,129,594
SR-MMP,HA1E,15,17042,17042,8ecfc1ee4f23e530fc1187645ff790037dc7a0bf166d465dc9efa78a75ab0cb8,723,129,594
SR-MMP,HA1E,16,18042,18042,6055686dfebe2f81cd91eb99e04f0726b131bc584f8210b6a1488890e86f0b79,723,129,594
SR-MMP,HA1E,17,19042,19042,8ec55a41bcb4ae88bcf0a60d7dc783c2df52e3fd06f27676026a54c072b3eca0,723,129,594
SR-MMP,HA1E,18,20042,20042,dd42f0e6ac719b1450107c9e4133e24cf5182beb3c778a9ce03c1d4e725dcdc8,723,129,594
SR-MMP,HA1E,19,21042,21042,805aeeab97b817f5f325e10fc42bc8960e48f4831828d18cd64697aa43bbadb6,723,129,594
SR-p53,HA1E,0,2042,2042,92fe35c9640d1137012a0f90323d9158448572d74797d29848056fd3a5590608,884,89,795
SR-p53,HA1E,1,3042,3042,d6f6bffe9eb61c817fb182b6b80c86ff3ec5395a0fb973ab199a3dea59205aa5,884,89,795
SR-p53,HA1E,2,4042,4042,4928e3045671f92875acf406b665f4d433a9ef12af40fa50cb6dec0b7a9e24df,884,89,795
SR-p53,HA1E,3,5042,5042,d5149bb4048eb18370f0b4075796a7920166248caaeab6e673155bff8f9c45d0,884,89,795
SR-p53,HA1E,4,6042,6042,c7609a26ea58d53648eeb6422147c1c3c817e653cf325c259a2b1a3cf92a7bb1,884,89,795
SR-p53,HA1E,5,7042,7042,7112d767f06c6093fa4f9823368084cd57f115551dfb4b520cbfbf3a169964b0,884,89,795
SR-p53,HA1E,6,8042,8042,9fe26d212550a363c5cd43c0ba5deb04f6aa023f9a8b774d1e3a707d41ad0eb1,884,89,795
SR-p53,HA1E,7,9042,9042,30b44f5b29fa962772edff80493d61bfc3c9b55484f032e79b7ee16017de66ba,884,89,795
SR-p53,HA1E,8,10042,10042,60e28bacc61e08e2151781c147d165c9007e158f9e0c12429b4bf1c7f1e0ed93,884,89,795
SR-p53,HA1E,9,11042,11042,adc5c791a62f766909f3f4e00f9e0dd31b0997a5b55f3f79577cd153e6cc8dd4,884,89,795
SR-p53,HA1E,10,12042,12042,13f479c14fb41812e4a126ac1264e4b93bb387bcead4b72752c65b119c48541a,884,89,795
SR-p53,HA1E,11,13042,13042,467f215fdff837d35915166264041886f0a6296d83cb53d6da20a8e65bc27cff,884,89,795
SR-p53,HA1E,12,14042,14042,8e8f2a34e3f448a19e17c8991ab8877a90e780ab7f702418f70487ceb65df924,884,89,795
SR-p53,HA1E,13,15042,15042,dae155c921574d68b963ac015615f0a849ffde703ea3746113a02b00c032fec5,884,89,795
SR-p53,HA1E,14,16042,16042,920016df2a61f9295e92aea097ae41e8cacdce55d1b654948d91585296923275,884,89,795
SR-p53,HA1E,15,17042,17042,933c86e4345e4c255bcc8ff9c718fc6a326e35108655213ba9157ae7df7f92e9,884,89,795
SR-p53,HA1E,16,18042,18042,7539d738cc6da3aeeb0b5652bb5e64ed2a9b446400cf843226b913d374c5b56b,884,89,795
SR-p53,HA1E,17,19042,19042,b6f1e2e0d069a790e96e0897efd9a7cdbdf254aa0342e0f5615b0910fd807740,884,89,795
SR-p53,HA1E,18,20042,20042,db41f85a5221e6b07103168b8c3be9ed4ede848771280a12b93204a4116bcdd1,884,89,795
SR-p53,HA1E,19,21042,21042,e5ac2d01292dc099a3b06318c22d32a14e926488bce29d6592fdb1d624d9b50f,884,89,795
NR-AR,HEPG2,0,2042,2042,80896102b09bf0844c644517f980fc8a26d36a4787f3192c59de4ba1142cf21a,668,46,622
NR-AR,HEPG2,1,3042,3043,d71b93ec1b663f78ff6f0edb52e520afc3f6cfadf250ae216b29f88f28126f87,668,46,622
NR-AR,HEPG2,2,4042,4042,f1ea710f37371fff3eabfd1995c0384d6ea1fe59529ccf5a307cf4b87eec4bf5,668,46,622
NR-AR,HEPG2,3,5042,5042,ae4b7d52ef7149135becbfb03708490a96237ae16cf5d0d7fe1f33b8d2e58226,668,46,622
NR-AR,HEPG2,4,6042,6043,e2a8a1cbb205d272efd5c35b9519b1020325568cc67f986cb55b19814afb6d48,668,46,622
NR-AR,HEPG2,5,7042,7042,969f8e279ea0ba63e22f43721887bebd8c37f0750944644d2bf1cda6b15cf674,668,46,622
NR-AR,HEPG2,6,8042,8042,25507893ab9638986f66d40375ac682b9a06a208a83a562ccd0ed6f7dd76000f,668,46,622
NR-AR,HEPG2,7,9042,9043,b7b633634ed46299fb57c95b3fb086535527888d425e37c94aa7ecd9705e8fab,668,46,622
NR-AR,HEPG2,8,10042,10042,fefe844861ad0076d193f9fc295a031e2c8e6dce52ee1eb38876b632a44913ed,668,46,622
NR-AR,HEPG2,9,11042,11042,5e1bdd02470ce8ffc93c7ab5dbcf884c07224720ebd00774f5dcb70ab681769d,668,46,622
NR-AR,HEPG2,10,12042,12042,ef79e4520ffcef9e64b3078dde898b9afb5c9430ad9f5bbda2ea92cac6561945,668,46,622
NR-AR,HEPG2,11,13042,13042,7696de88ad69758dd46de82a4547102147e1087a0f7183829b089abac67d07ec,668,46,622
NR-AR,HEPG2,12,14042,14042,09c84b89fbdc84450a36e23f0ac20e926a91197cd80da569396f255fe6929499,668,46,622
NR-AR,HEPG2,13,15042,15042,8b29ebad20cb7217ceff4a669e406b9634bd7f9537f5d5cb41d96fc399634409,668,46,622
NR-AR,HEPG2,14,16042,16042,ab1ebf34a77b53fa866e9495b6ff4c34972f85f7c9bb0bae7b783eb943e57a93,668,46,622
NR-AR,HEPG2,15,17042,17042,fd399242ea0f04360d5bad04cf2b76872e717bc14ea813629bec1d18751d3f49,668,46,622
NR-AR,HEPG2,16,18042,18042,491e21cde7be41b6ed942c499d7b34da5ee7e8d26c2cd8ee5f2f5a960b4d5b33,668,46,622
NR-AR,HEPG2,17,19042,19042,b22399c0b2881e97126de376ef60b6e216ba7bbe3a9da092d2fd519c3324015d,668,46,622
NR-AR,HEPG2,18,20042,20042,3dc733bdaec0b796cbce7e73b4b0ed69a7d59db57c1f1b4abec4527d7322cd18,668,46,622
NR-AR,HEPG2,19,21042,21042,86db448ab74f909503f06b00db8a224c8d4d77255603ae2e06ea5bd9ef9d490d,668,46,622
NR-AR-LBD,HEPG2,0,2042,2042,6bdeef61dced337291545e97077ceedaa4ba2d3681c368aa61d149f0f18930b0,598,37,561
NR-AR-LBD,HEPG2,1,3042,3043,aa887a1a4b06ff68b83b4f560f89259619d8cbd1c1e8d81566149c0b3939a008,598,37,561
NR-AR-LBD,HEPG2,2,4042,4042,1803a832fa9331a43ea9f7d86002cf7d585420fbedb46f1442943ae57c0a1d48,598,37,561
NR-AR-LBD,HEPG2,3,5042,5042,f6b687349f673d5459f66470915dd61c2f406f53d0c30321751d6b21bab3ab7c,598,37,561
NR-AR-LBD,HEPG2,4,6042,6042,c8491cd194044ae0ee1c20235d216135c1b5653155839121ef77e720cced00b2,598,37,561
NR-AR-LBD,HEPG2,5,7042,7042,95f2618f028d171e3ad8e8fbd57db64ab6893d7079fbaed4deaac8f6849b50fb,598,37,561
NR-AR-LBD,HEPG2,6,8042,8042,f552ed53c5863cf5ab2dd9e8b2d24e4ab684300aeabc41ca5c58e70407dbaf1d,598,37,561
NR-AR-LBD,HEPG2,7,9042,9043,c8c9f5a98dc324dbd7179d79e5b0df7b1b3cffab4ffb8cb08c67eadd50d40495,598,37,561
NR-AR-LBD,HEPG2,8,10042,10043,0438d6dc9f32081d84ebb74be8c1d104163ffba5f5e37a493cc635b3be353766,598,37,561
NR-AR-LBD,HEPG2,9,11042,11043,ef90dea646b4d17a0a57856bbfc16f9fa631a4caa9b7e754f0a660eaf2949def,598,37,561
NR-AR-LBD,HEPG2,10,12042,12042,53edf97c9fb7c582c93954cf3f435f6dda211f61c635c06e19962ab608ac95c8,598,37,561
NR-AR-LBD,HEPG2,11,13042,13044,806b0b0afb8fcbc3ab9441a9b2d4049fce27cfbee9da47ea564ddcd7d58ad020,598,37,561
NR-AR-LBD,HEPG2,12,14042,14042,dbc33057806f0e541f7b871fee763109448a7854e1018b8d36b1fd4cb20753a8,598,37,561
NR-AR-LBD,HEPG2,13,15042,15042,5747d07f25e84d5e9b263134216ef9bcbb346411b7533552980b96bce3463aab,598,37,561
NR-AR-LBD,HEPG2,14,16042,16042,daffd5e16c1a520a8b74bc124af3bc4bc3e04f03ac0a31fe72c1773759d8e5fe,598,37,561
NR-AR-LBD,HEPG2,15,17042,17042,f0ce693532fb353024b46d3c8248e4b02e19780dcf596dd3b1614531f3727a92,598,37,561
NR-AR-LBD,HEPG2,16,18042,18042,e3a9b9fd93273fe652b7354252ad83bfa6ec1d4bae83b18f2743563a2926f9a2,598,37,561
NR-AR-LBD,HEPG2,17,19042,19042,e8467df4eddd8481182f8620ba3a056da979ad7e3b3cc5e9ec3039b2b8c61fe2,598,37,561
NR-AR-LBD,HEPG2,18,20042,20042,4d8e6bf54c3c948e956c1ab5227328925cdb39bf76e7b4e98dd7aaf097339c8f,598,37,561
NR-AR-LBD,HEPG2,19,21042,21042,4704dccdb23f88f02067fdfeb7d40cf17a55016cd7cd1ca58f7a31af36a4658f,598,37,561
NR-AhR,HEPG2,0,2042,2042,70328f7d9c429cec0dfdbb29f8d05dd14a3c888b181f9b564435694d538672c3,585,65,520
NR-AhR,HEPG2,1,3042,3042,3b87eb1362ae69ac93ed3e26e186233dfd9d83b564666db453b5815eae116844,585,65,520
NR-AhR,HEPG2,2,4042,4042,052a61d442169c9237cd703a883fa669a756617d25076df868f120c2f8827919,585,65,520
NR-AhR,HEPG2,3,5042,5042,2812e96c3aa907508bcc2afe00f923070e2c8f66552e55f0620bb21c28a14cd6,585,65,520
NR-AhR,HEPG2,4,6042,6042,541ef2f4585ee12c7e4de458f5d5702f3ecef7c3c82339daabf1765588c8481f,585,65,520
NR-AhR,HEPG2,5,7042,7042,a45de29907340db433aa8fbeaa74c6a5271498c7e2f8f0acab817cd5d5e47885,585,65,520
NR-AhR,HEPG2,6,8042,8042,22129899e51538a1435ec7e6639268eeaf7099f592c0645cfa0e2c79473918fb,585,65,520
NR-AhR,HEPG2,7,9042,9042,99b1b74d42c6110b04712b5be80404884cd770ffc4654c2487dce1ad3032dce7,585,65,520
NR-AhR,HEPG2,8,10042,10042,e8194f90cac1caa66f5152f805cb35e99709cabce793d9319e9c62a86fda59b9,585,65,520
NR-AhR,HEPG2,9,11042,11042,0e6673cd8583ffc942d10b4da9a4023bf79842a9463283833589bb3802eeb56d,585,65,520
NR-AhR,HEPG2,10,12042,12042,af430286d38593703470a8353f0bccde7459b6de227b2a413778f4ab8eee6ace,585,65,520
NR-AhR,HEPG2,11,13042,13042,a12124274a33f9952f2dbbd84227aaaf18df9488fddf282c9c82e7f2032b52f7,585,65,520
NR-AhR,HEPG2,12,14042,14042,7bd5418a836ef834fef15b2bc3e1b73934a7752d18e42c8487bcdea5a6069d01,585,65,520
NR-AhR,HEPG2,13,15042,15042,b19a29b8ca7a33518e738c3d0d6941b3343678f6f6a6c5e51926ee6f82ec3599,585,65,520
NR-AhR,HEPG2,14,16042,16042,5cbbf11e85dad0a58040cf0ba52d5b53076110d82492dfd7e22d10ecdc2f0bde,585,65,520
NR-AhR,HEPG2,15,17042,17042,b55e7ea9766dac7d70d2e5d75fd748976344eac903e18fef9c9851b102d932f7,585,65,520
NR-AhR,HEPG2,16,18042,18042,92893ec306e364e77d1d84d67f73e8c901f291239f4963fc40c206b0cf8a9ade,585,65,520
NR-AhR,HEPG2,17,19042,19042,c8a1fb3a6402fbfeaa841d77f4cc9216e9773bf51c012bb0f313b97b80e842a3,585,65,520
NR-AhR,HEPG2,18,20042,20042,b0684655dd8c688dc3daf5491c6a8cf4e0be6ff249ebc4c33416f6f9759bb759,585,65,520
NR-AhR,HEPG2,19,21042,21042,4300f27aec94bae632c9518c367954934e57e7019ab4f755978f73907914f8e9,585,65,520
NR-Aromatase,HEPG2,0,2042,2042,0eda775b0f6730ae572b867c08b6d27ed6b910c115745c99a3f6120a2ac6d1ad,512,47,465
NR-Aromatase,HEPG2,1,3042,3042,0d4fddcadaada58b1c386dc37700c3a7bffbfba828e0da2c722dd0c4b03a2a54,512,47,465
NR-Aromatase,HEPG2,2,4042,4042,655583ea78db9e78a64da07dae6fe29d7f54deef8eb193e78f15a398fff39b67,512,47,465
NR-Aromatase,HEPG2,3,5042,5042,e3184a77f387593f15e4138b9838e81aa8e2eb53f60201e7fe340bd007687a0b,512,47,465
NR-Aromatase,HEPG2,4,6042,6042,98e4823f057b0652509403e593d3b5cd45937615071fe307576b0dd238afc2f6,512,47,465
NR-Aromatase,HEPG2,5,7042,7042,f5aad7fa37377801fea0b71f9a8c3a4b4ef46d475add129a0b3c115719e1394f,512,47,465
NR-Aromatase,HEPG2,6,8042,8042,f7aac53e83e4a4f1bd3345c14973c52ff408b58fba2b4ce405add548f855a7c4,512,47,465
NR-Aromatase,HEPG2,7,9042,9042,73321af10463020658966852b7683aefd4c1b08cd543f2182e6100af7b393560,512,47,465
NR-Aromatase,HEPG2,8,10042,10042,14efa0e290e467e1900055f17f579975323b5ce6ecdaa565d100e3654677b567,512,47,465
NR-Aromatase,HEPG2,9,11042,11042,f73d842bc1d4415e01dc5ab5a088b33d8371a8af5d2d64a4018b22ea03a89a7f,512,47,465
NR-Aromatase,HEPG2,10,12042,12042,7ffda9d10b2ebb408faa56f132c26b7876c6dd2b03db7cb5c214151a42e14e2a,512,47,465
NR-Aromatase,HEPG2,11,13042,13042,3e49e864640febda3f014c3d1df502e42e75403387352596a5602aa3f3681485,512,47,465
NR-Aromatase,HEPG2,12,14042,14042,71d62c8c9d3323073f132aa1aad92dfdadd06a9063eeb83d3b55f425c4560af8,512,47,465
NR-Aromatase,HEPG2,13,15042,15042,c181dc2ceaca4dccef8458c930f334b7ff9f2b741f278c057d8b02b717e53b1f,512,47,465
NR-Aromatase,HEPG2,14,16042,16042,1afcb10898a144325724ca619c3c3a85e3dac4985a260609c3de4f2fa379bbf1,512,47,465
NR-Aromatase,HEPG2,15,17042,17042,22181353b48202fea1da232b6451d7cc36a268f95c400af51598592c07557bc7,512,47,465
NR-Aromatase,HEPG2,16,18042,18042,cea63c193af7d07e7bf25318220666c44ef912882a4c43adbd8db27f16c92033,512,47,465
NR-Aromatase,HEPG2,17,19042,19042,1243e8541883382f1e6115c844b0f4949a1b6eb1f6d1f7d82b04660814523173,512,47,465
NR-Aromatase,HEPG2,18,20042,20042,5c6d612cdd9efee7bf0c22726dde5fea581735afb1a7f445fc794dd4f00696fa,512,47,465
NR-Aromatase,HEPG2,19,21042,21042,449db484b4b02b8b6b7a1cddc248d196db8ffc1dd38ea91625c8a79a3bd494ed,512,47,465
NR-ER,HEPG2,0,2042,2042,7053e749443291bd41735ebd645b1db4eb967a13749e4021db9025ecba17abd3,540,92,448
NR-ER,HEPG2,1,3042,3042,116983e824ce4d0ee99a68967c13007af7a5f765cb9d2c87971c6c73cf825a24,540,92,448
NR-ER,HEPG2,2,4042,4042,c701e5fbcea4a9e7dfc793431d302e7175f74d442a0889d70287115e7a290c73,540,92,448
NR-ER,HEPG2,3,5042,5042,9aa6e575af3dff58c987ea508f75a4f6e5eecc0b53c0073545dfa37d4d7316ab,540,92,448
NR-ER,HEPG2,4,6042,6042,30b8dcfc0391600f8ceaee4cde7e2684509cf39478291b6819dbd779397ea75a,540,92,448
NR-ER,HEPG2,5,7042,7042,2aeaf3d2ffa7d7f926b9335fd9b50bfba8294da1a24b0ec11df19fc3e4508da9,540,92,448
NR-ER,HEPG2,6,8042,8042,45ae536887dea2306794e7f1430f16adacaae75559db16e83aa84e270dd17540,540,92,448
NR-ER,HEPG2,7,9042,9042,c6e4ef942e6bf921e5ca957a4f04723850371d3d1cb3dee24d109ab5cbb349f1,540,92,448
NR-ER,HEPG2,8,10042,10042,1cc3b2a2d9796bab6a934b5544cadda4c5c60dfc82d0b6b8d5e307a0ee6bd191,540,92,448
NR-ER,HEPG2,9,11042,11042,7ebbd24bd2da65425702ecc902ea48298c7de50ed0adcc7e0c597be6a58e15ad,540,92,448
NR-ER,HEPG2,10,12042,12042,037e69d89f0615f14fae6bb502297393d17a0c2fabfb00d316fe912dbfffbf1b,540,92,448
NR-ER,HEPG2,11,13042,13042,31bc6110d32a3dc835145a00f0cb9ac78f535e885ee975c26a5437eeb8d4b076,540,92,448
NR-ER,HEPG2,12,14042,14042,e0168064ecaaba06d7b66072e6b14549a9cd442e7aeb97af8b23ff1a5a050030,540,92,448
NR-ER,HEPG2,13,15042,15042,658d16957a8f8eaddcf368ad0cd876090700d9e1452c9707ffe28a201f2a2e38,540,92,448
NR-ER,HEPG2,14,16042,16042,b788e40388d8f053c595d07db3d39432b75621eb6dc59e3fa501f12ac3941276,540,92,448
NR-ER,HEPG2,15,17042,17042,79b9dbc77fa3a7bbf2faddeb9ed08afd81eebd8bd7e948c3fd96707c58ac4ea6,540,92,448
NR-ER,HEPG2,16,18042,18042,662199ee08f351e8c3d9651d34ea48a26fcd9c2035abcaf1ab4027d856bb8963,540,92,448
NR-ER,HEPG2,17,19042,19042,ff5bc7c0950886c9b0f4a30e79cc467adeca3e406f322377dddd816d57330eba,540,92,448
NR-ER,HEPG2,18,20042,20042,f387c8a3a8fd997daf351d8211bbf3f246e0b6254a2a2be93c9a1a9a3d287321,540,92,448
NR-ER,HEPG2,19,21042,21042,eff6d0361a774d50250cc27b8a018e1471c866674a729c364453d5ae8c7fa635,540,92,448
NR-ER-LBD,HEPG2,0,2042,2042,2ad3e99ab1a64480fc883d93b5e7c7c33ef4e7d117a1ac46d618b8db9edc0066,620,39,581
NR-ER-LBD,HEPG2,1,3042,3042,bf42e3ceb6d13486ef760c8f3ce3e9f8f6b9ab98d58e850cb91807040d6d99e0,620,39,581
NR-ER-LBD,HEPG2,2,4042,4042,3918b0d636613299cecdc8ddad3839b19b2e1cf883ae3eef6900c7b11de15a7f,620,39,581
NR-ER-LBD,HEPG2,3,5042,5042,d4749c49489d759df6c008cfa7eb5303b088b57894f4abcf833a6f021ba5243c,620,39,581
NR-ER-LBD,HEPG2,4,6042,6042,535cc850144e74587cf0ae07d12476ae35c5a8e4edba2840f6ec2123209df925,620,39,581
NR-ER-LBD,HEPG2,5,7042,7042,cf28cf771bb7f599d82b82bd87c6ddf6c376b4c4a2cc1a26670d1922493ce912,620,39,581
NR-ER-LBD,HEPG2,6,8042,8042,ed0ae2c9afaadc7046d3f1df97dd868047f6d977211478389b503facd82e60d8,620,39,581
NR-ER-LBD,HEPG2,7,9042,9042,6afb9c8a3a527ea4e249a777e94ea31916674d7fa14df92e61bbc768b6b09171,620,39,581
NR-ER-LBD,HEPG2,8,10042,10042,7b1e5f811f5166f09399826ae94f2df0daed168ee8ba6f29113130d46683ed32,620,39,581
NR-ER-LBD,HEPG2,9,11042,11043,6edb015561b7ea66aacd8f2dd5cc3a092138a55a16799fc35b9d63d39d74f721,620,39,581
NR-ER-LBD,HEPG2,10,12042,12042,e6b4d75779f9d19d4698de2db926d8dfd35a59e0669332ff33fd042ef68297b3,620,39,581
NR-ER-LBD,HEPG2,11,13042,13042,2771b5ef4d5480b85967c1fcbf4d7f2218b8295586c33b5a07920db80357b2ac,620,39,581
NR-ER-LBD,HEPG2,12,14042,14042,d1a124f4ae8860d97b0de52ee7b7c321064abbc848a729b50f03047fa2d98ae7,620,39,581
NR-ER-LBD,HEPG2,13,15042,15042,6a7977fa942a0f1bb9ae01a66f9d56e9e14ebb7424009d4a3ba2a54f41510eb0,620,39,581
NR-ER-LBD,HEPG2,14,16042,16043,8384a30f51d67deb80a2ac89c2bea7542862363ea2066eb84ad50597f31d93b3,620,39,581
NR-ER-LBD,HEPG2,15,17042,17042,2fa02f6cbb0e3e1ff9d765fa96833e4cbcbd42b280c68dff053c345f49a05484,620,39,581
NR-ER-LBD,HEPG2,16,18042,18042,e53e90ee8290771e76dd7428a9efb50351063751002b7384100898698882d541,620,39,581
NR-ER-LBD,HEPG2,17,19042,19042,2f11ab641685509cedc29dee56ae0611e65a64566dc65061e1652e47e1afeab5,620,39,581
NR-ER-LBD,HEPG2,18,20042,20042,46448fd0d8fc8b3eebbd6c55da9489fa2da9f0ccdd5cb11536183885cc4171eb,620,39,581
NR-ER-LBD,HEPG2,19,21042,21042,6b01eb6d2f9bc3877cf476aac2d1dc6de48ed93117bf2f1cdb41410105f05afd,620,39,581
NR-PPAR-gamma,HEPG2,0,2042,2043,5975d60394426c265ba305d07f6a829ab69a8e3d1cce3ea34923bfb085d543e3,552,19,533
NR-PPAR-gamma,HEPG2,1,3042,3044,a83cd061776d94a05826797c41b8a4ccda91b62397a7cc610438741ba3329370,552,19,533
NR-PPAR-gamma,HEPG2,2,4042,4043,333c3c4fa9081c4d4c721d2dc4caad09bc5e8ee87a1a8da445ee0644167f5498,552,19,533
NR-PPAR-gamma,HEPG2,3,5042,5043,acc5635895b2cae3123f3b9b50c0ff1fcc488c37d8d7d4a11d7b8748fe0804eb,552,19,533
NR-PPAR-gamma,HEPG2,4,6042,6044,e50d5e71ed06cc4387bfcb84c8df2268101189faef01f7bcb6c5640386c2aa77,552,19,533
NR-PPAR-gamma,HEPG2,5,7042,7042,e6d943b3b9bd324bf747e3d3acea73f3589f351c8daf5b37328e0eae0d06809f,552,19,533
NR-PPAR-gamma,HEPG2,6,8042,8042,329f7d0fa1950a610083783c584fdc80e257ad8d9ebce65ee9c3a7ee935d6086,552,19,533
NR-PPAR-gamma,HEPG2,7,9042,9042,ae5bf3773b7406225a482de303374ec7ef94c5bb2f352c761dfe20c700e78776,552,19,533
NR-PPAR-gamma,HEPG2,8,10042,10045,cbec210eb5f6760c2de3a904c3398c9bb98e0cebb261ad3a65172f4976f6d4e0,552,19,533
NR-PPAR-gamma,HEPG2,9,11042,11042,28c46ddb07e693bf6fae761336d49724bb403fbdd5b6e4857aa43968922e2b31,552,19,533
NR-PPAR-gamma,HEPG2,10,12042,12042,a1a557a05e8f31b58ddbd87b6ff99d2c0c688998c8c43de1c590a68678af16c3,552,19,533
NR-PPAR-gamma,HEPG2,11,13042,13043,bca4bf1d705e20576769828b8b2c7ad150c1660294b212345cf60c8d254d9477,552,19,533
NR-PPAR-gamma,HEPG2,12,14042,14042,b837bc19e1ceaee7409cad13ce808aa5da04f49f86c0f465436cc683b2d82514,552,19,533
NR-PPAR-gamma,HEPG2,13,15042,15046,377e6f76fc2deaa10f8b96928f288ff0563f9d15c2ab4246495ae823052ea7f7,552,19,533
NR-PPAR-gamma,HEPG2,14,16042,16044,b5d9dcb005d49aaa7b09819efa96a6bace072e854f483779d7b6898c3ed1848e,552,19,533
NR-PPAR-gamma,HEPG2,15,17042,17042,32ec3d334413a0b1b7459f13aef074e6a0c8a07a2f59548d2312b579603b6592,552,19,533
NR-PPAR-gamma,HEPG2,16,18042,18043,8d2fef721cba603bab3ab06fe4e58411895daab1dde88d0858b777fd345270fa,552,19,533
NR-PPAR-gamma,HEPG2,17,19042,19043,c06468341c3956e13c1b23a52c7925d134d87ee644b4eded67da70a3029f8ef9,552,19,533
NR-PPAR-gamma,HEPG2,18,20042,20042,316b9476a9da64b4bcb9e0067364fd03bd049cf73b9392c0f9b1eede1807790d,552,19,533
NR-PPAR-gamma,HEPG2,19,21042,21043,0f2d5a6a3806b8d366012970be531fb78921cd6957d0c3134d722918a1611f6a,552,19,533
SR-ARE,HEPG2,0,2042,2042,6bd71bf99b006569121a4e033cd83fb50f6649d46205144d0fba0610b0e0573d,451,98,353
SR-ARE,HEPG2,1,3042,3042,1a03ae2e6fe12b2a829486f2ebd18487230c372af09184654bd01e74bd4dd7ac,451,98,353
SR-ARE,HEPG2,2,4042,4042,fae4e98e28fcff3ed9a7841d5131d2288cf58b742a194d033d5ceb1f4a5b005d,451,98,353
SR-ARE,HEPG2,3,5042,5042,4d181570fb29a02f265ec3ebf1066676f3fa6470a243e6845fbc41fd5211b5f2,451,98,353
SR-ARE,HEPG2,4,6042,6042,12888338e1e0d5abd948096d22619fd827769d5dd0d06c72b105fba37d40b5bd,451,98,353
SR-ARE,HEPG2,5,7042,7042,44295dc394d6857f09fb90c1ac6aab43ef8e581240054b7b29f3ef6f23ae3627,451,98,353
SR-ARE,HEPG2,6,8042,8042,1a9900b2cfaa8f3a2be1014637589b15587ddca3551388792b3b7cbcf247a145,451,98,353
SR-ARE,HEPG2,7,9042,9042,6eadcb1732226f477b321205436cfe5878a9ebb37f7da8b9e520f870d503c629,451,98,353
SR-ARE,HEPG2,8,10042,10042,ad8938a3ce30a36e5dd75408ae35768d429c297740dcda523cf7c740e30de5a9,451,98,353
SR-ARE,HEPG2,9,11042,11042,c927d83e17f884b299738b1a5a58207de0505f1694bdac50e1e8e54afb7c89c1,451,98,353
SR-ARE,HEPG2,10,12042,12042,c19edad3797e1d02362413684791be3d3b10865232e751165cc6d65000410212,451,98,353
SR-ARE,HEPG2,11,13042,13042,7168ed66a71bf5dd777c13be81517d3324372bfb722f91875d9f2dae648eb2f1,451,98,353
SR-ARE,HEPG2,12,14042,14042,0086acef160ff5b7197999182b9f0de222f4a942d3b8d900a80e94c157148c1e,451,98,353
SR-ARE,HEPG2,13,15042,15042,64e36b909ed39b7a6dee6f724383676ac52965b7575a2d04ebc399d81b7b1043,451,98,353
SR-ARE,HEPG2,14,16042,16042,7cce8e9ddb465e419335694ad9edf28f3bc9240864f6e70aa9b8b1f0eb9d03b7,451,98,353
SR-ARE,HEPG2,15,17042,17042,7c0cf7c554bc0c872c0f0c9614739574e5714080a2bf735a31abc2d84ec0112b,451,98,353
SR-ARE,HEPG2,16,18042,18042,86af84c5c29e535216da6f3ecc084475d6f3e0217a5e27715530b016d99fc253,451,98,353
SR-ARE,HEPG2,17,19042,19042,c4bd045ad398de3881d066fe5d3665ecb55da7426154ea0a4770e6dc8fdee355,451,98,353
SR-ARE,HEPG2,18,20042,20042,d7e3f6cd0bfdd9ef25c15bfc3c9e89eb965bbdbd751b1877dda78791e90661d6,451,98,353
SR-ARE,HEPG2,19,21042,21042,5aa5702fe31a65b2f4fd0a0f281f51d1122a381f5591b06cbe457ea0233f32bd,451,98,353
SR-ATAD5,HEPG2,0,2042,2042,56d32d855bd59379a53bac7fde6c6097b60df8a888c058f8d2790414c511fb70,619,33,586
SR-ATAD5,HEPG2,1,3042,3042,2c580d1f822b1e6024453df0edcbb1a2298f2b0add652d52f8c50232bb72d6ec,619,33,586
SR-ATAD5,HEPG2,2,4042,4042,75f7146bbd348874c7116163a0cebad759525a7d0ff21f8330c2aeab18e27bd5,619,33,586
SR-ATAD5,HEPG2,3,5042,5042,3000e15fc73c4e232da6ed228fbf05a6ef98ac1c76f4e9ded340a25862f10b39,619,33,586
SR-ATAD5,HEPG2,4,6042,6042,fbd7304b6120f5d902d45e36acf672b3a4e254f0046f2614c9e0e70a74ca0d83,619,33,586
SR-ATAD5,HEPG2,5,7042,7042,4436943d814318a5dccbb5b8ddc86b8611d76d557fa81facbf92d74bdaeed184,619,33,586
SR-ATAD5,HEPG2,6,8042,8042,777bed0495bebd8b377aa6e6da9791cf19ac7a9e2e9098be7412ace81f5698a3,619,33,586
SR-ATAD5,HEPG2,7,9042,9042,152bb370c488b22edeae47aa248a19e3d9f10931d2b1368f7a97e4e859e957bc,619,33,586
SR-ATAD5,HEPG2,8,10042,10042,f19068a0aa923943c392fc59a9e4d469dc5a57cc0300bf946f1ae29809b64f91,619,33,586
SR-ATAD5,HEPG2,9,11042,11042,1015c72231cc3c1257c948a3274526b6ec63416002e34ec3a2aa67c85a481d5c,619,33,586
SR-ATAD5,HEPG2,10,12042,12042,b5ca7f6ed38187559d646cd03f83141cb022964800a733ac832e9d80b197b91f,619,33,586
SR-ATAD5,HEPG2,11,13042,13042,3dc6049dd1f3f8d1b70ef8c0cecd08d39f54be5a5486275db1b87d9f41e59ccf,619,33,586
SR-ATAD5,HEPG2,12,14042,14042,46ae8b08ebb97714b1c8582a74bd43da0239d54cb819a36f282fed6ce3c89dfd,619,33,586
SR-ATAD5,HEPG2,13,15042,15042,cf56f641cbef33656b97ab32f1d677a2a74b205ef427a4dfe20775af230c833e,619,33,586
SR-ATAD5,HEPG2,14,16042,16042,28cfa0e679c0e4af9767dbc49d01356676a2b5840ada88a03f90471b213bdb4d,619,33,586
SR-ATAD5,HEPG2,15,17042,17042,4761903e7c6524e6005f3e0306ab47e298fea24cc9d05662451a7b5c889e8057,619,33,586
SR-ATAD5,HEPG2,16,18042,18042,cddaf73a112879694ec0ccf3a087ba78913fc3fcffed3a718204b5c6eea55966,619,33,586
SR-ATAD5,HEPG2,17,19042,19042,e62934a1fb376542ccdfcf212ea594a6cac9f63c4b40d13577916a380039d5e9,619,33,586
SR-ATAD5,HEPG2,18,20042,20042,e0f629f48bd44cc7cf8903ef11adaa29a5d587bd1466ded46942a129ecbc23c6,619,33,586
SR-ATAD5,HEPG2,19,21042,21042,2b2064cb0682e4e39574b9869cf97a2c089c207cf90e1074f3790659cb862226,619,33,586
SR-HSE,HEPG2,0,2042,2042,d01187b214f15b073cdb996a14b76f51479e11a16174208a588b99ed7c919869,547,30,517
SR-HSE,HEPG2,1,3042,3042,f3b3eb809f489e2d8ef3bd8caaa9cfb1b3af4e6ba7d1ac059695fc8ef70dcbc9,547,30,517
SR-HSE,HEPG2,2,4042,4042,d70c04861962cb3125768432b44d9a23b93b4858f21ad678045244ab72d1cf16,547,30,517
SR-HSE,HEPG2,3,5042,5043,923ba967e3549dd8a745b4153ba5fdbd95460f36f10b04645266c41a2ca30272,547,30,517
SR-HSE,HEPG2,4,6042,6042,077a92a1864453db5c946897f769688ca4c00b5b43ff22241e3af9df05b44ca9,547,30,517
SR-HSE,HEPG2,5,7042,7042,448639cde38111a10b7e7e5e865a23fc42e2e38a93ba50316e8ccc4453d41a59,547,30,517
SR-HSE,HEPG2,6,8042,8042,859ad343ac1340e033d84c0ccc750948c19675501468d9d2dd0d49d17552721c,547,30,517
SR-HSE,HEPG2,7,9042,9042,ad18e053092149b1b329f2a031622fef9d2c936a20838eb0d64165019dde6e0b,547,30,517
SR-HSE,HEPG2,8,10042,10042,19d526c5670926f817224913b5cc65a501ad5b96fabc74b4729dddef34a9f2cf,547,30,517
SR-HSE,HEPG2,9,11042,11042,4c8d30a71c1404a372a606a8a49a24155aa08559eaf7137e9011a56c6c4c46c8,547,30,517
SR-HSE,HEPG2,10,12042,12042,46e28db2a046b985c09900ce3cca598b60e2b436464d40a6780590f4e1c9a420,547,30,517
SR-HSE,HEPG2,11,13042,13042,f4def87d1ec9b7dec65dc65031e5d87e30c229b439532539a19c950554f75793,547,30,517
SR-HSE,HEPG2,12,14042,14043,344b8eb6018267b6f0619993b4b2e9228fa35987621a6449d8e002299972e8ff,547,30,517
SR-HSE,HEPG2,13,15042,15042,238b60a6f83822dca0fed5da68e2448c92358361536a3eaaa1a7e1b74e13d5de,547,30,517
SR-HSE,HEPG2,14,16042,16042,e2700a1b1dd5c81ec32d3009fbb484cfb517cb81d90aa4e07f3c49869188673d,547,30,517
SR-HSE,HEPG2,15,17042,17042,c73939602de8fad60270bde509f152d62d26af193f5ef666dc72b4b0f5717fcc,547,30,517
SR-HSE,HEPG2,16,18042,18042,d91c7f6844927448ec6c0fca70d4645aaae7cd8b56d545af1f827d06d2b43f98,547,30,517
SR-HSE,HEPG2,17,19042,19042,cefb66e2efbea7a971adf4b8a9c5478b1f03f312b9e2f13d4984ecf97be35bdd,547,30,517
SR-HSE,HEPG2,18,20042,20042,fd14b41694edd9f054e1c0933e9cea8da6af41c941232e2859f732ea79347fa5,547,30,517
SR-HSE,HEPG2,19,21042,21044,81e6ededfb56d3bc7be520eff6fea6ff7677cfcc4d6e4a6f2aff66d1edf3d5d2,547,30,517
SR-MMP,HEPG2,0,2042,2042,436a8e668d75a3bad0b27c67666152696525522e0499acc1e90fccd9ea6bd113,495,102,393
SR-MMP,HEPG2,1,3042,3042,e0818e939570ca92df4cfbb9ec1f568d397b2a2da5bd1341a32842c072fd3e22,495,102,393
SR-MMP,HEPG2,2,4042,4042,28b0036cb9018da99515810ab6cde093e876cd94994b0d601e7ff2ec2168a665,495,102,393
SR-MMP,HEPG2,3,5042,5042,14b7be56900303fd588ddf84350ad0c1f4d89fbe49b9e0d134cce752f17e3093,495,102,393
SR-MMP,HEPG2,4,6042,6042,fe492e06e5809f58004866ea69081a84a5a1fb19fb8bb9b2d1d3be398e99ff35,495,102,393
SR-MMP,HEPG2,5,7042,7042,3c5c9df8480bb0a40ed2e801d06a4f2c786bc7edc7a1d4994848f248f6ebd2af,495,102,393
SR-MMP,HEPG2,6,8042,8042,51dd1ee22f36d0c0760b9bb7ed1e51e1540447ee551c7a3bc44b05c5dd4b710b,495,102,393
SR-MMP,HEPG2,7,9042,9042,435d3f4fba737edd693cb589940148d408bfcbd15fb7293bf159b57a1d029b17,495,102,393
SR-MMP,HEPG2,8,10042,10042,84a2a74cfe2faebbba6967ca286e3f1d1a5b6eff35f46951d961535cc55be494,495,102,393
SR-MMP,HEPG2,9,11042,11042,6dd794ba38aaccfa4767428567149cc96003a8e8faefb2dbfae917dfb6823b6a,495,102,393
SR-MMP,HEPG2,10,12042,12042,2302a18b4e27e5d79e438fc2b61971f8998f08d8fd51c5b879b403ff7c4b91a5,495,102,393
SR-MMP,HEPG2,11,13042,13042,cc9c0c0e963d569e326399da544e5f877db93b14aa5d2b650a4f66ae4df7fd3b,495,102,393
SR-MMP,HEPG2,12,14042,14042,2596d8f8d66ddbaa05ef2ca92709a32594e7ce3894e2a95fdf82b2bdffba098f,495,102,393
SR-MMP,HEPG2,13,15042,15042,f260dcaf772feb90ff0929f63d618385e6d940c331730b61473a59c9d4094925,495,102,393
SR-MMP,HEPG2,14,16042,16042,7248fd3aa6980c5d1d4e706389af2621cfe1e6814790adab27765106584b52cb,495,102,393
SR-MMP,HEPG2,15,17042,17042,7030b55a9ff6955409150a5728a5b31ca4c26ad7d59df37b38fff026e607adf8,495,102,393
SR-MMP,HEPG2,16,18042,18042,47d6b4e426f1db65ed2c2312b985bffc96c4b5853ad5ff37f3c5b7f559e8ca9b,495,102,393
SR-MMP,HEPG2,17,19042,19042,877d41d724074dc9ea1f225017337291e2858fcd5d285bad15747395ef77c3a4,495,102,393
SR-MMP,HEPG2,18,20042,20042,580f781868fc60ef1624c807e9738c4dcd2bfb26a502eb590d28a2a65f40270d,495,102,393
SR-MMP,HEPG2,19,21042,21042,d09b59627b3c531258ef81cffa25fa8f4a6964220d51ab07e4784f9fa3e5fe0d,495,102,393
SR-p53,HEPG2,0,2042,2042,3e7764bdddf769ae72c39078daa7d487f69fe06af813940fec2f94f7e3b1f06c,603,64,539
SR-p53,HEPG2,1,3042,3042,2bd5d6a3c6eceb76c9058f769eb283c9fd9c5199bf9fcf472173330aa55c652a,603,64,539
SR-p53,HEPG2,2,4042,4042,0303b30f6424c6e2161af077a7f4c0f72b3062ba01a4f6d7240c279a4644f7ee,603,64,539
SR-p53,HEPG2,3,5042,5042,a97f5687bc20414f345cc95bee007b942fd8a5804bc07cf587a3864e19801178,603,64,539
SR-p53,HEPG2,4,6042,6042,30d63d1621842a7b121e4417a9faafb4738ba9f33aa29b30bc2fc92540d27598,603,64,539
SR-p53,HEPG2,5,7042,7042,4957a45d764e8729e93138c28cef1ad13fc7f6ffce839cc0dd0417a2bab3b7ed,603,64,539
SR-p53,HEPG2,6,8042,8042,3d779ac1bf351f3777cdab807156197abd27f51cead1a50bc186dd7d92c943af,603,64,539
SR-p53,HEPG2,7,9042,9042,3f48c01ef84d7d5965975aac606b580a134a7739867a21d6b6287fd458f1ecae,603,64,539
SR-p53,HEPG2,8,10042,10042,3f6ad291ffa583579dceaa39df9630c9450b2e935b7ad5a52652b3f86dd3cf4e,603,64,539
SR-p53,HEPG2,9,11042,11042,f65905235beb40f8ad5e22f1b375035f0e9f338be9ed110cfdcf20de88d5c3c8,603,64,539
SR-p53,HEPG2,10,12042,12042,b0497860e03e1a8217403b3012cbe43375fcd049d7662b19462114093d89b797,603,64,539
SR-p53,HEPG2,11,13042,13042,2207f7140c7055924f9035e9e902cd58bd52c88b8f06eff355a8cd2bdf986748,603,64,539
SR-p53,HEPG2,12,14042,14042,89bb017aa347c918a581cd3804f16103ca312af965e94aa29e15ee8e7efb54f1,603,64,539
SR-p53,HEPG2,13,15042,15042,c659632d3fb457134ebab74de6ee6f0f1369029a43adfa32cd7eb3f4d7155886,603,64,539
SR-p53,HEPG2,14,16042,16042,ca84791b2b07b055af8fed35081d28b864cf2320426153466a3fb45429d7279c,603,64,539
SR-p53,HEPG2,15,17042,17042,87235fd96cf5830eb0b016e6aa0502a67bf638255c00430f3a9b47d87a1a395b,603,64,539
SR-p53,HEPG2,16,18042,18042,7d54b018c3730e1a0952391bf1e372a836bd03c0555ed922bf1b6352f94b9f89,603,64,539
SR-p53,HEPG2,17,19042,19042,b9359d6aa3c2cc469b8c2e32fb4af18bc6f327c34d1442893b2f03d460ecdaa0,603,64,539
SR-p53,HEPG2,18,20042,20042,55166c52c385dc15c127bf3f2dfe3529f04e1b04f3c71bb6f5a2458b80d8adb9,603,64,539
SR-p53,HEPG2,19,21042,21042,b2041164b17f55c7326a45f2f1bb5172e754801f6a9ec2eec93d73f3f59ff3a2,603,64,539
NR-AR,HT29,0,2042,2042,7c9a2de78bb19ea29dccdd78563846b20e7708c88b254ce64799aaa681802374,960,72,888
NR-AR,HT29,1,3042,3042,b8f7752a0314a7f8ba8b8516f11709f8055c718b7a0f79bfacf794871886e075,960,72,888
NR-AR,HT29,2,4042,4042,d9ab8239424e9049efb85998aae741d6d40041e0c8d117caa594aaf0bf08c6c7,960,72,888
NR-AR,HT29,3,5042,5042,056286a9f3637d10acfe834b93abafef0b73215b72a6c35cac09db8797da021a,960,72,888
NR-AR,HT29,4,6042,6042,a6c5a3d0a58b69e20b950ac42ff3982b13473c25c86f3443dd84dc8c55c35438,960,72,888
NR-AR,HT29,5,7042,7042,6f03100d5750a4e1f1d71be1a986b99934e9603c6c4ad136fab7a953261038ae,960,72,888
NR-AR,HT29,6,8042,8042,8b4c875fc2fc625373490bf9326fa5e4de48078cc830a93d049ead69a254123e,960,72,888
NR-AR,HT29,7,9042,9042,1e66490589aee7956ecff5f8102b43c605d54da7566e7fce2a31a13eb69187ff,960,72,888
NR-AR,HT29,8,10042,10042,5c8e2527583728d9d737b41c4156e683a9c1bc43c0ed8cd4d35be187a5c05989,960,72,888
NR-AR,HT29,9,11042,11042,afeee5df84994be3ea73811dae8b412f4c7530afe185bec5e433f314f010167c,960,72,888
NR-AR,HT29,10,12042,12042,69a89d8e430d6643acb4a7e56253248f51fd1c26eccaaba5a6c18ecb6649240d,960,72,888
NR-AR,HT29,11,13042,13042,15ca1ad72cd9eaa4fdcd625bc0f2b3e63ced613b174260e8b05346db2f446b45,960,72,888
NR-AR,HT29,12,14042,14042,ca22b7a8f05d2abfb0798785b8c20f3157a783c0ffbd218ddf5c14ccc568a2cc,960,72,888
NR-AR,HT29,13,15042,15042,da9ef38effed1469300a3a19566dd1ed46c457e1c3d8cfb2276279424762128b,960,72,888
NR-AR,HT29,14,16042,16042,23ae76012ade95b3a26e6c27abb362824e29c4ed029944b4e52d2fb64209266c,960,72,888
NR-AR,HT29,15,17042,17042,80df71d2c55f54d662b83e0574dc0a13d406bb41f849dca3529d629e3faf0ab3,960,72,888
NR-AR,HT29,16,18042,18042,881eaab05e3fecb99ada3070c733617247ca0be55bff7b6dfbbc1e3d8669ef11,960,72,888
NR-AR,HT29,17,19042,19042,d73908074fb43542fc78221cbfa5a65b3d69b56d9e88baa5d5962831928e1ec9,960,72,888
NR-AR,HT29,18,20042,20042,24644d5d0d83b6d53152f7019e0cb326a80303977673161bc2e7626a895b17c3,960,72,888
NR-AR,HT29,19,21042,21042,16fb907569832f126d1801c3af8837a7372f5431e1da1dc5c9213785a243e87f,960,72,888
NR-AR-LBD,HT29,0,2042,2042,990773d27caa7fa54c83f567fd6bdd42d88164c6e3aac3aa0b10cd8c720ad8ee,862,47,815
NR-AR-LBD,HT29,1,3042,3042,36ea0bb943326f9b3200f41c221d035f64bc2c8b06f43dfdb4d119a739961ca6,862,47,815
NR-AR-LBD,HT29,2,4042,4042,da5d6d140baee051582632da47c69bad11544ce7ce857b0d831f9cfadb076c69,862,47,815
NR-AR-LBD,HT29,3,5042,5042,e3eba59cd82a89fcffe367c467a2aff544a40c5e1a76f071ac1d3df39e479036,862,47,815
NR-AR-LBD,HT29,4,6042,6042,5d2ab90b7cb16e931fef001840a4d0c2296b0d8e048050e903aa2cebe109a7c9,862,47,815
NR-AR-LBD,HT29,5,7042,7043,f1175f4b89df40a3c526b53510bf12fe2f49e8f303dc13bc12b0d7a2654d0780,862,47,815
NR-AR-LBD,HT29,6,8042,8042,ffe438bc7d06a22c504506e7067eb0cfee02bfdea896f4ff9ecb846629555f23,862,47,815
NR-AR-LBD,HT29,7,9042,9042,957269b6145f08e11c41b99010078f9540e19e6c98763e1b947187ef6e197634,862,47,815
NR-AR-LBD,HT29,8,10042,10042,41221484e9844e4fe3986f5678e327a3d283064eea0257ff88097712d30ce8f5,862,47,815
NR-AR-LBD,HT29,9,11042,11042,ed71f8ce4526ea404d37e9cf8f139a3d23b3e392ce0aa8549b091f6fc3b9279b,862,47,815
NR-AR-LBD,HT29,10,12042,12042,d6a91f36239cb662d7ccd1d9216d088ae458b39cae32a8fa2e69678ad65dbbe7,862,47,815
NR-AR-LBD,HT29,11,13042,13042,17a16062fc2300cf12a7e82ce9d9558bf2a5dc538cb07a713a5e85efc7203c0b,862,47,815
NR-AR-LBD,HT29,12,14042,14042,6bd5b7b8613665781017800949e162f37e427bfbbcc4fb264b3d74a54e72ee4d,862,47,815
NR-AR-LBD,HT29,13,15042,15042,021efe6c0df77863bd5cb7de4c85829f1445610056fd16ee843e165f0ac20fee,862,47,815
NR-AR-LBD,HT29,14,16042,16042,4b48885b775214a56e52772b34a0924065242212671e58b92025d0c3807f235d,862,47,815
NR-AR-LBD,HT29,15,17042,17043,6ed0103b86e620cfa0846fdfdca3925a004501a9c2b4d79caade5a0fdf0490f4,862,47,815
NR-AR-LBD,HT29,16,18042,18042,298d038d9c1cf65471967cb16e3e594da9466dcc1826e48cfcd4054a05ccce88,862,47,815
NR-AR-LBD,HT29,17,19042,19042,e5dfcc8d467d3c4994cd23aea88dd5aa75666f6d3472b18450e0b3faff0eb0d3,862,47,815
NR-AR-LBD,HT29,18,20042,20043,5c11480e6d2b053f9a0660a1f61010b1bf8ff43f27275ed82a8a597053b4bf50,862,47,815
NR-AR-LBD,HT29,19,21042,21042,7f3c2609f3d5e2791129d92436a4b51ffe561c951a033a2e3280627a1dc0dff4,862,47,815
NR-AhR,HT29,0,2042,2042,8db16dd2a39987affa65a883d24486a11b75d3092aec712b57a6d0577b43dcb2,841,95,746
NR-AhR,HT29,1,3042,3042,2afebc09e5eff0fa05bd409a462743691947c937b3ccaaac06cc3f199d4f0536,841,95,746
NR-AhR,HT29,2,4042,4042,3fdc6de3d447a98128145961af02c2c46d71aaa90cdff53f6fb9e354b93f1567,841,95,746
NR-AhR,HT29,3,5042,5042,f36eaa1218b5a716009c1e457466c11a7ee10435f8fb84903fcfb5ee5bfc353b,841,95,746
NR-AhR,HT29,4,6042,6042,8be3832c6d8faf9d41bf6137e1f781c22568f773295434ccefc0a01c79672612,841,95,746
NR-AhR,HT29,5,7042,7042,4555e90caf66c2e0019690feb2380d0b6deeb0e6feef1a79ed1ed6e2e0de3b56,841,95,746
NR-AhR,HT29,6,8042,8042,2abb8a87647fd9594d6446e04f5bf5489ee24cb10d11de0bf2d749b58cb7e3cb,841,95,746
NR-AhR,HT29,7,9042,9042,fd9f7e259b6f5af7a8e153f0fbd394f5ab5bde3fc12e8a1ab23a7a3fc63e8f74,841,95,746
NR-AhR,HT29,8,10042,10042,11c194ec7ac49f859e9683f77480572d527f50ea4ac33e035ac0b51c7b5d6fc8,841,95,746
NR-AhR,HT29,9,11042,11042,416d573786a089a99f7ee47321707e2628bcefee1237124241221d99e0d18e30,841,95,746
NR-AhR,HT29,10,12042,12042,529b008498745dddfe72863a9919e1bbc93e9a2edeb015ecd6c91311acc6506f,841,95,746
NR-AhR,HT29,11,13042,13042,eb03b68591b92593c470708d0bcae20bbc2ec44db48e96b67847a44d0d72538d,841,95,746
NR-AhR,HT29,12,14042,14042,3623fe46ca20ec6449bebf7fe7514627afbc970d6cff288301310faea6c50df7,841,95,746
NR-AhR,HT29,13,15042,15042,afe301a52849cfd4a3df17708181cf0d23aa2fd8acdcf2f0b9bdc96d6571189d,841,95,746
NR-AhR,HT29,14,16042,16042,e35ae1d07a83dbac9129c84fa828454ac34381acce1ba482d5eaf1cfff356e0e,841,95,746
NR-AhR,HT29,15,17042,17042,d150cb9f9f0ed948c858c80281cdd4fdb50c92fae32c19180504f16a99696fd7,841,95,746
NR-AhR,HT29,16,18042,18042,8d83af081f93008201d6548a33be0473be3b96908727b679f0eba1dfbf3bed86,841,95,746
NR-AhR,HT29,17,19042,19042,b1e35c488bf4539702883059ae57a653786ff8b9ff4199c155a6fad9c4af71a6,841,95,746
NR-AhR,HT29,18,20042,20042,ac0e81900c65752854fc4ed6bf9d3e103e0172a923e9348d6634cf30549ac525,841,95,746
NR-AhR,HT29,19,21042,21042,1404b57a22e6708d27f5097e983eb70fc3fe213c9e1ad82334ecb75b24d7148d,841,95,746
NR-Aromatase,HT29,0,2042,2042,46a76b70e6daa3213d2397cc2237d8893b266c6c22df26d2c43a160ececec891,758,63,695
NR-Aromatase,HT29,1,3042,3042,7acc1d48b3dd2aa4d381fe366f83f073b33943366a26cdcf57f9b3872f0e2f92,758,63,695
NR-Aromatase,HT29,2,4042,4042,b8b7c684018ee1a6a03844ca82a95019a562e1d811694918145b79c14f5883cd,758,63,695
NR-Aromatase,HT29,3,5042,5042,10de9918895ae184a6b16e64f9f6618773d3312705a019077991f3aee60fe9ab,758,63,695
NR-Aromatase,HT29,4,6042,6042,1b5c785e1bdbded9228532e5c0f3c6121705bfbd68c16f421769b2777062271d,758,63,695
NR-Aromatase,HT29,5,7042,7042,520449c7a84b6b0452047ac4b0636645f96bbf93fff68d5a7748edd2bfec8fea,758,63,695
NR-Aromatase,HT29,6,8042,8042,43c99bdc0247840d2883ce321d64ca7c70cee311d218928a0676d7e390adafaf,758,63,695
NR-Aromatase,HT29,7,9042,9042,b1420df55d993c9593394958a22cdd35816ef28ef11a935d159b0f9bb25a7811,758,63,695
NR-Aromatase,HT29,8,10042,10042,20455d5207dacf3cab2a17754e25e3a3452ff132ce60979701dcefacf8520cf5,758,63,695
NR-Aromatase,HT29,9,11042,11042,009144c43eb8421744c5976a2dacad680310269335c3ce9b363c99d4ffdcf7b0,758,63,695
NR-Aromatase,HT29,10,12042,12042,c1a2d4801209a5b1ef301fb20d752d0d313fd7fde4230a2cce2628d3faa8426c,758,63,695
NR-Aromatase,HT29,11,13042,13042,4a5a26cfead4f1e3f94f1b7f83bb8058ec6777877959b9a0577251c41bd1a173,758,63,695
NR-Aromatase,HT29,12,14042,14042,e510da59e29b659159c84947b2120464a9a065fea4c307986e9dddd17ac8bd0e,758,63,695
NR-Aromatase,HT29,13,15042,15042,2569245f7a0dddbe241d713eb8e450b6f08e3d050e45f747c68c1bfcf135169c,758,63,695
NR-Aromatase,HT29,14,16042,16042,43fc271b84941a3124fb38ec2f6f01dae06ac44ff250238b06c76f51c8019d7a,758,63,695
NR-Aromatase,HT29,15,17042,17042,3306890d1d2fc7c8d693839ccaa4d7a6c842736c10dad5a9c2d257e0a7361a83,758,63,695
NR-Aromatase,HT29,16,18042,18042,16bbc36d851624fd645699325e9a21e79906c175e0ad23665683edd459512651,758,63,695
NR-Aromatase,HT29,17,19042,19042,6e4687f0657b4c99f20c70c51a38db405742ad6e121881c4acb2a14cceeef9cd,758,63,695
NR-Aromatase,HT29,18,20042,20042,803b5e2d4dc16eecdbf5a6e511abba44bf742b88c3787f8a81c77c6bfc5aee36,758,63,695
NR-Aromatase,HT29,19,21042,21042,75e300fde34f54569a26c8311cceeaf6d76582109f04f5a138e3a55ec3229bb3,758,63,695
NR-ER,HT29,0,2042,2042,2af2fc0b2d341181e24f29911f3a74bff7f9fe0ffe6909fc153f2842be8ee386,799,128,671
NR-ER,HT29,1,3042,3042,c3bbe8dc5725ae7d218e19c7442aa04b887fa17fdc589984cf051957e32d78d8,799,128,671
NR-ER,HT29,2,4042,4042,f6a7944474dbc05a9943817aaa2bf1241058436f961d395b758a7a285467f476,799,128,671
NR-ER,HT29,3,5042,5042,bc5440aed39f38426bbee3c924c2aade2cfa4639bc302f12d8dd08efcb0fc088,799,128,671
NR-ER,HT29,4,6042,6042,5ffab75583ce98bdc147bc733b77efdda50d03df41b8b6d2662b011ef4b31b29,799,128,671
NR-ER,HT29,5,7042,7042,085cfdcd78e0955a6d9d0ad5a7fd55faf9c2d0f5386562cebbb93b070af9187a,799,128,671
NR-ER,HT29,6,8042,8042,a91ced7c547ddc50718cd06d244a8f9e3b7e3e90cdafe01251cb4cf6852a85df,799,128,671
NR-ER,HT29,7,9042,9042,a3d47195c0d4de27cc017342d29a7ab9e9161a4c08753e8d515b5abf3fc19fae,799,128,671
NR-ER,HT29,8,10042,10042,d618dede891eb8482aaf3c29123ec7c24e7d069a78ed912777914fb882ea43c4,799,128,671
NR-ER,HT29,9,11042,11042,5d608c03cd999e065658b0d7546fb6d3add40588e804566b49f2985bc4a792ef,799,128,671
NR-ER,HT29,10,12042,12042,f8c02186fd3f37a66b94dc265f9156c00a5113d38daa94298ed391b7c0873d55,799,128,671
NR-ER,HT29,11,13042,13042,da4f684968daf8f3802c320cfea171c3d9abcf6d405be4a92c3ec2da72b32570,799,128,671
NR-ER,HT29,12,14042,14042,0aeaa65f0b4cb7df0296b7d5cbfaaeae3fc8f357d0de7f111c4e5f38af450a49,799,128,671
NR-ER,HT29,13,15042,15042,8b9e13cff8a3e1a088929b30c309255bbda8db69ee06f3aa13a28f679a4f4a19,799,128,671
NR-ER,HT29,14,16042,16042,55c961f365d9759a69a6ae97a7df24000a6bcd882aa5d8adf9a22ff56d372fa3,799,128,671
NR-ER,HT29,15,17042,17042,b002ceb47e9a55265a64481ae19fc4e44247dba83b56a058ca6cea05b220e77c,799,128,671
NR-ER,HT29,16,18042,18042,826ac5c4b0897b885eb78af4d0dbb4ae31ed61fddb7eae56165292ab99d28815,799,128,671
NR-ER,HT29,17,19042,19042,6632634e8505ff2a12c87f3cd4c787d8cf0e985e69739256eb4b67fd94ecd866,799,128,671
NR-ER,HT29,18,20042,20042,9fec0b587d6735fb32d23fe1144bf52144c056606cd299fdc6c923a7258f19c9,799,128,671
NR-ER,HT29,19,21042,21042,a14dead90983c195e208411798b4ef2272345ee7b5f71363cd165bf54d1e3090,799,128,671
NR-ER-LBD,HT29,0,2042,2042,a1eb8affecf2ee3c7f72a7eed19d7bc59b7b77ae6bf855709477a00de5b4766c,902,53,849
NR-ER-LBD,HT29,1,3042,3042,e3382165ac4cc95f18d887286b39e2269c08787c4758237709c338ac287d3b73,902,53,849
NR-ER-LBD,HT29,2,4042,4042,e8e96d458d04bf4a6b4916762b29eb677bef7ebc0e1cbf65747e5fc5e785ef3f,902,53,849
NR-ER-LBD,HT29,3,5042,5042,1c1e30a831a47ad6662abb03f3e930724639c91ff1d8378d5cab06be8aebade2,902,53,849
NR-ER-LBD,HT29,4,6042,6042,c32516327ea5c827ffb9c766ba3bc5db31ee37f0af3157037101017a5a55484d,902,53,849
NR-ER-LBD,HT29,5,7042,7042,b4563eda1d9efcbf580a43e3aab2788605f25ec6d3fccbc65e6c10da4d9e50bc,902,53,849
NR-ER-LBD,HT29,6,8042,8042,d90917a94944f8a9e2072617c42390d3fe42233ee0c43a4c73a819a3017a6955,902,53,849
NR-ER-LBD,HT29,7,9042,9042,57a215479f8a720ef4cdd828d22cb3685f39ddd892cb7ef6e46fd6485d23a618,902,53,849
NR-ER-LBD,HT29,8,10042,10042,b73971cfde1fde8b3959c90d5548e950b392b668356b74c1dd9d848c6938a039,902,53,849
NR-ER-LBD,HT29,9,11042,11042,0cb91cdb43e17571d06cd76030eb9e9c7b141e7b77214d8133b64cba9fb8077b,902,53,849
NR-ER-LBD,HT29,10,12042,12042,8427ea5ce607daa829afcdf038b7655162b5aceba64c1a6dde89aaf0228c1a69,902,53,849
NR-ER-LBD,HT29,11,13042,13042,909e7e6ab2eaad0f6da361b6922d0177741f74d3fd4364ec360933b98714d154,902,53,849
NR-ER-LBD,HT29,12,14042,14042,e851239fd0d7d8d85ea31a15e17c3a935b357b270b68df1082d712d22be93fc3,902,53,849
NR-ER-LBD,HT29,13,15042,15042,71027a39d74867d3e523979a2a9b9193be3df344631ce30d10b7e23bf7e911a5,902,53,849
NR-ER-LBD,HT29,14,16042,16042,f84e96cb0c7c6d461706e1091472d21ebc607e5bb17c6c5d92ee8c2dd0e9e24e,902,53,849
NR-ER-LBD,HT29,15,17042,17042,6c03ac18c22eaff81317b5694970660f10a1c74b065cb01b1d1d1f9c50b8bf5a,902,53,849
NR-ER-LBD,HT29,16,18042,18042,4aad2bf243b0e0948a90892f42cb4428973f2222e806b7fa391b34248608c817,902,53,849
NR-ER-LBD,HT29,17,19042,19043,93fdd1d89c222f9986311ca643ab45f6e292a8c6b955703c06ab905fc43ab2f6,902,53,849
NR-ER-LBD,HT29,18,20042,20042,5fbcdc1d645d2a943be9e3971730447deef70dc441976347c9b9f44512244c50,902,53,849
NR-ER-LBD,HT29,19,21042,21042,632d9c8cdd1f7179e8484a98e694ff98b449c869ae7a0e26bed4ca6fd49bf18e,902,53,849
NR-PPAR-gamma,HT29,0,2042,2042,f0665c9ddc835c91e1d2f197dba00eaad1bca8dc856d51ac4377e57b5d0ad817,803,29,774
NR-PPAR-gamma,HT29,1,3042,3042,f380384342d57e3026998caf00740221587526d92eb0b0d29ead1943737a32bb,803,29,774
NR-PPAR-gamma,HT29,2,4042,4042,df08bb295c947e04bb774c25c9e7f82a55a000b643da8bdeae9994e6e7377c7a,803,29,774
NR-PPAR-gamma,HT29,3,5042,5042,eeb64270ac83da3df3928cc45f111732db5cf72f00f17539b69a628e0a9493f2,803,29,774
NR-PPAR-gamma,HT29,4,6042,6042,8d142d85163437c5f7c2a3a428c26f5654bb834fd11a81f062e08ddb193dfe3a,803,29,774
NR-PPAR-gamma,HT29,5,7042,7043,742ee28355129f8e495178fce871ae44449d40df3ee32004a7c82859daf945b8,803,29,774
NR-PPAR-gamma,HT29,6,8042,8042,b4e8118b26197cc654ed99500f34903829e354cafe6a11b5cf4c93a895679f95,803,29,774
NR-PPAR-gamma,HT29,7,9042,9042,8bb57eb2cf38c961f85407718ddf9a12930e8c040108275d7a752e59e7944a4a,803,29,774
NR-PPAR-gamma,HT29,8,10042,10044,ab37cebb159a0c6ce4da1e7e8b84fd2ca170ca4e13b71fa1a73f00587a145f5b,803,29,774
NR-PPAR-gamma,HT29,9,11042,11042,aecdc3496e67ee7a2c20e640d02fc33b281284813445ac977cd0211d07cbf23b,803,29,774
NR-PPAR-gamma,HT29,10,12042,12043,0bc390604d36602ff3c6227efed0443a42818cc261f699ceb1cd27ed7a5c0fcc,803,29,774
NR-PPAR-gamma,HT29,11,13042,13042,61f428687dec0fb5db0d40d25cc8907dd0154c4ae9b337edf0eaf9c4d352be50,803,29,774
NR-PPAR-gamma,HT29,12,14042,14043,77562af4e17d23df4b45e9372e7fe30c767e8c019fdf2a837313f377faef8b32,803,29,774
NR-PPAR-gamma,HT29,13,15042,15042,71ac91bee5da142798b57a4d08f4b80e2eff78bd903d36ffbb755e0f94c743a8,803,29,774
NR-PPAR-gamma,HT29,14,16042,16043,23f24cf90834803f6d8610d6c6de1561e862d229579facb7e87d21028ee57bf8,803,29,774
NR-PPAR-gamma,HT29,15,17042,17042,809b9b44ec6446d511865b019db56bb4b1f792bf9a517f325c686dfc1fcc8aba,803,29,774
NR-PPAR-gamma,HT29,16,18042,18043,22ea7921bc3e756157419a275baa18e0c0fc32ce7694bc3711e1babb454d886a,803,29,774
NR-PPAR-gamma,HT29,17,19042,19042,4b3cc4e22e4de328bc7608a12418cc3a79f4585525c1cf13f7cab6aa5d2cb9da,803,29,774
NR-PPAR-gamma,HT29,18,20042,20043,bec831a9025575e64a224a387280502f652819a8221c1cced6fa4fe4cbbe9c89,803,29,774
NR-PPAR-gamma,HT29,19,21042,21042,ab474659d5756214b9c3af506d34a52126a704f7d02c15b3c3d7df93132903a1,803,29,774
SR-ARE,HT29,0,2042,2042,b205d462d1201086791f21140d718bdee3364fc661d184543b09764372300398,682,129,553
SR-ARE,HT29,1,3042,3042,7b1fd5015ebc2fc91e4e7a0fbffe65fa38b94efe1eac75f3341456cd09ee2195,682,129,553
SR-ARE,HT29,2,4042,4042,6a8403ef646ed37a9ece2e7436310173259ba94576c7e6d05f8dadb1a042f369,682,129,553
SR-ARE,HT29,3,5042,5042,c7b6c4d7ff94886ac1d6236922ebc6b89ff3286bc39da46b8f63bd2d4a5d5e49,682,129,553
SR-ARE,HT29,4,6042,6042,cab6de19ef43552d7363e4e51f86bbcf6fdd2bf326d6d63bcf8977095e80862a,682,129,553
SR-ARE,HT29,5,7042,7042,47549c2672c0670160658751deb4c30e2f4cf279780eb471b12bbe8710bad4a1,682,129,553
SR-ARE,HT29,6,8042,8042,ad700afc504c78b2536f76404b9b0657f87485962c42bb32ca0d3c450d78097f,682,129,553
SR-ARE,HT29,7,9042,9042,5e33c54bdacb9dca20c7b55e2eb1adeb6c518cfef11844b6c76f695c796eb95c,682,129,553
SR-ARE,HT29,8,10042,10042,8c2888d0bf8901c1a2a82c69ffb87c8070a33eb8d1197d4fa0a52416679c2e78,682,129,553
SR-ARE,HT29,9,11042,11042,ad9b5f60cf2bd4cbfe05f0293b8b8950cc266cda806a46cfc431744fd81e8c37,682,129,553
SR-ARE,HT29,10,12042,12042,4c923ac8aa1bfc61f4c99932f761daca7489a89523452268b87cddb473da7e4d,682,129,553
SR-ARE,HT29,11,13042,13042,be24e5f51998a2bc9fc9df527d0246381c090c2785fdf7b2631b68e182c1de5f,682,129,553
SR-ARE,HT29,12,14042,14042,67cdfcae35bf1421b30fed51e3ddca3f781cee07a79a126ec08c05c97e8b3af2,682,129,553
SR-ARE,HT29,13,15042,15042,b062558a7ae7efcb58ab199d2de767516b530952812f478e51eb5a3e73f5385c,682,129,553
SR-ARE,HT29,14,16042,16042,b8c268f49e9986447df0288d1025f5eb0c182a73db65c5af4b7bbd25f9494f8f,682,129,553
SR-ARE,HT29,15,17042,17042,772a76d501cbcfd15b9a1cdd1cde23813289dcabea46657f1159b21b51c24649,682,129,553
SR-ARE,HT29,16,18042,18042,5c7ef778a604ecfae399946c7435a6658fb9c23cfa4f075eb391f84f78027d97,682,129,553
SR-ARE,HT29,17,19042,19042,4719d1c8ae259459b30ff94d08f965344e21af6cfb73e407655cc37ad3058531,682,129,553
SR-ARE,HT29,18,20042,20042,d7559573ac2845458781d8c8059393daee5a1a65d2b849219f45bf65831bb684,682,129,553
SR-ARE,HT29,19,21042,21042,cccc4fed913e04c4be63907a1e67f270823bc15a7b98f7a982f4c42fc6b6e719,682,129,553
SR-ATAD5,HT29,0,2042,2042,1ea0e33a0c7caa822fa91d7e5b43053f68023bcdebfddb2299b902a188003f16,903,50,853
SR-ATAD5,HT29,1,3042,3042,2182d80611b581a61d11583274bfd0b0c32c99b7b89fbdf2ff6d5f36140b14aa,903,50,853
SR-ATAD5,HT29,2,4042,4042,160a7722bb1a7a36262f8c8123baa6c3fa616de7e46f080906674292d951338f,903,50,853
SR-ATAD5,HT29,3,5042,5042,081bd61d744b2df869c909afec218204073bca596c309081933272ece3ff1451,903,50,853
SR-ATAD5,HT29,4,6042,6042,6d16c47c2e2c70febeb4c065451e87fdeac58d59d90a27dea88b55a1432c576d,903,50,853
SR-ATAD5,HT29,5,7042,7042,06e90311e3a24aad970c75a2383550745ab4713e2e13fa0c4a0f93f1bc51963a,903,50,853
SR-ATAD5,HT29,6,8042,8042,bfc9f97fce6497ee1eafbfc072b44151acf9aa60d79739c5e7146d02cc3ac764,903,50,853
SR-ATAD5,HT29,7,9042,9042,21b60ccaa8d98e5207bab99937581f9a0122b1d08a6ad60316a41b0c2ecb4066,903,50,853
SR-ATAD5,HT29,8,10042,10042,907bd667b8fa9ea0dfdee1c31df30d1fc7827c79439a0b87ded75c0c000f1240,903,50,853
SR-ATAD5,HT29,9,11042,11042,b1fb79947bea1566fc48e9c870f1300dd1d90629362608928d68e42b9e30c2b0,903,50,853
SR-ATAD5,HT29,10,12042,12042,316c3e41c3d2b780810baf32946fc4d6f513cc8b0b8ef14d8ad47c3cae45832d,903,50,853
SR-ATAD5,HT29,11,13042,13042,ad463a1049f54fec2b9fc0fd61596e386ca9dedacd12eff132c7ee859af33bf0,903,50,853
SR-ATAD5,HT29,12,14042,14042,f9c3f4bb78095bab6e52e39a6539b01bcb18d97c14cf0b6dea42446a360b274d,903,50,853
SR-ATAD5,HT29,13,15042,15042,67324614957a49db12568ffc4c817152d9ea3ec3967c314ca5bea18e6b87c4af,903,50,853
SR-ATAD5,HT29,14,16042,16042,99451590b75e0a7c112d7905d2514ba7d9d9cbc4bb7d9e61ddb3d186a85383b1,903,50,853
SR-ATAD5,HT29,15,17042,17042,c278ea1c7ab49172cedef9900714a4485cc651877269f09c8b32e93a053bd398,903,50,853
SR-ATAD5,HT29,16,18042,18042,bd9e6f08dc8cadbcf9d1b4c51a4cbc2c1c8ff2557640ee7ab8d5411ba2cd98ed,903,50,853
SR-ATAD5,HT29,17,19042,19042,ea756bc1ab6d7aef6334764e51ab519c8c944da3ac9f9ad8d0b13a12c76b48ee,903,50,853
SR-ATAD5,HT29,18,20042,20042,880721469e3de1c9feddc9e40a4027449385e69d80d50b1787fcd25e15a55a4c,903,50,853
SR-ATAD5,HT29,19,21042,21042,d6bb568bc8f9d9e71bbc5adf85c08a3fdc3f56a7562eaabe96b65f47c2f80d9c,903,50,853
SR-HSE,HT29,0,2042,2042,63f2cea2dcb59334e6e044c7d4c2735e85ec9fad9d98278aef7b017b8f3e3143,806,50,756
SR-HSE,HT29,1,3042,3042,b179bb80aa6b756f2ca06a13613b9e4b384543a291be9a95ff1a5adae01182be,806,50,756
SR-HSE,HT29,2,4042,4042,4008acbe1ec76cddb10c87e43af9afb1a2a6a1ca5a383efc136d9a8de05239c9,806,50,756
SR-HSE,HT29,3,5042,5042,deebcd906d8deb17f1af9739cbf0cdecb581f9f9af3b90bba476dda13fddde8c,806,50,756
SR-HSE,HT29,4,6042,6042,52e97f60c7597015b24a5937afe5ceee8e078d1c9c56dc9596f4c3538069dd5b,806,50,756
SR-HSE,HT29,5,7042,7042,20ea96127dba46dc7909ec949c081bfbf732acfe2e6a8e225c9d2f9bbf587d6b,806,50,756
SR-HSE,HT29,6,8042,8043,a09c4f387175861b016a8682c20aad7f36837913241ff79e7f0f0675350f5fec,806,50,756
SR-HSE,HT29,7,9042,9042,df096a7892ee29a55eb533ed8070a16663c6068bc268c712aa92dc4361b49d88,806,50,756
SR-HSE,HT29,8,10042,10042,4ce029123bb629273fe1ebae059a6996c96af3a871270a9212a2776d7ad5a0ba,806,50,756
SR-HSE,HT29,9,11042,11042,06d9b4dcb2eeac12c1a52dc4469a7ca5510be70f2965f2216f34831e5ab01e8a,806,50,756
SR-HSE,HT29,10,12042,12042,928ab8a11190d445de8ed3c3329b8bbc863c42fbce5683ad1dcded946cc8d43a,806,50,756
SR-HSE,HT29,11,13042,13042,e713e96721aa0418215eef302273dac89e8ec7e0eaf34ee65ad39f6e14a83c65,806,50,756
SR-HSE,HT29,12,14042,14042,26e529b293d402ef9e72bfa77fa000cceb614a028cabb4c60cea2e8ce1471958,806,50,756
SR-HSE,HT29,13,15042,15042,0ed392bca87c0ec4e0cb639cdbaf86df42056690a8af463c238e7b5fca658f9d,806,50,756
SR-HSE,HT29,14,16042,16042,bbd22809a84860a313805211825c4a5d22a2c1536fae5ba9502e6b0d2e7a38c5,806,50,756
SR-HSE,HT29,15,17042,17042,aea8583264a4df9b703b38706a24140786d747324a7c6c411c720afe2ebcd518,806,50,756
SR-HSE,HT29,16,18042,18042,4239f2279c0cc46a803acc4b74b2989c63ebf4cc2567eb03bbd51e88be30f7a3,806,50,756
SR-HSE,HT29,17,19042,19042,1538fd6f093e7b87c9d1b6d5c2a1d095fef032e07e2983394b5454dfe8ae199d,806,50,756
SR-HSE,HT29,18,20042,20042,9273dfa3de7b15d4436193e48fde3f65f6f3b7d7da02a9b48f793c1bbdeb4f20,806,50,756
SR-HSE,HT29,19,21042,21042,826eeae88dafc548398785d8d1a5468d29c8adcd193c82987b6eba70a013757b,806,50,756
SR-MMP,HT29,0,2042,2042,f58f8c43d4bdd4a30b14ef0719e774dfad2904501bd3e49419e54efaa437498a,717,121,596
SR-MMP,HT29,1,3042,3042,9f53586bfbf08ca06f84f4129874a94d4da980004cd54873fb773a05a0464a83,717,121,596
SR-MMP,HT29,2,4042,4042,b02258b2bdacfaa12a840b40f70ba767044d6e985515dfbb5426aa95b3f5078a,717,121,596
SR-MMP,HT29,3,5042,5042,40608dfb865e58194d02bfbfb9be9aedc6667da07bbd87a6e281db99386a4c5f,717,121,596
SR-MMP,HT29,4,6042,6042,d6fe780a4463b7f321168a7ff79c658b62b8a022b31b071b3e9f1502edb5560c,717,121,596
SR-MMP,HT29,5,7042,7042,50bf40475879fc057dd39b15f1a8e304f2d1c267e4a89fd8da31036b6f2fbe55,717,121,596
SR-MMP,HT29,6,8042,8042,c1b41705c559067aa9e22191becfb8796917595433d3a8f7640b037a9e4810e3,717,121,596
SR-MMP,HT29,7,9042,9042,2315eeec7f2a95df93a961a6af6aa2986e18d6c25c664eb92aa7e2e8464146dc,717,121,596
SR-MMP,HT29,8,10042,10042,7a228fa2da06db7936e49ff0c65de12bfcd09c651f843278f3ac92e6d0133dab,717,121,596
SR-MMP,HT29,9,11042,11042,c66c8b19a14ccdea159c4ae9a3df0c9b89bc5cca12861d27837bc232c9902408,717,121,596
SR-MMP,HT29,10,12042,12042,109705027e176cd684316359e9b39c13fa5625ce2ddf2449060487fecda6cbb0,717,121,596
SR-MMP,HT29,11,13042,13042,f871593228f09a1e7b16ee31cb21f05504df15829b02215bf78e86b4a8120087,717,121,596
SR-MMP,HT29,12,14042,14042,02c29cdf831f24f026b90280786b032230991cdd0d0177d7ae1f03434761a7a2,717,121,596
SR-MMP,HT29,13,15042,15042,0d9e7c72eb961165878957e7a8d00d68d7959a8b80cf54b7821a50baaff4185e,717,121,596
SR-MMP,HT29,14,16042,16042,b8d376bef582bc90e8d42aec6704caddd36bccd004b435bdd3b7377919184dbe,717,121,596
SR-MMP,HT29,15,17042,17042,381cb130869d0cbf7c84ae5b9d017f61d840ccf9f134fedb26e6be7d8fde7a38,717,121,596
SR-MMP,HT29,16,18042,18042,67f1853a91ee128a60751ac0b7f15d405fda66fcc7c4d2b5ca10189f72484a12,717,121,596
SR-MMP,HT29,17,19042,19042,ee57c9d477cf23876c896de70e67d045e1efb95e5388684533669ff1f545b7d8,717,121,596
SR-MMP,HT29,18,20042,20042,861e744cc765d2d80c648647b058e63f6ba071b322385135adfcb326f6836201,717,121,596
SR-MMP,HT29,19,21042,21042,5c377d0215ee5abfe2e24f17739db841bf5232f932c5dae7a59847d7924efcf9,717,121,596
SR-p53,HT29,0,2042,2042,605f56b879debe8529d9fdfb573cffee5539ac690eb77628462e3531b1adf837,877,85,792
SR-p53,HT29,1,3042,3042,adda317b443a89436954edb12c1076399c70300a27a4c4b8fda93773f3dbf65e,877,85,792
SR-p53,HT29,2,4042,4042,c29fc8965acff4f588f0b269c5ae88a2b34202f9c2d8da11847c6e8aecb14410,877,85,792
SR-p53,HT29,3,5042,5042,e8dc427f2ac1de28615a473ef3167efa098b976405dc73135359a80fc2a4453a,877,85,792
SR-p53,HT29,4,6042,6042,6480ea1466e3457d282e02385c2540e0717bf6f49641f70b9cb931c449d14716,877,85,792
SR-p53,HT29,5,7042,7042,428e1be323fcbb6a6b61e4267055974fcd2d650c168648ddd4b492f1a48bdf8e,877,85,792
SR-p53,HT29,6,8042,8042,796a6ce7509b6e3783a166e0d7df61bce723ea3afcbbb1fb79c5b022297bac5e,877,85,792
SR-p53,HT29,7,9042,9042,20d532fa5a5180e63a17a25efd2dd61ab1a079e3918ad74d0417ae1c5343f97b,877,85,792
SR-p53,HT29,8,10042,10042,b870b152ecd2ef81769e677fcb406a87f648a9062f8620b0a04bb92fdc09ab39,877,85,792
SR-p53,HT29,9,11042,11042,8fffd62856139b9c4dca554225a4a708035014548f33dbb260895aa49407030c,877,85,792
SR-p53,HT29,10,12042,12042,e39451430da422f893fc28d392ca02939ac744afdf7ed7a269e6fabbbe9de739,877,85,792
SR-p53,HT29,11,13042,13042,0715f291f1323c32e82d7dea353ca29910bf85b96a162d11dcaaae7717f30760,877,85,792
SR-p53,HT29,12,14042,14042,21b6f79d932dc3aacd3f97e098bdf262b1020df577fd2cea4af9e72add916a98,877,85,792
SR-p53,HT29,13,15042,15042,a5651712d18a84745d2b7b9081505dc1ac48eb827c64661b05ab475af60bf3a7,877,85,792
SR-p53,HT29,14,16042,16042,2cc151c4b2c36bd4f0618640eed69ad1493665b5ae3865d1fca045c0aeee073b,877,85,792
SR-p53,HT29,15,17042,17042,56304dedfe95c2153c6b8dad5879d4efa2386cc92e5aeea8a2b76c3e21704bc6,877,85,792
SR-p53,HT29,16,18042,18042,42b1974d347cdf68335137b1974759a576ee15aa031665d490d7d196e051163c,877,85,792
SR-p53,HT29,17,19042,19042,65460874223f3c0498e0d7b9b3637c26aa6000ca48150d83849297c0d7c8c0c4,877,85,792
SR-p53,HT29,18,20042,20042,a7552f539e3dd7a0a6453afcfd206a815ba453958f8d2a33163c75122a54b8fc,877,85,792
SR-p53,HT29,19,21042,21042,f6ba396d4c931ef56586030b274466ff1a9d2c830760399bfc8a9cae9bcc511e,877,85,792
NR-AR,MCF7,0,2042,2042,60157bed0c1acf31820f05b9c2deeb01eecffe4321fcff8b559ff9e44a1915f0,1259,82,1177
NR-AR,MCF7,1,3042,3042,54ab3dfaa24c942fc71293f7708090957f7df16c18549c7a129593651561f116,1259,82,1177
NR-AR,MCF7,2,4042,4042,ffec446099f9143da8b0b1452e4b71b774243f4e26685293fe86eb7f902e243a,1259,82,1177
NR-AR,MCF7,3,5042,5042,77c166cb8dbeb65d0ca07f343ba170cb44e4b8961b4726d39e849eae097de7e8,1259,82,1177
NR-AR,MCF7,4,6042,6042,91487b4d5c26e392605f25fcea5cf5d553252d916c5d71a303595ad5c9702bce,1259,82,1177
NR-AR,MCF7,5,7042,7042,3640d2b50f5c13c783bde32eb1662aa0251be32099520085cb381066901a4e8a,1259,82,1177
NR-AR,MCF7,6,8042,8042,eec804f97f27712e3f340f457c394a19c1b509549c86c5c2e24adb76c48b3e8d,1259,82,1177
NR-AR,MCF7,7,9042,9042,bb79e499cd4a2f5132f4d516ebaf832f8760ee2d58eb75f925aa373c5332898e,1259,82,1177
NR-AR,MCF7,8,10042,10042,a20123de983f3307cda46cf3097a05ea99905677ba5c779a3ca53662e840ac9a,1259,82,1177
NR-AR,MCF7,9,11042,11042,703b7e97b4d81c7021d7e2faba61c5f2bc5d78e1cf4846d6c27615578afd80dc,1259,82,1177
NR-AR,MCF7,10,12042,12042,efe24bba8ad45cd76131550c89d5299c6eed9583ed777a270e11628683051ce7,1259,82,1177
NR-AR,MCF7,11,13042,13042,9a76942cde6a45ea973806e22a6ebdb3c800215950b55f07362247084547a3e0,1259,82,1177
NR-AR,MCF7,12,14042,14042,379da32fa6d70eeb943e7e17fefc4a9d9dfa235e9f7b3b44dff1010e768a2144,1259,82,1177
NR-AR,MCF7,13,15042,15042,edfc0c0734f7af8b6d5ee70c4fc503184dcd18661f28c2aadb6ebba6f2b3c0fe,1259,82,1177
NR-AR,MCF7,14,16042,16042,a41f9315b133befd61f1b9e72f885e3abb9609d20138148729150a9e141240e5,1259,82,1177
NR-AR,MCF7,15,17042,17042,dc5191bfdb9d99b719558ec4277772330dcd21d0b20bfd223eb6781e90d14db9,1259,82,1177
NR-AR,MCF7,16,18042,18042,ca9ce55c07019758683f435df940e4b16c180ce5d78a2506715ec9a25fcf8d15,1259,82,1177
NR-AR,MCF7,17,19042,19042,9417b6f0e461457a4b0036bbbe6301fdf54e067ada5fe095ec90288704c172e3,1259,82,1177
NR-AR,MCF7,18,20042,20042,892dd088fc60106fec0175d4098d006590fe033e586febd5647e9b01e54fa755,1259,82,1177
NR-AR,MCF7,19,21042,21042,7b82f14fc8d08a489415d9c2ed0161851c816ef3f628cf5a0a387dfd414ef9c6,1259,82,1177
NR-AR-LBD,MCF7,0,2042,2042,b9d31be61334c6f392d40cbe06a4796f1edb6c0c1d4643fbf194ac9d1ac50dc4,1145,53,1092
NR-AR-LBD,MCF7,1,3042,3042,acfc2ef0cf4ed1fedf91b68b8b0ac3bafc6ab9a8f1c0916e46d4a11d669eb9d9,1145,53,1092
NR-AR-LBD,MCF7,2,4042,4042,cbd9842771637a9088df27f3ff08ab09c945423ce11640dd1ca809d68f2bf839,1145,53,1092
NR-AR-LBD,MCF7,3,5042,5042,907b1b33633837142d94058d245767cd16ff9bcd8a29688202804068ba8303d0,1145,53,1092
NR-AR-LBD,MCF7,4,6042,6042,494273f6b12a348ef9da326dc36f8da984c36d4099fe053425d99fe06bf993b3,1145,53,1092
NR-AR-LBD,MCF7,5,7042,7042,182f02e74cb48f49b906376b37291d95536cee50fa25655a58b6ce9977c949b4,1145,53,1092
NR-AR-LBD,MCF7,6,8042,8042,54be309614e1739a9266b07887f3712442fc354fd4b7911b8b9cf628c7c57e31,1145,53,1092
NR-AR-LBD,MCF7,7,9042,9042,94417ed3e0384a3ffb215e4f24ce403384724c42cdae9df9f1a4d50366862152,1145,53,1092
NR-AR-LBD,MCF7,8,10042,10042,93d66263acb158a28bd358df2f2996c0f8ee4a30805d08ad764d75494f6c1814,1145,53,1092
NR-AR-LBD,MCF7,9,11042,11042,e578dc9adaab5b8526cd548dd149ba49c4754e3fa4084710eb6a2c246c0b0b94,1145,53,1092
NR-AR-LBD,MCF7,10,12042,12042,637e73478f2fd600f0eab85281bffb0312338a4e396f6f0f3e6a97c89d96b878,1145,53,1092
NR-AR-LBD,MCF7,11,13042,13042,67598e63d22f30c3f66856d44e351d48ed126f3a31ecf13778ee2b2914776b94,1145,53,1092
NR-AR-LBD,MCF7,12,14042,14042,1b4003de83320c7c160316afb1407c27f686d717d21824589d9fd95b257f04dd,1145,53,1092
NR-AR-LBD,MCF7,13,15042,15042,d287ad27b0f392fee0995e523447bc96450e2b39ceaa2d55be61eac17c8f988f,1145,53,1092
NR-AR-LBD,MCF7,14,16042,16042,1e1f22d128e4432bbddb925e809de5044f090d234731ab92e3c55d25d3c2c85a,1145,53,1092
NR-AR-LBD,MCF7,15,17042,17042,fafaf31bde53e625528bd3a7c1729967edc7506925031dc59fb4b77d03b4897d,1145,53,1092
NR-AR-LBD,MCF7,16,18042,18043,f25d6035c2c67cac66060d48268d30588ebc882fec0ee90122dca62c47371d3c,1145,53,1092
NR-AR-LBD,MCF7,17,19042,19042,1ec4a39221ba57af077ba9fc5bc79349a872001a33fa14c4ed818608a82deb19,1145,53,1092
NR-AR-LBD,MCF7,18,20042,20042,cc8043f64b6876c5eacae47c79c10f1321c79de626d31f4f304dcc21d03cf604,1145,53,1092
NR-AR-LBD,MCF7,19,21042,21042,3af939b1a58a53924e77fa1666a3a9cd874256caf949ac19e85024201f5f7266,1145,53,1092
NR-AhR,MCF7,0,2042,2042,61af844de3775ba24f692e2ffae3bb316b2922679dfffcd4ac5500566887852b,1111,112,999
NR-AhR,MCF7,1,3042,3042,3e756a60de2437a2c5e924e5bb39acd4b412ac501406bca40861279835a68231,1111,112,999
NR-AhR,MCF7,2,4042,4042,0b8e537a66fe25b77be8aba33062c2fbfaa507582dd893403e678192055a2fb4,1111,112,999
NR-AhR,MCF7,3,5042,5042,55cefc589300b711583594c23d98f4c4744f99187a63ecfb4656adc86b1f9d23,1111,112,999
NR-AhR,MCF7,4,6042,6042,eb94508e6168b52ba13a9e681f2b98f4c3ab68393f587f1e97ced5f5de45ca9f,1111,112,999
NR-AhR,MCF7,5,7042,7042,84acaf432f709a65cc40efc8b75eea56aef70ca828b7401f389b1b3aeba1cac9,1111,112,999
NR-AhR,MCF7,6,8042,8042,3cc6147950dd9ba07b7d00d846763a4428ade4e88d58e318cb34f1839035884b,1111,112,999
NR-AhR,MCF7,7,9042,9042,29a16935e618ec42d568ca76eaa50f4512b0c7782dde794529e72aeb7b2bab9a,1111,112,999
NR-AhR,MCF7,8,10042,10042,73e4a1a4e35a8d4e69276ccb7e46d6aad7b228ed61eb8e3d2caf7b83a69900b1,1111,112,999
NR-AhR,MCF7,9,11042,11042,a193ee7d4519992360000bc97ca0d5e9e1427f2a44fa581ca9ad726671aac725,1111,112,999
NR-AhR,MCF7,10,12042,12042,48ad736fe85cb596e26eb488921d5eb17629a2c1a95e49dfc4dadcc665185af2,1111,112,999
NR-AhR,MCF7,11,13042,13042,25b13a61ed067995b3bef851655c9096b3b5678e756c6dc2a07983685f22898a,1111,112,999
NR-AhR,MCF7,12,14042,14042,5cb25d3027c7c900dc6f63824f9347552f540ee930e81d796750d0988c94765d,1111,112,999
NR-AhR,MCF7,13,15042,15042,41f1f71e8149e4250d1daf1cab4bc684d6c773ded69bf683eebd3fb326aa25e8,1111,112,999
NR-AhR,MCF7,14,16042,16042,50d445952a4654ac32b4e67c63e44bd6d9667aa5b8338bbcbee56e862524ddb1,1111,112,999
NR-AhR,MCF7,15,17042,17042,b09208b10c69985f9fae79847febfa96d3426c1d1ec32297054ee0120682d231,1111,112,999
NR-AhR,MCF7,16,18042,18042,2a25bab7af0a651deadd42630be58c53b5862809029644a8b80c12f0483b5956,1111,112,999
NR-AhR,MCF7,17,19042,19042,52d541a555eb84ae5f21fae1ca4b8bb2812cbf48bdd0db12ecf97f215e6e1131,1111,112,999
NR-AhR,MCF7,18,20042,20042,3f7c01b1f0a4c65aec93989614e6b1e7f30de6b89e3c4f26b30056afe18c87c5,1111,112,999
NR-AhR,MCF7,19,21042,21042,d3e45c9bcdfb4ddacef5555a71361988aba9c592f9ac0e437e93ba69c3e59b73,1111,112,999
NR-Aromatase,MCF7,0,2042,2042,13051168e6ef8f713d5858f13af0c227fb3616fa08ecbf3de30f0d08b3faad76,1021,76,945
NR-Aromatase,MCF7,1,3042,3042,f879cb07dabcab2d910c4e8c64d99c9118180e4f274d89e7db504a7826789d25,1021,76,945
NR-Aromatase,MCF7,2,4042,4042,9cf2762acb7f08db90acb1dbd66a616318305c1fdf4792927b4341acae9e0679,1021,76,945
NR-Aromatase,MCF7,3,5042,5042,9073f74684385e86fde36a1bce44df370f15ea6f3cb16ada4748970b991daca7,1021,76,945
NR-Aromatase,MCF7,4,6042,6042,f0b7a16edbb7fb554088a8d2480f6f389f1e59ccb55a8ac0c664d5b338a64b91,1021,76,945
NR-Aromatase,MCF7,5,7042,7042,63cf002c27b832242fb8dfbfd6dd127b5a74b96ef8e604f8c48758927d9e3cf8,1021,76,945
NR-Aromatase,MCF7,6,8042,8042,c86c4c4c9742ee2af6ab469a4c7eceefe6584da179d460145ba503dd5e168d8b,1021,76,945
NR-Aromatase,MCF7,7,9042,9042,a5db50e167d78cfc872969bc7db4d959b849dae28112103b53c88e6ff4a476aa,1021,76,945
NR-Aromatase,MCF7,8,10042,10042,e9d30024fea36754352ff26a5f75a2403f1c681fa129fa49c27ae5026845ae3a,1021,76,945
NR-Aromatase,MCF7,9,11042,11042,9a93fe4adacee3c10d042c0a415131b3695caa1f6c5b3b2464c620fbc3b8ffb8,1021,76,945
NR-Aromatase,MCF7,10,12042,12042,f13f93d1006c581370216241601e4ec00779c669bfbbdc08e841a9265edc7cad,1021,76,945
NR-Aromatase,MCF7,11,13042,13042,1555a8d26ba34574bcaca7edc0b54dd22d46e545762e5c7110dd32fcee34a161,1021,76,945
NR-Aromatase,MCF7,12,14042,14042,7bb46befec9eb4386f6864b107195bddbece263c9b27d1cfa75fab5dd3453c8b,1021,76,945
NR-Aromatase,MCF7,13,15042,15042,26d45093eb3fecfbfd56e994eaaedde7fd2a02d683e8febe6f9aa34626458669,1021,76,945
NR-Aromatase,MCF7,14,16042,16042,630a911f6f749e3f34a3e57376a9c29addda28272c5df961b7a4c673f02290fa,1021,76,945
NR-Aromatase,MCF7,15,17042,17042,d4319e704bc9c0d8e385a0709d776d5e4001e66404bbac21c8d0ef57ee7ab8a3,1021,76,945
NR-Aromatase,MCF7,16,18042,18042,28f1478e8ce06d7d8ef8d9ea352a1fb6826ca18919fb46f8bbcd948f979b17ce,1021,76,945
NR-Aromatase,MCF7,17,19042,19042,12b8678bdac7c19b6bd85c3ffa79609001375e30e959b5cea6ba1821e3b6407d,1021,76,945
NR-Aromatase,MCF7,18,20042,20042,38a25c91e5cc42969f91c10bef72a3f4afb7a5211681a2bf17637e79763cf262,1021,76,945
NR-Aromatase,MCF7,19,21042,21042,5d5216fe17b8ec834b33a2da1ee17bbdbc7d1b035b9fc3906b437a51a3585491,1021,76,945
NR-ER,MCF7,0,2042,2042,cc6152383a8b2a3c2ad5b1b9407b0ffe7c69d130374e46f79e90290aef625802,1067,155,912
NR-ER,MCF7,1,3042,3042,9fb37a792454401ebf82ff42f4268aa5d1b4129b60c3b7439ecbe08d2421ad46,1067,155,912
NR-ER,MCF7,2,4042,4042,2369cba3df5f52a2399d8dcf4b293934248341fbedbd5f6706d6437833cd0251,1067,155,912
NR-ER,MCF7,3,5042,5042,0ac9af9fb22cb645127c4ab064ba5ad25abdbb6603cda95377ad77ad895aaee8,1067,155,912
NR-ER,MCF7,4,6042,6042,766af376efe701a3cb4dda93b5f937359c73153040a1fd5d8b24407296378981,1067,155,912
NR-ER,MCF7,5,7042,7042,9979cac0966863b4170efd66582bbe36f645e7cc55b073ea1210426dba927240,1067,155,912
NR-ER,MCF7,6,8042,8042,9c2800561df0b138493963ffc776844da4391de332ae9619670fb9a3a57c4a55,1067,155,912
NR-ER,MCF7,7,9042,9042,d1c7c8c70ab2a65b9fcbd272ac32832f6b0a88ba84b4244e2a434b024444c653,1067,155,912
NR-ER,MCF7,8,10042,10042,429dedecb4c3683ea4dab6597bcce05a765ef5cf35c6493a56862344cfb32682,1067,155,912
NR-ER,MCF7,9,11042,11042,d8d460ab9784097a8482db8f857ceeec124f5d4e0040dd7d1076bef7029510c2,1067,155,912
NR-ER,MCF7,10,12042,12042,cd0ad5d5b5363ff6f07fe32e4c813e8be534f1b1f2290e0b78a584703447e080,1067,155,912
NR-ER,MCF7,11,13042,13042,281ecd4afe4d002939f5f1e934dba88c4a783fb2acc8bb68b58a72900f758103,1067,155,912
NR-ER,MCF7,12,14042,14042,bb2402739995a16d3e3b7f42720ee366ef81007e7c601dc493cf9925d7dfc383,1067,155,912
NR-ER,MCF7,13,15042,15042,04b4e29cf72ee39b3005539617c721032cbfb0550a0c24bfc421464cffd212ab,1067,155,912
NR-ER,MCF7,14,16042,16042,ab5b676ff3257ead5dfce8514ece02cefa57b2a8e90a8e62ef71be1498f8a5ba,1067,155,912
NR-ER,MCF7,15,17042,17042,660c5f241d78cd68f584537f068e68b152217a977f0a4f7616847f33191813cc,1067,155,912
NR-ER,MCF7,16,18042,18042,77c2c6792322da3026ef9cdc3b0e15298960c8c32f7f17a36e05315831218ff8,1067,155,912
NR-ER,MCF7,17,19042,19042,b9d20b42fdde6a4ee2e97bf31f8171a1b5277720992556ca78acf8df5d873f49,1067,155,912
NR-ER,MCF7,18,20042,20042,536ae0cf2d542998a641273f9bf63ee2e97a2ef43c8d3f94162622e7454ece1f,1067,155,912
NR-ER,MCF7,19,21042,21042,44b0bb77be81e407e8acefeb082d08cecac9a435e093f97dd27e22584ba51b6e,1067,155,912
NR-ER-LBD,MCF7,0,2042,2042,5df76de899e70012c1b69fe20a98ede333f9361bef92ff894ee40c354e6b0385,1194,61,1133
NR-ER-LBD,MCF7,1,3042,3042,90455f1a2b1df67c48db5404573d1d99fe5a2a73ea0cdfd3f82ba45b8c3523da,1194,61,1133
NR-ER-LBD,MCF7,2,4042,4042,91f26a2c2aa19d41c2836433b8b8e4c54cd6dc1a936889d738ba8fa4afef5ec6,1194,61,1133
NR-ER-LBD,MCF7,3,5042,5042,c4b7654bacc4c57aec695ce646fd098e8649b4ec623b82570b3a851ae6730fb7,1194,61,1133
NR-ER-LBD,MCF7,4,6042,6042,6fb3b031e531a5d35652f0319125658d10b6558c534ffa92d17b3ffdfcf2ab69,1194,61,1133
NR-ER-LBD,MCF7,5,7042,7042,b08f307bc1a9aef4db49be72388e80eccd29a125bb1d6824bac85cc582ae4ded,1194,61,1133
NR-ER-LBD,MCF7,6,8042,8042,9770449ffd0e961df90ce6391e1f1afd3e21281a68a4622b047cf815ee9b005c,1194,61,1133
NR-ER-LBD,MCF7,7,9042,9042,f4ae51844a6fa95bbf237f9909092e1b2710596b48df4e27ba35ba24a68234f6,1194,61,1133
NR-ER-LBD,MCF7,8,10042,10042,93d0f2a1f7d0353d3c5f6c9dc7afe9dd8713d9ee7c0bad381ad9fe2d80d4a08c,1194,61,1133
NR-ER-LBD,MCF7,9,11042,11043,7bf4dee2c60a3b749a2659bd70533eba0a0dc1fc84d66c28fc0bd11da0c0ea6d,1194,61,1133
NR-ER-LBD,MCF7,10,12042,12042,aa2530e3fa58f83791a987290edd755ec7d4e258bdf2b313f6da118ad8722111,1194,61,1133
NR-ER-LBD,MCF7,11,13042,13042,b0cb3262dd8e00205aac2fb40cdb64a6c0334400a4ba51a7d66a9fb6012626f4,1194,61,1133
NR-ER-LBD,MCF7,12,14042,14042,e726972209211aecaec9bcce471e287d40a99e758c4524fab139b16b925bb6f4,1194,61,1133
NR-ER-LBD,MCF7,13,15042,15042,97aa27544f5075756b1d483f7e7617ebd299de4d5db86d447e171e5f00f994ae,1194,61,1133
NR-ER-LBD,MCF7,14,16042,16042,ca550058b0529e2023cf022a63a8f45022c152f901af3b2040d7b56622356481,1194,61,1133
NR-ER-LBD,MCF7,15,17042,17042,d744bde7d00836747e294569feb00862954ad2ab6f36841f73c40289dc4c2af0,1194,61,1133
NR-ER-LBD,MCF7,16,18042,18042,aba4dc131dc7950e6ec321613f241ca69d1d52e4e552e824fc61f8990192a529,1194,61,1133
NR-ER-LBD,MCF7,17,19042,19042,f199c4839c1da3c4a9f739ff76e72da7bce0fec82d83c2eae1cba3a2a1425a69,1194,61,1133
NR-ER-LBD,MCF7,18,20042,20042,f9ea83a4e7d9d57d3c84cff2739750e029073bc79b2b9ae34cd59cf343cbc6f3,1194,61,1133
NR-ER-LBD,MCF7,19,21042,21042,fbac750029e8bb94ab15f5a0eb17cdd036f7b48e053358cca4e97060b0be66fa,1194,61,1133
NR-PPAR-gamma,MCF7,0,2042,2042,a9b4f89eeaef1fd79af73203238d061e4ca512c489754b24522211fe2a0e3d2d,1073,34,1039
NR-PPAR-gamma,MCF7,1,3042,3042,9a6e28f960f129536934b7a092e22cf9bdb3994b78fb5ea72445709680c0133b,1073,34,1039
NR-PPAR-gamma,MCF7,2,4042,4042,443b53a03e435de4ef47ab63923c3be8a5ced1dbc679109190f9fb34f4d952db,1073,34,1039
NR-PPAR-gamma,MCF7,3,5042,5045,a54a7d4db7cd25cde11d4a73120ad73d1ab6abf40844d5c3634394ec15f28338,1073,34,1039
NR-PPAR-gamma,MCF7,4,6042,6042,e2824eb3be5b4c35959b704167be9e7acf8a4a58098ce3f5471c358f83b3dc73,1073,34,1039
NR-PPAR-gamma,MCF7,5,7042,7043,da0e8028c8f63b80bb26dafe5e656cdacaac988aa9bcbc592a1df039b93f00ce,1073,34,1039
NR-PPAR-gamma,MCF7,6,8042,8043,5c5d20e589078db3f0675f55cabecd221114434876c73a4050ef27a492820726,1073,34,1039
NR-PPAR-gamma,MCF7,7,9042,9043,8790bb1546d300bbb2ddd1a469c9e34af49ad3800879004e3a7d005c516df876,1073,34,1039
NR-PPAR-gamma,MCF7,8,10042,10048,d4d474e307e0d06f6e0256fc0c046bf40b2f8387825721b791213ba9350205a2,1073,34,1039
NR-PPAR-gamma,MCF7,9,11042,11042,98c61ecc6e88ccc9617e68216f6076140a2397891b5ba0aa170b25a48d1042a1,1073,34,1039
NR-PPAR-gamma,MCF7,10,12042,12042,aef2b63473521dc12b06d2df4da6a99f2812b0ccedf59fe3d942d6473b07a0ee,1073,34,1039
NR-PPAR-gamma,MCF7,11,13042,13042,e90ca50bf78a70dac947c4866a8c66c6915174ab801847098d60fbdecdc092ad,1073,34,1039
NR-PPAR-gamma,MCF7,12,14042,14043,38901041f7617f2a7d12f669b3148fe069e2ca09b1c18c095e6f18b2964e570a,1073,34,1039
NR-PPAR-gamma,MCF7,13,15042,15042,a6d327e7b55af811402a71a81884e9ea3f5c993633f846e6df4114918d26ba46,1073,34,1039
NR-PPAR-gamma,MCF7,14,16042,16042,032dfc5517480b75c1db081d155555f885d53c8336f524fe4577205b4e354db3,1073,34,1039
NR-PPAR-gamma,MCF7,15,17042,17042,723e1f74e90de592f1034b2d2fa596cdff6260a777ba3da694745493151cbe1b,1073,34,1039
NR-PPAR-gamma,MCF7,16,18042,18042,05a689c8eb0bc3051e8df24dfd2b05a8430f980cb49db1a5f15ce77a98a09cdc,1073,34,1039
NR-PPAR-gamma,MCF7,17,19042,19042,1f1a69ac664cbe215179a1b7b913006d8d9a8cea28e8985f5321b3db59bbe04a,1073,34,1039
NR-PPAR-gamma,MCF7,18,20042,20043,c3f93fedc45ac2af5a1aa17b905f979269d6843373cb54b1ad48ed981ada2e43,1073,34,1039
NR-PPAR-gamma,MCF7,19,21042,21042,20405ae087b6a0891d6ee2a6906cd6da84e81dcf353a17368e28cd817c2445f4,1073,34,1039
SR-ARE,MCF7,0,2042,2042,42e7bea40d0e2b87e1d4a1e0f85be8b321a6261a09566be74ec56c98a417f346,923,160,763
SR-ARE,MCF7,1,3042,3042,bf6088316092cdc4b4bad13a44d2c41f7862e80d7186fa828ba3fbcf89a08431,923,160,763
SR-ARE,MCF7,2,4042,4042,a12377f93a652fb7ace5f163e17dad89e1c79e934d330983b84a3c43e630dbd9,923,160,763
SR-ARE,MCF7,3,5042,5042,f905ee62956b8d3d07efefa3c6d457e9d9773e87976afd2bbc63289a15c816a7,923,160,763
SR-ARE,MCF7,4,6042,6042,1fb458380e9ca05f43d3b0ae58118a60ed3449ccb1401e40f3a65b05a6e3ca47,923,160,763
SR-ARE,MCF7,5,7042,7042,34d7153753414d5b5e88f3bdcfbf0a06792b6f4fb00588586f2a8717fa8bd555,923,160,763
SR-ARE,MCF7,6,8042,8042,bad8f82a1f8612e28e46bc917eb00e47051b2c46e7b163012d8d73671dbe55a7,923,160,763
SR-ARE,MCF7,7,9042,9042,5dcce30be37e135f3eec0ee8dba926e5ae7db8ecd541bd82a938b0e85c83ffb5,923,160,763
SR-ARE,MCF7,8,10042,10042,b08c4120a08612024571ed12e772d446a7a1c2770cd518f5f0ca70c3fcb919c7,923,160,763
SR-ARE,MCF7,9,11042,11042,4ef0ff3d21b6c3a0ddb8b4f8a04863bd47e4b97f521dd494d38dd5f6389c8e5a,923,160,763
SR-ARE,MCF7,10,12042,12042,ca3c8c8146d8753f2573fc6f8962df35e16b5869b04508fc97633053c2c059d5,923,160,763
SR-ARE,MCF7,11,13042,13042,639bc153b85e367858dbeae99504d10408acdc69a55f95adcebca92917f28a81,923,160,763
SR-ARE,MCF7,12,14042,14042,4293645148ebf0289e0b66cc9ea446373958f8d57187e43ba262c493e1fec483,923,160,763
SR-ARE,MCF7,13,15042,15042,78da0d73bea9cc171ae16703508f44f14d59487a1b22232387a61532acf60079,923,160,763
SR-ARE,MCF7,14,16042,16042,d8f7bcba606772f858b6238bfad67676f40f3ef43e5e2526ffe3b4e33bdb52fb,923,160,763
SR-ARE,MCF7,15,17042,17042,ffbe9ee3b455f4e2dc3f7cdf2712c16b39363cbfe74706bc140f307849f46721,923,160,763
SR-ARE,MCF7,16,18042,18042,8b3e87b88b7bff4a1504ba44d6108292faa6f13c64aad18838e4cf807cb0b22c,923,160,763
SR-ARE,MCF7,17,19042,19042,bea59a6d971d812ec0f19bc3cdd150d18c35e7c675690e4d70845a1ec8b95983,923,160,763
SR-ARE,MCF7,18,20042,20042,fe6bcca9258293489cffeb3b50c792c6eb4f0a6ca7e5dd8a73937662d1398535,923,160,763
SR-ARE,MCF7,19,21042,21042,aad4337e1703f066371b4e32b7dcd0e7788e227432584e32186d5bdd0a7ab4d7,923,160,763
SR-ATAD5,MCF7,0,2042,2042,1f21a7bb1552c977fd7a816133f187ee811a931cd8ac7d88c871b0d491c6cedd,1196,57,1139
SR-ATAD5,MCF7,1,3042,3042,d33981f16a1eb14150586ee78b43d080173d3aad58f712bc1a0b4b9c60a058fc,1196,57,1139
SR-ATAD5,MCF7,2,4042,4042,6b27f80f8841b04d30baefd8d773bd7a20f3a6a17adf22421f1f4067a02f242c,1196,57,1139
SR-ATAD5,MCF7,3,5042,5042,234c655638e80d3a926ef98d32fc44469f35bc0a37530659f19bdda83cbc829c,1196,57,1139
SR-ATAD5,MCF7,4,6042,6042,292d4d36374fe4e90ced72524b69ede06025f6ed361f1daff9c778cf80313409,1196,57,1139
SR-ATAD5,MCF7,5,7042,7042,0a95248bbfb5a89f65fe3618c576c7d3adf91e4efe609bfc15ded6bc914c1f21,1196,57,1139
SR-ATAD5,MCF7,6,8042,8042,908c1a90b09f685aadb88fb684671c41c1e477e18aa264deb4169873211afcaf,1196,57,1139
SR-ATAD5,MCF7,7,9042,9042,8a59f8f6cb611a0f6ddf2e773161a914f499d6ffc41a31104297843ae0ea9135,1196,57,1139
SR-ATAD5,MCF7,8,10042,10042,fe942134296914057261ad2ae4a13519f740c96b1774a481a8478f4cf564ef9a,1196,57,1139
SR-ATAD5,MCF7,9,11042,11042,f3aa08c55af063b2444f532abef66414d029b1a48e40f22caf4c0255151428f0,1196,57,1139
SR-ATAD5,MCF7,10,12042,12042,10711e820f3372cb4753681c5e168fcff60f3cc6fb7d3abacf7bde81a5ea069b,1196,57,1139
SR-ATAD5,MCF7,11,13042,13042,51df739337123eac612320ae1b94c6b5e1d9b32f037645c3505ba65817471797,1196,57,1139
SR-ATAD5,MCF7,12,14042,14042,73ca4771e7e2ec8ede77abbe47bc66c3346a6defce4bdee6d63c97eac49528d8,1196,57,1139
SR-ATAD5,MCF7,13,15042,15042,1101dff1f93f46cd539d1e2588c0a62d80de66250e6197235bd4f3174122a0d4,1196,57,1139
SR-ATAD5,MCF7,14,16042,16042,8509b3ec968f2e102c4d0af58c0974760bc8a2f90d9dd9edb2fb6b19d74f4f5e,1196,57,1139
SR-ATAD5,MCF7,15,17042,17042,3b623fa2b213101b4f412eb3b0d88ccecfe66d605d532d0843b416cb9ab30e4a,1196,57,1139
SR-ATAD5,MCF7,16,18042,18042,7310d367b658eff71338242f90cf1d21dea0c680ad07b6f21ec621ddc7c71834,1196,57,1139
SR-ATAD5,MCF7,17,19042,19042,e75c646eb339097452d9679ad341f15153df3085527f98ebfe68b21e5232ea3d,1196,57,1139
SR-ATAD5,MCF7,18,20042,20042,f4bc665c3d77a1b777d2e8840f7d612ebedfd243e2f59cdc68287014f8c17d70,1196,57,1139
SR-ATAD5,MCF7,19,21042,21042,4c6c98d4bd400574507dbfad6aef37541b8f8dbdab379be7b4ffbfb4dd48de58,1196,57,1139
SR-HSE,MCF7,0,2042,2042,85b236e756e3cb4e75eca1ec7dd61b079dcd21821c4f2c6809d478109e22bcb6,1077,64,1013
SR-HSE,MCF7,1,3042,3042,42b9babb8c2a47d0da4329f655c9b52f3e0f2d11af105021a67e8695e3e198a1,1077,64,1013
SR-HSE,MCF7,2,4042,4042,c82de15c204d1f9a5d7951ef6ef2e2c26ccbaab3e045e85cd2de97af27183af1,1077,64,1013
SR-HSE,MCF7,3,5042,5042,d6d806fb9745ef9196146a5a3bd55fde5890f90b5ecf62f646e17de8789f1afc,1077,64,1013
SR-HSE,MCF7,4,6042,6042,732165e77a02d9010c272e025e2c90225b13be36757de5fe92cc2d9e98e72327,1077,64,1013
SR-HSE,MCF7,5,7042,7042,b02d17eb6652d1cdf07ead8ca668c40873e2e3fcaf3862f24a537b76403d1e72,1077,64,1013
SR-HSE,MCF7,6,8042,8042,a20058972e6fce49f32fd77636639277648cba27714e9aa9922045a7c441b2d4,1077,64,1013
SR-HSE,MCF7,7,9042,9042,76e944c0a002b3e41ef6a01e63a52dfbafa2be55ec3d022b4770c113b767ac39,1077,64,1013
SR-HSE,MCF7,8,10042,10042,735c96002b01e14604fe64c54a7ee6a4ffc2baf4fe72bd9f3035f0c78929a71d,1077,64,1013
SR-HSE,MCF7,9,11042,11043,8695f85abaa9e29629bbf43d749a8a38e8588ee9bf278b5d78b036a1f5fd9856,1077,64,1013
SR-HSE,MCF7,10,12042,12042,db21a2d190e32d01d2ed5f4d338edfbeef8ccc49ee7a9e7a7c081b9a0dd80ef6,1077,64,1013
SR-HSE,MCF7,11,13042,13042,f41a6182dbbf4ef2ef29bb6dce9faf59d7c61c9126eaa02a3610d2126e250d70,1077,64,1013
SR-HSE,MCF7,12,14042,14042,257ab881ddc371e28c6bf7e879553999f694fbb3529012ae72a833e74faf80bc,1077,64,1013
SR-HSE,MCF7,13,15042,15042,f011dae8117d78041dff77941977c45bcfa9e194c59b83dd395efba574e42770,1077,64,1013
SR-HSE,MCF7,14,16042,16042,923b0a4fc8fe50234907d71ae50505f1c7c54bd926f077ea9312b025f728838b,1077,64,1013
SR-HSE,MCF7,15,17042,17042,3c005488769c6f213843effdf8e7f28058ab8bd579ce32823cd52b9e3238c9c2,1077,64,1013
SR-HSE,MCF7,16,18042,18042,a4df6b37ff0dc7be47437a0e19763d07d794e6120586725f572272464dc38f5e,1077,64,1013
SR-HSE,MCF7,17,19042,19042,1fcebeb51a1d30fac41b5988ea34af3401c9c80340e4d9ec8a03b8b688ca4dda,1077,64,1013
SR-HSE,MCF7,18,20042,20042,3f423b973eb821fcfcc819528e36dc4991f88aa158c6708605e3fc31e2cefb7c,1077,64,1013
SR-HSE,MCF7,19,21042,21042,04aaad8c5a21cbb0d59cde2cc359fe3da704289fdca9729523da7754e8b24eac,1077,64,1013
SR-MMP,MCF7,0,2042,2042,feaa2d1f55b3b1435ad4567aff29647acd24263321426107fb76a3d94935f1b5,958,143,815
SR-MMP,MCF7,1,3042,3042,6d20038ba122d3eb2111fbcb4fb8f5d915f1c9e75cba1aab70f5592d22536b70,958,143,815
SR-MMP,MCF7,2,4042,4042,72adfb04ee04005965b4f5581491ea807e1530555d5fd59ff1f8ab77d01c23fd,958,143,815
SR-MMP,MCF7,3,5042,5042,b484657e3b70c78dd4d2fe802860e18a259f70bedc32f64b67c32726bc38ad67,958,143,815
SR-MMP,MCF7,4,6042,6042,8ac03b13e9ab4dc4942e60c35227daf7b29ce33f97d79b9b99595a53fdc740b1,958,143,815
SR-MMP,MCF7,5,7042,7042,e04fd48a94fb403d1bab74bb73d9f0e370ba4ec0c3ff40ff2ef3bfa7cdb7c33f,958,143,815
SR-MMP,MCF7,6,8042,8042,85c96b1929f6bd506bc232b122649a6753e25af4990aaba8f1cba0e137d22f38,958,143,815
SR-MMP,MCF7,7,9042,9042,11f6aa6956b638e8f5f41543e7c0817a68b84988ef117b609cd125d6dc081680,958,143,815
SR-MMP,MCF7,8,10042,10042,645aadd6b0c66a8bde4c9f335b79605f2bcf32825159d9c0a668c8cecde60945,958,143,815
SR-MMP,MCF7,9,11042,11042,227792614d2ce48a158b8c651f7381b2fa4359ff3580468df71eceb5fa1afe6f,958,143,815
SR-MMP,MCF7,10,12042,12042,2e6b29f22c2aa7a8c142b6a7bbeda5faecaa3f81c9c8617a1d0d9a0cc7f0fa8b,958,143,815
SR-MMP,MCF7,11,13042,13042,16016e3d0774ca14b167aafd9b58f0b477050402d31eba8d5567fca1146648c9,958,143,815
SR-MMP,MCF7,12,14042,14042,d2464c3b12074f6ed9221e4a4b2467f929b2c62e2996861b8bbb15a0b85ae3f9,958,143,815
SR-MMP,MCF7,13,15042,15042,5547974bae8aea31f8f5e2c897c3b5b20d67fd330daa48be28b88b8c65a17f83,958,143,815
SR-MMP,MCF7,14,16042,16042,646485e9184cf6eab05743b8e26ccd4f1f21733af208bbca3e89daec48377c31,958,143,815
SR-MMP,MCF7,15,17042,17042,65bd7663d63072147c83195c280b0585d1dd07f0c4b0c44ace56ea05b08888cc,958,143,815
SR-MMP,MCF7,16,18042,18042,ab498dd07564989f0d84cdb5df1d4c5c9b61412bd7d947769b40e19eca03e9a4,958,143,815
SR-MMP,MCF7,17,19042,19042,2b495d30057bc9b9070d0131f0e45499c3c21a25b8b715f8bc53d9d20bb537c6,958,143,815
SR-MMP,MCF7,18,20042,20042,3e76770770f51a5de1221c64524f6676ed881d00a9a743649f00482bbdfdb511,958,143,815
SR-MMP,MCF7,19,21042,21042,75ca9ee4ce219a18428219d83e53020a874a7c51f350baaddcc4de517fa83640,958,143,815
SR-p53,MCF7,0,2042,2042,4d08796e14c51e62cfeedddd5baf07c9097c0277f611ad4b2648dbb1d0e972c6,1158,100,1058
SR-p53,MCF7,1,3042,3042,1b5cfac0a4ee404a95073d7e1fb77a97bb05099f33cb1e560efaab46db1ac1f8,1158,100,1058
SR-p53,MCF7,2,4042,4042,51e7d8225d33497c5aae5960bad61c8254feecfe322619fe31a9749ff0b2d292,1158,100,1058
SR-p53,MCF7,3,5042,5042,5e1c01a90e59cd8a3fe6b5e2e3c3f1b2b26e201be21bf458962117099260a047,1158,100,1058
SR-p53,MCF7,4,6042,6042,4eca14bdb8649047a9503912d9ed1949857dae2b02f7ad3f9691242111ce0e08,1158,100,1058
SR-p53,MCF7,5,7042,7042,a99ac755f3466280a8be633acf3a2d29fd2fe87c709ede20a78ac5516775bcb2,1158,100,1058
SR-p53,MCF7,6,8042,8042,33430150a1d6515d54d4413e3d55d36ee3398d8f2e598e4832d2247f6fed386f,1158,100,1058
SR-p53,MCF7,7,9042,9042,8b09e83fa69ffaf3f23f6112fcc0c20d6d679f101f199f1f5272885664c40a8c,1158,100,1058
SR-p53,MCF7,8,10042,10042,92ff93707d7e7aea5b2893dae4c589e53ed6c1d83553dca5bd3b00c49667f914,1158,100,1058
SR-p53,MCF7,9,11042,11042,f0f850af66ac6a8e91b49fbb88cb76fd1bcabb3dcbd89ca2dc22bcb7bdffbac5,1158,100,1058
SR-p53,MCF7,10,12042,12042,13d2bd5de6e3f3f77245b164cc85a13daa34d57a14b1eac54f06012dd11a0bf3,1158,100,1058
SR-p53,MCF7,11,13042,13042,69da7c0feb8d9f6b52d894c771f786c3929c79ab57bf8d568c63328af9743104,1158,100,1058
SR-p53,MCF7,12,14042,14042,620372e10e431996aa58e40f563e4fb7ffd448d733a234f4fe120b922605e8af,1158,100,1058
SR-p53,MCF7,13,15042,15042,18883a11d0a53c1cb802dd0d205eb9776bf25dbcd81162b6bfe5c43794b1f788,1158,100,1058
SR-p53,MCF7,14,16042,16042,880f56e28d27b4a2868d388f6fd585b504fefeeb63eb9fc3782f7161e92ae009,1158,100,1058
SR-p53,MCF7,15,17042,17042,87e29cf7dc4965bf5ea376cc47358916e971cdd60fe792bb75e8505750c4d611,1158,100,1058
SR-p53,MCF7,16,18042,18042,96544b66fc357e190133eb071b452dbadcf14c2340a4d0640c9f12afb57ee3ef,1158,100,1058
SR-p53,MCF7,17,19042,19042,1218ff6e7e83e1c1139dfd0d2257467528c83dbc3d21cb6613e67ff8d8f01c4c,1158,100,1058
SR-p53,MCF7,18,20042,20042,5a2f3786c30679e7bfcc005400224fac2aff67ae5b38fdda4ba75409bdcb54e8,1158,100,1058
SR-p53,MCF7,19,21042,21042,951d011bb2b4bffcdf6cd1c7dbd7856304b0a131eda825b8e8b72c3ccf7f55ea,1158,100,1058
