ik,NR-AR_chem_logit,NR-AR-LBD_chem_logit,NR-AhR_chem_logit,NR-Aromatase_chem_logit,NR-ER_chem_logit,NR-ER-LBD_chem_logit,NR-PPAR-gamma_chem_logit,SR-ARE_chem_logit,SR-ATAD5_chem_logit,SR-HSE_chem_logit,SR-MMP_chem_logit,SR-p53_chem_logit
AADCDMQTJNYOSS,-1.3485016249158677,-2.243129744624039,-0.6908072303011829,-1.3581991302877887,-1.3485696675988623,-1.8362514024580419,-2.676800771275145,-0.042202208466750865,-1.9225436035437815,-0.5969931175651069,-1.3180565173831769,-0.5575931244116851
AAKJLRGGTJKAMG,-1.2305778626688832,-2.190224341897496,0.7043004731456588,-0.7023992761608449,-0.7181094550992803,-2.071941920077545,-2.3821867783989847,0.08036671570568679,-0.43445102295056104,-0.5751499934245745,-0.7930907336290225,-0.32717047432447866
AAOVKJBEBIDNHE,-0.9174313480423387,-2.241029916287908,-0.5246634678858167,-0.9768455711292428,-0.9573648825592229,-2.2248526010729472,-2.737232732338209,0.4015251497990148,-1.4851488572120937,-0.6059467916816693,-0.2576306857690258,0.12837670458693987
AAQOQKQBGPPFNS,-1.4839829909892495,-2.3482172159749974,-0.886469260680213,-1.1855190322134037,-1.1328888694755093,-2.5953521329261693,-2.1466679201770384,-0.2671411979075602,-1.7628014707102684,-0.551678039519469,-0.8833160453224171,-1.1628555609470237
ABJKWBDEJIDSJZ,-1.541438449837493,-2.211506223071261,0.22864445156568716,-0.5090230287697703,-0.7935765751851429,-2.4528703019444285,-1.291162217185499,0.4744976329862544,-1.7053103472798405,-0.39310165428858534,1.2609200333494954,-0.42656867918324576
ACSIXWWBWUQEHA,-1.4203180309078605,-2.3763938423734623,-2.7268976428519704,-1.42474695124407,-1.1908083997557268,-2.4287576072319585,-2.4634245534784047,-0.8943002050885437,-1.9725241899458634,-0.7302765871790082,-3.133683631420523,-1.6554288107033837
ACTRVOBWPAIOHC,-1.1369314923445875,-2.265402184289502,-3.320882355028058,-1.7534801020228037,-1.6288600807082347,-2.625124110141332,-2.480595964612007,-0.841623283442628,-1.8839161991323852,-0.20464843398055102,-2.5810366578145314,-1.3849533350415466
ACWBQPMHZXGDFX,-1.2264076417725014,-2.2357354077032725,-1.3651701949389279,-1.046622433859197,-1.0988466930856338,-2.345138401712704,-2.607006839299912,-0.2882810831790724,-2.1619609488214633,-0.656841268543024,-0.9578853313862639,-0.7302706536689111
ADEBPBSSDYVVLD,-0.9247262784898801,-1.9451732518701688,-0.7036735838034798,-1.3092873810008032,-0.9392437063600723,-2.1636618668318035,-3.4546001178307195,0.07035703558699917,-1.6610383074500361,-0.5465538397283842,-1.0178697988892067,-0.6861739401896769
AELCINSCMGFISI,-0.8918801532409655,-2.13439056651589,0.00658380790878623,-1.3948702388284098,-0.05706406622522209,-2.4981141270006844,-2.8561349164731267,-0.7028081999432853,-1.6040466812947998,-0.5091160328344508,-0.777485975669112,-0.9262698195439972
AEMFNILZOJDQLW,1.4405578333052595,1.4624494808656798,-2.347794080907809,-1.1841845588928135,1.2737435167499194,1.5358209117593877,-2.8536258426886234,-0.05771680000186783,-2.5436775588359355,-0.6615790171644849,-1.8100470153850643,-1.285161479243039
AEOCXXJPGCBFJA,-1.3331296868001545,-2.4014083874554553,0.01227812720959795,-0.660702629082836,-1.4110053349538443,-2.543656195637061,-2.5019464189793057,-0.27451640076641354,-1.3732628755811445,-0.3264023335249735,-1.3054719598950326,-0.5862735478984044
AEUTYOVWOVBAKS,-1.535301214779519,-2.423117471059156,-2.9461699168848963,-1.4357931353254365,-1.6232235159929898,-2.8433257067730624,-3.064153304877759,-1.7269340328740233,-2.0017432832959012,-0.783863293613969,-2.9916845300021597,-1.333910307093156
AFCGFAGUEYAMAO,-1.5167392615664403,-2.4589833914717465,-3.8635047180919173,-1.8688727288566354,-0.37961726882126684,-2.4144572619043374,-3.4701625775391887,-1.7875209533958483,-2.314154426992541,-1.0030927558358778,-3.5588671347767504,-1.607035368355692
AFJYYKSVHJGXSN,-0.3889969705689815,-0.7483180639923218,-2.6943636295022952,-0.30447619120205893,-0.5978839980038583,-0.6989076241047047,-1.0832150252826498,0.13323212374635687,0.39940287496102567,-0.5383157998408099,0.5617324138550281,0.38118204447124915
AFNXATANNDIXLG,-1.6587104669813724,-2.3551012469632324,1.3898004865383613,1.319707434902356,-0.623114327251447,-2.3546225146530464,-2.3834535257535703,1.0971280479047398,-1.709966631066499,-0.42498269381870585,0.6914889326096705,-0.812744743043036
AFSOIHMEOKEZJF,-1.3207488550310569,-2.0065933342791924,-0.5262507076551486,-0.8985632380788605,-0.5003232383517913,-2.0133139518380476,-2.3969584429994204,0.26728150875722073,-1.8756770431997192,0.44384010868129803,-0.6146303860844532,-0.6576546343503459
AGHANLSBXUWXTB,-1.1088180222580164,-2.0874791667444192,-0.5669031731572024,-0.7420214518812828,-0.7857555701118972,-0.09863636664023198,-0.40449709031273606,0.5149490574039965,-1.3079736533091764,-0.5186320624119216,-0.7678654798991799,-0.5816504296176821
AGMMTXLNIQSRCG,-1.0755535003952055,-2.106405563219645,-0.6880375507326858,-1.7336735517795212,-1.565600157334279,-2.587624496633533,-2.921017554333953,-0.20090269267723834,-1.3716995974200503,-0.6643740086957067,-1.3333086706387474,-0.32884211872331115
AGOYDEPGAOXOCK,-0.17100377509359352,-1.18845884079819,-2.974376386921369,-1.3862559637145244,-0.7542219859146628,-2.04104109458173,-2.578017763111637,-0.4345910678519675,-0.3269269885439831,-0.6012323184399013,-0.05849473064042675,0.04077943659302324
AHLBNYSZXLDEJQ,-1.248890495881498,-2.2917750503124807,-3.4537784040111763,-1.1410759607834975,-1.5487337632949874,-1.7100312372302513,-2.0123728466336566,-0.6179435078912089,-1.535379177894877,-0.5371423415310933,-0.3031773616727363,-0.6967666961410157
AHOUBRCZNHFOSL,-1.320040453872226,-2.118204532675329,-0.3010525062405275,-0.9880623149169742,-1.19932250497345,-2.14684881884872,-2.8951281192581564,0.1454918511499982,-0.3277561877550148,-0.48252648471309856,-0.669579318736615,-0.5798613768701876
AJLFOPYRIVGYMJ,-0.3201032070554462,-0.46993902211082744,-3.1904048551563036,-0.5008716956030048,-0.2056831313478103,-0.7182058965030818,-1.7406357907300511,-0.3764159210351152,-1.2772257416972095,-0.5809351973117826,-0.48571826571271437,-0.7615731689960493
AKJHMTWEGVYYSE,-1.1616340317738656,-2.275026707452232,-0.05636755801355459,-1.0381034041326918,-0.4607303935401881,-0.9682304136503084,-3.2830430489439917,0.703009050020075,0.5371446555390573,0.5975632526128006,1.0420726956358364,-0.12583220702898273
AKNNEGZIBPJZJG,-1.4223790675031076,-2.2612141152786807,-0.25217294729948037,-0.8168539019519476,-1.4123169383690717,-1.782037017264288,-1.9778702437300626,-0.03936769298616392,-1.4340562060527198,-0.5063589171464267,-0.6498218892170369,-0.3952249347234034
ALLWOAVDORUJLA,-1.0647122253540355,-2.107479439648652,-0.03297219213938339,-0.7993102555223257,-1.096359002004391,-1.4299355965767382,-1.8828616686174717,-0.4541515610890377,-2.1602179429126935,-0.7270839579610966,-1.2626606726849494,-0.8452401680626698
ALWKGYPQUAPLQC,-1.3886036570565132,-2.212656429100482,0.16090009994856763,-1.1841562047318455,-0.6104612580014694,-2.265156072857981,-2.217486930167257,-0.6129638718826449,-1.0523877130750316,-0.5583501693733423,-1.0907582910190727,-0.9172946831052792
AMDBBAQNWSUWGN,-1.0427885162098527,-2.27118298093696,-1.4838860677793972,-1.5874150589212057,-1.1020405356605176,-1.5660931782970209,-3.2557270497952127,-0.5223110072361363,-0.4668085883413859,-0.7137337889625361,-1.9926445616774018,-0.5110074299579799
ANGKOCUUWGHLCE,-0.6432107899593252,-1.4355073201308395,-1.856814385138718,-1.4331647408388752,-0.7111941134060845,-2.19217571150866,-2.335986892830828,-0.7158841263712301,-2.200119137638932,-0.6185802685965192,-1.4801255505880357,-0.9919037133186142
ANMLJLFWUCQGKZ,-1.278019888710855,-2.0887527116676368,0.43100596832553245,-0.5102360103777693,-0.15801575890935704,-1.6030121457622606,-2.0360908689118844,-0.33809978711147176,-1.0405575975462344,-0.532702798789281,-0.4114820676850035,-0.8649066011629569
ANTSCNMPPGJYLG,-1.0969854384118674,-2.2234437774942992,0.3706543284612165,-1.1992512640830564,-0.4006904791978331,-2.4368129432852976,-2.965777351796529,0.4044767992731712,-1.5292719817019227,-0.5715661124859911,-0.24758829485153913,-0.40683483558959926
ANZXOIAKUNOVQU,-1.394465780915128,-2.292833745069636,-1.3935993546539314,-1.2315010358528113,-1.130495831148465,-2.531858234096989,-2.3782898367621836,-0.848445296764972,-1.2619909124696134,-0.6121148191585157,-1.548512618749253,-0.6649241071743466
AOCCBINRVIKJHY,-1.3191416131659346,-2.232313188088012,-2.1807667955590215,-1.3112180446873802,-1.8188891284403463,-2.14950510845181,-2.9363943742995193,-1.1169495460704306,-1.9682220720099424,-0.7055323886271245,-1.824287413815551,-0.9835295550968051
AOXRBFRFYPMWLR,1.226329196125865,1.6614524608954648,-2.160866426457236,-1.140891501090313,1.4328487252368567,1.7035979914156316,-2.8671956351918513,0.4738331065077631,-2.3168890271763196,-0.1155804884310733,0.5173938407769204,-1.1795850445633425
APGDTXUMTIZLCJ,1.9977406271049982,2.151203854994686,-3.1557137652533878,-1.4054577749726114,0.12666069146401596,0.01009309591714249,-3.618093157770626,-0.7580531791878036,-1.725005306595549,-0.6857058921763561,-1.9601003115018691,-0.9531120128704195
APKFDSVGJQXUKY,-0.6933732970780211,-1.9243145384081024,-3.8476551467267153,-1.218706945155465,-0.7332677478454809,-1.6480605751753936,-2.104582032367583,-0.5070305727015199,-0.2676378979581897,-0.6664138918820325,-0.09984276479652754,-0.3594055539510781
AQCHWTWZEMGIFD,-1.1308409524946519,-2.2585745740313405,0.27192029011249697,-1.552996002732873,-1.3680023843123426,-2.712250483027783,-3.318124252801403,0.12837454548746935,-1.291462761749877,-0.6107019563222107,-0.6700970916372248,-0.4798652694288553
AQHHHDLHHXJYJD,-1.557096943387971,-2.145713051877208,0.14212364243277328,-0.6320821810008368,-0.7433043015815258,-2.1465376090207555,-1.1259883268828057,-0.7758793272032041,-1.1092328570267944,-0.5504233374843828,-0.5606809001903599,-0.28714406669216813
AQIXAKUUQRKLND,-1.5875689981874297,-2.235011830592963,-1.7195494720009423,-0.748800139418965,-1.5738132734833479,-2.729911473216736,-3.315926156193887,-0.8013201201110857,-1.949548051156007,-0.7194603393519354,-1.9991349617675516,-1.3953313340101832
AQNDDEOPVVGCPG,-1.27338922101215,-2.396964556249583,-1.5890648229521802,-1.411686156521331,-1.2200717714930587,-2.170626165518339,-2.6128786525801706,-1.1078331603570797,-1.410465182392339,-0.6614653874998604,-1.9771921250001017,-1.004057716867786
ARFHIAQFJWUCFH,-1.1675424816691506,-2.1171530677727293,-1.2294173049315409,-0.9971236088744276,-0.3857385152016801,-0.029522399675138457,-1.3804156660890436,0.11230972872235256,-0.22138539569026228,-0.6180658718226262,-0.9257906528454478,-0.550481172854369
ARSRBNBHOADGJU,-1.4782216723425436,-1.646780608583219,0.7930148557763224,-0.9656167965293907,1.0143660987236078,-1.1361655217565438,-1.2582800384428259,0.7271182101257737,-0.805621737706769,0.5141672982211003,2.829815671151146,0.6740319321595052
ASUTZQLVASHGKV,-0.1441519343986257,-2.208897793678079,-1.4661132950490612,-1.348682425467872,-1.3340695389298074,-1.8403545463897397,-3.004075944855495,-0.07610329282509258,-1.4491991045230355,-0.54656105962144,-1.8778418179724976,-0.5889862977383081
ASWVTGNCAZCNNR,-1.482028926328949,-2.3913991417630363,-0.1338046890709118,-1.4589344783473472,-1.6099390041575286,-2.9838882086659564,-2.9656794598502514,-0.48241571397215344,-2.013560267707375,-0.7157425979330383,-1.6461260604519827,-1.2754382403259032
ATCGGEJZONJOCL,-1.3788644548767794,-2.2290717008622574,1.5630130538624032,-0.35810611634012324,-0.2998196534702724,-1.7303691909882561,-1.6620487113538318,0.3014962830698098,-0.8367782218244865,-0.595303261803901,-1.1401569880021238,-0.7784462544326279
AUNGANRZJHBGPY,-0.9039774917324668,-1.9351434932922207,-1.3511476796435957,-1.1725204221650334,-0.9159195905026029,-2.006896323122921,-1.7408541488493703,-0.9515062543749248,-1.042739216225558,-0.7595888539692978,-2.0699241515598987,-0.6666623958779562
AUVVAXYIELKVAI,-0.928224626018886,-1.99732815183593,-0.9296505648945201,-1.1649226211678863,-0.9228665090111104,-2.6651411871948314,-3.752143678267326,0.18508389840931566,-2.140700519472339,-0.5107271474257902,-0.5428240768474927,-0.42480814561876723
AUYYCJSJGJYCDS,-1.073966987229255,-1.9968687226219863,-0.47117968247549635,-0.9774891159246236,-0.15535960311304456,-1.4390714587401805,-1.7138433874610872,1.1016565888453116,-1.1877926454743495,-0.50865692129548,0.6770139457005333,-0.5520556737595478
AUZONCFQVSMFAP,-1.040993554637863,-1.9879866215808764,-1.4580019653701455,-1.0820473256215193,-1.3774441179107293,-2.7492717524117585,-2.7995806505082332,0.18417882123950588,-0.05241391056757715,0.3157082609732186,-0.4494755525546372,-0.2787024504926326
AVKUERGKIZMTKX,-1.182107890924291,-2.31737363349742,-2.4156185994717254,-1.6306196867131098,-1.061724330074177,-2.494745360046906,-2.609565913011811,-0.7846654529659272,-1.9792434421199279,-0.771340017291687,-2.1809666365018217,-0.7721324138616009
AVOLMBLBETYQHX,-1.2477800801120669,-1.9183191197970018,-0.6379424930283464,-0.8228020623860498,-1.1739017177211342,0.07140717385632353,-1.217010758284513,0.3801189140128288,-0.8934048813690681,-0.4940987040057033,-0.609934537680949,-0.6966631585637031
AXKPFOAXAHJUAG,-1.064859458526398,-1.9432478301634326,-2.5512347761703684,-1.3337304660506117,-0.8758559337972609,-2.246956055563111,-2.855649144012934,-0.41255105353181026,-1.89999891647277,-0.6833325636180052,-2.421577787961544,-1.0921892819968897
AXRCEOKUDYDWLF,-0.5986788208145968,-1.1369901739118033,0.23690429612947148,-1.1041498786672017,-0.9131267363679474,-2.172774703478285,-3.198121790068544,0.5947628355675559,-1.1445837050682786,-0.49866146260386335,-0.37854103943730727,0.4178334754004323
AYIRNRDRBQJXIF,-1.0868333530397802,-2.0798415219105193,-2.4966604853352394,-1.5181064094467616,-1.3133796448973654,-2.604172431918777,-2.937047139984285,-0.10319634449639449,-0.792343813434415,-0.5461474922403826,-1.1414157924856314,-0.7142537578049228
AZFBLLCNOQPJGJ,-0.5419101539923359,-1.8892532484417202,-1.548773524580274,-0.5179301393077054,-0.622378853852106,-1.1321390792265806,-1.196998712867426,0.12003984133064381,-0.1756545285437825,-0.6137880948862019,0.5842512709761456,0.32976740310057007
AZSNMRSAGSSBNP,-0.24733403666773593,-0.05333801166003809,-2.7454358500204723,-0.4615577265380665,-0.6098349778206207,-0.7976767541368583,-1.029612032809783,-0.02724334702052486,0.36727315351257084,-0.5476633388009363,0.6984643735652366,0.48074586144832215
BAFKRPOFIYPKBQ,-1.1690281458345428,-2.0126561020617344,0.6004928184488125,-0.3274249159429924,-0.2916923531472314,-1.5416728548415821,-2.2904823136280545,1.0974834568128145,-0.5229043508679928,-0.4404193245061876,1.2391431929397554,-0.18308048431417379
BAMTVATUENLIOP,0.09546983039645647,-1.2426606554105422,-1.868444177716449,-0.7762042298471141,-0.7102608699709961,-1.7090395573993216,-3.004737824379078,-0.39443645835863117,-0.9110832429810405,-0.7636766417367076,-1.0359531405433475,-0.6042230739394009
BAQCROVBDNBEEB,-1.0460093205226666,-2.2808067447826255,-1.7271391529088096,-1.6045809670154023,-0.8594617504084836,-1.7787674485977296,-3.1362755302057828,-0.25891604336193047,-0.5048193957970989,-0.6002700957868954,-1.4914953079011255,-0.18522731376301432
BAWFJGJZGIEFAR,-1.0214377375305712,-2.1517563689485204,-0.5908216402995388,-1.1295528756904036,-0.3568476439270021,-2.310053709483102,-2.3544184966638415,-0.4358847118881319,0.05274220745209987,-0.6964020804232456,-1.9548712101721715,-0.7627770861979544
BBFQZRXNYIEMAW,-1.3560096166972695,-1.6136372911099865,0.49003200037081324,-0.9053261147550917,-1.221655372857094,-0.7070931873152897,-0.8163869498924712,0.47414030725537737,-0.7975963376140172,-0.48736617320313846,0.04567307543033092,-0.3667645636557277
BBMULGJBVDDDNI,-0.6031983273744518,-1.9776302885534351,-2.047734907609134,-0.9045876326154303,-0.7025226227399458,-1.1924867567295507,-1.2019044556745913,-0.2436668250084616,-0.7483522282249353,-0.6291081958298299,0.4238610244064098,-0.25393062680056155
BCEHBSKCWLPMDN,-1.2863641618532056,-2.3238108555801293,-0.358526480226879,0.7990683364459662,-0.9272343374840685,-2.2656629997692272,-1.9429935202121957,-0.340916097131543,-1.7077434927397022,-0.6955511888567937,-0.319746883272752,-0.8416940222616864
BCFGMOOMADDAQU,-1.0505230205290008,-1.8084910455591623,-0.042645958262526845,-1.132078809149006,-0.6059428146231596,-1.2920138207870075,-1.8910223666825097,0.8326170044204778,-0.38390067100867215,-0.48484892494646015,0.5823564184675142,-0.28413472235649373
BCGWQEUPMDMJNV,-1.1870870291090898,-2.2590061590867894,0.31858610103427387,-0.8928989583996337,-1.3379658251880675,-2.68466011420818,-3.4333438785730994,-0.14833382213308655,-1.6295905409795721,-0.4631770377158566,-0.5266513357042659,-0.6940944340965765
BDNFQGRSKSQXRI,-1.3669001001380607,-2.2437153927990208,-0.7814949362350956,-1.2071260946748166,-0.9696972062888226,-1.9316745135851228,-3.200489210011846,-0.008479526782847186,-1.7662374491217987,-0.4744131711361667,-0.3003202094723556,-0.7997799381698981
BDYYDXJSHYEDGB,-1.3620605187820911,-2.2596803961633345,0.17982766490539528,-1.1208758488304573,-0.4881947381994661,-1.8329112115838193,-1.6841248553725896,0.6263305928629884,0.17919321205623098,-0.366109915548445,0.03248677734036152,0.10148897702875714
BEZZFPOZAYTVHN,-0.739689622010784,-1.920425070970153,1.835790002606878,-0.9511670493335393,-0.480926733564751,-2.405759567575166,-2.3794951818191707,0.8180826047888494,-0.49091478611647943,-0.444625542350628,-0.7119933161684131,-0.28177531733566297
BFCDFTHTSVTWOG,-1.4142414489640194,-2.312577747602312,-1.5349542581947717,-0.6826502709213784,-1.2373042956485332,-2.8252957647705634,-2.737375343005642,0.16820618200202278,-1.7480074011955828,-0.3543334269308552,-0.2124813695807335,-0.5469304332532674
BFPSDSIWYFKGBC,-1.3391835553203957,-2.2018011306821905,0.2775469591638884,-0.3143334707015168,0.6516482514309957,-0.8355091442581655,-1.7025386326854668,1.2352864326567614,-0.7458413065305051,-0.2329658750935313,2.8572744572123243,-0.05704745735296295
BFPYWIDHMRZLRN,1.022411609869231,-0.4311520422143002,-0.33697049556452335,-1.2147686262588122,1.418710430337903,2.0071248282007432,-2.4931557279329066,0.4537215589814646,-1.1654831785901805,-0.44416376376799904,0.5564735166069691,-0.4037254239747315
BFUJHVVEMMWLHC,-1.4645610626379426,-2.3099427474202434,-0.2043645767204343,-1.2876141267869659,-1.1598496388731987,-1.7453096683908642,-2.778833924621836,-0.23946375472954495,-1.3358191612369568,-0.6496980698248457,-1.307622916543025,-0.8542404221124295
BFYIZQONLCFLEV,1.435611918655025,1.0669680134895805,-1.8041433928655866,-1.218527813145013,0.9950057427347652,0.4726887913275777,-2.5687427721124734,0.5528158057987708,-2.073166052749864,-0.5358120873896686,-1.1338254040751652,-0.6624607332969349
BGDKAVGWHJFAGW,-1.3855020941981873,-2.400785771409856,-0.6740365721562595,-0.4796638968231014,-1.2961148774000786,-2.7879795255060307,-3.3016378776665607,-1.11951393956824,-1.6848000616837007,-0.6893439735127362,-1.386749027441262,-1.0548599268281766
BGNXCDMCOKJUMV,-1.4588245883215565,-2.3795115009346275,0.2223569999852278,-1.062642223481741,0.1992971635021782,-0.43075895471322145,-2.1875864603688266,-0.19010788689128366,-1.2857757753947385,-0.3303628919363059,0.029702191684442696,-0.6821798051297765
BGRJTUBHPOOWDU,-1.3274866056848027,-2.3623834139479514,-2.170472145984849,-1.7034176931222644,-1.6524568479747328,-2.8375887806883497,-3.2094335921403854,-0.910508968038128,-1.6408097264174648,-0.7167344950189423,-2.27062880326382,-0.9892266181260443
BGSOJVFOEQLVMH,1.7277499306958248,2.072624645458507,-3.1473347547172574,-1.1957557427820533,1.090178184454772,-0.808279815906787,-2.9574343041387676,-0.8095886936947658,-2.3688393096783273,-0.6543174977676971,-2.0798473595087463,-1.0670386209141796
BGSZAXLLHYERSY,0.43532586418654046,-0.6982008130810288,-3.3284862591474362,-1.350583690252203,0.11054963139035152,-0.5162143469066768,-2.8552379066833002,-0.3745454929703531,-1.9188956075063597,-0.6287957726479475,-0.6723333183641259,-1.194736319746011
BGYJFSXPRMOZJK,-1.1638219224632076,-2.232190098755611,-0.03359880636070256,-0.17156998623762318,-0.7307118431318125,-1.459390402236719,-1.7714495393429035,-0.06329717752873727,-0.5318361035765155,-0.5359764980121134,0.5791248582572609,-0.7380393967360156
BHKPHCKISVSDGV,-1.3916075084521133,-2.0391294723365756,1.350480209873784,-0.5248533501073445,0.36338280856843586,-1.8118665141105583,-1.735883327329221,-0.17921355706307385,-0.19325995086896658,-0.17522774434004218,-0.021777041301371817,-0.320145156120414
BHQCQFFYRZLCQQ,1.1137610533026698,-0.27520298507273183,-3.7141303810020805,-1.5439347338528528,0.7016400026264249,-0.8704989052089299,-2.860349197131217,-0.7315949504454675,-2.455135755145627,-0.7552611453180207,-1.5816183299595914,-1.2821171588649367
BIDNLKIUORFRQP,-1.180238901286238,-2.216706228850847,-2.3916170427450125,-1.0062840094975511,-0.5864969657057563,-1.365888119531053,-3.1448476960617175,-0.6827711554952948,-1.9443209800711945,-0.6456297903797313,-0.3658120203837844,-1.0452036176450852
BIIVYFLTOXDAOV,-0.5965117913318687,-1.3127140992849229,-0.46795030200576293,-0.9104205929450915,-0.6072289967522885,-1.442128991378675,-1.029733863438885,0.5817603815332768,-0.4725063171550915,-0.5191343993273995,-0.27090342352349567,0.09321953952596054
BJFIDCADFRDPIO,-1.1202494138275343,-2.1949479149836257,-3.489721331738476,-1.830432287118519,0.059795220730805856,-0.07350918837753725,-1.742309978431452,-0.7126897024204745,-1.032579476337328,-0.8104830415088145,-2.316118711636725,-0.6934533802344586
BJRNKVDFDLYUGJ,-1.2357367417680105,-1.848315275399133,-1.5793600404583867,-1.305221401525897,-0.753070138834865,-2.1526432861090123,-3.2660736282062723,-0.9799670580603159,-1.2603891152334739,-0.5246089746248869,-1.252968213490936,-0.8472408788173262
BKRGVLQUQGGVSM,-1.0515398894642927,-2.1906238462037817,-0.09616947505599402,-0.8085328521798032,-1.1121759332404004,-1.7127621882451418,-2.678216207595255,-0.09279932661051142,-1.954467052119855,-0.6209136634031732,-1.6414439002593224,-0.46719820893338904
BKYKPTRYDKTTJY,-1.2832629301835632,-2.3056249230522865,-1.7199503016609718,-1.6659728742093176,-1.7304202888421591,-2.528142520169997,-2.659202807226404,-0.35630307371079517,-2.103691648450427,-0.6357979919515997,-1.4408387428205087,-0.8218792148278352
BLCLNMBMMGCOAS,-1.171521300791357,-2.1680206973699305,-2.777193879044197,-1.7424514251039849,-1.1929038699655938,-1.8697037966997565,-2.2345979210500135,-0.6915641447386619,-1.2736363767474614,-0.831871532376314,-1.737416844460565,-0.7550903650669756
BLFLLBZGZJTVJG,-1.5071826164668107,-2.442887582768743,0.6937406803475192,-0.6128219329686448,-0.5966920405402415,-1.2810373904990122,-2.7345691823662124,-1.1292294876458335,-1.5851226959858102,-0.5500705413909956,-1.0665306803270975,-1.1756340907236584
BLGXFZZNTVWLAY,-0.48608572150889273,-1.7964510742135507,-1.1241065182857157,-1.1387161737996108,-1.1885301002403725,-1.8395061416899536,-2.808779276897586,-0.21687075320541357,-1.9683475962965462,-0.5790687344075952,-1.0453569029729657,-0.6216043119281047
BLJRIMJGRPQVNF,-1.3433539508179109,-2.3061042340287634,-1.911356819445115,-1.3053866203833833,-1.4217237167269308,-2.772053449118241,-2.3492512301041444,-1.1850495090023923,-0.8008013314125006,-0.5812280013342569,-2.4295693879290607,-0.8498432983553642
BLSQLHNBWJLIBQ,-1.4868133207104406,-2.3255583417662478,0.1622698053078244,0.7137365658595178,-0.7884098721135799,-2.1845015578746163,-2.4373408628820745,0.22871908686553502,-1.310013619343917,-0.5720240556950027,-0.9306299781842697,-0.581163761015469
BLUAFEHZUWYNDE,0.08641808394830273,-1.1953599957288406,-2.32338699593035,-1.1680542854464973,-0.7614589820735183,-1.3825433406297538,-1.3343728220034397,-0.33062752544819474,-1.6818401092580468,-0.5067946312933789,-0.4751169104697696,0.0036157313550350544
BLXXJMDCKKHMKV,-1.2602097264742813,-1.9969813440892723,0.04121211798424265,-0.9254132401051252,0.24651540813787925,-1.4908484068897863,-1.643448560405335,0.19387556874920966,-0.8244919163615503,0.2941252685445693,1.0202986195397385,0.3455795714736507
BMKDZUISNHGIBY,-0.9616901899783348,-2.3596887214169886,-4.0813475615987675,-1.870035409361253,-1.6373654387882657,-2.5338541294983954,-2.723757810686749,-1.9617323845523624,-2.022623479210923,-1.114600162629315,-4.323309396831738,-0.8838816076891465
BMUKKTUHUDJSNZ,-1.3649379568232265,-2.3738209851929186,-0.9302558541724076,-0.8711162297830951,-0.30358598028005207,-2.0701837803640624,-2.921264045049563,-0.26105065921867293,-1.150274052063327,-0.6052212426186057,-0.8407483252915793,-1.0031456335296007
BNQDCRGUHNALGH,-1.2201951212011233,-2.2596580611520283,0.11195709430615812,-1.5194811326045463,-1.3518442247733864,-2.2526023426781374,-2.2866250501387477,-0.7567668144327705,-0.9707158467258856,-0.6237981156008031,-2.2835006868198304,-0.7544040513983993
BNRNXUUZRGQAQC,-0.913037730045515,-2.0384125808570297,-1.4793187220101676,-1.44607611839121,-1.5294403804806156,-2.3181044119181524,-2.0060314726350468,-0.35172353720849736,-1.798202618147161,-0.719671916892179,-1.5364269353451823,-0.8128558763830513
BOBLHFUVNSFZPJ,1.5530854858477758,1.8737018762131827,-1.5421610461012276,-0.8347868135888454,-0.12290195721893785,-1.3487271411396498,-3.200867365381914,-0.06238796525919439,-1.5010231615102554,-0.6449867422829071,-0.12926462348326578,-0.6309854584922683
BOEGTKLJZSQCCD,-1.247976752796543,-2.312608613929995,-2.574894720211343,-1.6257958768217218,-0.9496636203995291,-2.1788834553500043,-2.7446008878966364,-0.24647920767816323,-1.7705075943084159,-0.6826896524258954,-1.6873772843932402,-0.6201922846182916
BOVGTQGAOIONJV,-1.4219914140089032,-2.394777880647244,-2.132711594212065,-1.6874141762473884,-1.7408789086835896,-3.1232772822848123,-3.888911288534449,-0.9090217880994074,-2.5945600946255296,-0.7562368563184779,-2.43223375552495,-1.2648536060192446
BPEGJWRSRHCHSN,-1.384256120098523,-2.344194877508809,-1.180340316081174,-0.9725242133043932,-1.8666034873793493,-2.408792483246328,-2.224557466267961,-1.6451367740208216,-1.6634824914884117,-1.0042252592037122,-3.4005942568692378,-1.368701961609936
BPFYOAJNDMUVBL,-1.0255048156193982,-1.5787052362305556,-0.9778838390229441,-0.6931503209813107,-1.2327780968730133,-1.7150384928975302,-0.5778622383574156,-0.10818895073377598,-1.3636640428252083,-0.6828752324664807,-1.316893301241964,-0.2512955763646722
BPICBUSOMSTKRF,-1.5646672063426694,-2.406279371045181,0.5652009471590382,-1.1955165599563822,-0.6469064215677158,-2.7448050400776394,-2.426600705306755,-0.1612688444116922,-1.5640966246904555,-0.5426260058614472,0.024132513888019163,-1.0699872945088869
BPLBGHOLXOTWMN,-1.2015625523788498,-2.349964493097007,-2.342158765601397,-1.5776486393758433,0.027095055690423465,-2.1473510375835794,-2.7835166936350286,-0.7535599845563018,-1.6432185351162774,-0.7861930505391765,-2.613403976131908,-0.8120257697619971
BPZSYCZIITTYBL,-1.2700929409243789,-2.2885862470951124,-0.5224727748606666,-1.2668151638910203,-0.8653553427847743,-2.2070162282837913,-1.887110978593909,0.11478628051852459,-1.1479993511348046,-0.5775223090945145,-0.5534624474051241,-0.6771332164605108
BQJODPIMMWWMFC,-1.2681488918899817,-2.3711775584418295,-0.9579869928776152,-1.0740745310772257,-1.301109367206964,-2.057591308849601,-2.306691816874145,-0.9285004944763144,-1.3583314160695388,-0.6450657223088517,-1.3842234466161116,-0.925062098623546
BQSJTQLCZDPROO,-1.1134073470852577,-2.13238624046728,-0.3097224613044174,-0.5312240220206583,-0.5434100030686275,-1.7586004483840536,0.0602438922186526,0.0012236239052671074,-0.17843431514854816,-0.5928402370122651,-0.5593276845025861,-0.4418713047669011
BRBKOPJOKNSWSG,-1.4046729074435376,-2.4072651786479184,-1.1427523524531324,-1.5525372679213523,-1.5298804106645527,-2.951544751972111,-3.4047464594432104,-0.7627746316211237,-1.8701672377131164,-0.6644041090286589,-1.9986988616465355,-1.191707623664079
BRZANEXCSZCZCI,-1.0945239837991596,-2.371422301977299,-0.44140032089766446,-1.0587083715254655,-1.2164737363950722,-2.795391065682593,-3.3674334371532963,-0.4415683299025055,-1.609923294176212,-0.7305715003541235,-1.794746521762642,-0.9505404273757639
BSYNRYMUTXBXSQ,-1.389081184445183,-2.3568907030520294,-1.0573864302489064,-1.1908870618460032,-1.1114796329521932,-1.726192063330024,-1.856463062443018,-1.256772425052681,-1.778703517118669,-0.6789772707056457,-1.5097276308318415,-1.1643234180628201
BTFHLQRNAMSNLC,-1.490655842038058,-2.369638931849818,0.30204543151780194,-1.118318843480543,-1.4433898800264289,-1.9359398405714134,-2.26923311685703,-0.09474814666735401,-1.5014359556848877,-0.47861940477124254,-0.9339076533105537,-0.7442660836386252
BTFMCMVEUCGQDX,-1.0423916764123238,-2.0983933151492122,-0.8366270108007997,-1.1381823006972531,-1.0313313011298748,-2.6715759902437535,-3.1792146158756855,0.049284179392288394,-1.7431961186392833,-0.4733354214149154,-0.9771109333938681,-0.26050428282239657
BTNNPSLJPBRMLZ,-1.179224599025445,-2.133805669608294,-0.5955720530428159,-1.0636127927617587,-1.075443859924087,-2.1737994189992134,-2.138227807486242,-0.4051134282334045,-0.7865049491717597,-0.5927099286056329,-1.6733913718912339,-0.7392018538762803
BUGYDGFZZOZRHP,-1.2031583540903974,-2.433779382020943,-2.1850461673007997,-1.2255558692227142,-0.6154694349516681,-2.200482130522584,-3.212268851834988,-1.283426526349614,-1.9788259451483958,-0.5854426722392349,-1.7957995448203075,-1.3616945974376375
BUJAGSGYPOAWEI,-1.4628412685327086,-2.4520375637805025,-0.10317496665176612,-1.3340866312338153,-0.6564890631199857,-2.276694096386198,-2.693909437557292,-1.331609661482707,-2.0131655184804234,-0.7594495074928743,-1.358850315383044,-1.1614750456812428
BUXRLJCGHZZYNE,-1.3904321882321558,-2.4206035157034576,-0.17242794272778356,-0.8231899917030304,-1.264873392392702,-2.3404491166272052,-2.3509167140888487,-1.2154428205514756,-1.8155438919406455,-0.7227260810098639,-1.1243032554140562,-1.012627764582339
BVMYCHKQPGEOSI,-1.1236667884704592,-2.4094216269926694,-1.8678185525854547,-1.5712892367737994,-1.1311189091326694,-2.3096693582006025,-3.028437808657251,-0.7231168799797394,-1.0614293337614624,-0.6430470628857414,-2.081180653280222,-0.8303290406783652
BVPWJMCABCPUQY,-1.2043471508287886,-2.152629538564423,-0.09092602209994526,-1.6037532242039487,-1.2143163260919276,-1.9214529253362314,-3.168310153852414,0.09798703180325179,-1.5312556277284213,-0.5729269512881631,-0.8756122011782015,-0.6466203160682346
BWPIARFWQZKAIA,-1.161596689478882,-2.2326196793155666,0.489922497190076,-0.7484054539124456,-0.43785370262437645,-1.6496667903664468,-2.622808997198613,0.23005677348976453,-1.5599808725515765,0.23256776995996942,1.096753765299353,-0.06712404872661201
BWWVAEOLVKTZFQ,-1.2572894628732203,-2.368555958596913,-2.4504866449665403,-1.402089448736836,-1.323138602399865,-2.4345849930180594,-2.6153293451727673,-0.8822194213004163,-2.2266297006328077,-0.7462422761967532,-2.5557675678534024,-1.1113397107093956
BXZVVICBKDXVGW,-1.245824769979919,-2.3191685553105135,-0.7194286279720189,-1.394522043707478,-0.9681154156695218,-2.428950905977766,-3.005373087467278,-1.2837588990949047,-0.635113284461513,-0.8807062683538776,-2.592605283412072,-0.6444957776487651
BYBLEWFAAKGYCD,-1.6526575236781724,-2.317111655490584,0.59814585550467,1.127456105001384,-0.5995270650754128,-1.748024204644564,-2.159081254722119,1.2141057880085093,-1.6292053055373865,-0.3594140294145022,1.0080848485798366,-0.4568509155126158
BYJAVTDNIXVSPW,-1.4952134156245662,-2.308103457108806,-0.9016133470477435,-1.1911646486335692,-0.4281750461801065,-2.515077389957737,-2.9733287460949436,-0.9770019282356828,-2.0521782624423373,-0.5461165322262534,-1.5296771929296031,-1.1073401085934103
BYPFEZZEUUWMEJ,-1.172928823587598,-1.941220834499037,-2.126461700134618,-0.9989808131187793,-1.5223795073402273,-2.374902928483779,-2.6733407290856945,-1.2347363992006024,-1.5021329218529007,-0.7239139980249728,-1.981378062326479,-1.1069627921515135
BZEWSEKUUPWQDQ,-1.0661091701680692,-2.194966568372937,-1.2384710860423431,-1.446193522367727,-0.8647532225622361,-2.544533059265169,-2.8896475409540017,0.04315974601447993,-0.8036537253367237,0.4639559926092085,-1.1595548677243168,-0.6434745595139387
BZKPWHYZMXOIDC,-1.0790442339775725,-2.3912789563758357,-1.7753775465128314,-1.7476078772478272,-1.857723230812265,-2.6348066720059977,-2.8509889334057164,-1.3786190148468953,-1.8710395837063265,-0.7194030619584211,-3.017327610742636,-1.274667500579721
BZMKNPGKXJAIDV,-0.8353874715051768,-2.2036844099053505,-0.29636553112997494,-1.039690430070673,-0.7900404571027067,-1.6654095952432633,-0.17945176168969068,0.572025297512584,-0.39269884302521146,-0.3918077437196306,0.43417742100076323,-0.4064188010806014
CAJIGINSTLKQMM,-1.3413436129153862,-2.3366743792014266,0.2278779519359314,-0.6272386050027137,-1.1575706351729713,-1.6837218365601456,-2.0382896306730456,-0.7315987467267605,-0.8930371551688226,-0.5305993761486287,-1.4436282680155883,-0.8780543193004133
CAMYKONBWHRPDD,-1.3537661651509663,-2.396003721557197,-0.8455652565243706,-0.9700324824388931,-0.36846690609223065,0.22714992178685908,-2.6878926534579346,-0.6396081535135484,-1.6816841553012336,-0.5250963933303578,-1.0894821850636953,-1.0532156343530445
CBEQULMOCCWAQT,-1.3400811978335494,-2.153825892506523,-0.13764265736216377,-0.5411069694828429,-0.6505152162522354,-1.99893087320067,-2.63214094086496,0.2992641060349855,-0.14056914228506723,0.5196343179907909,-0.46029194180939415,0.18755616942493533
CBPJQFCAFFNICX,-1.2665146435371228,-2.2747357142758773,-0.7146187247534999,-0.7744104124759436,-0.6010697908562482,-1.299766749859105,-2.264039633929567,-0.3020673321246141,-2.0581194043222317,-0.5610741324150148,-0.41671196164150864,-0.757135255387577
CBQGYUDMJHNJBX,-1.4202203038050363,-2.3376034727072104,-1.1030954442613814,-0.9278475290732722,-0.6631378630058724,-2.8121820540060263,-3.0374068024627703,-0.42294846673781455,-1.4614349561640854,-0.3356000251590667,-0.9724933962369388,-0.6588130534273331
CBVCZFGXHXORBI,-1.0272929412551075,-2.309381396905873,-1.915470583039704,-1.1256580826124059,-0.8838473707480606,-2.1898549660871307,-3.0587377496691226,-0.5157254165447971,-2.0334690009955945,-0.7346496341884574,-1.1393389104255112,-0.8545417177651627
CDOZDBSBBXSXLB,-1.2083525518705107,-2.3008749293611213,0.5343424666186246,-0.30371076213447606,-0.9589942969162983,-2.675900553636448,-2.839473451504111,0.2561176443282085,-1.4891680832575112,-0.38451025844214276,-0.4238479835286402,-0.6612645930477146
CEBYCSRFKCEUSW,-1.013227526529399,-1.8290817521735379,-1.1100974491847535,-1.139584302057751,-0.9888208084683119,-2.1263865679274847,-1.9631844322373238,0.20319529020966537,-1.4613217835027694,-0.5448107548014365,0.4050080731225424,-0.3724962784587685
CEMAWMOMDPGJMB,-1.5581166108763695,-2.3974045847614778,-0.7917505079745326,-1.2249715968749202,-1.2495567806439776,-2.211463274201547,-2.44384975227805,-1.1002453975968598,-1.4329416806541053,-0.6081104554406551,-1.9654313255115001,-0.9955994890282346
CEUORZQYGODEFX,-1.2473237052532893,-2.243008121101978,-0.42285372494964873,-1.0731889238998715,-0.7065873680786984,-1.8246235845096281,-2.607167226888025,0.4415842195677777,-1.3299830245562358,0.5032857356404011,0.11915285950029242,-0.5258859349106438
CFJMRBQWBDQYMK,-1.1613939231605512,-2.1989489241547187,-1.930445946377969,-1.0496953322062885,-1.107459436889247,-2.408425410588392,-2.5517280438133927,-0.5184010746840093,-1.7868755000177095,-0.5578984585958935,-1.8096978526102412,-1.0768129170331224
CFOYWRHIYXMDOT,-1.1989483157857603,-2.344827013023704,-1.289387521115807,-0.8494305731949596,-1.5312624061413769,-2.5304921713960264,-3.051832172258912,-1.124818690487768,-2.2878374906793426,-0.6495408263705462,-2.1540783752776944,-1.1734879289961473
CGIGDMFJXJATDK,-1.0357922427866977,-1.8066529669719344,0.9011280307218983,-0.30046195529262787,-0.5345066971192509,0.2680052979169967,-2.232057665828693,0.4427441883041786,-1.77073052656753,-0.5726417171030781,-0.08059657844760265,-0.4297644953064046
CJAVTWRYCDNHSM,-1.2994128484699707,-2.229905449924025,-0.871336375367942,-0.715190300750115,-0.5030009276533743,-1.3076569160151335,-1.5575173414517942,-0.309205382715372,-1.600639819549906,-0.5337046443558121,-0.9568038188078211,-0.9322049341702148
CJCSPKMFHVPWAR,-1.3489901874949615,-2.332528194792854,-1.2236864260547826,-1.5334275924347243,-1.3060825946233101,-1.8427640778938825,-1.826869930240922,-0.7397762012991834,-1.9210648732606994,-0.6560584585343321,-1.6075437568564854,-1.0214301693555556
CJGYSWNGNKCJSB,-1.025442059428117,-2.0855421030339625,-0.6395823276866702,-0.6769442622398263,-0.7775387757379769,-1.9309366437437494,-1.9937890974747317,-0.6886783953751894,-0.04603742890373304,-0.733321354271105,-1.6525414703733192,-0.7647775684971905
CJOFXWAVKWHTFT,-1.2648268177325208,-2.4108714491745658,-0.6636191614189882,-0.7124707432895871,-1.1329509817095968,-2.044283740464703,-2.48529083550046,-0.15021174762317002,-0.7563340268064634,-0.5825260819721794,-0.9599490099886431,-0.7535317932639298
CJXAEXPPLWQRFR,-1.161022278225758,-2.0498170185304034,0.7916109682326495,-0.22699377939023524,-0.9390056177670572,-1.9725475626396614,-2.662328718151489,0.31833152330255515,-1.1347567236079446,-0.5042322890711021,-0.5682387566132552,-0.7221297930092295
CLKOFPXJLQSYAH,-1.1595165013245623,-2.2169385945706956,-3.526497210959719,-1.7795519933246653,-1.0090752417866995,-1.5449510187660123,-2.1114576767206055,-0.7338742992669489,-0.8441057861025945,-0.8858258433160937,-2.1429049774892186,-0.7885854908986774
CLPFFLWZZBQMAO,-1.3875103013583048,-2.3189551242894377,-0.16002011305686453,0.1608115859447889,-0.8895857550458288,-2.312845138435566,-2.565790592995229,-0.30747806771779895,-1.6974770994825135,-0.5571253382935462,-0.7943571976231567,-0.6902554840147026
CMHHMUWAYWTMGS,-1.2725786179983212,-2.2937982427939443,-0.2263579646498702,-0.5701771078183195,-1.1437652838744472,-1.8601348823408128,-2.4132116475217718,-0.4769313436419258,-0.8127699241782927,-0.49097379660644835,-1.3647187055001826,-0.841783788993831
CMSMOCZEIVJLDB,-1.4509816934726083,-2.289856360277202,-2.180138314786699,-1.4602784547085197,-1.763638775876434,-2.7298937418565212,-2.5050634145679944,-0.6198933116034262,-1.3054131367293262,0.3559555162809751,-2.4444938138194714,-0.7890046821842638
CMWTZPSULFXXJA,-1.3118892832787747,-2.1851313674972106,-0.193166672579464,-0.7466549464718722,-0.42475980436746885,-1.3778764132769787,-1.0571411883968163,-0.3568601327425217,-1.0392810025894559,-0.5549099226944068,0.05330292197062489,-0.47942507034384135
CNBGNNVCVSKAQZ,-1.1041110601433495,-2.122002851066447,-0.39601057948229024,-0.9810099648754504,-0.9397822399401174,-2.345345589825512,-2.41759547312803,-0.3792575016543758,-1.4811488447825945,-0.574643968486626,-0.9798385574878417,-0.8665069183299826
CNPVJJQCETWNEU,-1.1324143552420296,-2.259213093848374,-2.199703048259529,-0.7799022201793071,-0.8684295059526842,-2.8276481089749743,-1.8228067635873288,-0.37130821836856637,-2.324990921807601,-0.7184166855802032,-1.9924804260250986,-0.9609778901179036
COVZYZSDYWQREU,-1.4414172221471757,-2.432463746566126,-3.5085734131096995,-1.6697886452085446,-1.5003428503484795,-2.3846559851907636,-2.9080625623998553,-1.3994583079314102,-2.432488561244978,-0.7675908455064175,-3.1459522617797573,-1.6029792162720329
CPJSUEIXXCENMM,-1.4035360168952271,-2.447680361059354,0.4285876544718929,-1.224378630548878,-1.045552645073482,-2.0862403844624926,-2.789154657070688,-0.7946679780716175,-1.1750339827358385,-0.5920717396721502,-1.0744265828734365,-1.0799417849681041
CPTBDICYNRMXFX,-1.397006591209783,-2.414437108486117,-0.24089662260152683,-1.3437312324872046,-1.3031984540639452,-2.762198650779336,-2.59203840627054,-0.6130367069803578,-1.8684693370187502,0.2240274932896805,-1.6070510610692872,-0.9428784273747052
CPZBLNMUGSZIPR,-1.007793159184817,-1.9715317489826143,-1.405388698627263,-1.516277889825405,-0.7487296156392473,-2.285044115799946,-2.5215893974791532,-0.17359711009727144,-1.1073034597235871,-0.5523089322728509,-1.4530152830621132,-0.4846381149744493
CQXADFVORZEARL,-1.1952146914321764,-2.3527384321197875,-2.707618321785823,-1.3673237302217978,-1.0123110251564797,-2.6368640259504477,-3.217483564608907,-1.5652833344685555,-2.0393265932982887,-0.8192107762147128,-3.1530033263785238,-1.2550456519245976
CRDAMVZIKSXKFV,-1.4098797585447176,-2.4547497261935023,-2.329470590953661,-0.9961225243247589,-1.2082769793031822,-2.461274051813861,-2.7109745624084693,-0.6330170617193566,-1.7892492811153295,-0.4879146043196616,-0.8293977092125141,-0.5136984297527422
CTETYYAZBPJBHE,-1.5553212471978157,-2.1177732542841197,0.9700610192134187,-0.8819045898590034,-1.2052884426187012,-1.6361144424964245,-2.7327840812247968,0.7803143258976039,-0.936580150320919,0.036722822727641595,0.3089891038360707,0.5711702810637665
CTRLABGOLIVAIY,-1.2577969552535928,-2.228073832519978,0.3748709422468319,-1.21938994751566,-0.5684241211402004,-2.2487504709320145,-2.924980911877382,-0.09249168860246917,-1.363729624675959,-0.6165644541321216,0.023049838579314197,-0.0159014191796192
CUHVIMMYOGQXCV,-1.4905067541187003,-2.2101311742494616,0.1304344493029447,-0.37238384096379507,-0.010003258404601317,-2.0909872260562965,-2.4027441779515035,0.1154834717790948,-1.7475413739100651,-0.34682891044833525,-0.2844063110105951,-0.5689501693938648
CUIHSIWYWATEQL,-1.0777552561270716,-2.167469366234458,0.11299472085451973,-1.3356181950564487,-1.4318600379085131,-2.4288413687908648,-2.722732829945114,0.5102366778515056,-0.9224167548089008,-0.5877999045260967,-0.4269698430881995,-0.6942005087799034
CURUTKGFNZGFSE,-1.169444516305732,-2.219823320472105,-2.8770925374124743,-1.2198232512490381,-0.8695212984465583,-2.231913227819246,-2.3028091214975768,-0.5233692188247636,-2.015324753456368,-0.37310340627434074,-1.5405698383768742,-1.23535175375462
CVXBEEMKQHEXEN,-1.483001066720826,-1.8003363186950962,0.8194316603060396,-0.5459163571994858,-0.2717123948736071,-1.796594932446688,-0.7329376481083102,-0.4966967061219323,-0.6552670296121484,-0.4992212961594512,0.2229678465454711,-0.36101074193621235
CWRVKFFCRWGWCS,-1.5528108341515523,-2.3149858352090105,-1.2669703803933017,-0.2783215228766989,-1.7200205449998174,-2.7718265768645636,-3.26240749110935,-0.6950719369198016,-1.3228215455029941,-0.44227622003038874,-1.5772301642763134,-1.2092690670055126
CXOFVDLJLONNDW,-0.5449536845317438,-1.8489659657755957,-1.0838333517326089,-1.2881025004304418,-0.9688124058140541,-2.6285778686234806,-2.377656256261592,-0.4427007780509936,-1.7868662507391844,-0.6381505047443656,-0.7172355168786496,-0.5693310369215309
CYOHGALHFOKKQC,-1.111405910360817,-2.0121922110143293,0.29255455525478397,-0.790345263746231,-1.0545958791671013,-1.975245046905071,-1.367521030986401,0.3796531465386514,-0.9907655779505402,-0.5589502071286684,-0.11571175855243652,-0.3847861438443982
CYXKNKQEMFBLER,-1.3690744458055775,-2.295163580405587,-2.825121626622897,-1.4924181664843306,-0.9145769772304972,-2.7362791700789786,-3.2083509938622883,-0.48305802588772684,-1.1484690952272065,0.5560722864587307,-0.5118268369619132,-1.1378826218595095
CZFFBEXEKNGXKS,-1.0402391427957416,-2.2970862751868495,-1.3157305667579393,-1.0595087233110272,-1.446101557618946,-2.2532410272391985,-1.2750866657240656,-0.7708387876408994,-1.510216576987803,-0.749413069141795,-1.927497948723699,-1.0155396321805625
CZIHNRWJTSTCEX,-1.2317943835674785,-2.4488682486038003,0.8933239714842364,-0.7573632094108684,-0.0219738268680611,-1.7603085504432923,-2.8441261056895653,-0.2623169656913968,-1.7662038004614402,-0.5239085737627428,0.23695676107888536,0.06472081999891702
DBABZHXKTCFAPX,-1.3319440149509292,-2.3469471508780995,-2.030917238325588,-1.4602593573961122,-1.5747568149588327,-2.901464604799552,-3.3245456856032787,-0.7657234929168426,-2.118177416921944,-0.6521400749593572,-1.723221752616929,-1.0423767036493985
DBEPLOCGEIEOCV,1.235452669666275,-0.35369831921278977,-2.431315492815567,-1.488759226467344,-0.3344493130888007,-1.5700462893251736,-1.4092689870420179,-0.3593558218245666,-2.326348451580975,-0.6942140140755881,-1.2542788651373147,-0.8095633539436313
DBGIVFWFUFKIQN,-1.5548125037995166,-2.410372914024357,-0.5972165668796435,-1.0074215158092699,-1.2066886309627565,-2.245176599209885,-1.7800301735383361,-0.27647248521987866,-1.8177588001055103,-0.5251066166719123,-0.5837936158798447,-1.024808647664125
DBVJJBKOTRCVKF,-1.3608962560595133,-2.3830187218476686,-3.0487530517982373,-1.4335129049734188,-1.578448178227624,-2.6731299448749932,-2.6489108609235696,-1.344886642678104,-2.142175217050447,-0.6672944634792626,-3.5817661181220344,-1.5266355808270986
DCOPUUMXTXDBNB,-1.4740945748979624,-2.312752472525669,0.3197970023510833,-0.8324190963353355,0.35367154468922657,-0.8028854672327542,-2.6002685151258604,0.3275688987810207,-1.6916456419121995,-0.5692917235679071,0.8983594494963841,-0.9569643163422662
DCSUBABJRXZOMT,-1.1957566960915291,-2.10746014998758,-0.7351970180140291,-1.4500458467048412,-0.9337223495856234,-1.805063465520007,-2.1220449745471015,-0.10672262403953522,-1.415620034700976,-0.5881727629275078,-1.0019785037270568,-0.7028739949008407
DDLIGBOFAVUZHB,-0.9976349797661983,-1.8652220839498357,0.13881001172557414,-0.011069932375382294,-0.17693490155933148,-1.7649395868253461,-1.7131540025871443,1.0397247337409503,0.6617887017748023,-0.546512567242472,0.45609207141533764,0.011192797928496671
DDNCQMVWWZOMLN,-0.797007470433266,-1.6512865884291545,-0.6331688906206863,-0.5745981197827523,-1.0006784502094415,-1.6716226287129718,-2.6028304153695716,0.5305968646110834,-1.3448888724540085,-0.4429728365901773,-0.6958578872542309,-0.1758874822328826
DDUHZTYCFQRHIY,-0.5154314237865564,-1.1890648404697195,-0.560016911120824,-0.3884780976211147,-0.6476961812861647,-1.0280801347774513,-1.956853335249877,0.5037972824179014,-0.6167505445926839,-0.46963268283006576,0.1114376570934919,0.49351934365446826
DECIPOUIJURFOJ,-1.3450067058404196,-2.3770090873820235,1.044815094644013,-0.9660159621273938,-0.315618088291318,-1.8787700199986432,-1.9854556936315226,0.14285616351452182,-0.5330730735762756,-0.2925734818410448,-0.06076776554743449,-0.3718902216802272
DEQITUUQPICUMR,-0.5037868701531155,-1.9670050007515072,-1.6906734615497476,-1.0860127289061254,-0.8701902150363032,-1.6058856210609818,-1.8652715781503606,-0.0448859876756118,-1.6978983062422826,-0.6571976907025702,-0.24275599036566958,-0.13469620032607732
DERZBLKQOCDDDZ,-1.0681551862493321,-2.043472420362218,-0.5921902552890003,-0.8957245060296617,-0.937797986445751,-2.415090014233336,-2.365319868304764,0.2409716918183772,-1.4579981577802665,-0.5091733114604233,-0.897287820519518,-0.7601231019492111
DFBKLUNHFCTMDC,-0.1909019831148131,-1.629041706345733,-2.8243733670725666,-0.9834779710671844,-0.7097145221397316,-1.369322871438843,-1.8775801058706738,0.9084206384735218,-1.1641570928659595,0.8428774821008452,0.9432864076199916,-0.5005453206123487
DFPAKSUCGFBDDF,-1.6071860036279122,-2.4637926058326673,-0.20498745254624418,-0.6598068892150655,-1.437249714040829,-2.2635745854148492,-2.4635074405622053,-1.6243972452761166,-1.9871479213844943,-0.7867570717266767,-2.6292383623252427,-1.286556148424297
DGAIEPBNLOQYER,-0.896074144665451,-2.3014125688440643,-1.353694340252995,-1.4977351406424277,-1.0730564670411478,-1.8467274785880823,-3.344489613762037,-0.5985983701517115,-0.5694669865578077,-0.7112701152002848,-1.9975229513132648,-0.5805850462990236
DGMKFQYCZXERLX,-1.290348834988573,-2.4246718995039336,-1.6883745354057216,-1.4660947636935595,-1.1711755531354415,-0.8145822502120802,-2.6188803550697455,-1.0044817518471238,-1.7603370988810874,-0.8311917504425048,-1.983721988556434,-1.0995564238420037
DGMPVYSXXIOGJY,-1.5696468353699597,-2.4076240223382843,-1.1742471484291657,-0.5947417649220712,-1.386258831893138,-2.290898935587329,-2.2438986621273234,-1.0605959493438797,-2.509744963501406,-0.6984878217917111,-1.9962134153558777,-1.3944459610885853
DHSSDEDRBUKTQY,-1.3071634306798443,-2.263119988145421,-0.5248668934605678,-1.1611355753636985,-1.4005468200108655,-2.572155172624329,-2.3263622552467247,-0.6223419509942877,-1.5523702296732054,-0.49116976628980985,-2.181471103222855,-1.078242171727544
DJBNUMBKLMJRSA,-1.304329019319022,-2.3178307946141343,-1.0425932939797908,-1.6138894867892914,-1.1956684829682223,-2.5417568578255914,-1.5108782050082243,-0.6741338306819369,-1.6307422201199677,-0.5725441109444775,-1.5074487364689788,-0.540448956570337
DJDSLBVSSOQSLW,-1.4487111366268457,-2.3438046709922284,-1.7888619734701603,-0.9110035093783193,-0.9994202009233413,-1.1066731696854937,-2.7546053491108897,-0.3121562259002799,-1.4210588551038625,-0.5630705933745962,-0.6301170062100353,-1.1075362304288345
DJEIHHYCDCTAAH,-0.8536835166783334,-2.106588715791017,-0.32779494095826783,-0.3911512462945028,-0.5296307008440123,-1.6101266322915893,-1.5884950379580134,0.44059663091522755,-0.5431972701241962,-0.5458342900776141,-0.3350396505550747,-0.5366323319306204
DJHCCTTVDRAMEH,1.6075945803384462,1.7263133784117746,-1.8686658069181725,-0.7684285402951608,-0.20771292506604566,-0.9374374355782337,-3.032935085352997,-0.12115847597464596,-1.537504136170685,-0.6487241641751655,0.3746324874417438,-0.7348416998326384
DJQOOSBJCLSSEY,-1.4882954438946003,-2.3798563418246643,-2.4891095116291697,-1.0859985724848873,-1.6415908369369705,-2.520553609126907,-2.258393162919926,-1.582859303192937,-2.17439041293562,-0.8888385315137699,-3.2353272248042635,-1.4957373707117705
DKGZKTPJOSAWFA,-0.630527992708102,-1.46622341594236,-1.0810366020623206,-1.2085986157585653,-1.080611879268722,-2.148245368186283,-2.8387867849951154,-0.15538808251528066,-1.5031323460020518,-0.610646056623549,-1.191458272770321,-0.6308628264144621
DKLKMKYDWHYZTD,-1.4326732562572018,-2.391115044703878,-2.1006174939591635,-1.2956297936593648,-0.21918251574123285,-2.1940840868878766,-3.172878090378239,-1.2689823842918047,-1.9216353248353217,-0.5884240905376094,-1.1802316406157007,-1.172688714216274
DKMFBWQBDIGMHM,-1.2683602986368385,-2.3997114363431606,-1.4646409100721591,-1.2864571303638876,-1.099734250815999,-2.400096920324925,-3.6633516373590074,-0.441040561432014,-1.9335133157816928,-0.550544365198133,-1.6386145151661988,-1.0923418340662991
DKNWSYNQZKUICI,-0.7598217417773095,-2.4281280392441813,-2.4762405490464925,-1.2953121537332235,-0.5997212940719451,-2.3057709441930947,-3.247157757640434,-1.2517894796996543,-1.8718049482792656,-0.5951761900250121,-1.2606788912511573,-1.3531730575468768
DKYWVDODHFEZIM,-1.0463092796027347,-2.3179393862277244,-0.7451233782283996,-0.994340070960815,-0.20284008639839385,-1.526081206059352,-1.9533527875342371,-0.08907179367526515,-1.293110703288905,-0.6060258143333636,-0.4991564781109302,-0.9965891579975255
DLNKOYKMWOXYQA,-1.124955185516862,-2.300718969276961,-0.9595931842382902,-1.1230695031104532,-0.8042758781227909,-2.353959437810037,-2.7000223375004118,-1.2200187565548775,-1.8032178625564956,-0.6464041522409332,-1.0244103426802136,-1.1288574513616179
DLZUBMGMHUNDLF,1.3896800126670772,-0.14414522315863162,-2.961369951950265,-1.4805796009544658,0.06983598768162744,-0.8645920743714183,-2.8577934643843466,-0.5356814541594092,-2.2125836799841188,-0.6505602962282729,-1.4190905574605672,-1.2307931167036508
DMDGGSIALPNSEE,-1.2389110662265952,-1.9869338455209373,-1.4628747354519707,-1.6122167912702603,-1.7566857746816174,-2.648824735735065,-2.1495513747819004,-0.7048460091600927,-1.8036518995173085,-0.6909479932398822,-1.6806969560171126,-0.7419720888258893
DMJNNHOOLUXYBV,-0.613974929589969,-2.0189573352784462,-3.081440610765236,-1.560718438957537,-1.3260202931300653,-2.3154987317187103,-2.407440507456517,-0.5721612821648441,-1.552301802028346,-0.7725866144494147,-2.36602064410148,-0.4546713971023529
DMJWENQHWZZWDF,-0.8584970564018435,-2.2332816800988953,0.24996955263454293,-1.0778565724163163,-0.8685873547032943,-1.1491502027005884,-2.7871404604555465,0.5106499608137256,-1.8408964926954354,-0.4310944226200565,0.3849043101678051,-0.5937232979671344
DMZCCFMMPHJWQY,1.265880506851746,0.4548732952830382,-2.551887535875493,-1.0641001928855345,-0.09742579919434662,-0.32725413315579105,-3.202906620790696,-0.2965135122629192,-2.4893505432275456,-0.622489997348993,-1.7279613613312548,-1.2087987956823092
DNIAPMSPPWPWGF,-1.385199544770613,-2.4465262978302276,-2.860595689674963,-1.5544596097177976,-1.6815476438129497,-2.604460579929337,-2.9200387305681614,-1.616490069878284,-2.024856656892014,-0.7630207973216585,-1.6260248567852271,-1.4111391798666106
DNTGGZPQPQTDQF,-1.2451736859729738,-2.3053679741212325,-0.03420096322419805,-1.0020576617708534,-0.7214662215359464,-1.9562981384228832,-2.3715760891541287,-0.2748016466242173,-0.9755779467661402,-0.5040963042777952,-0.6979501816697371,-0.20367237670278004
DNTSIBUQMRRYIU,-1.2072099934766638,-2.2791234476542916,1.6023212239517541,-1.1375780513603193,-0.6458140247033024,-1.0549047891391257,-2.944753388624833,0.1504414154616994,-1.0271674412525893,-0.5190028415916668,1.2738960950700258,-0.8192210795532779
DNXHEGUUPJUMQT,1.1711762498061806,-0.5248015331548017,-0.3491498026145179,-1.2894124561297302,1.2690174383321127,1.4707167227442686,-1.4346129066577848,0.34060943033318847,-2.1832042449427798,-0.5029331705099407,0.8898318207549545,-0.759784739472841
DOMXUEMWDBAQBQ,-1.5203006194604263,-2.138846907320672,-0.04256238433062191,-0.33929606832739995,-0.6393099326967457,-2.1405704242839243,-0.995858767622955,0.0035083925948006097,-1.3007183230438337,-0.4304808898720665,0.7508986148005852,0.19631274820844533
DOUYETYNHWVLEO,-1.3410427247642047,-1.7426409032207866,1.1633072743023185,-0.34291120763517063,-0.42344236724116147,-2.4498560321660454,-2.248929006254471,-0.17593798553203008,-0.7832653576887585,-0.590813186280749,-0.9523560024233506,-0.5298930969464247
DPSPPJIUMHPXMA,-1.07918736410324,-1.682578523714855,-0.4225930292420471,-0.8068492887734545,-0.6844340849239668,-0.7936878154390922,-0.9668127530651407,0.15160300268732152,-2.5920971101741057,-0.605645312432694,-0.4396012575185391,-0.6086800051412039
DPWPWRLQFGFJFI,-1.3211993300627058,-2.398211160740004,-0.8473771182678954,-1.3317376677824815,-1.4213059404961947,-2.8079577255617836,-3.218855851621193,-1.003203162150098,-1.7921217186765577,-0.6212453259008308,-1.6283437038248316,-1.1587164781705819
DQCKKXVULJGBQN,0.1772926144055713,-1.3485007921049184,-2.1008611729254194,-1.5579961081711355,0.2929886643718054,-2.18967841879608,-2.694597755474,0.351932467823103,-1.1566759526649597,-0.509978949383475,-1.5370642636116616,-0.1426653099132903
DQKXQSGTHWVTAD,-1.41193897365896,-2.3777125611278898,-1.4825661557519378,-1.3331737810663957,-1.1875346692593236,-2.817211611927352,-2.806547370448182,-0.7584175294019687,-1.0881859573566088,-0.447968565454877,-2.065100725974203,-0.8804159879444924
DQMZLTXERSFNPB,-0.5028856777864312,-2.1893294121445344,-1.5541614241499708,-1.5856373332784022,-1.0003784285508903,-2.724854996260249,-2.9916505439050938,-1.3471454464902304,-1.9998866095264003,-0.7297958007067556,-1.4588786786819679,-0.9985227047833609
DRLFMBDRBRZALE,-1.3615513419056786,-2.310471307324044,0.86862677094746,-0.5156633200436295,-1.0298665538336877,-1.8746146294715247,-2.7308951014111496,-0.5895478852114926,-1.5619001217597788,-0.6470868790358215,-1.449323083772837,-0.6379780536138138
DRZXDZYWZSKFDL,-1.1870859344194111,-2.2366955118201397,-0.7100140923571577,-0.8528054927897751,-1.4216950835410163,-2.1799190862907514,-0.8367063874321343,-0.35237483388188007,-1.3080199817988214,-0.6556854412640699,-1.056356054468579,-0.8747740963182298
DSFGXPJYDCSWTA,-1.1276521508218675,-2.161506809638256,-2.0501761042680307,-0.8923717003195563,-1.4066902708945757,-2.367667978313068,-2.3521945952295344,-1.4539917491127352,-1.244142914229454,-0.7100809167435175,-2.699334007594546,-1.2866676114852198
DTOSIQBPPRVQHS,-1.483733672624332,-2.3593119785012453,-3.162187818824697,-1.415777635575089,-0.8619223472070424,-2.0853641226932775,-2.92420827615534,0.28242703867938485,-2.2435324215693035,0.5749093482473125,-0.7028164913407843,-0.9505264571367295
DTOUUUZOYKYHEP,-1.4532570488232874,-2.438140969190962,-3.1554948831015857,-1.0858944039219962,-1.5213558330301775,-2.935104746970129,-3.1725878292055327,-0.6028312741873436,-1.6628151217396059,-0.6769252137852524,-0.9622585100242718,-1.33960698496518
DUEPRVBVGDRKAG,-1.432151851103761,-2.4070932602888986,-0.10672477255528355,-1.08443751284887,-1.1201463677111207,-2.0315447726689175,-2.02399344627551,-0.9589669839290482,-2.0053714221140053,-0.5778621074680892,-1.0579460913262886,-0.900850126053002
DUHUCHOQIDJXAT,1.4169727359155397,-0.2871736561447924,-3.2124408593845217,-1.4978183071920195,0.2071527716229999,-0.08244578764801265,-3.1754824559246027,-0.7775731866115472,-2.6419140859042836,-0.7237499157596042,-1.7052916884297267,-1.3305336826888445
DURULFYMVIFBIR,-1.388286877417488,-2.421338290809642,-0.6083955747174035,-1.284397005720644,-1.145280017645314,-2.389565470108276,-2.648822148988198,-1.2575337724488949,-1.1552979081973338,-0.7021191282652512,-2.0271289157821073,-1.0636273426414782
DWTTZBARDOXEAM,-1.243971075231841,-2.379677422565731,-1.773905625576783,-1.3383440396742023,0.1473701371567579,0.0072692630861365,-2.548075067402044,-0.3313077121110948,-1.9309163142541486,0.45658126931307186,0.9953233133237445,-0.7114427014637343
DXGLGDHPHMLXJC,-1.1871404066983273,-2.335256515125139,0.32909519014920124,-1.1591900675169355,0.7519808717950969,-1.2035604289485922,-1.683261843010189,0.16266595084051683,-0.5045283759083753,-0.4678395068603629,0.4694760118553589,-0.6124235386272013
DYDCUQKUCUHJBH,-1.387914417917464,-2.3496690079959732,-3.1618104027077694,-1.9941147086375204,-1.509381885899841,-2.520298300502813,-2.3787601489530936,-1.9038948631343209,-0.7669929413533793,-1.054537347340928,-3.8799683806037137,-0.8707443872984955
DYEFUKCXAQOFHX,-0.8258098654888217,-1.9033559429790206,0.47195427228017556,-1.0234151346858573,0.7369437123165662,-1.9104008337499963,-1.335855536849781,0.32514168788752984,-0.9431852485234122,-0.3798040268944514,-0.0055429630340408775,-0.17070616686635087
DZZWHBIBMUVIIW,-1.006649076189635,-1.1848115639344896,-0.9019975349995726,-0.7598354684128475,-0.6279630012017288,-1.5341068839191256,-0.8998629693254057,0.16544083591064282,-1.4472151035912564,-0.6558636885353397,-1.1381417879929527,0.15244310573077505
FABPRXSRWADJSP,-1.030665579816686,-0.9156433107220451,-1.8241634424344166,-0.6475768352355843,-0.6216953181181245,-1.7179827845864357,-0.4141181901346794,0.3943563690061863,-1.4738287595315176,-0.6023209018678624,-1.2130975898878333,0.3126999870623377
FAEKWTJYAYMJKF,-1.3606528140490726,-2.2865472380866807,-0.9562585195767744,-1.4027026176617459,-0.7523891448731345,-1.5662172818666384,-2.2288778297240084,-0.3032519770322291,-1.7613118159118362,-0.5666541842350136,-0.7164728828267589,-0.6647702172150793
FAGUFWYHJQFNRV,-1.5163795501826929,-2.407607618317818,-2.8347327960589896,-1.4409326205630228,-1.8487710724194928,-2.7361826120129438,-3.1428251014782265,-1.5887203721362262,-1.7815920950852597,-0.7463517393291303,-1.6073837297100786,-1.4077463518401747
FAKRSMQSSFJEIM,-1.307638102639109,-2.3788334702869927,-3.8346759020856576,-1.8472274184141617,-1.7096550967290045,-2.527024690161065,-2.708225736163466,-1.6059648838734963,-2.124133323558286,-0.8639194033576713,-2.3713877562898356,-1.063826083726017
FASDKYOPVNHBLU,-1.1952510438385169,-2.3992965538255913,-0.16804460727839762,-1.2434013459045856,-1.5302311863991456,-2.681618984751889,-2.4582733921381483,-0.7292006378214259,-1.6542428094211015,-0.45146636912632343,-1.1701270103450319,-0.8996277789151739
FAXGPCHRFPCXOO,-1.003453811521535,-2.3268257877744984,-3.527115393879628,-1.463714739895336,-1.202120641660828,-1.8983887458739974,-2.2968208803757633,-0.798528401053807,-0.9784027227053547,-0.8689884497851119,-1.8863451906370108,-0.7699389445703486
FBOZXECLQNJBKD,-1.0750875001636417,-2.1875943452190842,-0.47617925260442284,-1.3180631544851085,-1.0069157392248005,-2.334164522645284,-2.046906589671839,-0.34988146206211906,-0.33281487676546895,-0.7118695489619784,-1.9103520920454204,-0.3901201759333484
FDKXTQMXEQVLRF,-1.4833248486299,-2.3873400999064582,-0.08724036797077733,-1.2902734023156246,-1.4908705293927598,-2.6621666900694474,-2.5177231641977014,-1.416338695784083,-1.9556829515871395,-0.8513118687673111,-2.7974655480274504,-0.2112902886562088
FDMBBCOBEAVDAO,-1.3422903664363508,-2.351825701259666,-1.352655840498884,-0.6939315498660312,-1.1232273322808328,-2.1725964531811535,-2.685242257509591,-1.2882953569887055,-1.8554251774127422,-0.6477709178105634,-1.1453443582619227,-1.0242617542315595
FEBLZLNTKCEFIT,1.4864487541834335,-0.10994297188847098,-2.2445893698105683,-0.6613555762903025,0.20575695649162548,-0.4405254290326508,-2.492362986159309,-0.2838040141008046,-1.7956700529006995,-0.6649584740526605,-1.1029676900246272,-0.6235129592954054
FEBOTPHFXYHVPL,-1.076800885497729,-1.8475351015412271,-0.9714520965100027,-0.8818546286736263,-1.4518668577382687,-2.170577696692681,-3.6069782932037535,-0.053817979622154295,-1.7408045898894589,-0.5911707010538249,-1.1930401955475145,-0.7915001142020475
FELGMEQIXOGIFQ,-0.9727814589388041,-1.862015440320911,-0.4440447695739857,-0.6572659625520185,-0.8258882348405752,-2.0323830291341953,-2.86457858336432,0.19621751506731325,-1.6288094640939754,-0.57230834696106,-0.5625994795803588,-0.6272845650843392
FEROPKNOYKURCJ,-1.2136562510295994,-1.9577867877142265,-0.8863105579340578,-1.6817862487217636,-1.2115994624386297,-2.207333680079725,-2.9815646111883454,-0.49909246936460927,-1.6915155050089397,-0.6235613887032568,-1.5866207108093477,-0.5286650929999259
FEZBIKUBAYAZIU,-1.1621240392967749,-2.18506427854628,-0.5288653140228878,-1.285776920182998,-0.9795226921546736,-2.5823233873227736,-1.5881033404887934,-0.05552874855166016,-0.9295146077683789,-0.5869358768127022,-1.277533289731303,-0.5469733720971005
FFGPTBGBLSHEPO,-1.2564886283064967,-2.333212443288151,1.006711288486839,-0.8596230903545381,-0.376096698226938,-2.0789887922172428,-2.5619394240707796,0.12934511233236243,-1.1919288842869997,-0.5016792176822442,0.4624129901334104,0.1407319402431897
FFINMCNLQNTKLU,-1.22776552412614,-2.4315810032851,-0.7504773118116317,-1.1989397502558703,-0.6256917018118744,-1.148339406195303,-2.67436347432838,0.26817758800204,-0.7475513593379416,-0.5053510702517521,-0.0890534288770104,-0.7589446596966807
FFKUDWZICMJVPA,-1.445367098336026,-2.361952124282404,-0.3050813351536312,-0.8209465438351037,-1.2636790451022033,-1.847107194042009,-1.8420290906188532,-0.7695972467561819,-1.6065675206974788,-0.5602441948308554,-1.9069119685791678,-1.241399863772781
FGXWKSZFVQUSTL,-1.1112649594781754,-1.9800062098182767,-0.6924508753844719,-1.070276985275546,-1.5794208340894964,-2.392797582229406,-3.1984427047530883,0.3730207092536191,-1.7736885518639747,-0.6077835346228604,-1.665797505418272,-0.8181639607107358
FHFYDNQZQSQIAI,-1.0927905479672808,-1.051807122194707,-1.3638677862271296,-0.5893330363248723,-1.1950899137876627,-1.0037129060007526,-1.046728127560233,-0.4071542292960286,-2.004005463614227,-0.6927250256698358,-1.0410859326441024,-0.6824136047221996
FHRSHSOEWXUORL,-1.3182731315342273,-2.3402477444236887,-2.04701128456565,-1.459125684490665,-0.7019531041577654,-0.7245281926795414,-2.8902167571347284,-0.17396513198979607,-1.3097540776049834,-0.6438289539077743,-1.4509410529840918,-1.024962245698703
FIADGNVRKBPQEU,-0.7637632671769665,-2.1897286772404607,-0.21736759306677644,-0.7902292866658417,-0.9704754991657847,-1.964807401635444,-2.482432505624349,0.4799833332927135,-1.4420853496349262,0.5927865570177686,0.25758911863604866,-0.6269327230345851
FIHJKUPKCHIPAT,-0.10928115453105454,-1.0214886281102897,-2.987168470768569,-1.3047863656608767,-0.6024382967178189,-0.6055756414490006,-1.4794879757456905,-0.4766280570874185,-1.9664534288050615,-0.58705708060744,-0.897684445486004,-0.5241960469121927
FJLBFSROUSIWMA,-1.5226142350377998,-2.4101152830104873,0.09872085429211502,-0.061361217011738786,-0.4844887198372408,-2.1105512914855944,-2.5458303221326535,-1.1672458721406376,-1.9981669068388146,-0.5372389383194056,-0.884813271295761,-0.9565191981066845
FJLGEFLZQAZZCD,-0.9987626903094162,-1.8800567953928673,-0.6687923919506823,0.3184873238012293,0.07365271141932489,-0.9115082514818506,-1.2836490438229062,0.28462929363609135,-1.4814819532974675,-0.5406182011867725,0.8985272037812695,-0.2585917344026634
FJUKDAZEABGEIH,-1.0515822304273708,-2.0324883380751073,-0.9813231941770963,-1.2287058623446694,-0.8717907737788579,-2.2713354080726216,-1.9093598298428762,0.05685164446512867,-1.1607038314523184,-0.6046267474632858,-1.1958428024057768,-0.6644670282375018
FKENQMMABCRJMK,-0.4012669940479076,-1.4689383958009439,-3.3422057620895127,-1.3699671173232635,-1.5271908026919678,-2.0561257497666037,-2.3814495868455308,-1.1382427197492344,-1.6619826088882368,-0.7994269088846604,-2.4918935341717616,-0.7520246467948611
FKNXQNWAXFXVNW,-0.9753124329957608,-1.8256915869584045,-0.348417342942082,-0.9637559274317719,-0.9754797390431613,-1.6736649694066692,-2.4038260422559623,-0.2073959820529155,-1.5252597063195836,-0.6527138668412445,-0.3705298681280645,-0.310517793598612
FLNXBVJLPJNOSI,-1.437084694625563,-2.1354811152933197,-1.1268002848905065,-0.8565132200288532,-0.7623180631085915,-2.0338930633119214,-3.097838469648331,0.013456070799889433,-1.0109377352212305,0.526859707669308,-0.6689509240576554,-0.7146472235465302
FLOSMHQXBMRNHR,-1.0761995927653278,-2.2904354691675346,-2.135658102086267,-1.5070387267810883,-1.8688459157073385,-2.569517714978895,-2.796355259882981,-1.1761031746410215,-2.021355654375309,-0.6333727001246717,-2.7614740555470894,-0.41261418203310707
FMHHVULEAZTJMA,-0.7787352221822226,-1.0396212163568213,-0.48504624916248573,-0.8663609000163363,-0.23825835732893727,-2.121551329570489,-0.6366474090160743,0.6148372620971274,-1.0322515485650254,-0.48484121220765275,-0.17370793431910142,-0.1167235432930465
FMMWHPNWAFZXNH,-1.5658910425726602,-1.9419676164610509,1.3628000674253753,-0.9916314930209273,1.2478192764077503,-0.35495278233275035,-0.39225300962401294,0.6695814063902945,-0.687905834248164,0.17550187676981593,3.073312849482823,1.083615169111436
FNQQBFNIYODEMB,-1.0533890864441728,-2.217754453200096,-1.8915452376774307,-1.541637315155118,-1.6935652840459563,-2.3269754086952417,-3.164769208833458,-1.0856131689770157,-2.257844746566767,-0.6542251033284368,-1.5735247340012324,-1.0507031006619223
FNYLWPVRPXGIIP,-1.0462769175759785,-2.2333416289364414,0.5883606981345886,-0.4537877345920384,-0.36093216328077266,-2.061449966842854,-1.0320394432186253,-0.3186914519428603,-0.03820279635888052,-0.6851941903115609,-1.6306569583370472,-0.22520432621757228
FOCVUCIESVLUNU,-1.4892431749468114,-2.2467831659051094,-1.333916334961342,-1.3937006189530083,-1.7679357620504552,-2.8115694743817112,-2.865113017967376,0.2972795120861382,-1.6996791579335795,-0.637782157753391,-3.04221952404086,-0.7412431239153838
FOHHNHSLJDZUGQ,-1.4050382044031158,-1.7146686103084314,0.16588946609754157,-0.5077729308089862,-0.3470536842820946,-1.5711012006415206,-1.1128828724087756,0.15713525638803177,-2.003211648876085,-0.3639580114803877,1.2382895232213018,-0.2944794142558899
FPCCSQOGAWCVBH,-1.0152084342808185,-1.7122832934300483,-1.0804340023247487,-0.9420237640657974,-1.4993300523693942,-2.254382454680238,-2.997464026820848,0.051990653583753196,-1.3196829461679032,-0.5948793820980224,-1.1634750170968988,-0.5937500902226169
FPIPGXGPPPQFEQ,-1.2885635774288962,-2.2544830540216765,-1.7030941770413537,-1.0829268433580954,-1.2582680682278953,-2.032877738251067,-2.9175234289986895,0.6598874487382078,-0.0551792751882615,0.6141685343834542,0.23183228789500931,0.17373502436248017
FSQKKOOTNAMONP,-0.9714711195307308,-1.8056841573975886,0.5430465519959826,-0.2834694596400925,-0.6916639928098325,0.14622533247994948,-2.326893168845608,-0.02096547982117483,-1.917568947008942,-0.6481957679381385,-0.8485204768420029,-0.6353157225976264
FSVJFNAIGNNGKK,-1.1217154939949814,-2.1985540942167514,-1.7074934870342173,-1.4960859712741261,-0.7928001834000737,-2.6291433369075317,-2.975484708824222,-0.6934016882885881,-1.2579594107115786,-0.6548962595049455,-1.231173079145836,-0.5979455291328767
FTALBRSUTCGOEG,-0.8928307015664388,-2.098043775439551,1.8957622289868685,-0.48295114603673517,-0.3916965372892877,-2.051263471988815,-1.4547301119653564,0.5254344458239602,-0.28313429186356165,0.4638568160716166,0.24246933184679081,0.5050904188902027
FTFRZXFNZVCRSK,-1.2602153564822842,-2.1219335253880227,0.5812070214962219,-0.7721298670117951,-0.7996261651442472,-2.5538001389485845,-2.0123059027585986,0.43391775878448346,-0.44013461083842054,-0.6315195455207692,-1.1858881239315924,-0.7860308544949097
FTLDJPRFCGDUFH,-1.348792521351143,-2.379469308217492,-1.2889955453437332,-0.9372543045791089,-0.9258413102784369,-2.4624956689818718,-2.5812579555415427,-1.103177086428582,-1.8810773023437024,-0.786196652347747,-1.6276024502349518,-1.0817797761695465
FTSUPYGMFAPCFZ,-1.1825190296547117,-2.2876970521980438,-1.2475190500782203,-1.1205928364751272,-1.4542088904296477,-2.9161917997665503,-4.012947561978865,-1.13612721542511,-2.51246339038663,-0.6576509561926102,-2.1361709063351983,-1.2802150064292772
FUBVWMNBEHXPSU,-1.172956102449087,-2.338287257506667,-0.41191866027772794,-1.353711931026192,-1.1361565342974265,-2.2198452178490724,-3.8178785069514354,-0.22376793760702018,-1.728722660314364,-0.5166143002851906,-1.397985714571709,-0.574204771941233
FUSNMLFNXJSCDI,-1.336462060781144,-2.1592895173605946,1.0486842387730269,-0.9342842826999803,0.1936335661513529,-2.3115398967364458,-1.1323755250313938,0.914620886688802,-0.2527083696948402,-0.3648610315710964,1.729042185710867,-0.058179317689377064
FVNFBBAOMBJTST,-1.1397248176529025,-2.0150399614130947,-2.500925182739648,-1.6147208209734023,-1.193045729696438,-2.4941190157069695,-2.5623359486807735,-0.7806330808490443,-1.758971733785759,-0.6870827256719524,-2.490709004084925,-0.9784560819156074
FYPMFJGVHOHGLL,-1.3794697283584374,-2.241255402738121,0.09190353088172791,-0.7108660717659631,-0.366255617137119,-1.4540566461988467,-2.2399038086644527,0.7475299352292204,-0.4630624815285127,-0.27500118563559767,1.686508821000788,-0.4771052219290248
FZSPJBYOKQPKCD,-1.555080980379541,-2.3688719598199337,-0.7472873087452044,-0.4442056015221917,-1.0432096515454616,-1.8657355665834439,-1.9224992099217963,-0.13978035245579754,-2.083452555466323,-0.5753476567475426,-0.3446082156906235,-0.7939778175731751
GAGWJHPBXLXJQN,-0.9302727495179433,-1.9881389073810452,-1.1518571548469425,-1.1387649905807535,-1.4671397075639658,-1.6911248205753506,-1.7359697480482241,-0.706585125675176,-0.753720786910329,-0.6768054749215022,-1.139026264860881,-0.5909796041428761
GAOZTHIDHYLHMS,-0.04574147445767684,-1.6328595811917817,-3.143837986171237,-1.240163146125782,-0.8090176533028821,-1.6827030509259828,-0.37492045782419536,-0.2153462710196832,-0.646607774776499,-0.6752550788233803,0.1752367838782845,0.19059668034734972
GBABOYUKABKIAF,-0.05525029519387239,-0.7465411268231059,-0.6701414834023295,-0.477279017009731,-0.9134565207269365,-1.6761722366917646,-1.2960650399842457,0.6806561676104973,-0.19324453987657764,-0.4255609606450835,0.3968588890026556,0.13152399673671944
GBBSUAFBMRNDJC,-1.332633501547432,-2.225538979998223,-0.8319716670330096,-1.0576103405917971,-1.2588254809498667,-1.9451829799306712,-2.2973569147278257,-0.4649577856730156,-1.8164567251117412,-0.8493311013718685,-1.9213506150374826,-0.9604389558346518
GBXSMTUPTTWBMN,-1.256654574701238,-2.3204324423201697,-2.6103614922546456,-1.647390700143413,-1.2658440716709027,-1.9260453477287287,-2.5468121924395595,-1.12296918253995,-1.8928323408139311,-0.7830979497451971,-1.9435595477040615,-0.8727969797536652
GCKMFJBGXUYNAG,1.603035621287731,2.11403572377458,-2.539001463743253,-1.1182449202274858,1.0869870537029824,0.5356956564432437,-2.870128441549751,-0.37103512471618255,-2.363442302045039,-0.6352165771742669,-1.5876253146511012,-1.23354097722634
GCTFWCDSFPMHHS,-1.4754302604057392,-1.893397536307882,-2.0514789775616595,-1.0193227099283406,-1.4177998469806206,-2.6220009228054795,-2.6224990761270037,0.2884081120921678,-2.085846118536955,-0.4065266661049203,0.5741744839224343,-1.0836160321941122
GCUCIFQCGJIRNT,-1.0175496924581044,-1.8156256661114685,-0.8648094222337883,-1.3528859520223553,-0.904250282345329,-1.7299602870358628,-1.7537036202270315,-0.8965701978311504,-1.77419003546185,-0.7173076359323,-0.8213264265565163,-0.651608708977643
GDLBFKVLRPITMI,-1.4341740215298453,-2.3902660244819303,0.31150689718405294,-1.1437621003777503,-1.3709888044389134,-2.7401239743051704,-2.3293951900879297,-0.5028171467274227,-2.1047977515854868,-0.5536320742627938,-0.9862753297241982,-0.7611901235708878
GDLIGKIOYRNHDA,-1.3190499626302068,-2.212783343608025,0.43415345238762243,-0.9531614370779118,-1.291590835743157,-2.3064281315244584,-3.520828491926074,0.27889606165985215,-2.078305277807977,-0.4497699088437982,0.6260983859744088,-0.6488404180230839
GECHUMIMRBOMGK,-1.4615946039173269,-2.402493014929094,-0.02422412831802926,-1.4134061626308412,-1.5409378586440354,-2.973659873936008,-3.3234443400994826,-0.8988001830992227,-1.5577948653981672,-0.658553476241369,-1.443789403348931,-1.162078027140081
GFBKORZTTCHDGY,-1.050203470850047,-2.1657382048685543,-1.0865646313579074,-0.7502212434643619,-1.519220106183165,-2.2604205460994837,-2.9115442188132836,-0.13865696702586208,-2.0467498578158314,-0.5428063185042082,-1.3211539279652709,-0.7325593976891025
GFMMXOIFOQCCGU,-1.3139628347037717,-2.2132405412998475,0.2799865069918389,-1.1732976686084027,-0.41724746135701823,-1.8822899982900296,-1.666813466323753,0.5342993011166951,-1.2588919110841934,-0.5211611548547822,0.9380526718582183,-0.4837026352595912
GFNANZIMVAIWHM,1.686767948427315,1.9175973235905288,-1.934277838355381,-1.0941975940470492,-0.20069519855901954,-0.9083517887275705,-3.751249240424358,-0.5663957630099292,-1.2248024837772467,-0.6053186180593935,-1.1050911027232249,-0.7171087043073213
GFRUPHOKLBPHTQ,-0.7324923013316231,-1.1310430457630254,-2.25328648586514,-1.1217829923239706,-0.7541943406627424,-2.1728553682066383,-2.397676013623822,-0.6633855089414665,-2.114051366465359,-0.60035113972055,-0.7854644752132148,-1.10569244654468
GGALEXMXDMUMDM,-1.245884340821125,-2.3475988601861237,-0.2562899796236216,-1.0207918803821268,-0.6834362259590698,-2.723689950249573,-1.9535863115647565,-0.5432009646671422,-1.2949060527175094,0.10592931326512967,-1.4894701668563735,-0.9865215836017533
GGUSQTSTQSHJAH,-1.3618394175857194,-2.1537114612099586,-0.9320376136160772,-0.6907074007518813,-0.6297840735426505,-2.25527672774977,-2.638556629616406,0.45202785815402224,-2.3345107361290087,-0.5040139178441212,0.1721820944556272,-0.805331292063212
GGXKWVWZWMLJEH,-1.2873417145032255,-2.150711999104477,-0.9645100748949698,-0.5141924805029765,-1.4521547670026835,-2.377304822125431,-2.1242088448049357,-1.2037892021625756,-0.563706361905381,-0.7456117616086461,-2.6585055962149795,-0.9610098017270525
GGXMRPUKBWXVHE,1.4694136703354923,1.7905831418062645,-1.989803300839477,-0.9135533552897993,-0.1491578041044789,-1.7081579506368567,-3.633543974870216,-0.3319380156666243,-1.4341586477543415,-0.5434347938068929,-0.6415104285316305,-0.5418369240369605
GHASVSINZRGABV,-1.4460640232085333,-2.3704501490531733,-2.537908475357092,-1.431025564696061,-1.7408144420650435,-2.4310344090633755,-2.57902480770808,-1.06464982372522,-2.2197110422167152,-0.7622520046521208,-3.14793868565095,-1.1643633954095702
GHOSNRCGJFBJIB,-1.3034939040197613,-1.8815633089954507,-0.12796549002327878,-0.9273126767248654,-0.8661024233418301,-1.6556585475566858,-1.4641693507334452,0.09267842723285778,-1.5278392705611243,-0.5239001413967553,0.37671682432897513,-0.5159036606955605
GHXZTYHSJHQHIJ,-1.3329558914763358,-2.192405113099477,0.6941133645436811,-1.037308953208782,-0.9459471605628578,-2.4367393915865976,-3.1021291404106295,0.5182921338336428,-0.7721587088463138,-0.4033598287502896,0.4173640344098623,-0.41654256374301873
GIIZNNXWQWCKIB,-1.3516577559225367,-2.359339218594198,-1.1351090502030614,-1.3670882718499466,-0.5051701199038342,-2.040524850573718,-2.680666597329151,-0.25114529668523505,-1.4501536282844398,0.19317230637248098,-1.0417530760713571,-0.9090812665486344
GIJXKZJWITVLHI,-1.1796645505386751,-2.300565710895816,-1.4672756368405016,-1.0925377225635156,-0.40948234312597165,-1.8140257742267585,-3.198616657991857,-0.2663997022387601,-1.7096410632509378,-0.5657378164704279,-0.4988276113833754,-0.811363119671388
GJJFMKBJSRMPLA,-0.21712135968932111,-1.978936250067245,-1.7945074389495628,-1.1807208293817495,-1.0253001994930684,-2.720756733568941,-2.7993552876474377,-1.0080901262461877,-1.528263429668336,-0.7114696988112964,-1.3860061383579743,-0.9626928992789321
GJPICJJJRGTNOD,-1.1995119775384093,-2.2441143731067794,-0.42926999304606184,-1.4183294679290492,-1.0667497156143042,-2.4971573280418684,-2.283557874178215,-0.16482631394532063,-1.442301634741861,-0.5922408031743647,-1.231308563431383,-0.760498315969185
GJQPMPFPNINLKP,-1.4639257621412174,-2.37588381063951,-1.5406182781523812,-1.6178983058819978,-1.5521561307164884,-2.770782148419932,-3.1721346658271123,-0.5288993012103109,-1.2325516289004752,-0.6859676469127161,-1.8286876748676781,-1.2033014775934108
GJSURZIOUXUGAL,-1.7046115337134997,-2.4505653177419826,0.8851079966862935,-0.9998663694894481,-0.9930910463543392,-2.0455385675344964,-2.734901074675874,-0.3197210416429572,-1.7717095408516659,-0.2209247519570588,-1.5222412364815199,-1.1384134775611183
GKCBAIGFKIBETG,-1.1914904809410876,-2.097535217236031,-0.19073518852910787,-0.8151751591262044,-1.289417389951006,-2.1704911747187983,-2.3327962582819652,-0.30923620834254556,-0.5677961081570907,-0.4458161248311866,-1.0596880946541005,-0.5490760966321178
GKIRPKYJQBWNGO,-1.1516287175591802,-2.0241511534667898,-0.2612633390242888,-0.6606580591129899,-0.2548689159613123,-1.7645865382144776,-1.5872962418167855,0.8803775258060109,-0.3474628453215878,0.6737292210368238,1.554013500404027,-0.02811901906927114
GKNPSSNBBWDAGH,-0.6064770534260089,-0.19110527041198144,-1.5955001936037432,-0.9659631743338983,-0.09266000014941893,-1.9032411894593855,-2.4512160024458804,-0.6229378360671706,-2.075751101947507,-0.609169565474352,-1.1426006748464848,-0.8385440129525552
GKTWGGQPFAXNFI,-1.1635297716288446,-1.9882689911532774,-0.12914709349742248,-0.473253124064357,-1.3039504315804347,-2.0526092030847107,-2.748090407917119,0.1883709720764331,-1.4228810897470818,-0.4883298432218906,-0.7504251027540558,-0.7794565470783894
GLVAUDGFNGKCSF,-0.9936605574295856,-2.3896714832545713,0.039671297609680245,-0.6512070360431652,-1.076627625736638,-2.7010537213737207,-2.9033212272159847,-1.0139596637025463,-1.0634964774633207,-0.6727641711364389,-1.8962507547118916,-0.9104286258347015
GMHKMTDVRCWUDX,-0.6883769737533686,-2.2521452687942243,-1.8504010248370801,-1.6195688397003005,-1.5264740149862481,-2.8330448388102822,-2.8403923825198363,-1.3378318488445493,-1.981925217441958,-0.7529956979406169,-1.464159481383726,-0.9450617016508955
GMRQFYUYWCNGIN,-0.27257295164774886,-1.22886686857935,-2.3374731835868694,-1.2936308548898752,-0.4380683671078504,-0.956429910861996,-2.7119462610316036,0.04873411558315545,-1.534714422425318,-0.22669772431790072,0.8366039907660765,-0.8637577474984894
GMVPRGQOIOIIMI,-0.777075690454617,-2.0842636789149127,-3.857068833764531,-1.4489780451855088,-1.4747954323619303,-1.4491650765582726,-2.410050518699437,-0.5367143088748433,-1.7288982234623262,0.3764571024545104,-0.19572785552202449,-1.0946372876809756
GMZVRMREEHBGGF,-1.1761658051872694,-2.417660588578877,-3.9914901867123014,-1.921021102511177,-1.8617887426366582,-2.2313446970473074,-3.081015537689224,-1.9493851234534652,-1.930171381117268,-1.068654140716207,-4.087776682206047,-1.2495386157807808
GNUXVOXXWGNPIV,-1.0429539926838065,-2.1692352945251208,-1.0131081933304513,-0.8778307410070773,-0.9353197022105215,-2.4417709614151275,-2.5649377227278403,-0.0032185343869686927,-1.5329503232433515,-0.11046733824279635,-0.7475637143340959,-0.7671202301108042
GNXFOGHNGIVQEH,-1.3967042102230431,-2.440697612204855,-1.2897707188227432,-1.0222645003995379,-1.2469778911810014,-1.8464639802698561,-2.7502311094518137,-1.0812557980232136,-1.746050288525117,-0.6158148318900946,-2.0354389223426748,-1.081684015255063
GOEMGAFJFRBGGG,-1.223248808265764,-2.4239590013714922,-0.42516751894790494,-0.9884461904538815,-1.0327432510433736,-1.7995378639618773,-2.062890243007543,-0.6771459384198922,-1.211970900104008,-0.6556842364545058,-1.7445087489895879,-0.7622529863498408
GOTYRUGSSMKFNF,-0.9252900436605671,-2.332688211326448,-0.8524210051298047,-1.5302842811686859,-1.1295318767412472,-2.3205758530626333,-2.228281641359653,-1.3174128841254547,-1.3715725585969725,-0.7826295620895812,-1.6529094158014963,-0.3708658972969007
GPRBEKHLDVQUJE,-0.9593120218021794,-2.1348988003175386,-1.7952031911353061,-1.6363667501336394,-1.192888897792643,-2.1469556997165102,-2.406951066117374,0.03923630342678909,-0.6344052054081332,-0.6726443546700331,-2.410394915972668,-0.3112071600163753
GPXLMGHLHQJAGZ,-1.2528598132768942,-1.9354342053276923,-0.9766793333144579,-1.061958577480087,-0.13130831068378435,-2.189482585131502,-1.3095320402708885,0.20962456801853208,-1.7133779440312495,-0.6509320325257704,-0.8168154607291566,-0.40941831632100706
GQGRDYWMOPRROR,-1.2081924530668122,-2.062746801184637,-2.3643027408022808,-1.3160272775584676,-0.47493585933590504,-1.6452141705485945,-2.542006527925859,-0.39237153954948245,-1.7157433134313715,-0.5548761007444915,-0.32693797339480934,-0.8789668158229574
GSDSWSVVBLHKDQ,-1.1513255307595345,-1.3818646894843445,-1.2800461024862828,-0.6767473095585923,-0.9998591063305451,-1.21463231616979,-0.8073888623805208,0.21964251443455304,-1.4324283438039969,-0.6398021563137015,-1.121314941740363,-0.277809690531718
GSNHKUDZZFZSJB,-1.0863496741598937,-2.3293567375810706,-2.5160106882312188,-0.7766637460467617,-0.29209691849235253,-2.8812457933742928,-3.4478204416650327,-0.5786730904735579,-2.1770823218014486,-0.702903400521451,-0.5063821357013054,-1.0605505325646696
GSNOZLZNQMLSKJ,-1.4763582457319882,-2.377918431046436,0.13972959852137318,-0.14776599775012098,-1.3689954198821503,-2.8226110810347183,-2.2852732627327463,-1.166445809299322,-1.2736096019016219,-0.6613486542909888,-1.9849667930940422,-1.2376054366254379
GSVQIUGOUKJHRC,-1.2351087781556471,-2.4078290154859396,-1.102146093477587,-1.179557110122752,-1.1348174300657081,-1.6667903313364132,-2.6804592119579773,0.0686909217092629,-0.6507499839228749,-0.5802866326165304,-1.438444562612786,-0.8399024000708553
GSYQNAMOFFWAPF,-0.8684431023752872,-2.0497653565770673,-2.155621930226037,-1.3714021334149484,-0.9939074046516827,-2.491271070830841,-2.203310359543956,-0.7844787177627837,-1.628667077716023,-0.6663546697021414,-1.5790046346086177,-0.6393808526747189
GUCKKCMJTSNWCU,-1.0833792903653625,-2.323938608620301,-4.33511858618282,-1.944719052338104,-1.1490522841668702,-2.281861299567164,-2.991874921697856,-1.6330046132701186,-2.0516838394400434,-1.0145123157692977,-3.203490315799883,-0.9958866455447484
GUDVQJXODNJRIJ,-1.1920219033876354,-1.7120548736628638,-0.6361834818591541,-0.7678599261115424,-1.2377859536410605,-2.4034392052532647,-3.094676387187688,-0.08876207261182217,-1.7713513099479736,-0.5573810136535985,-1.2427906351163749,-0.295128714572818
GUGOEEXESWIERI,-1.1699099234059018,-2.1583858531512465,-1.565182837718487,-0.6652888607336425,-0.6266098811630216,-2.28414653840077,-3.369909946650881,-0.19178082753425618,-2.275938811111055,-0.5080531432687657,0.10419967228178537,-0.8577056009531211
GUHPRPJDBZHYCJ,-0.9447142943513273,-2.0166993066004713,-0.11888338039857255,-1.0717676229103625,-0.4634807460487587,-2.1770912741369104,-1.401725384460218,0.4605546186099708,-0.7776385150176645,-0.5752387692778977,-0.18884289161942136,-0.4686932532186495
GUJRSXAPGDDABA,-1.3927177848469658,-2.3371479378154447,-1.3194860840649758,-1.4262504612921976,-1.4876696571317254,-2.472810170806151,-2.064080217836175,-0.3973040047240915,-1.8209652952714255,-0.5966511204084686,-1.511496914931064,-0.7798072945605179
GVEAYVLWDAFXET,0.46344083291514726,-0.6768167426056767,-3.437229206791279,-1.3620076406417205,0.06365435879394063,-0.4896681185124074,-2.664399761823109,-0.3504064855795873,-1.8614935763112055,-0.6667004934644483,-0.7294060920879292,-1.230271419117648
GVJHHUAWPYXKBD,-1.371364856907768,-2.4250499494199156,-0.8892570158322786,-0.9837775443949305,-0.6640766146895232,-1.1377605883131874,-3.075626951762069,0.2732388825262712,-2.2601216282736702,-0.4147707934569343,1.1198900071589684,-0.927870313541609
GWOFUCIGLDBNKM,-1.2316158250141624,-1.9834173648495077,0.9168496165413051,-0.013875915718789641,-0.24953167715762392,-1.3604645875021835,-2.40211964137457,-0.08900854716491242,-1.2763839058407758,-0.563141590947486,-0.8423709897608791,-0.6468488751986807
GWUSZQUVEVMBPI,-0.8688852227712458,-2.2465366805791547,-0.5931518276895399,-0.9991531793506543,-1.4860942934459507,-2.1769809793445942,-2.85550478521578,0.17797708590397376,-1.3991254520216576,-0.5941394342803801,0.016169512892769116,-0.1766046906741515
GXDALQBWZGODGZ,-1.1301281287677054,-2.1349241782070836,0.35752566207158476,-0.5918395726500003,-0.9245480200973332,-2.1813821123581065,-2.228051818949114,0.6199690658094557,-0.6738655329445395,-0.5205063826873668,0.5274608480673377,-0.7008044247961501
GXFAIFRPOKBQRV,-1.1573583216088044,-2.155612788079599,-3.4023013129916335,-1.828558879832872,-1.206482306845242,-1.9597137112279626,-2.330612059045532,-0.96542800942617,-0.45902330307725736,-1.051701483573599,-3.290264746367327,-0.7259897026045778
GYDJEQRTZSCIOI,-1.3372180875891186,-2.3779078385924852,-3.8155678317093216,-1.7179474971685804,-1.7824758398025895,-2.2480636782232755,-2.679656417645634,-1.553460577875586,-2.1830548977135846,-0.773153656621251,-2.4954330322013454,-1.3829192182499008
GZHFODJQISUKAY,-1.3280154832602424,-2.0262384681132404,-0.9544448525628624,-0.27963832933162364,-0.8916823446698859,-1.7887884562448724,-1.7258261070758678,-0.37693781236670393,-1.5816869853451918,-0.5924604892171376,-0.4384110166189104,-0.8310399578282752
GZKLJWGUPQBVJQ,-1.2530194341613854,-1.8336015243941879,-0.8824856788028368,-0.785406661288639,-1.1866396350157649,-1.85406317020185,-2.3075855536154375,0.3243233960470742,-2.1068448717298747,-0.5891049512772871,-1.0420401072564824,-0.48971914823446355
GZSOSUNBTXMUFQ,-0.9980836214977353,-2.105691211305707,-1.402088035677818,-0.8435026597996609,-0.5079359481386383,-1.6883941513738556,-1.2074355279582736,-0.014842365460786067,0.004375996835083024,-0.5242563917771007,0.27486516263753963,-0.2563855673704877
GZUITABIAKMVPG,-0.9599328770602441,-1.3670541312487283,-0.13291019015437555,-1.087628417489283,0.11947535201091346,-0.9573316973007369,-0.33186957285179586,0.7155591854164141,-0.05038288481669144,0.06095400497561042,0.941064591154416,0.25830478982139327
HAPOVYFOVVWLRS,-0.7567192979316365,-2.410341491400409,-3.3155039223922382,-1.7595628990042345,-1.8253996729817885,-2.386194335527808,-2.824657331547942,-1.7736539345966962,-2.220876834715903,-0.9650288826181732,-2.4865025583543696,-1.0402277490077143
HBBVCKCCQCQCTJ,-1.2106121410239516,-2.2958408771088794,-0.8906707325725552,-1.1359963458935967,-0.5555382202226768,-0.7758621223665804,-1.5959159807942591,0.2287160976815902,-0.980091727926573,0.41131670007991483,-1.4894250341628699,-0.8241738771494808
HBNPJJILLOYFJU,-0.7938927108531222,-2.144497450665217,-0.6801597054779106,-0.378860249216895,-0.6958199891359373,-1.6417694042746573,-2.174829775628051,-0.44857391595436036,-1.906390763576179,-0.5944205906333436,-0.060677854792284575,-0.9970401120788965
HBOMLICNUCNMMY,-1.3836668345760996,-2.15981737631512,-1.845389606284027,-1.5618200104541944,-1.5107629600930883,-2.2167874116711697,-3.266591562621078,-1.096438059682737,-1.9878178491345966,-0.8186302110546133,-2.577373474676964,-1.0607708820749568
HBPDKDSFLXWOAE,-1.3871416179235694,-2.3973626809231323,-0.9384289912454238,-1.4759495507534885,-1.7571427795073415,-2.7476560437151405,-1.8621551045862164,-1.30920761208731,-1.5113660640560789,-0.6422411083757755,-1.7062630772882654,-1.2248913460080468
HBUBKKRHXORPQB,-0.7991277099178435,-2.0954464729440043,-0.28379796562481324,-0.7571762468766036,-0.8762712072310087,-2.1920096858720783,-2.1954284170445955,-1.3409205448484849,0.1298067415861821,-0.787470296636545,-2.033757858789179,-0.7116605856761758
HCFDWZZGGLSKEP,-1.0393185299420002,-1.876887883719521,-0.8184755456275917,0.04320527537915759,-1.0843781197765947,-2.298005965545867,-2.764441178303534,-0.9705834057771436,-1.7456100316127574,-0.5839998644597292,-1.021569149034456,-0.7392052094685305
HCIBTBXNLVOFER,-0.39733933276429606,-1.2464162647601251,-0.23432622015098983,-1.0493693728977482,0.95994367048814,-1.5646331858329496,-2.188427947059435,0.4245181000471985,-1.141603546912429,-0.3283737067136353,1.8939762140554066,0.19141138074785685
HCRKCZRJWPKOAR,-0.9851256366789007,-2.0325016981922945,-2.0180514922533583,-1.4955312098039228,-1.8228311814196694,-2.468951163875478,-2.243008952158174,-0.5118273298171374,-1.4825008291623918,-0.6212094832647337,-2.1414446980808783,-0.6310140169243046
HCYAFALTSJYZDH,-1.2798628852455678,-2.2654913114155035,0.5008780305644495,-0.9403548913899713,-0.9465794132634449,-2.6959008575270906,-3.5100883902973807,-0.006724978996270151,-1.5377536676576538,0.4510055621577549,0.32237199624817797,-0.5489276226638704
HCYFGRCYSCXKNQ,-1.26874464696874,-2.231613435186056,-1.5774092901797492,-0.8429593839164885,-1.6005270274707482,-1.8922054957602663,-2.2877491745335603,-1.558891700319637,-1.581188724064309,-0.9068395920503958,-3.3443464948876156,-1.385505173506586
HDACQVRGBOVJII,-1.065355643747926,-2.3249536440866154,-2.6690676136888905,-1.5437593701716825,-1.1968297908078813,-1.7247907841331518,-2.3517800858193487,-0.7611252382714844,-1.8890971195181963,-0.7443892394476663,-1.527936491622076,-0.8691825424716946
HDDNYFLPWFSBLN,-1.2679700475382214,-2.380484261375609,-1.6872831105743895,-1.3584438343761989,-0.4350384181609449,-1.7726118189261058,-3.0422074835987956,-0.49859804099239424,-1.6033237201459773,-0.6306069829821519,-1.2587262406834876,-0.9661856830328177
HDDSHPAODJUKPD,-0.7542554278295788,-1.9917502335209547,1.9547195032985034,-1.0995248453031887,-0.43828944661209895,-2.477936283425067,-1.7318046538589515,0.7574096648841752,-0.46184558487497585,-0.5003679732483292,-0.5316076342965406,-0.3891185705261436
HDOVUKNUBWVHOX,-1.2701058083249908,-2.1694454091967303,-1.1837430705639453,-1.361319368493345,-1.4701752674063524,-2.302256095578642,-1.980051915464664,-1.4866454498190933,-1.3085974378498386,-0.7978833709748564,-3.214535883311553,-1.2126696740419955
HDWIHXWEUNVBIY,-1.1693958017328345,-2.0096925992619523,-1.1587876635302836,-1.3954339716287094,-1.606200087463585,-2.4513106196936447,-1.575589397241023,-0.5626171340341366,-1.482325245882825,-0.6370273064645493,-1.1119718173283646,-0.6657175976762671
HEFNNWSXXWATRW,-1.387069756973314,-2.430137078251229,-1.3012701382063632,-1.2213937022882515,-1.0708343870514858,-2.097059506048539,-2.1399440430118766,-0.5331020791686979,-2.297617836411646,-0.5466839212519736,-0.838513487160199,-1.1249143993516026
HEMJJKBWTPKOJG,-1.3725412348609978,-2.3895934621565673,-0.7176024252960049,-1.1422610453972037,-1.0052767450757796,-1.3548059155222008,-2.1960648391464734,-0.026336374127157544,-1.8772069390930695,-0.5285713195791713,-0.6186382660114046,-0.955762603162168
HGBLNBBNRORJKI,-1.1256212382384407,-2.3963779628831636,-3.5725334078620654,-1.6310528229532815,-1.302826121866448,-2.3642153989205963,-1.8005048012134077,-1.0901747379930835,-2.1092353393509318,-0.8424344226985856,-2.636583337141867,-0.9437289929718735
HHJUWIANJFBDHT,-0.06646165221814697,-1.1535571716164852,-0.9794152668496522,-0.8547148247868286,-0.8188522063991461,-1.32215626254436,-1.5969826883121918,0.32023268932081517,-0.2807777469569753,-0.48767705474709555,-0.0278465561249857,0.016483471045000343
HIFJCPQKFCZDDL,-0.29277236245628724,-2.0125980819177243,-3.1526853048610985,-1.2377628524467872,-0.7208246756541544,-0.8843813311676918,-3.341891472196873,-0.5392786735232767,-2.075186199528853,-0.6538444866633091,-0.6796474215710592,-1.2234744358089773
HJLSLZFTEKNLFI,-1.386849516684509,-1.9632694171350336,-1.620594195122409,-0.9027096606657584,-1.6943448029822825,-1.4326158716114112,-2.0641580063871396,-1.5414619909833733,-1.8402335888875248,-0.8111135913411595,-2.2677432625347684,-1.370332643986349
HJMQDJPMQIHLPB,-1.2433209860911179,-2.2689998647638694,0.18743524745616896,-0.8944693869436968,-1.1157963596726659,-2.2860413194467566,-1.7980393172710736,-0.40611334134747695,-0.3744042099060637,-0.6019506105716935,-1.275442569710355,-0.6376400651632119
HJORMJIFDVBMOB,-1.083333208357221,-2.229900257868067,-1.6670302408678914,-1.4873766564438524,-1.0652527474752655,-2.4174010469438083,-2.696753377411224,-0.6441082093324583,-1.375454285141233,-0.5971320174571283,-1.239789734651072,-0.39739515933969977
HKXBNHCUPKIYDM,-0.1810008323326851,-1.1728003066757402,-1.9780530666492298,-1.2435813817550148,-0.4031190591041792,-0.8265582534880305,-2.488042605112991,0.5415905595681818,-1.0377870756111394,0.5439682872202007,1.1194178056645896,-0.5498528354705066
HLFSDGLLUJUHTE,-1.5123864189226883,-2.2849208398191645,-0.7238872564906018,-0.9513702585628829,-0.9940808152072345,-2.635291164209355,-2.8318597488082315,-0.639633035150421,-1.3384037882662074,-0.5436433302129442,-1.6292351009254962,-0.8664165529037686
HLVVITIHAZBPKB,-1.101354972368762,-2.1243140493321535,0.843579183930328,-0.8139656081105765,0.45813771597892805,-1.7811701531398807,-1.7722275009954267,-0.12871632582153145,-1.2892638467595634,0.18827108838072096,-0.18772238367368857,-0.3118063872361962
HNJJXZKZRAWDPF,-1.1906612102938325,-2.3584632972718236,0.09182808414332548,-0.4891204797423929,-1.4151889873596935,-2.900962219230215,-2.0512913408072158,-0.5823979896159125,-0.7572306819193243,-0.478649996095152,-1.0414678140811773,-0.801591726636964
HOGVTUZUJGHKPL,-0.4106905732730198,-1.4499421677592916,-0.20049582691150925,-0.9764510318075266,-0.5016410071057752,-2.372006756214782,-2.6249792531061638,-0.1399426423082261,-0.20689544823146053,-0.5541322581015174,-0.7003978907771532,1.0802941081838764
HOMGKSMUEGBAAB,-1.501387034216635,-2.3684594726899024,-2.162956224355688,-1.5027927933773053,-1.8687576540033426,-2.712794175413019,-2.201267261491852,-0.4577665943312511,-1.369624468398299,-0.38989162523447096,-2.4116663704360546,-0.8993524195639102
HPHUVLMMVZITSG,-1.1317123121949715,-2.364667732650704,-4.093459096435813,-1.7802252043426723,-1.7579808827264127,-2.133998237235007,-2.4985769733129346,-1.8585574805044869,-2.2264912130474657,-1.0286272266533276,-2.7888002499940274,-1.1878308162308386
HPJKCIUCZWXJDR,-1.431301950936496,-2.3420930929842116,0.7869479807605025,0.5441607915611748,-0.7746115177624072,-2.4811432101980686,-2.6950404482462456,-0.14084236767711356,-1.6221303647319354,-0.5618529604851048,-0.4468400704682953,-0.5341523481800241
HPMRFMKYPGXPEP,-1.6707987578335015,-2.3983092077655455,-0.5602521822656764,-1.0542471380302887,-1.258909995341863,-2.689665082851235,-3.4260626295505245,-1.1047546511634452,-1.0963495825316532,-0.7478817949222638,-2.4859213379242195,-0.96553982822208
HPNSFSBZBAHARI,-0.962064750478461,-1.7564275474644173,-1.8654259555415718,-0.7957923622195409,-1.0272780211807104,0.17249336214022992,-2.7958035308134113,0.14357964647312751,-1.0084036737586277,-0.5272973039481959,-0.7612561281870945,-0.28164617085734794
HQFWVSGBVLEQGA,-1.4182891347513022,-2.4126029146917096,-0.7047243349042982,-0.38429120563514163,-1.1066466761610438,-1.724309539689156,-2.5662028204472307,-0.42100747481216877,-1.168666490694942,-0.5606072406071305,-1.4400534541320913,-1.1653503408222965
HQMNCQVAMBCHCO,-1.3223753456360583,-2.246656481836438,-0.21789373376549823,-1.0488182909791723,-0.9196187033337244,-1.1728741138095673,-2.035374264334976,0.79118404445041,0.3843380931600474,0.6181385401106894,0.48014071771254285,-0.23569153222445935
HRRBJVNMSRJFHQ,-1.3367512565494069,-2.0349605133676323,-0.06526027843251128,-0.9952555342054207,-0.9630095154775328,-2.5557986645011814,-1.7057161056248946,-0.03512344197090139,-0.6692201951327317,-0.5367852976776728,-0.7190607262048484,-0.4706016500230962
HRSANNODOVBCST,-1.4633067410417138,-2.2961759993035513,-0.1625154007624698,-0.7824898644502383,-0.32778537815222963,-2.218592789935094,-1.3272727730251082,-0.660726150074006,-1.1088643372858717,-0.5757259456325754,0.11852260122183624,-0.20624655370123918
HSHGZXNAXBPPDL,-1.2069549389036713,-2.2206974695447093,-3.1134050828796394,-1.6070071634728829,-1.5032436815380796,-2.427075412887353,-3.0994520884330736,-0.40694371463663837,-2.059588786560905,-0.6688565048571552,-2.6778660933269918,-0.46001142554398455
HSHNITRMYYLLCV,-1.1358903262589504,-2.1212895607573206,-0.858510726978488,-1.2407764339309866,0.27656628467335564,-1.0965254686818806,-0.5583057159064441,-0.7136574801915563,-0.9495702348161912,-0.46691799740844037,-0.4548083407910314,-0.6624594755705682
HSMNQINEKMPTIC,-1.2441335884506417,-2.395896128436153,-0.33206391293712284,-1.5157233333701272,-1.2953897612707104,-1.950409545058772,-2.6680633026566722,-1.2237314842417977,-1.5896096224689689,-0.8167985627664854,-2.526352555819402,-1.1589611342471873
HSMPDPBYAYSOBC,-1.2325421737323725,-1.7284135987647304,-0.07686879247261418,-0.8347469921070462,-0.7532296822180595,-1.9884077236838014,-0.7609670811498808,0.3960420559841665,-0.5594777257205823,-0.5043601477621642,-0.11682071695896691,-0.04131008319165793
HSRJKNPTNIJEKV,-1.3745507341475747,-2.4489917609136103,-0.8585410639090614,-0.9932199127671845,-1.2611081437953715,-2.375025541852035,-3.101169902483892,-1.2463175798667803,-1.6741196209551714,-0.6281739833423717,-1.7561083052330224,-1.1767569792975479
HSUGRBWQSSZJOP,-1.1770747369546102,-2.3138850690724238,-0.5322784921401205,-1.043136365591545,-1.105755790373693,-1.8723830710328473,-2.7663442391166337,0.07847796843215404,-1.1479478844335715,-0.5003415096683789,-0.3202705119623967,-0.5302986057599436
HTGCJAAPDHZCHL,-0.9600801360068099,-2.125240204316804,-0.8389553605728314,-1.2000828401904793,-1.044328778684752,-2.4272855603051684,-3.2389360345629195,-0.07572237752924635,-1.6645909778612167,-0.6177926947692453,-1.4018216919833153,-0.7114480762661036
HTQMVQVXFRQIKW,-1.2301245007242398,-1.9674796816649642,0.16869328006463585,-1.1468627675202452,-1.3254767522778352,-1.9746774171316777,-1.027755025390913,0.1736952100859461,-1.720819014388898,-0.6018989136031697,-0.9938687726967964,-0.507128198503213
HUCJFAOMUPXHDK,-1.5660818753738934,-2.4463670234897554,-0.8164135040699123,-0.8675921488818358,-1.3399320235603982,-2.598509062608432,-3.1871814244208716,-0.5432950963370111,-2.3029738143755445,-0.6099756036381164,-0.8860058868084694,-1.0961006608332924
HUNIPYLVUPMFCZ,-1.3167964305300663,-2.3898467294557184,-1.1621867886774602,-1.1391404950008766,-1.1806711896545696,-2.6248059025771875,-2.517785741159061,-1.1888224519772213,-0.6958006077687913,-0.6853870634671373,-2.3087042228679255,-0.9725189711030434
HUNXMJYCHXQEGX,-1.017947465546988,-2.2001739831026295,-0.026527776103293616,-0.3845002344133511,-0.9450967039075777,-2.263762296685383,-1.8655977282487997,-0.5785299474438549,-0.8280588169217278,-0.7356487789628623,-1.3461801832032414,0.31080913340879557
HUPFGZXOMWLGNK,-1.2511242914767942,-2.0226252395813558,0.049869532368657335,-0.438027800617252,-0.4920081797628001,-1.0683745170481391,-1.0197699618491691,0.37511300362107086,-0.9810143909265974,-0.5439799943268544,0.1143140480661461,-0.5584829882656047
HVFLCNVBZFFHBT,-0.9812182912553009,-2.186410609292623,-2.502978497457883,-1.5428779403822164,-1.2420013377655865,-2.0013837353442545,-1.9327371957065862,0.015495729561307268,-1.3530463956008274,-0.7456116986632799,-2.929419631978462,-0.5067595022760549
HWHLPVGTWGOCJO,-1.10531258824636,-2.1951126185212035,-1.9514934722864739,-1.5019648282463887,-0.774800453901622,-2.302261820552883,-3.2565814733332235,-0.5794771290934688,-1.9179117158604186,-0.4893171507505778,-1.0336548156735343,-1.0674909017792455
HWVNEWGKWRGSRK,-1.123747922419378,-2.090846397216211,-0.1454840680499713,-0.20864129585484642,-0.3952482333530916,-0.5301305304272881,0.9459007013714388,0.5343624308792406,-0.8090915426755755,-0.5163739560456639,0.44368507936506985,-0.4736795641550264
HWXIGFIVGWUZAO,-1.3353675492996575,-2.160889211243669,-1.5265980593395825,-0.8909039468960824,-1.6878220797962085,-1.8942521496484355,-2.0848156670929736,-1.446019361856473,-1.2184403571215112,-0.759130488130011,-2.8897810892539164,-1.2102138287892725
HXCNRYXBZNHDNE,-1.0589295982351987,-2.1248119586138547,-0.9376669162736893,-0.7844812325848153,-1.251022969482461,-1.6068341010243405,-2.7906231253861056,0.020787808819932904,-1.8615186589979826,-0.6337533282837412,-1.2175288826849027,-0.8885439436812211
HXGBXQDTNZMWGS,-0.8263862825522983,-1.9182652780614673,-1.108436136053992,-1.2983228959872162,-0.9243409520697311,-2.227411142506909,-2.835012341469043,0.1724382299157411,-1.746854446725306,-0.5085435381205812,-0.9493657912765487,-0.45151203740702556
HXHWSAZORRCQMX,-0.7760409153080694,-2.0817555423725724,1.1726589273035921,-1.1216067078855168,-1.050646962561559,-2.3563092897970526,-1.4970119283164571,0.557473517038046,-0.5915087294413909,-0.5239616404519918,-0.46408203334868303,-0.5270832959912088
HXQVQGWHFRNKMS,-1.3696734568676303,-2.3422159479579667,-0.36944232985810194,-1.2802216851197237,-0.541391507726419,-1.9476294499042184,-2.2951490917169224,-0.5572196705508766,-1.690799720017207,-0.518382436603716,-1.4663138628866803,-1.148347338455425
HXYVTAGFYLMHSO,-1.354436222121963,-2.3578851482615404,-3.077162232484967,-1.0957377840383293,-1.4534202182475835,-2.604235762328925,-3.3141741474913866,-0.5739790089204378,-2.136911398860398,-0.4550873739608493,-1.0597751742949653,-1.0148035943642757
HYFHYPWGAURHIV,-0.7760870333687185,-2.062873420508196,-2.0483104105322463,-0.9876834335454239,-1.2259733719467114,-1.142195328906174,-2.2475123478952015,-0.3199035956799263,-1.4008795515710695,-0.616105393007124,-0.41310330935213413,-0.493787198410534
HYPPXZBJBPSRLK,-0.6882906327248457,-1.7386130543364384,-1.5657459124631046,-0.8532006739231752,-1.0826984062632663,-2.134982897669572,-2.5168528790114624,-0.011685891812815366,-2.164058703573956,-0.5060124353975796,-0.5049628307219534,-0.6817434185974082
HYWYRSMBCFDLJT,-1.1781426383871272,-2.340197978619025,0.06259287804597481,-1.067118934402173,-1.2897977288015707,-2.06999256870362,-2.9329713493352103,-0.14602509515141465,-1.879159569296055,-0.5192261640234341,-0.23750834094671805,-0.9640715880143829
HYYBABOKPJLUIN,-1.4391393270881094,-2.379868806283426,0.6958938284943949,-0.8907703292080359,-0.027598584917658334,-1.6984355348358573,-2.1227945063272458,0.039258842659987324,-0.7999319629810328,-0.32678692020711136,-0.012319519462992196,-1.0491559446207617
HZZVJAQRINQKSD,-1.2372493046199216,-2.104631278461289,-3.3116676802892573,-1.4105154268162963,-0.9966459598010868,-1.7075351090517585,-1.9873113718493767,-0.9514525649858037,-1.5775737392809452,-0.9317125329425364,-2.6691899746898144,-0.7791461879761219
IAIWVQXQOWNYOU,-1.003312803432173,-2.1266321513444497,-0.20684986952858028,-1.4915692054552225,-1.2047105286771453,-0.14221966669410135,-1.7540733916391549,0.623779510664335,-0.3142289318519601,-0.5534548736133461,-0.7538624395175398,-0.3951782035928601
IAKHMKGGTNLKSZ,-0.7118101421300845,-1.6514521982510475,-0.5637573799353431,-0.9917929519440116,-1.1751761652433768,-2.0673766262104003,-2.3942335105165675,0.3679968260197615,-0.18151437200877232,-0.5355882324725676,-0.3275357053726934,0.1867739334405833
IAKOZHOLGAGEJT,-1.443837360022291,-2.2893851754640946,-0.0050379627028702394,-0.6404059031000898,-0.036384988559676965,-1.691903678957134,-1.7886133589538327,0.8721045942780065,-0.9661261034288324,0.10057804281199374,2.3481076666188274,-0.42366842458288473
IANQTJSKSUMEQM,-1.562336350806201,-2.2899443126689754,0.5198568139656624,-1.0071153281365757,-0.19423362888715878,-1.791854645934784,-1.0688815925730621,-0.3911311398501119,-0.9184865807784898,-0.31260967326961997,1.7686876329945904,-0.58436358701706
IAVUPMFITXYVAF,-0.8290088274756922,-1.9779143174250318,-1.708475446052751,-1.208889586670753,-1.6243482312554018,-2.3820880657823187,-2.0356995621693397,-0.6039162930428075,-1.4692579503494416,-0.6051456720144116,-1.6690025989984236,-0.7889650088657262
IBAQFPQHRJAVAV,-1.0754104973945244,-2.1912768707050465,-3.4913235435436616,-1.7921131695287147,-1.7565463556648788,-2.813439235830608,-3.460856690927439,-1.6569859912706355,-1.832849261285028,-0.7821339975755588,-3.0494018934067886,-1.0851750819627508
ICFJFFQQTFMIBG,-1.3773236275577703,-2.3815003866373323,-0.12309228440510442,-1.3547630652086975,-1.2384742548135872,-2.596017765537079,-2.56299785788689,-0.26317094852718437,-1.2964867230605588,-0.5028231568334035,-0.9090353428833523,-0.7425553816019663
ICKFFNBDFNZJSX,-1.5405077309210904,-2.3451934103311167,0.353578768441585,-0.36542302819931705,-1.2039165746607454,-2.72186242660946,-2.6542689034812903,0.1266323627856103,-1.3761632933888508,-0.506865642360524,-0.47140151174279443,-0.7196362315797433
ICMGLRUYEQNHPF,-1.312220927596196,-2.1407652652620706,-1.032556798210425,-1.140691602445149,-1.347102925260343,-2.785162183482087,-2.2935865806787317,-0.8793768830944728,-0.9157373335056453,-0.6533234972249794,-2.015814898960037,-1.00324748927964
IDCHQQSVJAAUQQ,-1.2888382437340111,-2.2462234693656247,-0.2745045345541565,-0.8327742687527921,-1.26819545659263,-2.6712511279782625,-2.338887830370228,-0.4200394282591351,-1.1132574036491898,-0.5373262388862763,-1.2638163051501812,-0.8899278403926456
IDYZIJYBMGIQMJ,-1.1534843578042773,-0.9664715711623127,-1.1857489647910786,-0.621868234762804,-0.9871345233617712,-1.7145968423498772,-0.20210565563187907,-0.3503132543335544,-1.588815023804949,-0.6703819657329876,-1.7006493115164343,-0.6058128793337284
IEDVJHCEMCRBQM,-1.2803934794440202,-2.338962448331352,0.14887218553151993,-0.9941789143352402,-1.1683106828157266,-2.32053390447603,-1.8713156603085035,0.055322984381948034,-1.3468348552192164,-0.5607891551833264,-1.124093960098714,-0.5097748867250383
IEKOTSCYBBDIJC,-1.3955903868684014,-2.3265469375319117,-1.2619204791572507,-1.1808979342998236,-0.6385082585235271,-0.7767962676000901,-2.619790915580512,-0.17381254381196326,-1.6374935617606736,-0.6488686135693462,-0.08666916237107428,-0.7709308605220305
IENZQIKPVFGBNW,-0.893468233038013,-1.8820453208500956,0.14809674611460638,-1.172734564028936,-0.9043287053831263,-2.4109001602978006,-1.2537152217434329,0.30360375079983215,-0.2972062440230146,-0.5928817055971355,-0.6508798983773701,-0.2969326717721398
IFFPICMESYHZPQ,-1.051105625924391,-2.188771554916539,-0.7799258251098279,-0.8097570867549683,-0.5256061534237859,-2.3825227787772576,-2.65806270494356,0.1760004554757766,-1.68320014900933,-0.4565929191709396,0.666636700035545,-0.6714190881036158
IIBYAHWJQTYFKB,-1.395335732076713,-2.3319624594039996,-0.6127540732264078,-1.1002728482755635,-0.7780353419483735,-1.5214788810237465,-2.76252691840146,-0.06804548422520225,-1.9130493838409697,-0.6540718184499339,-0.7520744403952301,-0.944363583256743
IISBACLAFKSPIT,-1.3533364417324185,-2.2808235477189585,-0.31627790288962915,-0.768327288248228,1.139288707704776,-0.22300706397236172,-2.4175619116891265,0.6533067363804058,-0.4737778774970558,-0.3558987660472694,2.3480488941847293,-0.3313796505006145
IJHNSHDBIRRJRN,-1.1993988955208779,-2.2782748825558072,-0.5440032824430625,-0.5311076604438905,-0.7274389587131758,-2.6666736146037926,-2.5486081101471454,-0.2569319517651382,-1.5219349357213152,-0.526562027130445,-0.5388594008202304,-0.7636320940399103
IKBKZGMPCYNSLU,-1.3725555944258625,-2.1145452319866065,1.918408858693394,-0.6248582676362747,-1.373920698281364,-1.972944460205805,-2.8235156727423174,0.3531364412221257,-0.6161374488038102,-0.4832607695621859,0.3090642276208069,0.3390146046687008
IKGXIBQEEMLURG,-1.0507096445868218,-2.1120311341884817,-1.6030088117249695,-0.8978762167410981,-0.3953434477194999,-1.6908478158905524,-1.2535386891849314,-0.1195819583106715,-0.36399013782391604,-0.5218097713746803,0.21805256875347365,-0.2734844598891115
IKQCSJBQLWJEPU,-1.4740491332034582,-2.381336209738282,-1.2315107635175713,-1.6135271589094393,-0.8580383598874143,-2.2571235002053163,-3.4396995389117957,-0.6870326790685649,-2.0729115381845316,-0.7157639036215606,-1.4266370631704386,-1.2752057582845613
ILNRQFBVVQUOLP,-0.5666234935320005,-1.5523438727087475,0.9999792818741787,-0.4721846165660621,-0.6264910959694926,-1.6425978462762223,-0.7868265534914496,0.6083012875394695,-0.25144606387858465,-0.5375814044259548,0.013707383022288319,-0.3533101425048123
IMSSROKUHAOUJS,0.976788792326927,-0.4941547380701936,-0.43451518304092657,-1.189891603471492,1.2144343134759812,1.8614412745000486,-2.810130471927756,0.5382555919399922,-1.1428693057152781,-0.45011158331124135,0.8432984061565353,-0.3838341563852848
IMWZZHHPURKASS,-1.4778076196699221,-2.4088659265850323,-0.8178976929222287,-1.490557243402263,-0.9922337359571982,-2.3735009014642454,-2.765997961332538,-0.8364003662631242,-1.6812237116004003,-0.5788773667907122,-1.6362336540053555,-0.7456531206659293
IMYZQPCYWPFTAG,-0.6718077648712288,-1.994045401502997,-2.3838042379355753,-1.3975841226383598,-0.9628590542488016,-2.328954110626217,-3.520455316290643,-1.2155106209809663,-2.132728615365486,-0.6054806485695924,-1.561691363106867,-1.332795474368518
IMZMKUWMOSJXDT,-1.2247771370572105,-2.0973855121900047,-1.2531871501462775,-1.099529029476173,-0.4856806168337558,-1.3548790883183703,-0.36368341707532514,-0.03861801379094623,-0.8488767715225849,-0.6864567110194052,-1.7972810355785331,-0.8840096268468892
INDBQLZJXZLFIT,-1.5232013161396114,-2.329559945331286,0.8759593043665196,-0.6030164313218154,-0.8203235376842685,-2.115858621098744,-1.9680396653825174,-0.014456821932493487,-0.05955044301316838,-0.4635825676758263,-0.8823682520693567,0.22662775595442688
INJOMKTZOLKMBF,-1.4915324766730278,-2.3175518456833495,0.17070043874896548,-1.0088790501696545,-1.3560428915308678,-1.014895973114754,-1.5270494582130851,-0.0902976705885342,-1.264102489430462,-0.5248050206784758,-0.7166723530293835,-0.7476564183381985
INWLQCZOYSRPNW,-1.4228408139651367,-2.4451625683664195,-1.2985060258002863,-1.4039284385309814,-1.347586662179488,-2.6199707753197274,-3.184417109862153,-1.37928854423557,-2.1945875353160695,-0.7467986505423628,-1.6002277225725057,-1.1181911512535123
IOVGROKTTNBUGK,-1.3753553034025339,-2.353777299657817,-0.8214056293769059,-1.2210015249140311,-0.5414995698779421,-2.243764995593402,-2.787527015141891,-0.16001022422343145,-1.2361245387025577,-0.5586402518375928,-0.6976078903426546,-0.9113730138225904
IOYZYMQFUSNATM,-1.516195025186208,-2.3804328542898308,-0.8954779781427364,-0.30381250521817965,-1.0895102213131846,-2.720107635291795,-3.0671523275630803,-0.529554490492439,-1.325988265023254,-0.4991633230547676,-0.8932864325233958,-1.0453324443365715
IPEHBUMCGVEMRF,-1.5874109036483475,-2.3730166769900514,-1.4351236492991755,-1.0617794667466587,-1.534292041150503,-2.569383769611698,-2.438954643673146,-1.475435564374039,-2.0740366234477565,-0.9078361800556716,-3.1630296793114514,-1.4378473090133084
IPOKCKJONYRRHP,-1.0069647718342973,-2.259869551979138,0.28470077719039644,-1.5355090820294586,-0.9644236053593168,-1.9257530096243147,-2.590658736529175,-0.31159980926635655,-1.0117442510338155,-0.7061782014516246,-1.368603354422696,-0.8937580283586851
IPVQLZZIHOAWMC,-1.0835809588564067,-2.371248119669736,-3.7229286391662884,-1.5318744349230633,-1.386317545434601,-1.8349927942563022,-2.314473473687798,-0.8385296964131617,-2.2437897267674565,-0.7944364772843777,-1.8464440116972132,-0.9813701575597249
IPWKIXLWTCNBKN,-1.269591775852655,-2.023395254636037,-1.8684275037545404,-0.8876472937429758,-1.0831275064974835,-2.0666905127731363,-2.462370126289453,-1.2470569925853774,-1.7483327294929212,-0.7384853211757978,-2.0485596533578705,-1.2595619374271867
IQPSEEYGBUAQFF,-0.8508035855918459,-2.284629304232019,2.1524495086195286,-0.9696018235345429,-1.1290902080097385,-2.099437942195005,-2.477334675729475,0.7360599578714563,-0.6900811006242976,-0.5249196665630418,-1.0871122871746537,-0.60540795686733
IRSCQMHQWWYFCW,-1.295860213017234,-2.255194980274585,-0.8066797629714125,-1.329094477805648,-1.2000879011488306,-2.553873161521227,-2.43394371656975,-1.5192090886598493,-1.1994235946598477,-0.8821738596902231,-2.902800265066361,-1.2461475216552809
IRYJRGCIQBGHIV,-1.2083347228253674,-2.4000164898894143,-2.827052727220458,-1.4033342094851373,-1.8060888740705128,-2.511914156506883,-2.6663822350703112,-1.724707759098232,-2.154749891498725,-0.8831113838437952,-2.1248284790754277,-1.1360123887094538
ISEUFVQQFVOBCY,-1.4679768188435909,-2.4220035170936107,0.5749138397831716,-1.3027133887605213,-1.6789008902019935,-2.854960833304902,-2.8386965026468185,-1.0197469666923609,-1.967198552832914,-0.6468811682022757,-2.203268257229505,-1.3063635124043218
ISWRGOKTTBVCFA,-0.880468636938395,-2.3162920088019288,-0.2500810683041693,-0.9049263897703107,0.27912192295581895,-2.0829152070382086,-2.8766524715534643,-0.8348927071791923,-1.4872868537439259,-0.5681285543269738,-0.4354330563493878,-0.7826167827397728
ITJNARMNRKSWTA,-1.4047221603705666,-2.4060556822672816,-0.6992430935391207,-1.157482421872426,-0.5925275109231817,-2.5022484940580876,-3.3159117172517028,-0.43115455063149766,-1.6245349424915578,-0.43674120863312943,-0.8908303065863286,-0.8781697237303931
IUBSYMUCCVWXPE,-1.3540406691646905,-2.389671542284265,-1.036453753846902,-1.3545012715315943,-1.3729817129013557,-2.6139862925617496,-2.082430266390153,-1.0877764538154424,-1.2843774383254187,-0.6194855778150019,-1.6592585596534273,-0.9065241279525275
IUWVALYLNVXWKX,-1.4035361413452816,-2.40721708552679,0.16092569324252298,-0.10910517238892686,-0.22772579272992072,-1.1737386730816177,-2.369343559679703,-0.7425444352748201,-1.4147935071112612,-0.4953002285188998,-0.882692898466738,-1.0899790888649101
IVBHGBMCVLDMKU,-1.1680792789276362,-2.350391329695339,-3.1645038100361726,-1.6381150776547786,-1.0553497659662134,-2.4586693749407527,-2.8517758380373106,-0.6053208698849171,-2.035017712628565,-0.9013035137832945,-2.3969988075774458,-0.8954432664296287
IVQOFBKHQCTVQV,-0.6475655471786952,-0.5040444717121978,-1.3426053496373775,-0.5640424845949017,-0.4572970920824539,-2.0570453743258805,-2.39099212447885,-0.8041534478451724,-1.8718561587201896,-0.5626739092854418,-1.108828260694127,-0.8450197186068403
IVTVGDXNLFLDRM,-0.6494082820889338,-1.8122990016659117,-0.6816970948477826,-1.6671925377496488,-0.9830614071575936,-1.6019315135005852,-2.0361930523287297,0.07636423328270266,-0.9493814557260498,-0.6992900040317979,-1.6785498704838877,-0.3954781519331523
IVVNZDGDKPTYHK,-1.5478763523626105,-2.4256252114373673,-0.04890887009600918,-0.7250831672148915,-1.5582046045679219,-2.5835930639542037,-3.0282953166610453,-0.7620858146256504,-1.8779849884626287,-0.6200529223515521,-1.2473610845128835,-1.0363205019384434
IVYPNXXAYMYVSP,-1.4078693339950967,-2.2699350953872677,1.6041664234623858,-0.4587660878823261,-0.0626345803063456,-1.6719471667262582,-2.273853788532551,-0.7324576939045317,-1.5623693636465286,-0.48972674035817176,-0.3812174965225361,-0.2757138960716281
IWUCXVSUMQZMFG,-1.0201759702344344,-2.1819604183757546,-1.261586418391058,-0.9995901033251477,-1.1179776156615964,-2.498254671537351,-2.546577441501581,-1.5321938482084851,-1.3118959316001144,-0.8203494261763868,-2.9397199933873717,-0.7608385217432061
IWVRVEIKCBFZNF,-0.9718216095120928,-1.9947543948406041,0.2729466205771837,-0.6590960882246052,-0.520262977851822,-2.090607344640467,-2.6130540290592483,-0.08364414281798088,-1.771807193381501,-0.3626793145205036,-0.6290841566550335,-0.4675571455148697
IXHBTMCLRNMKHZ,-1.3272753393294165,-2.222403860739444,-0.223140178015991,-1.171841121329048,-0.8534059103281297,-1.7357590145339994,-2.895775395039939,-0.6788124239198555,-1.4928819946403062,-0.592413155829494,-1.2098324069074686,-0.8721422790735253
IXORZMNAPKEEDV,0.6399539423317266,0.13552317746663625,-3.312435550503613,-1.38390211803706,-0.25079123025824135,-1.1572435939239887,-1.2424019686914336,-0.17540613389031234,-0.8433512850473636,-0.6995600072187396,-0.9354401511962259,-0.7408429808448099
IXTMWRCNAAVVAI,-1.2615006921280298,-2.3443730728645926,-0.8875049155891351,-1.2692142712515797,-1.3022471611134108,-2.5973605070597245,-2.490882986036697,-0.33478030234539435,-1.0618169046469612,-0.6311305035620441,-1.636583647066914,-0.9439288236209299
IYIKLHRQXLHMJQ,-0.9837021844405597,-1.5805602171000634,-0.11890068293107309,-0.25602008397699144,-0.6036339515385967,-1.3464865710673717,-0.13390183870499853,0.9934207804849178,-0.6399268277385031,-0.38074503618804356,1.1704307019747975,0.13117353044400937
IZEKFCXSFNUWAM,-0.7737127753626467,-1.901108202015776,-0.7466545527760844,-0.8555930525271627,-1.1184579471912703,-2.7905077229152186,-2.6201181586888116,0.040273655220059434,0.5243459374061258,-0.5808443513107598,-2.302339131924514,-0.7227114984942634
IZJDOKYDEWTZSO,-1.1443700825587326,-2.2517103197837716,0.39536660686130864,-0.7641390622540014,-0.9687890937222273,-2.6410528764136334,-2.8067095544908445,0.7407735480301523,-0.609747015106184,0.06663560807355164,0.032745284367996196,-0.3276427138973147
JAQUASYNZVUNQP,-0.0785685041036916,-1.727967199229342,-0.5025314974007542,-1.5466184995221581,-0.6239657370765981,-1.3669509209405222,-3.3740142475724,0.1126543179501992,-2.312666715594472,-0.45787684106025806,-1.417353951519479,-0.9283679219916734
JARNORYOPMINDY,-1.1642282945487838,-2.1392964289050855,-0.7906332096266383,-1.4244421495078963,-1.0349353605735003,-2.5902428768992127,-3.1110209389962113,0.17756213549169858,-1.0167782841838633,-0.5494291207564722,-1.0515445087844408,-0.232243962755802
JAUOIFJMECXRGI,-1.129899705281412,-2.1175729676448007,0.27961883111130653,-0.09833929312569198,-0.3698721271965075,-1.8213993448335024,-2.8334006334897874,0.5292621140189795,-1.0784436760391272,-0.43135034807783795,-0.4364852624160059,-0.30641596729657444
JAYAGJDXJIDEKI,0.9324637568675775,0.08852924711349193,-2.82628979020987,-0.7263565977378871,-0.4988507071876279,-0.5992439600559812,-2.516043099322795,-0.1379636636136606,-0.42901998406547315,-0.5794855754317956,0.1691339092030188,0.1295519807502363
JBDGDEWWOUBZPM,-1.341838574579785,-2.4302485640910443,-0.488709605588736,-1.5564465451592975,-0.6423525060798849,-1.7719902739603248,-2.708556045375866,-0.2505610004645639,-1.569104793300548,-0.5405365002669271,-0.03330734177025333,-0.8779876743367938
JBIMVDZLSHOPLA,-1.331822904487765,-2.1047080565480476,-0.5444978159987444,-0.8085705571838104,-0.8351316277951608,-0.9867376090153067,-0.8683429911617317,0.2576844412059812,-1.2271878413652408,-0.52514046635325,-0.6363427924286933,-0.5074252015080616
JBKPUQTUERUYQE,-1.437069877747493,-2.4199081196421854,0.15934584400413224,-0.9844207403102994,-0.8675671300795794,-2.4983928293598625,-2.5164159980248266,-0.8860070086732028,-1.2741834968787373,-0.6201615138151444,-1.4109237853282022,-1.040988266222771
JBMKAUGHUNFTOL,-1.1827886193074912,-2.276120687420281,-0.9422882555095555,-1.5501816629738807,-1.57586980606964,-2.7255487399354936,-2.906646530864211,-0.7330554647699014,-1.9757765879261562,-0.6794467077342231,-1.685690397796316,-0.8088854940047379
JCCNYMKQOSZNPW,-1.1818743098453732,-1.9867898147903746,-0.16851377869805736,-0.379974851657101,-0.11709276122893265,-1.6506636222636846,-2.972842477423674,0.5343044179786727,-1.9361148321543766,-0.5122063276650783,0.36959876296807187,-0.4411384783812069
JCKYGMPEJWAADB,-1.0612137510496618,-1.5885567289446896,-0.6659180144874025,-1.411746547573856,-1.2560057391633288,-0.9405047700598429,-2.472980715430988,0.35572201884900667,-0.6225305864286834,0.22622902526624433,-0.5483376353874599,-0.356258220646367
JFIOVJDNOJYLKP,-1.425343586565908,-2.089461952813572,1.432057412805775,-0.9877771244176669,-0.3469837084406532,-1.5674126302261466,-2.3593488139632193,1.5269504974760388,-1.1346740694235788,-0.17705199551711234,2.6752627263307605,-0.2385704153623179
JFJZZMVDLULRGK,-0.874637557126743,-2.1108494553866453,0.06331454250607453,-0.937660625900401,-1.1903657499997826,-2.0953219345238803,-2.493506877872129,0.4637480545214001,-0.6684383949776631,-0.45573970228071004,0.4153071846352252,-0.5107189787816442
JFPVXVDWJQMJEE,-1.225966316167904,-2.1026543685857058,-2.47056156634886,-1.5613983051302496,-1.1058118760624187,-2.228303126303063,-2.6135297774845645,-0.10526352457823682,-0.7657558987020723,-0.6733477984873019,-2.1022869004834366,-0.3199249593446084
JGOAIQNSOGZNBX,-1.1744337544728305,-2.08971609719473,-1.3977603703823143,-0.5054464380113646,-0.6648973923910745,-1.9497701660938502,-2.4139923449709455,-0.35638604466103463,-1.8176928598858912,-0.5354977404876758,-1.0209755684556314,-0.8809589849746761
JGPJQFOROWSRRS,-0.8320473670566598,-2.0640176881723233,-0.7721374207236925,0.5914403933741276,-0.8724203823833496,-2.1500647837886,-2.651690749074054,0.4303641258902459,1.6989032284319694,-0.6398807764844384,-1.071946395610323,-0.47505753306842347
JGSARLDLIJGVTE,-1.157246429226014,-2.389733160270237,-2.6309334010525127,-1.5986519584722063,-0.9986023499577324,-2.270432352401931,-2.7392853683873675,-0.7957954398077773,-2.1030810651724647,-0.7926654648996904,-2.3267797492897264,-0.9126819302571842
JHOHXJYRVSLQCB,0.5317279618367203,-0.6130439889423,-1.2802540572572638,-0.49838614555379057,-0.4732514287890337,-1.508923580374856,-2.634224358111492,0.2709720962879363,-0.4059466800714902,-0.6328954485979105,-0.10403252082135861,-0.16800422571100793
JIEKMACRVQTPRC,-0.9145737844883888,-1.7246376093592106,0.24108881139321695,-0.252474543794904,-0.10347408516982155,-1.25163002402574,0.6771680997608769,0.4878427401888168,-0.887810625685604,-0.5175395551000845,0.8882602658103587,-0.3320431983090441
JIVPVXMEBJLZRO,-1.0507277685855725,-1.8707163511589098,-0.25467467252453635,-1.3077177938606461,-1.4846286403340276,-2.1120018018464752,-2.338790981084592,-0.700285765462888,-1.9022078738765753,-0.6999431414462871,-0.73707104098414,-0.7678058680344766
JIVZKJJQOZQXQB,-1.5694438437134244,-2.445985616780485,-1.0245419944148317,-1.0703662175147923,-0.8935250874093228,-2.833612230150748,-3.044916679775418,-1.1128798357043213,-1.7707900450913507,-0.7375665991155252,-1.7357533312224374,-1.1937239150959345
JJCFRYNCJDLXIK,-0.9826684476393146,-2.111614325020863,-0.20789178677479003,-0.9721838460054089,-0.7882416874445639,-1.6437272447586726,-3.190076683966406,0.5062165578830281,-1.3942548309733647,0.5519073802354081,0.6738884998588619,-0.060605148918236915
JKKFKPJIXZFSSB,0.9503815631967792,-0.6919100228660843,-0.8897515738067889,-1.3679694861613194,0.0658534820528064,-0.41022214650107175,-2.1411973107100315,0.11705098020563531,-2.3230437824838646,-0.5394818509016792,-0.5739529913788031,-0.947703229952692
JKOQGQFVAUAYPM,-1.528263574733568,-2.4269038789773187,-3.12446947382179,-1.598693302650561,-1.7836391714569584,-2.7219356089806936,-2.8315537948161578,-1.3972685997802214,-1.897263055370325,-0.7528820660283844,-3.627228978224357,-1.4678124193730941
JLGKQTAYUIMGRK,-1.2450049420753422,-2.0374521488152153,0.9400738303305077,0.8074858038726654,-0.5519307224862662,-1.9002952818614778,-1.1954806520513175,1.1106522246993038,-1.3871949125722487,-0.34803634435563213,1.253528700880119,-0.28987021813430097
JLICHNCFTLFZJN,-1.1767253315888728,-2.3075827075860977,-1.1420567651049467,-1.3797662760103167,-1.3280414788348927,-2.4882297138358673,-2.27449085382141,-0.43053418911738683,-1.999103466801811,0.12227183175652247,-1.2454080755660693,-1.0344548298661298
JLKIGFTWXXRPMT,-1.4400154302457275,-2.3509066996508317,-0.5761660481330511,-1.4863914402977212,-1.352905618295873,-2.8424353884123246,-3.511804396367568,-0.8117444778454036,-1.7004174315572764,-0.6985721138649681,-1.550816905401028,-1.2754591740663594
JLRGJRBPOGGCBT,-1.5483597340979955,-2.4419970798111152,-2.035561055919424,-1.5656023709114686,-1.7566441622439803,-3.196223747571871,-3.8833056633503844,-1.3510820840510136,-2.4034090239768298,-0.7344852777393835,-2.1151269704346602,-1.3494934779507655
JLVHTNZNKOSCNB,-0.7958297046756303,-2.1411466124757736,-0.27019404919963064,-0.9853839777457757,-1.6202849199833904,-2.149072890551863,-2.8335727793785788,-0.584270900582635,-2.0727703163799167,-0.5956502310198911,-1.6583745538796866,-0.7504619918716928
JMPFSEBWVLAJKM,-1.2097078789256648,-2.0124781365111706,0.5005307442148139,-0.9249033459466228,-0.5548960039377869,-1.1879864691181434,-2.3074408490642964,1.177623302171474,-1.8298933317465857,-0.3993878174435974,2.4261703519677553,-0.1667839974425021
JNMRHUJNCSQMMB,-1.0104670322532483,-2.343076863973787,-0.20711084798825083,-1.4438207865655717,-1.4279255410550586,-2.620393941312607,-2.679345507592453,-0.6735852075571368,-1.3840121438039756,-0.5918480634940069,-1.3056113167296,-1.1547583400606658
JNTOCHDNEULJHD,-1.2332493006173817,-2.318850432043356,-1.1920771684731,-1.3629611699596538,-1.4308319668729512,-2.685200661899902,-2.3166243074129924,-1.4264113736217354,-1.1123599292597997,-0.8863140047881821,-3.260574811368591,-1.2579225391108793
JOAHPSVPXZTVEP,-0.9330831088874894,-2.2369116490804797,-0.24130529299547182,-0.7242844452687127,-1.1995230073568925,-2.1055525517625067,-3.1341763283329587,-0.3665607512407019,-2.2904444589845703,-0.6563107254430508,-2.0179048853822614,-0.7648314151961852
JOATXPAWOHTVSZ,-1.3789590455291045,-2.357072934497369,-0.25188414154824834,-0.9337345892006733,-1.297853587038781,-2.3465129060016943,-2.305591235354452,-0.6587035659644456,-1.1683780088713127,-0.6722717680851545,-1.709894176759355,-0.9945962398215054
JOHZPMXAZQZXHR,-1.2395584706085943,-1.714660340544697,-0.7458184444233771,-1.0624545779026175,-1.0837303002335077,-2.2174334442596235,-1.3984633867610832,-0.6355784837830205,-1.1128705219318482,-0.6910660559601474,-2.0994349219265365,-0.8106389171763037
JQSAYKKFZOSZGJ,-1.171534868159914,-2.074097443764715,-0.6124179044690649,-0.8178034382719589,-1.031617444858988,-2.195784168721291,-2.7153470327006284,0.5321350966729538,-1.8416043486596783,-0.5106930682124565,0.0058930835801970565,-0.5641663321300832
JQSHBVHOMNKWFT,-0.843355932899803,-2.0127217380300078,-0.005606499465734405,-0.6855373781361191,-0.9950096005684994,-2.489374419242968,-3.530916612024357,-0.7360402279827628,-1.6662615765837767,-0.5501692615074174,-1.8381545686602399,-0.25685255970323845
JQXXHWHPUNPDRT,-0.6099834308320307,-1.7010714808395575,-1.4028797083300655,-0.8143976170777303,-0.7753569386110031,-1.4209490006968177,-1.5849209600944287,-0.10915390242212117,0.10115735403706776,-0.6690759067318809,0.40050504428730727,0.08274943400678486
JRURYQJSLYLRLN,-1.1959093903142357,-2.198869313016308,-0.57034090302741,-0.8002021035241762,-1.3744940955753078,-0.5100170420894446,-2.599313256898238,-0.0952433847781512,-0.9173492436134558,-0.5992851056593059,0.07403072353925527,-0.6049990495241013
JRWZLRBJNMZMFE,-1.4265223014419817,-2.319126774227972,-0.6751054065470229,-1.2309595384661753,-0.7637029364202619,-2.2881873032791757,-2.7813887559278974,0.4373811201836919,-1.3999786166394488,-0.4965606661242916,-0.06337292153305583,-0.7256400254026938
JSDRRTOADPPCHY,-1.1419528469195699,-2.315138940578954,-1.8232032493746644,-1.3672470134452759,-1.1314509576084042,-1.9189794957286175,-2.7673790515574344,-0.7160509353691618,-1.9691216460212366,-0.7224330360763467,-1.193655298238741,-0.8365435806873783
JSWZEAMFRNKZNL,-1.1579003696677888,-2.1976342507389117,-0.6121441465603561,-1.2153104577338176,-1.5012264441323708,-2.2474063022666475,-2.990969905058413,-0.005779312245659697,-1.5179198701976262,-0.6108817951412046,-0.9617239597217564,-0.635027123624585
JTEGQNOMFQHVDC,-1.4296054511646077,-2.139794064019686,-1.0903880447526342,-1.3527524075941462,-1.2338891399857816,-2.24210666068041,-1.9556315922364336,-1.297086146631709,-0.738515617234692,-0.6826483810939167,-2.6780865074137266,-0.8316808851635749
JTLXCMOFVBXEKD,-1.266259236340544,-2.272478254006345,-2.108362917008374,-1.1580257235453655,-0.9161024796192279,-1.6158360667433422,-2.4215781445261118,-0.8102035256187148,-1.2178592543120252,-0.5422282721700241,-1.622156906282563,-0.8617968308980825
JTVPZMFULRWINT,-1.3489857617044374,-2.349106589159564,-1.5250631940504724,-1.447475895520104,-1.4618301679197554,-2.742138350810488,-3.1700297751349336,-0.9974658360112332,-1.2930958956791203,-0.6683177766780977,-1.9663074124392563,-1.0177631064521777
JTWOMNBEOCYFNV,-1.2166344570451884,-2.3474548008343885,-2.9705496329555405,-1.7660329219173814,-1.0042839302807538,-2.5333882329757413,-2.9988062309014607,-1.1894575977647461,-2.2056008590073746,-0.9035446072249719,-2.8411144384001106,-0.9751623926059324
JUQLTPCYUFPYKE,-0.895847127761649,-1.9426166280475208,-0.9810120999191676,-0.504065901259783,-0.7594470251272867,-1.6534642299608024,-1.831963507313531,0.8145323544575822,-1.807472294982449,-0.44618107621955444,0.2349347331051277,-0.4470017350216858
JURKNVYFZMSNLP,-1.1766059008343712,-2.0749514551383266,0.7182055660904073,-0.6404449407419698,-0.6145837755809995,-1.1399815493371508,-2.576636640811549,0.37336643777214795,-1.412031939582086,0.5616672097046039,1.6095525723110442,0.11618373525147695
JUUFBMODXQKSTD,-1.2474203764414444,-2.3193957154916367,0.7539338582693954,-0.8028522315457441,-1.091351497355223,-2.2490753657509983,-1.7540505855292865,0.5197709670680828,-0.6094266514617631,-0.535379323305275,-0.6411968381350953,-0.5974125313527219
JVGBTTIJPBFLTE,-0.9976810648743437,-1.9287380410895734,-0.7575880128060772,-1.4989748472044901,-0.8021784683366323,-2.4271923865834633,-2.7078370969476566,0.14383035200552233,-0.8339872035274486,-0.5992981675161914,-1.6520200109182863,-0.5444290998286139
JVJFIQYAHPMBBX,-1.1523334752303322,-2.3720045492896036,-3.405728093530452,-1.0359498044740496,-1.4222705579497619,-1.9665106559308605,-2.6322309758036107,-0.7809704095890653,-1.7385039464974592,-0.4976713298650558,-0.8836176008438232,-0.8723049974645072
JVVXZOOGOGPDRZ,-1.0059770199055675,-2.205492478368227,-0.39483172620428597,-0.8952309376613226,-0.5061835127154402,-1.7735270132225962,-3.0906069526957998,-0.15971197251765573,-2.3124661836811002,-0.40944525541025695,0.5620859024613566,-0.9195308964480473
JWBOIMRXGHLCPP,-1.4966926104397977,-2.0780867410776565,0.5362396791300086,-0.41419351534606624,0.14455116342187252,-0.9121740855922738,-2.152824720847261,1.261227339356553,-1.156169613896115,0.7870305596450179,2.7264442685326915,-0.31803841710483494
JWCSIUVGFCSJCK,-1.186717603120373,-2.3217445113567177,-2.134001320128337,-1.2987426060568814,-1.1758129616285864,-2.0598387401015654,-2.237825419136528,-0.3582855583976248,-1.4871364928452675,-0.7484794686857578,-2.1212350860393907,-0.9659465097807238
JWDYCNIAQWPBHD,-1.3564557278319485,-2.434332054663214,-0.38990204940700457,-0.8207559361403025,-1.1930656744992276,-2.207382938856171,-2.97231883873377,-1.097208173205993,-1.561672754208508,-0.589243503963402,-1.3479179429179244,-1.0757307135826375
JWHAUXFOSRPERK,-1.288312310045777,-2.3066437155253867,-0.49446702898899886,-1.1831727427265937,-0.5723028883546253,-2.2188139059768908,-2.845237350384487,-0.5029565533362045,-1.5507786933936312,-0.5731300794828414,-1.3324518106394008,-0.8878630431637224
JWUBBDSIWDLEOM,-0.4759143721062201,-1.4574998867122204,-2.2541341001584763,-1.2799256688911071,-0.4351216777482843,-0.7928786076457749,-2.5172884468218717,0.19174330630100014,-1.5195571675291573,-0.018779084600629763,0.6976375689361517,-0.9712002051782243
JWZZKOKVBUJMES,-1.4039769412737657,-2.368393383916869,-1.3078524129668478,-1.3764401165322608,-1.3144795992157514,-2.4620690998706154,-2.264463451873344,-0.8100479640153638,-1.7388200841909722,-0.6545823509624843,-1.3433698789731698,-0.9707228374136097
JXDFEQONERDKSS,-1.6087165131129388,-2.4595018458482034,-1.201850130300189,-1.1284931004410435,-1.458780211187042,-2.706621531570379,-2.589945142771735,-1.49123461960338,-1.7987002898189144,-0.7798163900428837,-2.5197792587418104,-1.5119550512273232
JXLYSJRDGCGARV,-0.1308053328185071,-1.0582547828945836,-0.800166389241142,-0.6910656753711886,-0.8531913943893672,-1.361303694116133,-1.5324941734799336,0.37031345844067937,-0.4833405887482094,-0.472197299060741,0.1377748506685972,0.029660365579357573
JXTHNDFMNIQAHM,-1.3548246478731178,-2.286775838693087,-3.1966711063240387,-1.672642559576638,-1.6529142272901225,-1.7298639733407601,-2.2383555778463915,-0.28819584579151286,-2.046396070571901,-0.5427573729380865,-1.9788798487030324,-1.3329249953111697
JYGXADMDTFJGBT,1.7501244680866221,2.1762673757738584,-3.0550061034542946,-1.3273724655026202,-0.02878329120361007,-0.38249971168475017,-3.1040136495030364,-0.9098379669150315,-2.104846473888472,-0.6782309402238519,-1.7991045483634878,-1.0417043534737034
JYJFNDQBESEHJQ,-1.327216965906419,-2.4064899493407204,-2.7968337746791807,-1.6512810847159223,-1.6784594127133396,-2.4652366242448474,-2.5446091410020455,-1.776222478326662,-2.134365704119931,-0.9504565144466413,-2.3366012558458373,-1.100343352869983
JYJTVFIEFKZWCJ,-0.8030687827318816,-1.0486251104594255,-1.2337975455276053,-0.7900143242629084,0.003645389929635737,-0.7363139712930719,-0.40470122631965083,0.1423781855925294,-2.1212981993291,-0.6431501935410222,-0.9505536333870777,-0.42304539796428403
JZFPYUNJRRFVQU,-1.3960092468858512,-2.264726670813789,0.5541904686628163,-0.45433166613873865,-0.7793540524095239,-1.4793157551606404,-1.2169209716498925,-0.4104704142860667,-0.8802923584602275,-0.6453527297755655,-0.8732225466722628,-1.0333217821460803
JZQKKSLKJUAGIC,-1.4821727055429255,-2.2438294480959877,0.28411162441757004,-0.8818472524249269,-1.1321636080156523,-2.1063773058897746,-2.3552320163320615,-1.0006197754108768,-1.5046636558816304,-0.6290329356041915,-1.666153834077143,-0.3261798328040935
JZRWCGZRTZMZEH,-0.9104688678503418,-2.2438758300454227,-0.259003256535899,-0.8089018535136521,-0.9342168855661828,-2.37808775742562,-1.998174661655573,-0.059489517994501466,-0.7501480163959722,-0.5482145018139358,-1.2561869169755,-0.6617482542804471
JZUFKLXOESDKRF,-1.3142831432734206,-2.2936011269330847,-1.1456327606692758,-1.7299490668637842,-1.6967559549319255,-2.733525020130874,-3.1615293281888075,-0.7409832404589612,-1.95522227560603,-0.7050286485669844,-1.9201469702370138,-0.8385256463185833
JZUTXVTYJDCMDU,-1.4127813064517494,-2.2325627542074122,-0.35644685983870905,-0.8605616843070142,-1.5313840049846794,-1.821467367168387,-2.3218939172112947,-0.1383798213490842,-1.396386969404672,-0.5287212466699514,-0.6092578063717725,-0.44099651002825163
KBAFPSLPKGSANY,-1.3102453180216347,-1.8215216264889866,-1.3993741193401168,-0.3206888232900879,-0.6350160090073096,-1.6157895397141893,-0.7781520410986377,-0.5015903114886876,-1.5297168884720247,-0.5632767903330229,-0.8872091298206748,-0.6841073688004444
KBDSLGBFQAGHBE,0.6836784067158705,-0.6400691787336436,-2.3031167777411903,-0.8982158170455079,-0.6761310589518625,-1.507675996489838,-0.443813824505235,-0.11617785029143006,-0.6888592654750779,-0.6422398970389601,-0.8744172607949932,0.1310041826649181
KBOPZPXVLCULAV,-1.4019087261755596,-2.4154500992840626,0.3797726776295395,-1.5142012953033208,-1.1794087610186095,-1.9306536301339299,-1.625089220767052,-0.7417407169829267,-1.099470490758085,-0.6825874708084319,-1.5932552632638477,-1.1914515767255158
KBUZBQVCBVDWKX,-1.2439065688374553,-2.113557815281739,-0.09119922241088793,-0.7721586404620504,-1.559043713200745,-2.4745054683619334,-1.700024010482197,-0.4036924538313245,-0.9207856700168443,-0.6197518334669977,-1.8159102815563972,-1.065956624417083
KCLANYCVBBTKTO,-1.2910441572762101,-2.2967054268696567,-0.3464086853173995,-0.7864737962312666,-1.1363085746287775,-1.8248295726733883,-2.127664502137297,-0.6795449681862141,-0.5515856237165428,-0.5250113030487704,-1.5077833574603818,-0.8616857220467804
KDLRVYVGXIQJDK,-1.1434945476494927,-2.203222036715226,-3.5611256223540617,-1.482589859767526,-1.4930937895238912,-2.1465185514640885,-2.2000331850761268,-0.9164775512996237,-1.1826937532136355,-0.6457077616531816,-1.6786791679198927,-0.5585975139109156
KEDQCFRVSHYKLR,-1.1915499217740286,-2.1655261541737088,-1.3600494309184255,-1.4016302345928167,-1.0434970602147728,-2.4226486192388745,-3.5063833251816456,-0.3087672167564825,-1.8157622357669858,-0.6076312346142968,-1.421420671911029,-0.7682101333978366
KEEYRKYKLYARHO,-1.3678470629099726,-2.3962104219843297,0.13242620865959787,-0.8509401385277653,-1.1354932863930007,-2.042598430464819,-1.951646463375979,-0.1343911231789747,-1.4922055173047015,-0.5743947926208306,-1.0998026608584972,-0.7597467216223673
KGFYHTZWPPHNLQ,-1.1537016467433934,-2.0887874045304944,-1.0757207737068932,-1.1329117357836322,-0.753563181698379,-1.9112883004693282,-2.545125978892142,-0.18966067457736951,-0.3930534770531707,-0.6330823116059628,-1.1832766696041948,-0.22132127262288415
KHOITXIGCFIULA,-1.378979055551096,-2.3678377350998203,-0.6768905349906186,-0.08424621077447993,-0.4559228542671615,-1.9668331356107753,-2.519756637512325,0.5191040472515247,-1.4346989982422265,-0.44016022965970686,0.6553900686260588,-0.1421059585645474
KIQQMECNKUGGKA,1.212310658153717,1.9718147676474524,-1.9554095484992664,-1.1343369816393103,1.5207219461284933,2.3493371856548237,-2.2023673143845417,0.8047255474885286,-1.736896066876584,-0.46731271403967056,0.2591636054819636,-0.8032411279904415
KJADKKWYZYXHBB,-1.4522485175374331,-2.3869277460310494,-3.0620499507754193,-1.3010240559279147,-1.1648809026973241,-1.1760394004655008,-2.367515435692912,-1.422912821472886,-2.1747825329094037,-0.7200766970239674,-2.3028506205741204,-1.0708245980958444
KJFMBFZCATUALV,-1.1746164618981327,-2.146556189061032,-0.5729302661994637,-0.9930181475863826,0.7918051367653618,-0.08886511296402139,-2.4010205065045325,0.48181481891873656,-1.0910300395103196,-0.36441171325151517,1.0903721805599513,0.20402768107030075
KJHKTHWMRKYKJE,-1.0974273731078883,-2.247012926625118,-1.796411584656966,-1.5706878817375503,-0.9736179787537298,-2.149345843727506,-2.622890637236909,-0.479044022890665,-1.55522739308286,-0.7060151745238012,-0.6657694959151076,-0.7705464357101834
KJHOZAZQWVKILO,-1.646659674105945,-2.411206476292519,-2.738923491352431,-1.617282008032538,-1.878370153732038,-2.769189106490439,-3.314136806611554,-0.9910793217972481,-1.7907067542387556,-0.7194211253708129,-3.148555884622217,-1.1330823789298035
KJONHKAYOJNZEC,-0.8271112153468811,-2.257507701263815,-0.07564454065895809,-1.3370484326795442,-1.028655422151651,-2.227947138985265,-2.9503594998407414,0.33314820654028654,-1.2513634703142218,-0.6046090634345753,0.19423759693012002,-0.32664499082111637
KLBQZWRITKRQQV,-1.3189815145003123,-2.3169021945804507,0.13859620604281864,-1.0332717874915593,-1.130410402630163,-2.654155260915797,-2.705842830175061,0.4732620550028717,-0.7145076928500105,0.5243419739609401,0.32515071399134454,-0.5501066887746859
KLPWJLBORRMFGK,-1.0098578847080466,-2.16828002660073,-1.7187299823321647,-1.2593979332736558,-1.3793508077443115,-2.1053318700124106,-3.6027479447235877,-0.9600704165916323,-2.08522835761385,-0.674973627611349,-2.3122382013869327,-0.9089039122579832
KLSJWNVTNUYHDU,-1.678455641245944,-2.466728348823931,0.2101994740296525,-1.2867119401066223,-1.3912436626626945,-2.7510409135962783,-3.108989592876452,-1.6910166542078149,-1.7471968360385441,-0.8672105622932728,-3.2069589798841025,-1.4991664587952667
KMPWYEUPVWOPIM,-1.0743970161254963,-1.707982355812912,-0.5992176584662197,-0.47116985430665875,-0.986487407741228,-2.1294735936858986,-2.0344457397537568,-0.3281582411832172,-1.5778859592353833,-0.5719124748375496,-1.4615564539342172,-0.3980455995395149
KNAHARQHSZJURB,-0.7006375212019542,-2.2933139271034255,-1.6813936487931151,-1.4326592751251739,-1.5292013879602404,-2.693613672955922,-2.740968916686433,-1.0991271254827362,-2.4903015102695463,-0.6905114046593579,-2.158671326855936,-1.259797238317023
KNHUKKLJHYUCFP,-1.388332810296733,-2.4234227038580762,-0.570625851384155,-0.7670278330082311,-1.0244013126674094,-1.8187464283841153,-2.683614159410677,-0.4332095615123593,-1.6584800458750515,-0.5619929780582864,-0.43221852093808505,-1.0736887457903042
KORNTPPJEAJQIU,-0.8505531593527221,-2.157306767854195,-1.3684281044901305,-1.1787477425682984,-1.2237482765541823,-2.0582703218881027,-2.870575185660305,-0.47222155987344167,-2.2313934239211775,-0.6524495492573069,-1.8330686758849508,-0.6252789577756137
KPJZHOPZRAFDTN,-0.7077113224641929,-2.0064176497274486,-0.7547164956359286,-1.0143080198953547,-1.0622203816051003,-1.7407533561857997,-2.8590773237848714,-0.15003585044823484,-1.8168734466072238,-0.6161673107667145,-0.9468825494941122,-0.19637753336194652
KPQZUUQMTUIKBP,-1.4758634781507411,-2.09093786179854,-2.118474336040515,-0.8465928829456023,-1.2127302378687528,-2.054259857124201,-2.536396047266558,-1.5081195593896881,-2.0439177604330747,-0.8492739467282899,-1.9728801136225356,-1.3912477556146072
KPSRODZRAIWAKH,-1.2969301043127546,-2.3378408894502654,-1.2784248137872227,-1.2096716549743125,-0.9216030989950796,-2.252599583501966,-2.473403000511038,0.19207620479846582,-1.786112312395169,-0.5091139471900575,-0.27398089533946907,-0.7768996317893428
KPYSYYIEGFHWSV,-1.505480330367407,-2.3773869747560483,-1.38782977520975,-1.1131775099675232,-1.3114726039917597,-1.5905920476484918,-1.662059586318095,-0.3678784063655865,-2.3296802665016907,-0.7310098595664279,-1.6452719924539998,-1.2189106690528755
KQKPFRSPSRPDEB,-1.2693890806830954,-2.2637275009079314,-0.1560516998290762,-0.743790138734942,-1.5661847436017113,-2.14339125793815,-2.647159081763539,-0.6970171458826674,-2.287371629828631,-0.6867550566439604,-1.9330751688790841,-0.8967063759513356
KRMDCWKBEZIMAB,-1.2779824053534061,-2.094414574749649,0.4109155901211353,-0.7293337897848581,-0.7391278284379365,-1.5502040971225128,-2.7882412391088494,0.12124575891379152,-1.6633903035525273,0.3569701668374477,1.111718870158255,-0.15316488336839457
KRVOJOCLBAAKSJ,-1.1578505473163427,-2.093629906551719,-0.4055730236425069,-1.2983425165968896,-0.9634169687838913,-2.243307268103725,-2.4980094331686007,0.09007092112856736,-1.3818097796524955,-0.572094897278878,-0.8855963443035657,-0.50831481834702
KSCFJBIXMNOVSH,-1.0464117208255355,-2.201912177584114,-1.929698149622118,-0.7964193948295778,-1.5018196785094031,-2.354612009903507,-2.3333266665307857,-1.47982454307343,-1.4690818786192272,-0.8424925693741219,-2.6624580971737015,-1.344626458031992
KSMAGQUYOIHWFS,-1.6442236255431775,-2.4095780098198003,-0.10658874213295452,-0.9257416606691333,-0.6956179157114404,-1.505718009953582,-2.6288853164073855,-0.06849205550763275,-1.5031104520230145,-0.6405576175033958,-1.2161549227721582,-0.8163398499579759
KTEXNACQROZXEV,-0.4732876045457295,-1.5688035726942737,-2.402708479541867,-0.608564117142979,-1.1193882573787952,-0.5154757320301466,-2.0976546955791666,0.30778359437949127,-1.3411856198758005,0.2007627399069673,-0.4331275317266618,0.14750388439820128
KTHVBAZBLKXIHZ,-1.226539934187328,-2.1223368435367074,-1.7583587154795108,-1.2174687555543184,-0.6945357268457013,-2.185433297886078,-2.915943520573636,-0.3325744960513058,-2.0575281350593086,-0.5701124848055689,-0.9487170979741227,-0.824705521288211
KTUFNOKKBVMGRW,-1.2902011311566604,-2.3288734056920624,0.11795964816207982,-1.1029027294884706,-1.1929740552385155,-2.488381964642689,-1.8659419840502658,0.09320058718885647,-1.3855760592799147,-0.6392479834004968,-0.6760756612778892,-0.6602570798617791
KUBONGDXTUOOLM,-0.9509866615492986,-2.2316874990074496,0.6507832429363646,-1.1318385443830985,-0.4663600433564671,-2.7218535016876757,-1.9363837814254619,0.5364811758341632,0.034885088768425075,-0.43416625809815673,-0.046753591464064,-0.717554570700793
KVHHQGIIZCJATJ,-1.4767792999741185,-2.289061757687032,-0.6105538780583304,-1.0624703282305497,-1.2507393106953373,-2.3873696727356832,-2.430418518537772,-0.34819059763441784,-2.0222517428863513,-0.5683073551236485,-0.312240773835275,-0.8602686628287893
KVWDHTXUZHCGIO,-1.3199254688650743,-2.32194740323653,0.43101958518635025,-0.6977426111166567,-1.1365481526718928,-2.5826508607628615,-2.3972521649263845,0.024169131379954488,-0.48944005459067474,-0.6048079237932168,-0.9475610995567121,-0.775812764823577
KWGRBVOPPLSCSI,-1.133032013350864,-2.2577433427163056,-0.834937608969126,-1.207544590683702,-1.2141179393273795,-2.555130201417071,-2.799360563348059,-1.2030057091193722,-1.7195924566335554,-0.6377439571191511,-1.15966872206702,-1.0737518028055932
KXGVEGMKQFWNSR,1.1183620074107483,-0.25480348337464287,-3.3079199392136336,-1.5087409656642796,0.955087594334252,-0.3995951322555232,-2.8719004452044947,-0.4300557186007748,-2.4202331665076833,-0.6903822023099137,-1.4808186531708405,-1.243068922291732
KXNPVXPOPUZYGB,-1.252373916529384,-2.1342440435479375,-2.444086307672384,-1.5069791215380217,-1.356294090691146,-2.491628202382584,-2.4156828965666857,-0.6023749144167703,-2.0449882323220416,-0.688692958800753,-1.7362438839051937,-0.8777648713809509
KYGZCKSPAKDVKC,-1.2319469359127195,-1.9881797295643633,-0.18660265983117633,-0.8958455960992739,-1.2536214393396468,-1.0936018062273898,-1.475123145930746,-0.6601889434359305,-1.787448109875164,-0.6392060293239193,-1.1719227848626652,-0.8127094038250368
KYLIZBIRMBGUOP,-0.872878746154519,-1.8421282978360578,0.6615680735735155,-0.8965113950643753,0.31765726455813126,-2.0117555362046047,-1.341775941292911,1.0259359795490746,0.9405714061404853,0.5837297567865509,1.3296218991135014,-0.08557362469132233
KYRVNWMVYQXFEU,-0.5506333356282013,-1.874836427561048,1.6133384499359757,-0.8478087350409738,-0.8456621528220868,-2.160832012917877,-0.7974690207553473,0.5645823035650263,-0.15130624011279925,-0.5573873963820835,-0.606649087427494,-0.20394394701737498
KZNIFHPLKGYRTM,-1.1323052108513387,-2.063524674417739,-0.2598790185327812,-1.0311600491975093,0.34150949211017373,-1.2897632597941764,-0.310615543989313,0.6563004540784143,-0.090670411913388,-0.4430999762214076,1.2775037646478011,-0.4508622214991039
LAINPTZBIXYTIZ,-0.7547468100166842,-1.0177518767595652,0.00685497100921955,-0.36143643419472754,-0.6413920547108128,-1.3407987755031474,-0.8270580809587619,1.4230004751168015,-0.20309288121362828,-0.34994369909954803,2.140130233974018,0.16816264978584242
LBHIOVVIQHSOQN,-1.3883677664746295,-2.354895309775821,-0.6062532665703237,-0.9139308541926598,-1.4281971694724194,-0.741000941495126,-2.829980734593811,-1.0085029369654275,-1.6148817891005285,-0.6888553995597364,-2.1795870131784683,-1.0067046453663064
LBOJYSIDWZQNJS,-0.7283416971037104,-2.1433737103408532,0.3229578579733993,-0.6205759069495991,0.44577077918546465,-2.3671628334514434,-2.151238663472634,-0.18360236671643948,-1.8500814527709672,-0.3635573344463926,0.8575718827942405,-0.5594104033853107
LBXHRAWDUMTPSE,-1.3306730000943217,-2.3379015574054254,-1.2496008736556559,-1.720590934905401,-1.6027368286846144,-2.7147230377303075,-3.2531695843780652,-0.4677037303109335,-1.3356673756113293,-0.731441936432558,-1.0863451075527977,-0.9999165414214825
LCFVJGUPQDGYKZ,-1.4404895952026893,-2.186102211680422,-0.9995727736287457,-0.7268097077511635,0.2481443096266782,-2.223667061883142,-2.472873810351178,0.7704027509354126,-0.323163978007265,-0.2676181365291496,-0.7861536534777062,0.6722163353773368
LCTZPQRFOZKZNK,-1.0042799987606998,-1.7723397598879413,-1.354337020852382,-0.6839192304683052,-0.49757968591051327,-1.9898304145430674,-2.6289692136733107,0.29916570432276285,-1.7776831525661032,-0.27472009244566087,-0.3800536475833839,-0.5868647834899885
LDMWSLGGVTVJPG,-1.3655091462775961,-2.2144496232577446,-0.9516545211845102,-1.008048875210101,-1.2114711515942949,-2.7964012141731502,-3.158792332709788,-0.84675249833758,-1.0517287681728429,-0.6442037502778747,-2.0233647908422028,-1.001192830003555
LEBVLXFERQHONN,-1.4801146532933647,-2.4510643739599436,-1.5166649037280313,-1.3832086947794116,-1.058130370022179,-2.535144977266735,-3.0635521295741546,-0.340571631075285,-1.994356346037249,-0.696737433068828,-0.4081916075276174,-1.131898764990342
LEQAKWQJCITZNK,-0.7724142512555899,-2.001247529292292,-1.2558849440030184,-0.8368691528900772,-0.820665654012609,-1.9195373153496516,-2.913076647553309,0.25340022012485136,-0.19784001866013778,-0.49083506892941653,-0.41240612502829505,0.407933010359977
LEZWWPYKPKIXLL,-1.6470431435073536,-2.328299153986596,0.5327730740706605,1.1009480887041305,-0.6350174003235676,-1.7757335813265023,-2.2812430493497735,1.1312243220070182,-1.5660001967688266,-0.39439514398013586,0.9618863654039296,-0.5455314663111998
LHGVFZTZFXWLCP,-1.4064492173962357,-2.419953519261988,0.2740208568257093,-1.192888850532423,-1.0311309626631582,-1.8471662572043597,-2.627157865900772,-0.7625378178927941,-0.8744933307979865,-0.47030298873575993,-0.417049108531792,-0.9404614043093251
LKBFFDOJUKLQNY,-1.1868197305314805,-1.9720856544247551,-0.3041776015082061,-0.34862687126533376,-1.2064477584116498,-1.1625080731766617,0.011753642143170493,0.08570683367754373,-1.7667738727884656,-0.5856812919836053,-0.5765448406099692,-0.7165225912509021
LKCWBDHBTVXHDL,-1.1931089430424238,-2.0902559997633983,-3.9986977941191633,-1.6743212321250192,-0.800639280360513,-2.051984772110419,-3.325236346902896,-0.7948675309503134,-0.6890970709932437,-0.7222987273934101,-2.3845752028684593,-0.6086973033466555
LKJPYSCBVHEWIU,-1.1568188527370449,-2.0496552569541984,-0.95928021264088,-0.9131687074929703,-1.0975756562155743,-1.619153123518116,-1.8978270323508384,-0.2596568440517466,-1.4531444781988907,-0.5792169475108426,-0.15198429106945355,-0.5629222198941715
LLJFMFZYVVLQKT,-1.0954535180548584,-1.9927682072544761,-1.7717406420823751,-1.3628543914211444,-1.5809675153744789,-2.9230157213090155,-4.174196815703015,-0.4681281267223437,-2.112291752983686,-0.6337409831966753,-0.8537611224436882,-0.8320387878389395
LMEKQMALGUDUQG,-1.1513518618652825,-2.1740849437087255,0.09351877998252263,-0.7159269004635112,-1.3400549213495079,-1.9861748167218414,-1.8099988574668333,-0.41465366066359927,-0.8737658418409702,-0.6556940079494491,-1.6737111986248958,-0.6855046364827547
LMJSLTNSBFUCMU,-1.2664346462551037,-2.2585073829337423,-1.3613525829563844,-1.5747163942082743,-1.6355871733379068,-2.5866568434184507,-2.7915007759146895,-0.03636585056188857,-1.7887383571874464,-0.5768060555655731,-1.4335841758369468,-0.6403659674920005
LMOINURANNBYCM,-1.5303457187473497,-2.451053561443493,-1.2735219411095922,-1.3847215685662189,-1.3107710532630041,-2.6676801052235146,-2.4800505454275936,-0.982039178378642,-2.002335053903417,-0.7150491192372398,-1.650187170891942,-1.154641119077486
LNEPOXFFQSENCJ,-0.9438522180090121,-1.663930699061723,-1.1470408816418356,-0.9981740124332386,-0.7198752812489064,-1.7920209179240991,-3.1823653698010097,0.08306722686682386,-2.0157599911401,-0.5036572276375415,-0.01727360967877092,-0.7599562603260644
LNPDTQAFDNKSHK,-0.8843472464952922,-2.0443211567933672,-0.613142089116083,-1.057128678742005,-0.5058872464183211,-2.4647627417446336,-2.6113691255830433,0.1301287146546511,-0.6635972306168357,-0.5567738842531018,0.1856561931151294,-0.3781077248859943
LORDFXWUHHSAQU,-1.1928090430990512,-1.9642408299086496,-0.8467911633873133,-0.576907768513959,-0.7394794689928751,-1.919051153221395,-2.3435962507909687,-0.4088412147364712,-1.6939500581164815,-0.5404584510136367,-0.9942671989266028,-0.8358814866194316
LOUPRKONTZGTKE,-1.0719150777066935,-1.788060596158004,-0.6385592043627717,-0.6624107319530091,-1.170049643450391,-1.921715204958371,-2.6974065180163005,-0.005154978723630979,-0.9402706806411757,-0.5708156714909838,-1.4484245269181817,-0.09392407171142354
LPEPZBJOKDYZAD,-1.3041700135371554,-2.239235692242324,0.6018447540931788,-0.9137773619846783,-0.13497424204067754,-1.4170882435202619,-1.4663892921768718,-0.059224476143174824,-0.7973193579398451,-0.5660609922597786,-0.04025948406098405,-0.9085584840273345
LPMXVESGRSUGHW,1.431724016426669,0.37219630690413935,-3.174278866200566,-1.1884432096639157,-0.4532860269509097,-0.7379671060141677,-2.506444738214904,-0.12442873331529057,-0.9080202755047808,-0.6277973777307129,-0.05410754106770442,-0.22736494944682148
LPQZKKCYTLCDGQ,-0.5394411422785877,-1.6816669857031363,-2.3326843512555233,-0.9928163444498456,-1.261849483543209,-2.1368395987618554,-1.911067747403877,-0.9085642741315626,-1.3782471941750414,-0.8188151851956318,-2.6913738031254755,-0.8067991403748356
LQCLVBQBTUVCEQ,-0.37093430023794094,-0.9269789520401678,-3.28603096818727,-0.9689884526350303,-0.897117978633835,-2.0860193982127124,-2.609829057627659,-0.29676504324664243,-0.7308018013089234,-0.6384046854910989,-0.1433426501586515,0.13183454489280885
LQOLIRLGBULYKD,-0.9948315680376425,-2.07364914514826,-0.8881763784952291,-0.7403856112471782,-0.5499210845983439,-2.347923607324777,-2.6553241711238966,0.25889358769518606,-1.812613598455132,-0.689995710481826,-0.9921578593931024,-0.5559752944068713
LREQLEBVOXIEOM,-1.6893822212583187,-2.46623144059955,-3.004123925822271,-1.1909406659548774,-1.5752890757503444,-2.2139308615870856,-2.9726581338238853,-1.6785262895548758,-2.1950603497177172,-0.6870341690678835,-1.3950519809730006,-1.4021513482675738
LSLYOANBFKQKPT,-1.5183830199559647,-2.4152896174538703,-0.9082658946478198,-1.3453009503462554,-0.7367440981944126,-2.440083568034905,-2.193180052364932,-0.16747768359958293,-1.7100605402009428,-0.6122299896271217,-0.8407278454683071,-0.9734690147588052
LSNWBKACGXCGAJ,-1.2032510528302731,-2.1047602824208336,-0.26619744748240426,-1.0066583947941081,-1.5508341147048548,-2.1276203260205824,-2.5986204843338627,-0.6703652992213103,-1.5816721113580223,-0.644820565444392,-1.0982410774491473,-0.785142099262688
LSQZJLSUYDQPKJ,-1.2265993824265191,-2.352393381005836,-2.6624067321393596,-1.6300577873677822,-0.9039361166337118,-2.324228400216959,-2.4964631137912185,-0.7362430666270414,-1.8995841632234127,-0.7506255910329369,-2.0284674752344443,-0.7293478507813624
LTMHDMANZUZIPE,1.2800604107788416,0.20903947354457317,-2.464043186976927,-0.5077074478729273,-0.3549361895047134,-0.19587255934090814,-2.3086836905971952,-0.04508652462061038,-0.34660185451223163,-0.584151341098093,0.522318371878203,0.16061249626618956
LTRANDSQVZFZDG,-1.4065175555727558,-2.0983116174387244,0.5882058526724895,-0.6863291133155862,-0.1064767628444644,-1.5599360485576392,-1.704583185950789,-0.15613687430664663,-0.5666247083311206,-0.1470360626455088,0.4260767747056574,0.06351338885434532
LUKBXSAWLPMMSZ,-1.5219901384692307,-2.4307260312735313,0.9390074824313253,-1.2682174865328535,0.9809253362375527,-1.5113802399272407,-1.9361638198975564,0.7257386178975053,0.4884594676317798,0.5548219107034553,1.1095123156780433,-0.671184751213049
LUZRJRNZXALNLM,-0.5013721709610002,-1.9591111470241411,-1.4100274316220063,-1.128541313912936,-0.9895024106299048,-1.705856944965542,-2.0220429427817286,-0.11617533843976272,-1.6733376369117083,-0.6644044811296601,-0.7727826830782935,-0.22668675319337847
LVWZTYCIRDMTEY,-0.9760656639725034,-2.2420675384651334,-2.0427631991646567,-1.194873184098259,-1.5022735080829792,-2.349175846257337,-3.2158930096465386,-0.8559557096378153,-1.8480058785812377,-0.7710971473436623,-2.3375564883942945,-1.1619068133726704
LWAFSWPYPHEXKX,-1.2148384704121449,-2.343953585673573,-0.21021369452070393,-1.313789080316827,-1.1361158752582976,-2.3336899978132433,-2.905822180981951,-1.0726801519377975,-1.744417882417959,-0.6574723901551033,-1.8680892600686605,-0.8060097699642852
LWQQLNNNIPYSNX,-0.02722580936210868,-0.6944661339857258,-2.462074935300604,-1.306828206569035,-0.3167035050973148,-0.9790681179906187,-2.204936416326804,0.35214715363988136,-0.8192735734748373,-0.037472758120812674,0.6086342209966468,-0.6914839803579931
LXNHXLLTXMVWPM,-1.3737047874916195,-2.420229323268495,-0.802096904665829,-1.1060404723152972,-1.3436238295351453,-2.4286412259398076,-2.6214303229872757,-1.309955807558452,-1.918435306277375,-0.7095168830604365,-2.521807309674088,-1.2656859244453889
LZFZMUMEGBBDTC,-1.1914720483730394,-2.309758904028906,-2.695037342019481,-1.825200473530415,-1.3063439580516434,-2.262294472259629,-2.651770806536546,-1.2120322604707283,-1.8614391760139735,-0.8362967688420981,-2.1509780706227937,-0.898022836302111
MAEIEVLCKWDQJH,-1.3998144528258405,-2.267232248586648,-1.120013793619012,-1.6003460647204715,-1.1149466341682517,-2.5747398870486142,-2.4569567770995078,-0.020450410671234775,-1.4758027795181334,-0.6202190157334789,-0.31263792138946955,-0.9449657382349276
MAFMQEKGGFWBAB,-1.3833248075021642,-2.420092076611759,-1.121094462027143,-0.9013824398373139,-1.2488245124789867,-2.103464170789055,-2.546079525318922,-0.5151275513390258,-1.4027174532278102,0.4214808490879534,-1.2468763714214384,-1.0006655091424996
MBBZMMPHUWSWHV,-1.1526314485897484,-2.3622027931095078,-2.7485764312918426,-1.5889301180378932,-1.6172714349529167,-2.7872745279687052,-3.098504839227976,-1.671060828910289,-1.9757531746108983,-0.7659372537644542,-2.9257622099601788,-1.2191605943218138
MBUVEWMHONZEQD,-1.1398094514541743,-1.610295391368079,-0.6000598718381087,-1.0733853554126664,-1.1423385440860698,-2.2235278838297186,-2.1635784219559304,0.5903044014441009,-1.70327361584628,-0.47915457372104986,-0.3860356803391138,-0.40350084889097476
MCMSJVMUSBZUCN,-1.1752369279448398,-2.160802320651577,-0.09997078840722928,-0.9245343762899412,-1.247443271219828,-1.8754878767413132,-2.2660730338021544,0.4270253540068268,-1.0809611278909705,-0.5256941863562486,-0.30730993191038974,-0.6385852145107687
MDKGKXOCJGEUJW,-1.0066472514277556,-2.2249066516964295,-0.8173010783904664,-1.0430415442876422,-0.6670553907796603,-2.1891582929210602,-1.073204644172491,0.18467655625897927,-0.7889135019246704,-0.5593332866227397,-0.3368051220468372,-0.6401872676776021
MDLAAYDRRZXJIF,-1.1959466472101312,-2.0046440495766777,-1.0475739238379718,-0.8486695747181392,-0.6291842271748487,-1.402377881185132,-1.3222997934132144,0.7060939513842345,-2.1989396222786746,-0.4007127294040719,0.7537069002230679,-0.4737500746442087
METKIMKYRPQLGS,-1.4112425658915884,-2.4087606709735128,-1.2409464154866618,-1.274343173519851,-1.2240075186652986,-2.2251700557175393,-2.2585501472907223,-1.1142944692000247,-1.1401140367787264,-0.7408863387169358,-2.3499665054193732,-1.0766766350532828
MEZLKOACVSPNER,-1.4108304195039705,-2.3817348438424757,-0.7657886820833524,-1.0524389013548385,-1.413488399205932,-2.6899905995672597,-2.8578942559831373,-1.038241675726032,-1.680413136966541,-0.5723919937347883,-0.9677584799300525,-1.0791419356280791
MEZZCSHVIGVWFI,-1.2030349573612769,-2.3571881766549203,0.42335770392746047,-1.125942248929958,0.34894696544764814,-1.102524781906409,-1.7736476665017495,0.3377695955086475,-0.16201675091839976,-0.4861573399511818,0.4579584585979698,-0.5126582208159722
MFDFERRIHVXMIY,-1.3732608391297765,-2.3499928109103876,-0.29799459385697485,-0.3413075444626553,-1.2530564456537645,-1.9636135924644402,-2.469102373421522,-1.1770151789921026,-1.182685960118234,-0.5704855012341279,-1.7590196885246991,-1.079124207781346
MFWNKCLOYSRHCJ,-1.1958885895796336,-2.0398446236521774,-1.0500767839732972,-1.1024042663873823,-0.8598507857614857,-2.4851729180465374,-2.335279295130264,-1.0014444292676061,-1.688182586268117,-0.7119967299985992,-1.7884158806861792,-0.7312077328240395
MFYSYFVPBJMHGN,1.6797038119857977,2.186575205246188,-3.134954704812011,-1.3953299580119776,-0.0656656795095191,-0.6168170996283286,-3.117111918043752,-0.8774903328355209,-2.23344874072495,-0.7051623525121331,-1.945102180452195,-1.126774776680322
MFZWMTSUNYWVBU,-1.1419069799413548,-1.6170302222353345,0.43664615984509525,-0.9291818848064288,-0.9217384606517907,-2.1324841641341603,-1.2965850418696667,0.4337601572455511,-0.49095672779711885,-0.45078271998595665,-0.4150182769808772,0.13153877742184408
MHWLWQUZZRMNGJ,-1.355069942408242,-2.1533025022049643,-0.633687987740199,-0.6282735669008763,-1.0808730736329895,-1.606526251584206,-1.0895265635072593,-0.9795823308517811,-1.9162166703829793,-0.7400216625308408,-1.1772076357372645,-1.1027322983409604
MINDHVHHQZYEEK,-1.0994274903027272,-2.3329141700663474,-4.029674713839335,-0.8786586987745224,-1.1274711279954794,-1.8513016639717508,-1.8378300025485579,-1.0412949841954533,-1.585748996895411,-0.6472683568646381,-1.8404615768788912,-0.6996589966874129
MIQPIUSUKVNLNT,-1.1563613886690145,-2.209156467620709,0.18844417327435117,-1.010633273038776,-0.8938124011560284,-1.2216504928335332,-1.9377709084603474,0.5658195359706868,-1.2965385402580532,-0.47051626906932165,1.6416354387313352,-0.5120042027581315
MJFJKKXQDNNUJF,-0.8562761933062015,-2.157122921549124,-0.458125736072341,-1.0099556377344159,-1.363105849307736,-2.281675257325997,-2.8462768373977627,0.28893864633592004,-1.9111487688692081,0.10084655601447373,0.23847568523053986,-0.6000983140799284
MJIHNNLFOKEZEW,-0.917067240509069,-2.3409865855478857,2.1993700107419505,-0.8299869074557169,-0.9730495540183,-2.264034987772242,-1.3455917697692035,0.6502018346286805,-0.8112216910766726,-0.492794976753105,-0.8418064122939546,-0.8259613105873398
MJVAVZPDRWSRRC,-0.6197747792353334,-1.6630144780480158,1.0104778087453918,-1.0747977415140126,-0.15688459537758265,-0.7843790006767284,-2.544998906740809,0.19447889843595198,-0.5387599935675496,-0.4059826877421344,1.6074860694583142,-0.0981096376722247
MKJIEFSOBYUXJB,-0.6907103399570529,-1.6535070742666411,-1.4892106120586917,-1.2929053873229495,-1.1533061413800336,-2.275046533511186,-3.7460032667605776,-0.18299207338049023,-1.8383192961084072,-0.5494747437160923,-1.1687522204379188,-0.408532485765955
MKUXAQIIEYXACX,-1.2537589658263237,-2.214090196729442,-0.6255209470536547,-1.414954900604412,-1.458576061566073,-2.519127364490021,-2.0355600882266236,-1.4900484118760962,-1.0939202630287794,-0.6136123983983878,-3.4487034693701877,-1.3522174308947956
MKXKFYHWDHIYRV,-1.3223631080099354,-2.2906532458703603,-0.27811123156468665,-1.1557354805442972,-1.1466105852507378,-1.7778589417850448,-2.220627341996038,0.10958924275648298,-1.6698066528065822,-0.5149003082999021,0.033424568298424474,-0.6978292172517829
MKXZASYAUGDDCJ,-0.3156099755635931,-2.054654349467592,-0.41353100905511275,-1.4447147012746557,-0.9250646012830022,-2.2859887164500834,-3.450923501612928,0.017362971191947123,-1.8058687131444793,-0.2868794760674647,-1.3733676932310739,-0.9510548055641079
MLDQJTXFUGDVEO,-1.088522602319456,-2.1187671884060713,0.41548232553724246,-0.8386720232298587,-0.8668532956930337,-2.5757392234191494,-1.4476546060496138,0.42077202739328773,-1.345860963547497,-0.528532386158024,0.5553994963761437,-0.698484822664117
MLKXDPUZXIRXEP,-0.7325670473648129,-1.3670026770943593,-0.037287236519642136,-0.5383101753808979,-0.3532371118635162,-0.9448724829641248,-1.4767414431029018,1.1949906785596516,-0.8203624915122781,-0.21109098670497636,1.558398522895914,-0.030788552523798283
MLYYVTUWGNIJIB,-1.1159252487862859,-2.2514398375344875,-2.089947206210212,-1.387196962800303,-0.9690766680276693,-2.2612435228545547,-2.6664199485734867,-0.08330384894906956,-1.6454765243940244,-0.6803690745048772,-2.7366544863488493,-0.7350866815161545
MMOXZBCLCQITDF,-1.4101923354214627,-2.4272983652947566,-0.5976793272195661,-1.1097038017399623,-1.193880017974247,-2.643153664478658,-1.754684990156823,-1.0718098546274077,-1.9043095459123838,-0.6648613259324873,-1.2277585881660444,-1.1605789950678222
MNIPYSSQXLZQLJ,-1.3549260427993806,-2.343430781813096,-0.3247984108851077,-0.829499177276091,-0.6318823268234959,-0.2658546917358783,-2.234436812587462,-0.291806167193312,-1.8685994134973842,-0.6790409742231128,-1.250325974030977,-1.1150816004753996
MNJNPLVXBISNSX,-1.2548335219164604,-2.2383637158327314,-1.4225690788807857,-1.0573298182794288,-0.37678134493715587,-1.1352747178737579,-2.325788293938405,-0.16989704467502015,-1.0478337113198108,-0.5897484923622024,-1.0341391560186501,-0.8625081027500016
MNJVRJDLRVPLFE,-1.1087406467588563,-2.072067888810383,-0.45791483740081246,-0.7449071617538847,-0.792028746271143,-1.747584171845754,-1.9756383071708123,0.38538513552259224,-1.169522799284366,-0.5300196497141636,0.12144329883907626,-0.3845385801567671
MNSCVRXKDINXEY,-1.0490519974522203,-2.345273865151805,-0.20454838540315148,-1.3365291236794021,-1.8693788944772192,-2.5724141261517763,-2.355305745509526,-0.7934326621620462,-1.4368996227470945,-0.6937583998339173,-0.9030554527039621,-0.9097496778623404
MOYKHGMNXAOIAT,-1.534130278262337,-2.329731572420441,-2.4905987656434743,-1.339990943188673,-1.537555062310095,-0.5915835439024882,-2.482776670510746,-0.5375692199570643,-1.6385803590592682,-0.5417734102950953,-2.6046551960916586,-0.7684323525957794
MQJKPEGWNLWLTK,-0.9588828045912907,-2.2637024585856738,0.4881688594398874,-1.1063142098856869,-0.6166186247802692,-2.7429770511517853,-3.3883304374640546,0.09872989014194808,-0.9660337691107087,-0.4617124216148518,0.24592205445078466,-0.6930161298954778
MQTOSJVFKKJCRP,-0.5000145007022485,-1.5070247974671933,-3.499518403082006,-1.3120539850271071,-0.8302900972497727,-2.057367902859267,-2.869782668099503,-0.608876498159909,-0.615213904337798,-0.648263576794058,-0.5735885353548502,-0.10532178488769499
MRBDMNSDAVCSSF,-1.5542100398964134,-2.3974837655008505,-0.09872763165975044,-1.2866400754125351,0.23051928270836378,-2.373084827692946,-2.6022650089430086,0.17184895564851865,-0.30709372611633834,-0.6040922125349779,-0.8844656807355917,-0.7577614259460235
MROJXXOCABQVEF,-1.4281993824534558,-2.4428518994897312,-0.4958743294120811,-1.4701571569999814,-1.1970655777655126,-1.830293776685652,-2.7878236989485643,-1.3543012820208769,-1.8599255292517296,-0.7487690257084494,-2.2210354191449655,-1.3117593983680338
MTXSIJUGVMTTMU,-1.1709241285034362,-2.4269175363706954,-0.9048405047843114,-0.6599141641784438,-0.8079737265605569,-2.853042866706292,-3.1261240046243666,-1.3764178963576943,-2.0858466633322217,-0.6105691828736287,-1.962890808886716,-1.1132845364549624
MUHBBHLZPHKTTR,0.5919263603938268,-0.7487641077648327,-1.1058500311365134,-0.5365252381833557,-0.5377598877517292,-1.688900499852816,-2.71617566245711,-0.1539121241809461,-0.4845052548578694,-0.6838176470145145,-0.211599419062048,-0.2518831492093017
MUQUYTSLDVKIOF,0.22905613501897676,-1.0422368289719914,-1.762518886401843,-1.0046814546058593,-0.28237293618555226,-1.4443145144782628,-2.402545337713951,0.7927617359037339,-0.8957714267838631,-0.5173001596021114,-0.48036047562837003,-0.18113281458618583
MUTNCGKQJGXKEM,-1.2436382827758516,-2.3390591780607854,0.039655707004847704,-0.8984600734705055,-0.48354238236142666,-1.550834276922397,-3.0664914108464036,0.1869686869114068,-1.8546092517972719,-0.4739582153006663,0.9243483748569026,-0.7031578602554897
MVCOAUNKQVWQHZ,-1.2312277245067047,-1.9770904060815186,-0.18629134261161928,-1.271238554975425,-1.2360644671661765,-2.0940050431565043,-0.9871986296728755,-0.08643667171005098,-0.3324150385226861,-0.5170154236760811,0.47718171038826807,-0.5172679098169111
MVFGUOIZUNYYSO,-1.4401050286870345,-2.4341882905602117,-0.7729616688194445,-1.2909273022562922,-0.9593466295793331,-2.52371798025868,-2.573224650673366,-1.1325256018400849,-1.8808789816825393,-0.7432131115477797,-1.1419971744734032,-1.0674857031654121
MVQVNTPHUGQQHK,-1.6547208474792474,-2.4620762815292387,-0.10990488837922768,-0.5981812489912475,-1.3264023314761977,-2.3364344839316584,-2.7766105145555113,-1.3692300634663577,-1.8027467596618487,-0.6442983751191419,-2.0137600540865708,-1.2270257254740358
MWLSOWXNZPKENC,-0.9830459641356146,-1.9608049829559178,0.5056396364413925,-1.0245457707220085,-0.6199651026973524,-2.416199432461686,-0.7153808618950541,-0.1359798348200137,-0.2748238924146812,-0.47595884460846016,-0.5167248772267861,0.3793984044125662
MWYHLEQJTQJHSS,-1.290633578805732,-2.2991222588717597,-0.3447110813153193,-1.0561790204309855,-1.2841296144125163,-2.1341895362942274,-2.5512259976860854,-0.20862638258892788,-1.4783971158160847,-0.47187198901157723,-0.7107339915492463,-0.7350363199490191
MXJWRABVEGLYDG,-1.1236170627047817,-2.304958058779255,-0.6736889154501299,-1.2320911925081799,-1.1145509095351616,-2.3817450973694165,-1.6354586171185992,-0.35315525483406346,-1.195870331130655,-0.5641087466917487,-1.0383933596212616,-0.8626781399349374
MXXWOMGUGJBKIW,-1.5348582876959376,-2.3858231591446892,-0.06347561782388933,-1.5292034654618623,-0.7771829258872276,-1.8881756746432607,-1.7007333990765203,-0.14161714475088732,0.6604234422024107,0.5034318852788631,-1.0327577095191427,-0.34668808652408556
MYEJFUXQJGHEQK,1.430251157877311,0.5659688333671407,-1.7755757167289445,-0.5738380744140177,-0.2152063070681145,0.015716056916917815,-2.3179803096946046,0.5837866437229339,-0.5670397079477378,-0.444610107239121,0.9815070718741696,0.03824485040698372
MYPYJXKWCTUITO,-0.6660522941806857,-1.6917841876131483,-2.232461238066241,-0.4656154499358487,-0.5940720426254799,-1.2235496612982386,-1.3156458599369865,-0.2862690092173112,-1.358512017310587,-0.6839073070697774,-0.27971995396723826,-0.2344849841326086
MYSWGUAQZAJSOK,-0.9677938042561192,-0.2462577880818131,-1.2615435393946814,-0.4682182279920585,-0.742871286826845,-1.7893200335126387,-0.7663047891699194,0.16645504540779726,-0.6794406957452045,-0.6501887268299302,-1.3050420186354987,-0.0011666080350659193
NARHAGIVSFTMIG,-0.8042037772071177,-2.1043653160786753,-1.351656966735524,-0.7375397290086554,-0.774920701925568,-2.1127739906110055,-2.455814881804452,-0.6214660115482478,-1.8843415283420146,-0.594313055282112,-0.0877358831575629,-0.8338211861849213
NAUWTFJOPJWYOT,-1.3944655224939677,-2.219971209639038,-1.2826949355804251,-0.5924507714652626,-0.9344641765773289,-2.251230662155353,-3.1365276925326704,0.14121345749291242,-1.9348293979207638,-0.5199890939130924,-0.5047404861704425,-0.7727799597961156
NBQKINXMPLXUET,-1.0929767854525605,-1.9919486461892846,0.27719372169738804,-0.7962973258767775,-0.947009579505314,-2.2987789496467745,-0.8043691283827488,0.4100679425441128,-0.22784482520261293,-0.5279036689168417,-0.2767837643984204,-0.4582489956345247
NBQNWMBBSKPBAY,-0.9911342991601308,-2.254170899538812,-1.8334083226869236,-1.2327467731646848,-0.7825167673444242,-1.5748429623051174,-3.0133400529486547,-0.39896052889693023,-0.45108161006698544,-0.6965704206048313,-1.4920348991520276,-0.16322323179353135
NCDNCNXCDXHOMX,-0.720328016647137,-1.6317005741046016,-1.119048179318154,-1.0107384876772718,-0.8769106513053866,-2.00247190402537,-1.4289928616383014,-0.03703048726889136,-0.8433034742383433,-0.6257154485259421,-0.2728732718107797,-0.715611073951628
NCEXYHBECQHGNR,-1.2140542667430219,-2.309885194589108,0.6107870472131527,-1.499125220312468,-1.724326893290626,-2.6354143229321596,-2.3736251902200958,0.001361966343649524,-1.2129107494364764,-0.6109476102601696,-0.9337718609688949,-0.9883507937487332
NCMZQTLCXHGLOK,1.5585159473688228,0.931311484365843,-2.4252603218078983,-1.066919236263773,0.8335579463751788,1.9970060462246655,-2.6365349398617597,-0.04527674558172996,-2.620712086280688,-0.6268011442757029,-1.449261054233414,-1.1575629320068281
NDAUXUAQIAJITI,-1.4040774494841708,-2.42598878371933,-0.8079955826154656,-1.3281581195444598,-1.1762443673010965,-2.035732328843465,-2.467482257697863,-0.9426824843693415,-1.5620366253386178,-0.6219723320054827,-1.336742510547185,-1.0783495617884098
NDDAHWYSQHTHNT,-1.1502712146553649,-2.321826301427628,0.19299236624995603,-1.2453459935787516,-1.4546819482516973,-2.6215227920240425,-3.1606038828475387,-0.07821279811178077,-1.5063846578663482,-0.646970773705146,0.03671062946922029,-0.8178936018918703
NDTSRXAMMQDVSW,-1.3977860981522856,-2.346071159703414,-1.0381365867745844,-1.4059794894246544,-1.7352047715884527,-2.5223105551519502,-2.437455446027307,-0.1038464027329526,-1.7163473417609907,-0.6307287098894794,-1.325449954555549,-0.9076273156193825
NETZHAKZCGBWSS,0.16650566394534824,-1.7773083506016203,-2.0835025136005356,-1.5571535121750593,0.0642873851163558,-2.2625815679325108,-2.4880025284116822,0.3918442311425329,-1.4113276585721382,0.5227524957783203,-1.4599861535290768,-0.3274290404998047
NFACJZMKEDPNKN,-1.2546803140730836,-2.312129202096375,-2.7967469432171845,-1.0968698104377144,-1.5657037950303312,-2.5096252344181633,-2.3880596544678943,-0.699783084679469,-1.8673973723659467,-0.43190912017855543,-1.7757896988330266,-1.146923851304542
NFBAXHOPROOJAW,-1.1547319292520408,-2.199311248435034,1.5552063322124048,-1.1870720579371103,-0.058083206407127254,-1.7104525324561743,-3.0402390189542476,0.4413961745258833,-0.2793476312232525,0.03571550174953883,2.43535496834285,-0.8369928759326863
NFDFQCUYFHCNBW,-1.1822825969505293,-2.181598484037271,0.8896282618580801,-0.8088094978071803,1.0370378881722075,-0.26424250101609714,-2.0450776757834044,1.0618827294806046,0.5661503248616642,0.5740620852999401,2.5528301597995915,0.3130871438226933
NFHRQQKPEBFUJK,-0.7863712994590498,-2.1493437016115857,0.09450137204559983,-1.2585182934064136,-1.0166124441820235,-2.364070667332588,-2.0011515342020423,0.20301402362683213,-1.0056140249033274,-0.6191601406359579,-0.26303891544941693,0.10060272170541282
NFIXBCVWIPOYCD,-1.3501015259434987,-2.3175102996750563,-0.6428016156380877,-1.0336891700243043,-0.5821306302419169,-2.2355147973001994,-2.0300848886459346,0.23726940759623893,-0.6774805077258637,-0.4371647145159196,-0.6102824390694765,-0.5834387301650348
NGBFQHCMQULJNZ,-1.5008713809859762,-2.4211228185917624,-0.5579236976924893,-1.3367567026147766,-1.8483404361836597,-3.0628218479232348,-2.5883419968542185,-0.5809668286800255,-2.00950767283676,-0.6965108061844478,-1.6976457693885132,-1.1972090405714086
NGOGFTYYXHNFQH,-1.2012678999491495,-1.8597926821679298,-1.285787934695091,-0.8664111695948491,-1.6658347747886864,-2.7470024416540304,-2.4857619632393932,-0.9394941712072482,-1.938721575224482,-0.6023543365916266,-0.6324014316171193,-0.5297724228037655
NHUHCSRWZMLRLA,-1.4046060630074213,-2.4042933672694167,-0.5522538567427915,-1.3126302697473102,-1.410851353796935,-2.6778828491639306,-3.3981320327693307,-0.44241202818313163,-1.2502382130349712,-0.656277212929388,-1.4518764089494531,-1.2006220190474406
NHZLNPMOSADWGC,-1.121798376865801,-2.3428678250527923,0.8090495541673812,-1.312058030419395,-1.4206234728811749,-2.930465696895109,-3.042056032359246,-0.18233648242801442,-0.7779845641233332,-0.653581403967427,-1.3978969301506117,-1.0525142038935449
NIJJYAXOARWZEE,-1.4184007614545624,-2.293772079117808,-3.393199265256877,-1.4390860433153665,-1.5016704857180874,-2.358222975845507,-2.672756379457827,-1.1583115479838908,-2.4478051417995683,-0.7116109797282569,-1.5188836964500245,-1.357228478879503
NITYDPDXAAFEIT,-1.0457294528169543,-2.1139087218202293,-0.9231402248998506,-1.2429097908163573,-1.307269596583875,-1.654443825157538,-2.4044346012206184,-0.8557413734760624,-1.8720812789869372,-0.7248489124812371,-1.4302704829341908,-0.6183319992773988
NJCJBUHJQLFDSW,-1.1493888729835244,-1.2848381684502115,-1.087410526417163,-0.7566260174687869,-1.0732930582804676,-1.0679716884941575,-0.2949748127077537,0.018034738347485202,-2.022397938865742,-0.6347367377600162,-1.2604456106379867,-0.7234591170739695
NJMYODHXAKYRHW,-1.215182206060701,-2.169540807383933,-0.4981234889630379,-0.9641635400953894,-0.8540598777123702,-1.823594356023216,-2.3809721548415084,0.20349791044107154,-1.5466523105978442,-0.4387563538676897,0.022740524446868353,-0.617586658161073
NKANXQFJJICGDU,-1.063301058451015,-1.8271389427797926,-0.004341903363724194,-0.5409279397170942,-0.4921346636168563,-1.5252887677756057,-1.4932197378886454,0.7522235318849826,-0.4124306498111023,0.6602000883493743,1.5036964641324397,0.4397885564597825
NLPRAJRHRHZCQQ,-1.0870667786094248,-2.058959703556951,-1.1444172688113972,-0.8176738605608688,0.1274626305244184,-1.7763244449734328,-2.8687590737032616,-0.6894569564095291,-1.843937657438091,0.1309518049198803,-1.5663242965662958,-0.7336150477200755
NMKSAYKQLCHXDK,-0.9756978886703822,-2.115541208929478,-0.664068330151424,-0.840074374439672,-0.43319738327432405,-2.439654744687617,-3.0202292399679047,0.13856587220440672,-1.6589982534237318,-0.43470536396195963,0.4237214561387697,-0.6587925641014362
NMUSYJAQQFHJEW,-1.1084750182369545,-2.2906125926104304,-1.6360411021379693,-1.2956611970436827,-1.384985811778826,-2.144878696088807,-2.0000901214167275,-1.5948917865265013,-1.2067494890906019,-0.755005881836345,-2.695405433493951,-0.9109241764830162
NNAIYOXJNVGUOM,-1.4515229359839414,-2.3386087696152473,-1.6562740326508218,-1.2548718538494827,-1.5270353606599136,-2.4708428732582095,-2.524549091885949,0.07594827578161474,-2.523846611673699,-0.6017176919578802,-1.076032503342532,-0.7992235753942271
NNJVILVZKWQKPM,-1.4313202053395713,-2.4469463137475174,-0.6645849254546554,-1.168720903005815,-1.273901610455792,-2.602539201734418,-2.8831730659987778,-1.0585416743167122,-1.9155583426176532,-0.7664548578809959,-1.9260932517214562,-1.1750202796296112
NNYBQONXHNTVIJ,-0.9924068952411675,-1.9618737425643522,-1.0778206042177643,-0.6715207544620179,-0.6274955607169268,-0.6304775908908673,-1.247947475388819,0.056889911769928185,-1.8403787700637326,-0.5645799872531059,-0.7523160759271578,-0.47897663004953117
NOIIUHRQUVNIDD,-1.4052895659764506,-2.4463971657329515,0.08759923660212175,-0.9681943743586754,-1.3295078773054734,-2.810600978851237,-3.03390456125954,-1.4705493248646413,-1.4416637557349024,-0.04636214942638965,-2.401331876354529,-1.0711375339569644
NOOCSNJCXJYGPE,-1.3858862669667107,-2.3056316533027665,0.23095220420667684,-0.5801498478184989,-0.8009919939623168,-1.5010459609354945,-1.3415472164214333,0.0911956726556708,-0.9054523794452067,-0.6349717921581527,-0.7186227512118896,-0.9265791795161283
NOSIYYJFMPDDSA,-1.1499297974313376,-2.2030747978146383,0.07198579104888833,-0.5555614671487767,-1.1524531235325897,-2.5225876287638065,-2.6714062907593843,0.3282841797691696,-1.5296467510408123,-0.4191278060979048,-0.41489319718119916,0.24439580753206028
NPGNOVNWUSPMDP,-1.1157713254052424,-2.339455472218865,-2.143015578538542,-1.2409296410770854,-1.1598253546657136,-2.335486939225192,-3.0506865733698345,-0.7231165073991382,-2.0681428588018447,-0.6434443099782805,-1.8206276316710701,-1.018211154820563
NPRHVSBSZMAEIN,-1.0499040024616069,-2.039067179786023,-2.1242027505386014,-1.2739121525229171,-0.4184315668508625,-2.165034715339896,-2.7360029782310815,-0.48019410605431495,-1.9110222364635643,-0.5397773869885124,-0.2675022268095257,-1.1277119796649873
NPUKDXXFDDZOKR,-1.26131325029099,-2.214662503555871,-0.5290998613759446,-0.024241516921476507,-0.7173905995174851,-2.0140988085971707,-1.930309596731487,-0.7838429287526077,-1.7313782686399106,-0.6102240008264127,-1.348172435894938,-1.0299403426587195
NQDJXKOVJZTUJA,-0.8400800278726391,-2.090019447917013,-0.08839393318575299,-0.9739843333584155,-0.5827334320195361,-2.338496086122625,-2.0012912886090604,-0.17484923134342606,-0.6557620264014494,-0.6752607736781894,-1.5400252816467728,-0.2835727790410905
NQPDXQQQCQDHHW,-1.0816366331776186,-2.159514128781816,1.5287343057442222,-0.29659131314900794,-0.2143555725459981,-2.1848623563898477,-1.7589060471038422,1.1405104164283344,-1.3101865961998036,-0.363860468072605,0.9045759537674438,-0.5212070050079747
NRFJZTXWLKPZAV,-1.1681097187580307,-2.426292383224327,-3.446481470315278,-1.8016437409794097,-1.6203179690512408,-2.7536604969986738,-2.4311152351458127,-1.7694699051789577,-1.8065216629583227,-0.8945293420266476,-2.7437713115172286,-1.0423380693322353
NRUKOCRGYNPUPR,-0.7942019930680249,-1.8609791070201804,-1.024507698057791,-0.9446814722134922,-0.8649959051508229,-1.4508656804526594,-1.3319445947557522,0.13026719520987093,0.009274144804226454,-0.5004036060772947,0.22390850293090322,0.11100279927904687
NSKGQURZWSPSBC,-1.3333462201912865,-2.14923513387491,-3.780071406790239,-1.6387137349135976,-0.8096913922771988,-2.0965486756023686,-3.308280447618426,-1.2116926412986033,-0.9109038020759506,-0.6987972221062234,-2.541938202928427,-0.7279240549464032
NSYZCCDSJNWWJL,0.07674984894429916,-0.9553623921301888,-3.2306554448789147,-1.2452394362080166,-0.7476102751640515,-1.9636488816702846,-3.127701325659571,-0.5117399443570635,-0.5825238711048941,-0.6259587620179494,-0.056414839395313464,-0.04293458525924909
NTHXOOBQLCIOLC,-0.9995187061899962,-2.2729781526443156,-1.9399339560073035,-1.4992367300935026,-1.045218935582572,-1.7039506167683856,-3.0255850372518664,-0.5605270659872571,-0.4305470297094721,-0.7294355905943231,-1.941662374305352,-0.41657012170389907
NTJOBXMMWNYJFB,-0.9835168930732289,-1.8579851620856156,-1.922376120436659,-1.6304738058556332,-1.399910504132965,-2.391288062022199,-2.922072792742779,-1.0350096752311113,-1.6260643381369102,-0.6643222803218654,-1.8197593654308775,-0.770047054430713
NUHPODZZKHQQET,-0.5929769549438832,-1.9576448498459498,0.6879002634244505,-1.1516113373586196,-1.0088707426583006,-2.3580929672978073,-2.8251586452615713,-0.41271211007600117,-0.7926278131693536,-0.7164885424084576,-1.3407769181564357,-0.5645376517030549
NVEPPWDVLBMNMB,-1.2865141581481527,-2.388280362425224,-0.5689323998367022,-1.187079950319105,-1.540142079740579,-2.476233041887935,-2.5701432229311685,-1.074633303874305,-1.3072995492135346,-0.6072653605004952,-1.6802505421580882,-0.4514249792462446
NWBJYWHLCVSVIJ,-1.4391336039897085,-2.381385478795659,1.0415127532216966,-0.5984835017653025,-0.0042249606600260345,-2.6424275071542773,-2.506328160921805,-1.1115471220067743,0.41637247974829805,-0.7276401467575137,-1.6247736007338502,-1.1995938206785266
NWIUTZDMDHAVTP,-1.395722020164192,-2.3854746353074288,-1.60166845388828,-1.3244116697855568,-1.2915772744309246,-2.655912877895926,-2.1220325996656557,-0.8232648117586888,-0.6386391419738029,-0.5784654105561554,-1.6320750026033481,-0.8128015250555857
NWPRCRWQMGIBOT,-1.282653044410464,-2.222408026345057,-1.4761026932284227,-0.8803217528720195,-1.6411815817636939,-2.3579163212232896,-2.293285833220204,-1.4540909568347236,-1.3845961700053282,-0.7534765198202392,-2.9608609853896697,-1.354494297374024
NYMGNSNKLVNMIA,-1.541102092502616,-2.4468254404536336,0.6213904015005176,-1.062617981223534,-1.6974155371943882,-2.6493770025150845,-2.7418890887730516,-1.576780916232731,-1.761385077496601,-0.7671272445563365,-2.336652942940493,-1.1757781721742129
NYPYHUZRZVSYKL,-1.1560952399658784,-2.22418279982391,-1.3274336283244554,-1.3381219519402814,-1.3617262445701552,-1.7171991284413897,-2.4840313710864983,0.4289968216710925,-1.5316057433849017,-0.5788047508419055,-0.9149855752999967,-0.8144810465124206
NZCRJKRKKOLAOJ,-0.41931698131523093,-1.5927888846314546,-0.6244929557985508,-0.7476156008581566,-0.50136494022494,-1.5911274398771122,-0.83943282560851,0.2773492345797323,0.4833180920872523,-0.5718436695940474,0.5538287039179263,0.4554086825281903
NZHGWWWHIYHZNX,-1.2957368583936502,-2.3130183252078185,0.7066771116711121,-1.3522964990720168,-0.8305637822235766,-1.560933403396362,-1.6806173165594553,0.22899660230549312,-0.21900175179729683,-0.5930630495480839,-0.7407427749962927,-0.691232077957617
NZLVRVYNQYGMAB,-0.849355978499551,-1.9458471101187436,-0.18170539639321165,-0.9287324257521077,-0.9179026542109194,-1.9961540110806026,-3.232175044453484,0.6138118708371639,-1.4409484900739882,0.6114493700683885,0.41624905559365355,-0.08655350909947238
NZUPCNDJBJXXRF,-1.4010016732261936,-2.324689792310891,-3.3695661515121498,-1.4070862362609298,-1.5674913381359417,-0.8382487207761691,-2.5588931081634083,-1.646479799128184,-2.1420220767875007,-0.7709342235873828,-2.1879815709060666,-1.112078565165277
NZZIMKJIVMHWJC,-0.8572445832255864,-2.1557710712030764,0.4782459609276055,-1.2064817189844868,-0.03220064154627464,-2.0496997048177508,-2.5560966624725436,-0.39221359372539827,-0.9890863287259781,-0.15336999219039435,0.30619684733430413,-0.9454333674171411
OBKXEAXTFZPCHS,-1.2937275305981473,-2.3933317869128397,-1.5435363895126148,-1.4567053998135837,0.10169990186923097,-1.4628309051950228,-3.3977922784755257,-0.38464378612306543,-1.9519944300233336,-0.6456933649763225,-1.3413196137529642,-1.299188864027098
OBMLHUPNRURLOK,1.0565764714421975,-0.30410284810185645,-2.80233121684629,-1.5014845769611036,0.950071984249234,-0.06055926034102538,-2.7955620696111856,0.12529338173678245,-2.206806122311893,-0.5522462344138934,-1.2511115248028573,-1.251816870017812
OBWGMKKHCLHVIE,-1.3648994979645888,-2.3978596466827784,-0.4214837338021986,-0.6927803494346383,-1.3417805123346864,-2.3618742117802305,-2.8256745294553083,-0.4356387466608789,-1.8696894072220254,-0.672216346334922,-0.8556641281780516,-0.9420927528589796
OBZHEBDUNPOCJG,0.7664205221743635,0.9488013143287315,-2.77983225966727,-1.0076485682726855,0.2223048959727315,-0.08616348329772902,-2.636228952982152,-0.05909508051735004,-1.6667990698631874,-0.6685578884266733,-0.22916161809589322,-1.073010509018418
OCAPBUJLXMYKEJ,-1.3884197211883456,-2.1164717820776966,0.6090252360266645,0.5863050147812578,-0.20004709288891526,-2.096494515542766,-2.2073471597399204,0.5651328921776486,-0.5943951111900542,0.24202062085377327,0.8238206887434458,-0.3331357593436426
OCJYIGYOJCODJL,-1.2291001954383687,-2.0029673727325354,-0.17595340649161284,-0.9907605355360827,-0.9829885097866782,-2.4502788219588787,-2.599126740884457,0.6876489426914473,-2.017242330899352,-0.4691860445275988,0.3727664172579313,-0.612892130193939
OCUJLLGVOUDECM,-1.2981159338122414,-2.346517460306374,-1.2435800051964385,-1.1563933130986208,-1.1187471712975827,-2.049869887634018,-1.7089890683692381,-0.5508580990135794,-1.1929913866106259,-0.6022047496441855,-1.1038075341350528,-0.29971712297302266
ODKNJVUHOIMIIZ,-0.785665431596291,-2.1525242045453505,-2.342887805223745,-1.3691121362419685,-1.339320490951468,-1.8428320433986856,-2.5342465584202327,-0.9942174449514412,-1.4641156532207498,-0.7460406873272394,-2.09831872751733,-0.650122679633361
ODQWQRRAPPTVAG,-1.3291837010675405,-2.120085491202029,0.3449355569122198,-0.6186784004061442,-0.7671941314829404,-1.4676010611209653,-2.0119900487545346,0.3094313898311957,-0.8603243307261924,-0.4121706248321179,0.10199700318472983,0.16154408963546826
ODUOJXZPIYUATO,-1.013108927453129,-2.124327829900828,-1.747707534108395,-1.2774631766559048,-0.15534036451669997,-2.4474259742979196,-2.907049463244454,-0.7389999736098682,-1.432556164330517,-0.6206298617458055,-1.5772725077814767,-0.9078592052873705
OEBPANQZQGQPHF,-1.4253647129195728,-2.3000426740946667,-1.004907367503124,-1.306141722062333,-1.5028038152934835,-2.455127969342532,-2.4153643745565163,-0.4858784154715098,-1.569827344993678,-0.6719537100150355,-1.9224190612242178,-1.1729578164159844
OELFLUMRDSZNSF,-1.0553681363061465,-2.1905056918964,-2.447466962586481,-1.500082678457288,-0.7771485898243277,-1.9732427720119878,-2.728172585645517,-0.3334505085928761,-2.067565727344278,-0.6793427466827897,-0.9627330830836472,-1.027263624491411
OEXHQOGQTVQTAT,-1.073630290095661,-2.0764726645292813,-2.2801248644776235,-1.2753781905832027,-0.2914140624441337,-1.9869172529759167,-2.609801973511976,-0.777250390037675,-2.035855032512837,-0.7026766322990126,-1.4437976107910027,-1.1292681559651319
OFBIFZUFASYYRE,-0.8367787999360967,-1.8320121164142482,-0.8873229655088126,-0.39031976519659634,-1.645084390664508,-1.8574008544250018,-1.9264195008733809,-0.07687877979217117,-1.0549644605909592,-0.6462946275037138,-1.2191292031177263,-0.37955180675495115
OFCNXPDARWKPPY,-1.4704463303027482,-2.394309244378643,-0.7429660788376774,-1.2613883052110395,-1.4614317870302567,-2.7200765191039964,-2.914675424488458,-1.5316501258289001,-1.8591648318987601,-0.932968263396712,-2.824915967214975,-1.2830870582379819
OFHHDSQXFXLTKC,-1.4981247727948328,-2.255739713308317,-2.770528383523531,-1.2979088108766295,-1.6942887704424525,-1.8741849272276616,-2.437161099166231,-0.3985585153977132,-1.9506235101084386,-0.3659380772683247,0.08786685568966322,-1.0742723678795623
OFPXSFXSNFPTHF,-0.6601119073363008,-1.6332991172202223,-0.2035702131843255,-0.6540565886244775,-0.10149409112674371,-1.250850992802082,-0.2562746230687258,0.3478403369778481,-0.8008406826453122,-0.5836414005136247,-0.4691430716243131,-0.49697871229302987
OFZCIYFFPZCNJE,-1.513500324459148,-2.4014191149436277,-2.861306962255645,-1.2232657019393112,-1.6226023482865333,-1.0220815658869131,-2.527536077757835,-1.3792528678017175,-2.2366607989379044,-0.7217721623343859,-2.3922036291417053,-1.1794734684092099
OGAKLTJNUQRZJU,-0.9895212539961296,-2.12270013138953,-1.5199582409253285,-1.1055099369489252,-0.6772397801413298,-2.2722031066937722,-3.1088566720676427,-0.5218162290557908,-2.014773378031361,-0.5435219995023555,-0.3405673289230443,-1.014907511186553
OGHNVEJMJSYVRP,-1.051815191813158,-1.700003379824786,0.14470446913434526,-1.0132382995528733,-0.833588685711251,-2.0394183256877874,-2.390412028534646,0.3860398708803943,-0.585168355515451,-0.4932735948468079,-0.3754045592344874,0.021713631808376523
OGJPXUAPXNRGGI,-1.0554753597588096,-0.6783679268495578,-1.2163282779894777,-0.5676232078697223,-0.9883070123651225,-1.459421904419938,-1.0038801729315918,-0.1281188061662373,-1.8771426708733037,-0.659970842738794,-1.4511467929057993,-0.39426934415829373
OGSPWJRAVKPPFI,-1.427296309199096,-2.4033102965213593,-2.900491771853105,-1.3549045549245107,-1.5612360848262736,-2.5060361752440112,-2.743794775016451,-1.2271417165690917,-1.9491184344298151,-0.7306759784694727,-3.09388271527032,-1.4457282803544915
OGWKCGZFUXNPDA,-0.19684183070001404,-1.154875707448624,-0.9933847004588994,-0.8300800917054637,-0.727901159426451,-1.344861539286117,-1.5420057155508573,0.32668803600668445,-0.40521952854460636,-0.49379998457243535,0.06423860582823204,0.06274075373796602
OHCQJHSOBUTRHG,0.1164816683758574,-1.014536654130897,-3.087094933335531,-1.2870556630601173,-0.6416858573249763,-1.4760109097705896,-1.0140877072701773,-0.6652740306470799,-0.723922474734593,-0.6801378627605759,-0.2667671495366047,-0.5415799104540223
OHKOGUYZJXTSFX,-1.1508161842861193,-2.3815073786628043,-2.7764387076162405,-1.5040337999982332,-0.3499203898798917,-2.413051922155666,-2.456035824778972,-0.5511086184422964,-2.3151233939718594,-0.8288447565340851,-2.6257212960205023,-0.9862412563214411
OHXPGWPVLFPUSM,1.642567098407043,-0.17172853631266327,-3.9536035457568626,-1.6084542208120756,-0.02913538393856275,-0.4768570883767044,-2.930641675036718,-0.6494192729770589,-2.82360660619617,-0.7863754941806526,-1.9810960068905044,-1.4017083789235332
OIGNJSKKLXVSLS,1.8610061850326949,1.7070479384655572,-2.3893120094172926,-1.313292170064004,0.06198721534404064,-0.5501294034890122,-3.6683894920816735,-0.4822170792710714,-1.6883896616894765,-0.6161744171268005,-1.4375801877189998,-0.8160607714704742
OIPILFWXSMYKGL,-1.2623201088183522,-2.2352643350744317,-3.4701766552196833,-1.3477055982061636,-1.805123578820081,-2.5535216966481045,-2.2045561389175203,-1.6157374278113137,-2.2032504764397145,-0.7425659860844166,-2.6607166240864277,-1.2018924861561848
OIRDTQYFTABQOQ,-1.0354141047657253,-2.1946246346260914,-0.38846649918407655,-1.219659079688049,-0.8315370625615115,-2.2837729301912284,-2.374889882719357,-1.3964677083531805,0.0038817790962609945,-0.805567718543504,-2.022036643210947,-0.50736402084758
OIRFJRBSRORBCM,-1.3146072154482016,-2.3931496349138492,-0.5011921081880849,-1.2837480924060898,-1.1569968465521268,-1.295419722076269,-2.236822545547149,0.627331813429774,-1.3841186467473319,-0.3726611592377411,-0.6376028860796492,-0.8363307823567218
OJFSXZCBGQGRNV,-1.440045004590267,-2.2014279861476127,-0.4059815447923734,0.11953275809183371,-1.041288693349487,-2.112964190628917,-2.428141801921263,0.02369893241160706,-1.8484393827232624,-0.511987282934363,-0.6479126562742497,-0.47269710033973056
OJGDCBLYJGHCIH,-1.5294913069891316,-2.4203694708849186,-0.15753953867485995,-1.432059493579759,-1.132824360954276,-2.4000734679666014,-2.766729861223179,0.14493166458268808,-1.8519994822587018,-0.3923162600902286,0.20636621955701803,-0.8516632200157769
OJMMVQQUTAEWLP,-1.1071701964531908,-2.273905001058101,-3.818702748503446,-1.500525541453101,-1.6108687443874903,-2.3056335764829785,-2.5157613767760436,-1.2088256320581046,-1.2487394160957614,-0.7075617539282243,-1.9277654220438025,-0.6410601112017369
OLBCVFGFOZPWHH,-1.4689558248659398,-2.380528337658774,0.6841902536363446,-0.9874228950122244,-0.47212813577507945,-1.7189615833584084,-2.4278862199434514,0.09851591153547898,-1.3513783685364318,-0.3365744207141976,0.0843820132907716,-0.7703498048662174
OLNTVTPDXPETLC,-1.146683599476636,-2.3162570063740935,-0.9349204844344039,-0.8167462285328877,0.18190588641869618,-1.3158509370547746,-2.2554215131320587,0.30043537677066634,-1.7409613318246877,-0.5141850117046922,1.490519330929848,-0.6740742450308236
OLOOJGVNMBJLLR,-1.1263032799955068,-1.860861907899523,-0.40938975318630416,-1.1762698260960287,-0.03421429488753213,-1.829942642863598,0.850500970723205,0.7166684855358811,-0.42928848464407043,0.5762937802024174,0.6605605945750751,0.4514447655261749
OMFXVFTZEKFJBZ,1.5476444892499404,2.1151930665554888,-2.861233640283971,-1.3556596768124152,0.05185955273114323,-0.4455020002795296,-3.2489846493632575,-0.5251114960487941,-2.397370999765358,-0.697455783136424,-2.085176540285685,-1.248263506687881
OMZCMEYTWSXEPZ,-1.184072741096241,-1.9781808098648783,-0.023811913204890903,-1.1115146959151314,-0.9326363650230413,-1.6100927255371855,-1.412930634969585,0.3141556885395057,-0.7754625696822396,-0.5426055592301365,-0.8883022155293897,-0.4754139417129546
ONKUMRGIYFNPJW,1.193460883932147,1.9001797143345542,-2.4730770991899425,-1.0078945949848857,1.070683141841679,0.7479124051569898,-1.9999528336457997,0.7045609426355968,-1.6946949212186335,-0.46938626808606654,-0.3144749699473237,-0.967788971201557
ONWXNHPOAGOMTG,-0.5641163047314313,-1.6040414242839678,-0.9585824916174681,-1.1846704874942477,-0.4848744169545467,-1.359003708094165,-2.604538524200473,-0.27793305369740856,-1.2032846824493326,-0.6418614176918872,-0.30101631828320735,-0.6163946586036875
OOGJQPCLVADCPB,-1.2560895548743232,-2.329689585527814,-0.40712253669382953,-0.7905597019202034,-0.4754883628646558,-1.8153894608445658,-2.5314705041482695,0.19940633192831342,-1.6035900751020913,-0.4737586340633252,-0.18801345320259916,-0.815921814614603
OOUGLTULBSNHNF,-1.3158616144028377,-2.239131973892943,0.12812376986125854,-0.27493476819619483,-0.5701885706767724,-2.2333765702898054,0.2179617398227556,-0.013710802999464216,-0.2521436527673897,-0.6458433478285847,-0.9526503930222248,-0.8509622249844543
OPNUROKCUBTKLF,-1.3419873806447653,-2.3946796421118046,1.8344115171992186,-0.699305808131888,0.2513956566411502,-2.559650207527883,-2.703999216248305,0.07831463942657502,-1.3458159734479012,-0.4776827756840435,0.545522646627847,-0.8890286771660343
OPQRBXUBWHDHPQ,-1.249976737016455,-1.9572345581127537,0.23785746586305404,-0.5794487849133743,-1.3467870679634624,-2.1652283193802404,-3.058714385507513,-0.7314167687022163,-1.1114224425437496,-0.649967158614214,-1.2354152450443476,-0.22989926506050926
OPXLLQIJSORQAM,-0.609368965950873,-1.9188947261517781,1.6811338625598176,-0.8622307920017102,-0.5488083973521724,-2.0756101797027235,-1.6611332456619992,0.42365954135520517,-0.5355451380485461,-0.5674456395452938,-0.8115440783369853,-0.4287785389997539
OPZKBPQVWDSATI,-1.3966436789332408,-2.338334045277504,-1.3166791954460835,-1.1060551648963477,-1.2302897544024773,-1.6829993360016466,-2.4768749866671174,0.009575797772859924,-1.1627690258327872,-0.435485056219818,0.03091921342049359,-0.7073227900651601
OQDPVLVUJFGPGQ,-1.5763847459790306,-2.3528449586905493,0.1431253562755489,-0.9176847476885641,-1.2710988877041636,-2.4335537952269655,-2.8433239558085783,-0.6400306729929979,-1.4970554829244993,-0.6136288464361892,-1.9425818967290054,-0.9959353872693941
ORNBQBCIOKFOEO,1.2117468585389586,0.723831053025175,-2.6000283009131886,-1.1326052602177294,1.0766708264433433,0.6704311081703386,-3.284296627790082,0.06297030798302844,-2.6983744738968767,-0.6225414086602405,-1.5148307664966123,-1.2100142796616795
ORRZGUBHBVWWOP,-0.8048808053121871,-2.34956091797184,-3.13030404207873,-1.7612115008349365,-1.9318757706064436,-2.5173590871092117,-2.7815817693406353,-1.693690231748616,-2.0985086325882434,-0.8410837437077228,-2.5471149676288865,-0.9333032377625141
OSUCQKNXQBPLDG,-1.0682642703910479,-1.9400556792474482,0.03356801768228425,-0.23647486276983842,-1.180368971025489,-2.0447734011010157,-2.206089171052598,-0.2291065722272169,-1.0099435993695884,-0.5888351548575872,-0.025246552921425722,-0.725221573205693
OTGJPAOGHQFBMI,-0.959573193631533,-2.041002963574117,-0.3308407304774068,-1.2821529969297871,-1.8430919450003482,-2.3984286999233118,-1.369253076074458,-0.5775355659533506,-1.1718072484304192,-0.6792837910392479,-0.9043095593654956,-0.762091866722505
OTVAEFIXJLOWRX,-1.1726985605149272,-2.1264133467476576,-2.5145748479800014,-1.5542472045826503,-1.3087789831181476,-2.7420954991478306,-3.0601115181400593,-0.5056567967114335,-0.8545513888218799,-0.5942434065001441,-1.450064301202907,-0.7880715833058431
OUDSBRTVNLOZBN,-1.5983474327076992,-2.426173784879696,-2.1030901656899523,-1.6748549676684223,-1.776100187957245,-3.2241060350283512,-3.9237139602356934,-1.3433765464708578,-2.460392149707983,-0.7563317509122743,-2.416625830030462,-1.3621557208130204
OUJTZYPIHDYQMC,-1.090666997136791,-2.2185494386512437,-0.9986393965103578,-0.523242561123516,-0.9247355342027944,-1.968737870742526,-1.1962390185265253,-0.4021620176776391,-2.0526418170292615,-0.6625049396100381,-1.1271781138733459,-1.0055806836828947
OVBPIULPVIDEAO,-0.9762981512101607,-2.030354313912026,-0.43475417273775857,-1.6826726155325924,-1.0149709034618826,-2.4710410081605927,-2.6359311732240296,-0.3045091905386759,-0.5796180197922538,-0.7667313965456791,-2.4177590414358163,-0.5869174992459418
OVCDSSHSILBFBN,-1.1910087811411876,-1.9648688752883348,0.8165970026406628,-0.44294253536513756,-0.7511710298074903,-1.4185708675130433,-2.786871761742751,0.9081201144779416,-1.0108751536743954,-0.4435887539286234,0.7789679774836038,-0.3339154350454929
OVGGLBAWFMIPPY,-0.8294689642527406,-2.040964775642257,0.32300646640307523,-1.4572185855034558,-1.3085248196978745,-1.8289895652721433,-2.375399611535273,-0.46785637107226796,-1.0610665393678367,-0.7090980973944843,-1.7376844598763777,-0.8786592431610821
OVGORFFCBUIFIA,-1.3633822358976522,-2.363436057616527,-0.9151447723899491,-1.0466677464790752,-0.5769347814195072,-2.0371895036208443,-2.794512587605257,-0.6298697870545591,-2.0088620434340783,-0.48755386769545184,0.07479463010422116,-0.9915272960867851
OWQUZNMMYNAXSL,-1.125111675648496,-2.225138986224331,-1.4007952795024852,-1.1942261571513675,-0.9529574800342429,-2.1643212226259347,-3.288415671796421,-0.18804521095895227,-1.8013684518545139,-0.2678389251428069,-1.042956512826728,-0.8045869742558494
OWYLAEYXIQKAOL,-1.3904300633411595,-2.428407720799605,-0.5926292448879369,-1.3999775706648943,-1.3999527921675434,-1.9895669580409348,-3.5850616460526585,-0.5402625049974632,-1.6031893513471507,-0.5894405519499158,-1.7856492658665168,-0.9972504490541767
OYHQOLUKZRVURQ,-1.4856336651377477,-2.3676882301484627,-3.090500514900893,-1.0463455727994018,-1.170237413147676,-1.9823617411813783,-2.989201737994123,0.2378965129398885,-2.324471719925027,-0.40973833677500393,-0.00901182134324348,-1.0355846934737853
OYPPVKRFBIWMSX,-1.5269761865321776,-2.1645839244862923,-0.08179852842846505,-0.05027992543251461,-0.9722523110624186,-1.8693613671770895,-1.3716492017241753,0.1934503507243012,-1.0117047117680724,-0.45491108314817785,0.42040837628397765,0.49489580131004585
OZGNYLLQHRPOBR,-1.416889189539144,-2.1676052712964426,0.49124910435427827,-0.934277945133599,-0.4360614459540617,-1.745796392291283,-0.7769148973469707,0.07826458430996525,-1.2044156007976423,-0.4415894411958878,0.07307931743357583,-0.08166778984111518
OZLPUNFFCJDMJD,-1.3709678264134415,-2.283731909232763,-1.3173306348524556,-0.9495307265149056,-0.9260383600064188,-2.3224788722079035,-2.045113739216376,-0.63480557679426,-0.47526452050445206,-0.6467770088338952,-0.8859628699986699,-1.1780521870396676
OZVBMTJYIDMWIL,-0.5848105455505442,-1.6995610199098734,-1.6482682915956353,-0.9804419304884957,-0.9114936606951309,-1.464601166271719,-1.1425300509985867,0.15080874837726327,-1.4918073889041925,-0.6228461255428553,0.2836550543870983,0.08150007065851309
OZWKMVRBQXNZKK,-1.3315710367758546,-2.2017970801471045,-0.48985794200149635,-0.5694365930882086,-0.735135985995268,-1.7960550170542033,-1.6560995498510285,-0.17564655875712867,-0.8955678661186617,-0.5950313400290719,-0.98198541509708,-0.518272199904586
PAZJSJFMUHDSTF,-1.4720771442474263,-2.3236221704484445,-0.51933122955074,-1.2126812923164703,-1.23962889373449,-2.0544919470259044,-2.196651170474253,-0.84233887374496,-1.2407506571863072,-0.5524105762892245,-1.464365240286929,-0.5794630188722815
PBBGSZCBWVPOOL,-1.3012184235990452,-2.320406594346421,-0.21774260242956248,-0.6855634638702935,-0.3155960820895761,-1.345234454976934,-2.59450005150268,0.9453040146851427,-1.2427447585411615,-0.34134843500353385,2.156462112016381,-0.3201419483637361
PBCZLFBEBARBBI,-1.2920016744621652,-2.263830926314418,-0.29496942274034,-1.422328391532043,-1.3662312000900316,-2.9697767776030477,-3.5775982659917505,-0.8687397619582913,-1.837570131618136,-0.6295727853423967,-1.0243448839735252,-1.1194393620646734
PBJUNZJWGZTSKL,-1.0818880667400776,-2.1433607015815155,-1.2519826087805541,-1.227485312777838,-1.056050531379795,-1.9647930422723505,-1.4282210223301675,0.1588197490996065,-0.9815877131503554,0.01647241406611637,-0.23171254274575295,-0.37930630006463
PBKZPPIHUVSDNM,1.8603563229696647,2.4635239086717933,-2.898569829150684,-1.3293809233196916,1.1711601001335126,0.8911605333323173,-3.2656632975145174,-0.06599173681056608,-1.904222128820566,-0.663792029208092,-1.693435186608208,-1.0342781132535506
PBMSWVPMRUJMPE,-1.0278466501147585,-2.2637841113967943,-0.38941745093001773,-1.514890871414327,-1.641167942842014,-2.4589341946392977,-2.594104386169851,-0.3796757883587843,-1.8183480205329812,-0.6368817955865541,-1.0697230689445028,-1.044420877953074
PCLITLDOTJTVDJ,-1.070093672366361,-2.3423900619636955,-0.12835182553299085,-0.9208627078641166,-1.2386814889801618,-2.5097552877864646,-2.2959780508181207,0.18010154384998225,-1.1499983107904268,-0.2691683906328807,-0.31728255607065287,-0.7033073537104421
PCSWXVJAIHCTMO,-1.1375013975817374,-1.498722312154716,1.3466541882289527,-0.42162284396893285,0.0403678071704799,-2.015388847710423,-2.549027583746831,1.1989113706131203,-0.31516725029934717,-0.3110564353422332,0.507316049533588,0.3146192451399656
PCTRYMLLRKWXGF,-1.362249297816851,-2.084218707484086,-0.5027868012021439,-0.4664687764353192,-1.2791776667355257,-2.398588588667089,-2.5258053260625455,-0.2784205196189003,-1.9058767228872906,-0.6670143829307635,-1.3583641582607477,-0.9833231639910538
PCZOHLXUXFIOCF,-0.25114225586896305,-0.4247972403820698,-3.06685110151889,-0.441630528245722,-0.24269593798752878,-0.7703128685658692,-1.9067532443397903,-0.37604940794847963,-1.2209797733624865,-0.5806980560737831,0.39055347277432906,-0.5432253702556892
PDWUPXJEEYOOTR,-1.647636813437366,-2.4265315218833132,-0.12208471450769802,-1.3690397350503187,-1.3410860909706535,-2.352623735259904,-1.541066763016392,0.10420245889885665,-1.5437498050549288,-0.039529284423763814,-0.6238045263492983,-0.9930050592208668
PFOLLRNADZZWEX,-1.2143421970075647,-2.0989680032889564,-2.305843438891343,-1.4583974216320792,-1.1199593931440002,-2.427447011389577,-2.807609223309133,-0.6890597489902676,-1.963130149977521,-0.677828163120749,-1.8790687265996473,-0.7257469412114285
PFTAWBLQPZVEMU,-1.0855070145722927,-2.3558912511958274,-0.3099512986976384,-1.1143306156243236,-0.878630072971132,-2.000764733521391,-2.3684960953590553,0.4232436393254344,-1.1263733271229521,-0.46885178855381826,-0.03134013069010279,-0.300906620620729
PHLBKPHSAVXXEF,-1.3664991324130629,-2.1376234922454174,-0.48594225590796675,-0.6971977045888239,-1.4420658516883706,-2.6663567716060954,-2.47275207131672,0.09881685647278204,-0.869006212579583,-0.6240351142664218,-1.6324199393859837,-0.8716938143433772
PHTUQLWOUWZIMZ,-1.227219749570167,-2.0564720015497824,0.8612676766980694,-0.5816469573436626,-0.7516447523944629,-1.7603643552845956,-2.2389508003298717,0.4391263514709936,-1.418134230967584,0.5587984108815449,0.8972573847707176,0.029913178479570524
PHVGLTMQBUFIQQ,-1.288695887256161,-2.2175847491010883,0.581467635085876,-1.0034341162321694,-0.3361022383789762,-1.5066919451287035,-2.6965373424421477,0.31332370104736096,-1.5976356114217674,0.49358351076708085,1.561042259686757,-0.12675629598841304
PHWBOXQYWZNQIN,-1.050642520159872,-2.14596723943897,0.3924628590732415,-0.5463495699386804,-0.8765713132061583,-1.9269393881269705,-3.0673156492396387,0.3433006467324832,-1.3885815607160363,0.38187466612424104,-0.22929749802295923,-0.6563099101512736
PIJVFDBKTWXHHD,-0.8485709036775505,-1.9932912716271067,-0.6520002142289518,-1.4759411803242701,-1.4546614514680027,-2.6119516343052487,-2.5965390011592007,-0.613103806238612,-1.5097283597606306,-0.5688134683046279,-2.0170588493632793,-0.6174397554324018
PJDFLNIOAUIZSL,-1.5607825598137206,-2.4583287238118823,-3.67021970901765,-1.7089222075129773,-1.6273114681549776,-1.0621040252385012,-2.656133418760978,-1.5107654226034868,-2.1304305881111314,-0.922799098629492,-2.8666475744119833,-1.4504049366349492
PJSFRIWCGOHTNF,-1.3184871342939972,-2.3290157946269447,-0.6988867050248008,-1.5833164162068016,-1.596045510824816,-2.8083850022269035,-3.335785785025439,-0.8694480375682925,-1.759458957307428,-0.7360017024104716,-2.107633868644322,-1.2275095767935686
PJVWKTKQMONHTI,-0.9248239489699713,-1.9074635329039669,-1.1515855474497194,-1.0736369876667826,0.25099000043425496,-1.4270721551910646,-0.061412468295965805,0.1948634596998851,-0.9911855500481432,-0.5492793818014111,0.9066957310044015,-0.3320118643428935
PLDUPXSUYLZYBN,-1.3293800911526956,-2.1672166347798565,-0.4422778972401531,-1.1722243890781734,-1.1225829055999084,-2.697394769744709,-2.7174315133569227,0.07293627701461954,-1.5255614468528553,-0.48592452136998054,-1.3006106099261294,-0.670781495239331
PLDZOHPIBZVDLQ,0.28323369943849297,-1.1192666955096118,-1.3498645657310113,-0.7872908209235976,-0.7524614380224025,-1.900622784710366,-3.328097177737784,-0.3402124159451719,-0.9612501641157323,-0.7140337549969856,-0.9649775668831686,-0.46948628841208817
PMATZTZNYRCHOR,-0.7365510396433518,-1.9318162252900488,-3.240687334385032,-1.7317094767588905,-1.2731493826920595,-1.7084195437624412,-0.9555450206051117,-0.5957334355957717,-0.22503722252006753,-0.767810898615914,-1.4158958588975101,-0.23192210437148048
PMRYVIKBURPHAH,-1.1527436136980598,-2.4280735794556336,-1.5736243476144418,-1.200417355026495,-1.3026278637074122,-2.8170767097478366,-2.9874609602197086,-0.9880216222857761,-2.187578902313699,-0.6407615662725581,-2.1697304410039657,-1.1802171966895216
PNVNVHUZROJLTJ,-1.0073228880363918,-2.233624060742747,-1.453955907096537,-1.0759306997801106,-0.7840757284135689,-2.058355515452758,-2.470862590438998,-0.37776738597267795,-1.3977028218124345,-0.5386164174141148,-0.5707550808314759,-0.9068828389957604
POPFMWWJOGLOIF,1.5171182950227105,0.07415825864571347,-3.2689870849667804,-0.7553082578084522,0.10599740460277095,-0.44971370428974133,-1.8521837448554241,-0.6603144752619857,-2.1711858048736423,-0.7295937248717396,-1.437209573246622,-0.9012866707778426
POZRVZJJTULAOH,1.152628809838954,-0.2792332663305247,-1.2419352603218867,-0.7084319505714712,1.3347661224912424,2.2430413887098117,-3.425303350256395,0.7059710779948517,-1.504536809990456,-0.5297714770038144,0.49381396282109363,-0.4829034088671719
PPQNQXQZIWHJRB,-1.2911641849474282,-1.723747566828842,0.9643144013630647,-0.9880283823543812,1.0332753540844275,-1.1602246246219439,-1.101583998672086,0.7733535377192996,-1.478952174219531,0.012378433449774079,2.5000130270208225,0.5175932684854327
PQFRTXSWDXZRRS,-1.3301057031252002,-2.146103705594538,-1.5732442832356055,-1.028411471062279,-1.375054223321317,-0.5557467833932458,-2.0257912373624825,-1.287149191337743,-1.6138504443813086,-0.7917982958794259,-2.5862347648592463,-1.1600894741867696
PROQIPRRNZUXQM,0.8073366409193885,-0.7876356797620999,-0.6059752394329507,-1.2905460831220739,0.9071694633609086,0.6643745258590613,-2.4303676800008276,0.059499257065740295,-1.7712147620707916,-0.5153320061141676,-0.03759988371750271,-0.7390820503910802
PSIFNNKUMBGKDQ,-1.2856710729397072,-2.03071980953027,-0.25328270017208915,-0.400998337869063,-0.9441236233978196,-2.278612856971192,-1.8520067993577651,0.46261238017894785,-1.5406229866583214,-0.5224199512030135,-0.546504445846075,-0.6555897309553469
PTGXAUBQBSGPKF,-1.3556336159400597,-2.340551621778512,-1.0869701183902807,-1.157422062820351,-0.6281717954145595,-2.0746150478043575,-3.2480359015875133,-0.058378253190550324,-1.5808659467353405,-0.5801863832720722,-0.23385661183081824,-0.9555251578667057
PTKSEFOSCHHMPD,-1.4010976050914516,-2.404203099610063,-0.6898611147883855,-1.2620545256435447,-0.9863838080286323,-2.4875290011264735,-2.095786457721697,-1.3164637951820732,-1.6077952603008372,-0.7270606511735312,-2.185642874981787,-0.9570621100959835
PTOAARAWEBMLNO,-0.8524045783141595,-2.19831725327253,-0.12465059636994598,-0.8280538607820453,-0.9405241991373422,-2.1248984237860684,-2.285833434279897,-1.2682216497882275,0.06897420954064498,-0.7820062189972601,-1.7013155347236535,-0.738444833218535
PTVWPYVOOKLBCG,-1.211725255532148,-2.263872073976222,-1.24881839412487,-1.4440543773633694,-1.1205852493632864,-2.9050009139404898,-3.458721409645925,-1.2308586314893795,-1.1526915600418883,-0.6839041577962454,-2.3558444618625267,-1.044599795326866
PUFQVTATUTYEAL,-1.1602720498450705,-2.1471200532193193,0.1249290710558901,-0.7937776752887179,-1.0511907817316017,-2.2401580970720305,-0.959591162304738,-0.21150859927064905,-1.4697372365375796,-0.6129038522519853,-1.417589340855688,-0.6692425136182302
PUXBGTOOZJQSKH,-0.9562894496642956,-1.1130325622184074,0.3371452556801419,-0.005027558068504697,-0.3338849011690725,-1.0291042273807802,-1.6178301107946051,0.6179274330561871,-1.112368458723123,-0.485525100352703,-0.24621336608281572,-0.2318164347266985
PVLJETXTTWAYEW,-1.1199440455913394,-2.2264249645440684,-0.02091371720819852,-0.8331358677220592,-0.7533156456550606,-2.2861217610980082,-2.40687678902283,0.29361696001151627,-1.3325617008501225,-0.6165261508904576,-1.5074960777536779,-0.9268220842057053
PVNIIMVLHYAWGP,-1.6518225572986338,-2.458479880416812,-0.9081637988059962,-0.9176553574656519,-1.487274954190751,-2.203461263452125,-2.0617189993564056,-0.876327667995804,-2.1114661054927737,-0.8372559891805575,-3.092643660464267,-1.4749133436408515
PWKSKIMOESPYIA,-1.257613149706086,-2.3837993969764746,-3.9542425708844284,-1.712773377634372,-1.6321189502934472,-2.494055234870408,-2.714449284164686,-1.7287290253051726,-2.0353526688847987,-0.9283726656002054,-3.131041871644783,-1.2659531051233281
PYZRQGJRPPTADH,-1.4494944852988412,-2.129116928745241,0.8281097738434641,0.10074658394533899,-0.47246724246035443,-1.9625110947129123,-1.649558162434972,0.12708996591477892,-0.14978993284037748,-0.5579446180702121,-1.1051067288831486,-0.7704133137774968
PZBPKYOVPCNPJY,-1.6340174148333217,-2.2552979459513662,0.28034179117271224,1.1343544209326528,-1.0821956224890792,-1.5433053622907988,-1.7511300979608506,0.4691220657765848,-1.721054565134137,-0.46052918550445393,-0.34844579690663674,-0.6032077974873128
PZRHRDRVRGEVNW,-1.1065022923746795,-2.2308774793598167,-0.45050527207317614,-0.7210917846766832,-0.9536137957383315,-2.1192989660183157,-2.676324142710987,-1.1270403500051667,-2.0588480152383695,-0.6816377186028051,-1.5399211050832233,-0.5605692181419746
QAGYKUNXZHXKMR,-1.3014167435575614,-2.333217711321063,-1.4580183233488972,-1.4512458861219955,-0.93885388303957,-2.183987092164726,-3.081184180879975,-0.43760330094670086,-1.8513261737364886,-0.6271824768437826,-0.09823916921241724,-0.8053259156243116
QAIPRVGONGVQAS,-1.3402758388698357,-2.2834065501288148,-0.6912130161401475,-1.6513458201668971,-1.3051674549227978,-1.0306153576680686,-1.38403064833331,0.43523130108883024,-0.7776575167035978,-0.5912192889512038,-1.6721712992994728,-0.8057241692365767
QANMHLXAZMSUEX,-1.5013710495964545,-2.29545060813869,0.7728433148171658,-0.7408192683423345,-0.6743413573585211,-2.5958933087784355,-2.042552859381748,-1.0772762520960963,0.5877138491877474,-0.7094144371727183,-1.4088943123742481,-1.0329765356212133
QASFUMOKHFSJGL,1.1063284857995228,-0.41585864697137276,-3.064659552353304,-0.8915323666302558,0.2763899280842003,-0.7695500973975843,-2.979905017118252,0.2942000579099841,-1.7055170596404032,-0.6250045646847457,-1.215932160897157,-0.6889872831796754
QAXBVGVYDCAVLV,-0.5902603772547467,-2.0628178041249754,-0.8619587137998003,-1.2189298877115755,-0.8387484055903152,-2.571325685551999,-1.6171794843453597,-0.646350867264774,-1.6458984949597264,0.4292603928039965,-1.0013169169669038,-0.831863666669012
QBKSWRVVCFFDOT,-0.616615429415766,-1.0566998978414712,0.4469208402505062,-0.7176305283051994,-0.24622156161782355,-0.3406483197668853,-1.3221316952127729,1.0904464219183887,0.23019892340869805,-0.3665087478396099,2.2448243890496693,0.35521447775143267
QBPFLULOKWLNNW,-1.0225914571973695,-2.122213281045049,0.6872727005339055,-0.9639653675060154,-0.39287285077798273,-0.35916798144237466,-2.1163255776315513,0.7666640425654437,-0.6711721622090124,-0.4592939235734102,1.593592362356051,-0.086810799179896
QCDFBFJGMNKBDO,-1.333797568395656,-1.4789627065893864,1.875359944834954,-0.3392295644752279,-0.5776891082534258,-1.1295694438309603,-0.7666760769315661,1.0035605199996704,-0.5116247851043216,0.7387879932242266,2.2625095899203136,0.23584869746467946
QCHFTSOMWOSFHM,-1.3462743858876005,-2.274035313737976,-2.907577986847365,-0.3193837058300443,-1.7243968003003685,-2.11037518029032,-2.460430554511137,-0.7775167164439991,-1.8912039276715205,-0.7721514853106756,-1.530935497732017,-1.170245031185939
QDGZDCVAUDNJFG,-0.0034237400564986046,-1.9298903159046765,-0.9551706839923668,-1.2836129403618486,-0.8767134222988405,-2.341847491283547,-1.934181992557524,-1.1000258355692485,-0.6372146735747435,-0.8382210957390899,-1.9360766194551946,-0.8409269646618176
QDIYJDPBMZUZEH,-0.8633637021525142,-2.0796437089093245,-1.6705248247279296,-1.3413971885635851,-0.5039359689061284,-2.503739904496168,-2.6644797932414956,-0.43367931318061104,-1.9193305432165717,-0.17830409465583288,-0.938647370906984,-1.0472863566186672
QEVHRUUCFGRFIF,-0.9004891684567364,-1.8491546618990533,-1.1366781310572938,-1.222442825870948,-0.928961276268463,-1.5565346185225835,-2.0993511061519,0.07595955731462938,-1.2592084241439336,-0.5688303331820173,-0.3843454329815808,-0.5969712803416019
QFOHBWFCKVYLES,-1.4228527916764424,-2.3951613191782157,-0.8942536364996602,-0.5835131896551295,-0.2662394174840255,-0.2523336437404909,-2.3827546394960293,-0.7484703338738106,-1.122403850204344,-0.4437736948442189,-0.8946627022806092,-1.0637563992162336
QGNJRVVDBSJHIZ,-1.2461821762092287,-2.2111543156060742,-1.7250322277545522,-1.0366297037493404,-1.2111117348595115,-1.691389287917303,-2.4318109788671047,0.5502224804104487,0.1511971832792029,0.6007031553460228,0.05518004772056288,-0.0551159136777187
QHGUCRYDKWKLMG,-1.403884802795851,-2.387076373265556,-0.7825981391181728,-1.1693226962813115,-0.5088969915665151,-2.068660503024027,-2.327523794716834,-1.0718356764001438,-1.314091850706961,-0.59140967246197,-1.221438008022608,-1.0470476782998217
QJQORSLQNXDVGE,-1.3016498264442244,-2.215599673310088,0.5428876734552615,-0.7254787383770702,-1.5948471695717472,-2.2121497973488102,-2.386147182618376,-0.13008540793761064,-1.1093059374676475,-0.5693212330587858,-1.1913076314152513,-0.35018933574364225
QMGVPVSNSZLJIA,-0.08249724394155147,-1.7470725042264175,-2.524696597810694,-1.2405673680890235,-0.06268236143968588,-1.4773601501938571,-2.3238112816540353,0.4441254276624211,-1.5087336482492144,-0.5995261320042065,-1.8762922994794806,-0.4086824442334977
QNJKSUYWBCNWFI,0.2698968470699836,-0.8407462596085451,-0.7802432246317899,-0.2526668226932884,-0.7262703954749513,-1.3580322271386762,-2.6277062483271503,0.42008021697490305,0.2797504848837325,-0.6010777991455758,0.23144348086846056,0.07648043785040304
QOVTVIYTBRHADL,-1.3655772895164118,-2.296497499655856,-1.5005627518608926,-1.2979287999343114,-1.4655157160436112,-2.5751456136419266,-2.785824172037226,-0.21819420679807416,-0.8771154674654333,-0.5275319547516936,-0.7385100655003599,-0.8635572734994488
QOYHHIBFXOOADH,-1.0782562034393262,-1.9567650732652107,-0.9591617956854683,-1.0350700595799196,-0.8229249047317135,-2.0291316856023527,-2.0781562652779533,0.5982140094584063,-1.8104011514112957,-0.5114712552868954,0.4271300945309974,-0.44737891014581677
QPCDCPDFJACHGM,-1.4533880228092064,-2.4232558689006565,-3.5769763245475623,-1.5734469932412185,-1.298760235096468,-2.4723839338777966,-2.5523692346634315,-1.3852568897496331,-1.302549366087709,-1.0203273684286907,-4.1933901586159275,-1.438549799529442
QPFYXYFORQJZEC,-1.2692124320317033,-2.3745406879382838,2.3727651441940045,-0.5735089202072697,0.36781289549531637,-2.5688385100261666,-2.4352890570265795,0.04487170517396611,-0.3748669455282177,-0.47708367881057134,0.5036454712191428,-0.7430593846841598
QPGGEKPRGVJKQB,-1.1875236185383233,-2.0909245987114553,-0.30954723822401375,-1.2224832645781003,-1.4355575018112072,-2.646287415142647,-2.996150574836514,-0.31030658903468267,-1.2765910674033345,-0.5603924390640422,-0.610957478669702,-0.04498048534268484
QPPBRPIAZZHUNT,-1.4831549862932725,-2.3894730350038866,-0.1558767992761057,-1.4586822817161231,-1.6623513929159213,-2.958226363490979,-3.291225296157124,-0.8383413215110874,-1.4652283378123698,-0.7257576848144298,-1.9376129480921498,-1.2861983453859578
QQQIECGTIMUVDS,-1.2515742163996955,-2.307788046921999,-0.6201902789472598,-1.356223427528429,-1.0089236412394822,-2.56761126818888,-1.6780568502565818,-0.16451909461841202,-0.964916467120701,-0.6205072948350621,-1.3202329876077938,-0.7304270532990973
QRJJEGAJXVEBNE,-1.6155726192027524,-2.3356854547037664,0.9728699934253456,1.2167045611033211,-0.6371500123024526,-2.166444215911536,-2.4333037247366125,0.9438612378581871,-0.6695520081680901,-0.5068809623052061,0.6235891811921377,-0.7255294779627791
QRJOQYLXZPQQMX,1.376833159097439,-0.25869654465435765,-3.435833682381639,-1.5121059488302797,0.11448772574043989,-1.2972713417758446,-2.871528293208651,-1.0031686743945678,-2.6076912390378593,-0.732773061712321,-2.017529509070575,-1.2903333789305433
QRZAKQDHEVVFRX,-1.3861015015545208,-2.219111387634688,-0.5732415849850455,-1.2179976160842372,-0.18436383302988057,-1.7446666794562282,-1.4835988816170391,-0.15738702693183534,-1.7595311372478484,-0.5198454864637707,-0.505195668184548,-0.7801604167954204
QSAVEGSLJISCDF,-1.1489058099858387,-1.9963729378981623,-2.0968252609253613,-1.210241598664684,-0.7505558748057334,-2.132574080939324,-2.9530087477000464,-1.1075614388018349,-1.966857448223582,-0.6601925801437102,-1.2987056875336214,-1.0390193236681489
QSLMDECMDJKHMQ,-0.21383160655019978,-2.116795485701809,-0.524610906299328,-0.796938089900431,-0.4847188017914591,-1.789011052854871,-2.884418579907169,-0.050336555859380495,-1.9161881859371477,-0.01896575316624429,0.8572741042510025,-0.6069038659409006
QSQQPMHPCBLLGX,-1.3124029933135777,-2.359993832570571,-0.4601010942595868,-1.1910530890008315,-0.20559642950476711,-2.3298233055728597,-2.5280891854042915,-0.29009211049704475,-1.2835138592617639,-0.41409308638320164,-0.28947254555260044,-0.6998633277048745
QTGIAADRBBLJGA,-1.161781793697812,-2.346239695316747,-1.1733048292405996,-1.256071385141279,-1.309147371094757,-2.2835815441869762,-2.361253747921703,-0.5159787698490151,-1.5673655158825446,-0.7359446774955767,-1.8560367835802392,-0.9733697975133413
QUQPHWDTPGMPEX,-1.1258965545822508,-2.3296078239213083,-1.5251805880664082,-0.9733716868934568,-0.675523810858868,-1.9000542420828062,-3.0661769025183307,-0.18814824955659484,-0.4943988771497134,-0.5322253149418803,0.17855772373487225,-0.2506553016972678
QVYRGXJJSLMXQH,-1.195907874355091,-2.1508890796747746,-0.9082658397130132,-0.4984721098881275,-0.7143881045274343,-1.9308120446767896,-2.7188526808497606,-0.2849764932269275,-1.8097459917824361,-0.45859456918305164,-0.4518809086110763,-0.6878436197893276
QVZCXCJXTMIDME,-1.2855705200585341,-2.1463095199569664,-1.636494869641683,-0.9405274193477536,-1.1008199116314772,-1.7682363633686,-2.9529403023757452,-0.36793401735996467,-1.5959646553723295,-0.5614343867832683,-2.195822351419207,-0.836117362898759
QWAXKHKRTORLEM,-1.1465225111703465,-2.243300564637046,-1.87285101519201,-1.3245740463158002,-0.6250286124959078,-1.8640360356789536,-2.2782700116116072,-0.40853692549474285,-1.3568093926018083,-0.6904205483887424,-0.3568821578472982,-0.59523385306442
QWCJHSGMANYXCW,-1.189011017701366,-2.1789297401410326,0.08269888831159108,-1.2598272960313832,-1.4546099753864437,-2.760138575701345,-3.430605821359734,-0.18825563385282676,-1.1277184149494721,-0.6114213310741274,-1.1447401531246006,-0.9219147214894601
QWCRAEMEVRGPNT,-1.1451839681548643,-2.406909603971793,-2.1752081022896403,-1.6689442427748382,-1.2456448837584924,-2.5242801528954595,-3.0823747743109546,-1.0972935930980194,-2.046511616962654,-0.7238936119322482,-2.472226525084036,-1.1424338447221989
QWGDMFLQWFTERH,-1.4956492505529426,-2.191717171214179,0.009427589874443119,-0.8181208084111343,-0.7467372889869004,-2.528145859474793,-2.7118074315712524,0.04493056461520305,-1.0643746243352261,-0.5805133787096463,-0.8203096542677125,-0.5303236055130863
QWZFVMCWPLMLTL,-1.469464603397015,-2.40402459285892,-0.32650455588343097,-1.2251860937764398,-1.5864918954888139,-2.383967876099368,-2.542042045718205,-0.6535670303699357,-1.6492968880221015,-0.6239058475468326,-1.5196702928031252,-1.091521763154326
QXHHHPZILQDDPS,-1.2602676528217995,-2.2805082049463197,0.5270861586841221,0.9035707359380296,-0.8851569738809457,-1.9428520511614884,-1.9435154311517304,1.117660193486111,-1.3633674207421937,-0.35477018238934666,0.6659722799641611,-0.5375835011368503
QXKHYNVANLEOEG,-1.2179086891879862,-1.8370669872297514,-0.1737464328900021,-1.2523243993252973,-0.26780007072836043,-2.0936783020752476,-0.4469425775988456,-0.2203365811158345,-0.5005742236581154,0.0352356526232293,0.6255725921487241,-0.12720932449804628
QXRSDHAAWVKZLJ,-0.321883420410789,-1.599777593358744,-2.2503615721301022,-0.6572942132622326,-0.8104170958528492,-1.5193952465709752,-0.31267791954814067,-0.1617232999262876,-0.7249504831149631,-0.5940951926152243,-0.057163354202201845,-0.03829462496077181
QYIYFLOTGYLRGG,-1.2307415287364103,-2.133778044845432,-2.2571536732852544,-1.5559541887892352,-1.3007298534436527,-2.307875527923346,-2.2843734429042266,0.24413012952981872,-1.5788771671440793,-0.6201328705962063,-1.765360005933313,-0.4921034715725843
QYQDKDWGWDOFFU,-1.111450050230648,-2.2614382601967606,-1.911523069611724,-1.587690330324957,-1.227835854598248,-2.0342943911734888,-1.7971770776512574,0.20666737146067035,-1.66199016819263,-0.645240674055578,-2.4503376940696455,-0.7415784969847214
QZUDBNBUXVUHMW,-1.455478157699415,-2.2876722096702604,0.22891942514694869,-0.9598702713218492,-1.2102179195400262,-2.730801794688416,-2.7553350724373615,-0.12453314686326772,-1.587789402729373,-0.6488185925150074,-0.7764090864011135,-0.8026578456607736
QZVCTJOXCFMACW,-1.2642066235582499,-2.291631232572657,-0.5796724888811525,-1.057112849958253,-0.52023023886416,-2.329870274851824,-2.735718329208731,-0.1601835278020729,-0.9717660128751178,-0.29483401892238986,-0.8285568020231133,-0.7791722357720074
RAOCRURYZCVHMG,-0.8635082417104437,-2.1479413413067374,1.335348355262302,-1.1779215077313734,-1.1021643986433323,-2.1445539572633083,-1.404610494491525,-0.11407256780978847,-0.3115570889275703,-0.578238059028459,-1.2091175948496973,-0.49003240826925976
RAPZEAPATHNIPO,-1.0493940414030987,-1.615127374945554,-1.305033761000303,-0.5981369829833999,-1.226144919821588,-1.819479586138233,-1.6876803580669308,0.34551518878024234,-1.7749212632826405,-0.5567365623505228,-1.352896749757356,-0.8703096374569542
RAVIZVQZGXBOQO,-0.873311491005391,-1.5329772873861156,0.4225286597476658,-0.243535705814035,-0.48540110468189235,-1.443827397689103,-0.36591757620786197,0.6540942787354819,-1.1347589374536093,-0.4924569372845491,0.9324314968651254,0.3929893253871129
RBQOQRRFDPXAGN,-1.1173307487399255,-1.9535090960479724,-2.0400371549324223,-0.7397279427255031,-1.4568641701968368,-2.3031639249395344,-2.5708003561477395,-0.6901866150587904,-1.2954493644470284,-0.6660624767958564,-1.8110105173779192,-1.0462600405940103
RBTBFTRPCNLSDE,-0.600066069939433,-1.2390596229052566,1.9226049386735282,-0.3671787129045181,-0.49750772828254175,-2.294523803922488,-0.8142361616509458,1.2331434969029138,-0.06242895043337283,-0.32591837291743664,0.2833027260965224,1.093467714848023
RCIMBBZXSXFZBV,-1.3090683040224707,-1.8395401953719175,-0.5928795833515492,-0.8624266661173459,-1.015335826851034,-1.9923503934713598,-1.0687327284355708,-0.6638544231335621,-1.0906266032125436,-0.6880405832748712,-1.3640420694663369,-0.9261752671004234
RCKMWOKWVGPNJF,-1.5884754495761504,-2.466979129365464,-3.39724738931253,-1.3930209575141117,-2.067971897368747,-2.831613318248498,-3.0778973526449462,-1.898533976400988,-2.2293539474905373,-1.0027359105824372,-3.50084784952824,-1.518998020523048
RDFCSSHDJSZMTQ,-1.0701746698356471,-2.0534654052381587,-1.488788013617513,-1.5095778495471783,-1.5946152817049963,-2.3059582292950194,-3.482429055687259,-0.41409917775805616,-1.3924401324180855,-0.44171241972840125,-0.9224627845647626,-0.6402973833775836
RDOIQAHITMMDAJ,-0.7467910888349096,-1.8717825649675237,-1.26519478064482,-1.3109091554267132,-0.8757512036308999,-2.1885951801441297,-2.5932868655759225,-0.08365777139180068,-2.147222328880507,-0.5277978299910371,0.11228696262910762,-0.6763132191243617
RDXLYGJSWZYTFJ,-0.7327259031601469,-1.755320341795635,-0.3735830662762988,-1.4836952226172104,-1.579533381983732,-1.0564769109931922,-2.0213833769946277,0.39961119039846815,-0.33788461877380993,-0.576052863600531,-1.400574590713005,-0.37837103781806325
REFJWTPEDVJJIY,-1.0485831003036181,-1.6852357453362434,-0.4621043653645911,-0.8481436585776587,-0.6690358403135402,-1.5769632465888372,-0.6603502785465103,0.8842413279959146,-0.4556957609003384,-0.41850214102937855,1.062409298821391,-0.22105554779979347
REQCZEXYDRLIBE,-1.3708040266811516,-2.414336322588393,-0.18720628899967467,-1.1347293427998746,-1.3993147371845456,-2.5369107287613173,-3.023945458090987,-1.2833107648382125,-1.398378189013834,-0.6712090256686774,-1.8968752888999492,-0.946011063057675
REYFJDPCWQRWAA,-1.510531643582199,-2.385459501044614,-0.8273072394801627,-0.8582909347656611,-0.6042083324501355,-2.7996925075812404,-3.0338126311003566,-0.5106674441133751,-0.8213914861531518,-0.5881091286350918,-1.2776883973769202,-0.9909833723360943
REZGGXNDEMKIQB,-1.2724852603366883,-2.271364205243051,-0.19318393846699217,-1.4213055779928205,-1.0703656930547385,-2.3037867587467766,-1.5948455296573096,-0.9534618707086248,-0.5817575387896475,-0.681146272235735,-1.178648372666216,-0.7844210551311838
RFDAIACWWDREDC,0.9840770842229233,-0.4123606130356031,-3.7940178086670078,-1.651046082221022,-0.2671576820689817,-1.214041349242192,-2.8764121576947006,-0.9057287604977373,-2.296695340050917,-0.7961600032774312,-2.0200079677839367,-1.238698727829063
RFHAOTPXVQNOHP,-1.3902908788873891,-2.4016403494184764,0.15774078077408188,0.8152248197626871,-1.1515295477669856,-2.4966857343530515,-1.7885510628650954,-0.6631172385940213,-1.8935014264329981,-0.8688372797820685,-1.2450826306728908,-1.2320272983955671
RGCVKNLCSQQDEP,-1.3832436225593174,-2.126350159956118,0.02523572368399269,-1.0126875965223108,-1.184061305373169,-2.6137748213079055,-3.2602154536709893,0.21978738946523968,-1.7778835572702063,-0.47483599113439345,-1.3094813993268475,-0.6879051760629549
RGPDEAGGEXEMMM,-1.126099048629112,-2.2031685657147,-0.9715110765114168,-1.0697776642274412,-0.8570220489541145,-2.0748552758186696,-3.4901563775490247,-0.4938416305938181,-1.8977498987801553,-0.5103502433734806,-1.0178625978293132,-0.7607706955297439
RHAXSHUQNIEUEY,-1.2761991232316516,-2.3010990527300774,0.19354671628248724,-0.9331540903216384,-1.1142674167429654,-2.5345900423047634,-2.6446789560084842,-0.5926995934709817,-0.46217121688643115,-0.6424783294254888,-1.6241520562146037,-0.7282585357065665
RHMXXJGYXNZAPX,-1.0793199278256302,-2.1697665119051432,0.28074421367170294,-1.1635876237460083,-0.37541748771519556,0.053289854747422774,-2.346829060272934,0.6193962921073177,-1.267449275157738,-0.4883596865434844,1.4354025591114592,-0.22499018444658644
RIKMMFOAQPJVMX,-1.6125489503458619,-2.43302826825942,-0.4548838855813948,-1.160955670815615,-1.3608120009862383,-2.658416725563468,-3.3998578088469458,-1.4304057698813635,-2.1377296711648195,-0.6665113418704763,-1.7495458973933402,-1.2829653119589695
RITAVMQDGBJQJZ,-1.0341286620231136,-2.079075236265173,1.1296422023549177,-0.9114860865926674,-0.6260948548034894,-2.2126409728069505,-2.145306946364228,0.6407371982651001,-0.6315851604554363,-0.5137927445267134,-0.2415724935314725,-0.16595134886959015
RJMIEHBSYVWVIN,-1.1942875556074146,-2.362364614663383,-0.46419195126249146,-1.2031018185053985,-0.6227917215476853,-2.081042950333992,-3.149944668249214,-0.06586529727316154,-1.616825076738817,-0.592732027586833,-0.27741732211002723,-0.664612890549573
RJMUSRYZPJIFPJ,-1.2961597454501295,-2.228269916191832,1.3957537502890263,-1.19721570744096,-0.9984787102894235,-1.1656012455888232,-2.4883974817171683,0.47230328979790404,-1.175699949248154,-0.5091770478770908,1.9382942200988906,-0.6032664775959069
RKLNONIVDFXQRX,-0.9505124806920019,-1.700742117054821,-1.3823156421374914,-0.9879438288263396,-0.8653913843918976,-2.030310535002519,-2.6825303155942213,0.0734844198979502,-1.831911915912864,-0.4927787016230305,0.06941338587851334,-0.7383908694628502
RKUNBYITZUJHSG,-1.1788673317604745,-2.252650878482656,-2.2438090486265145,-1.449266212244363,-0.8765887165698464,-2.006730649494133,-3.013516052893302,-1.223555636804447,-1.9624694935194626,-0.7100067063713028,-1.5650449042189183,-1.1049103179971915
RLAWWYSOJDYHDC,-1.3479081816533935,-2.35738622016397,-2.5621629524918585,-1.8369526002487893,-1.2800246686814638,-1.9777742104366742,-2.310406998038699,-1.2425425836699613,-1.8015534011818062,-0.8031369315880748,-2.2015322555950094,-1.0090349867724884
RLFWWDJHLFCNIJ,-1.0861591101778512,-2.3782907763183574,-1.055650644525165,-1.1477825122612673,-0.3089554268913956,-2.681246739254574,-3.3367174699826125,-1.1048230851519256,-1.6157820946754056,-0.7193916414999925,-1.7529140990420635,-1.1544549316197459
RLJFTICUTYVZDG,-1.17099297714696,-2.263405589593752,0.16693458018819043,-0.9085086745381119,-1.222967343780983,-2.5803720046662555,-2.42086634495894,0.27546861504192244,-1.6835729354754239,-0.47572773580815003,-0.945389134963876,-0.7478752732654077
RMEDXOLNCUSCGS,-1.086654745315251,-1.8904301396330438,-0.6614933022256313,-0.8975428809421989,-1.4844508912095429,-2.0111874309807174,-2.677476712610287,0.033801614553525254,-1.4878156073246036,-0.6025646395239058,-1.0965413740586394,-0.5942246652055321
RMHMFHUVIITRHF,-1.2423518346853628,-2.319519871652224,-0.6077936068566597,-1.1415626458875952,-1.7048781628237535,-2.2881423212192065,-1.9586488124334303,-0.9539853831713172,-1.306873795975045,-0.7984184347228013,-2.294435768468906,-0.8580607059446724
RMMXLENWKUUMAY,-1.1231372535628923,-1.8507642114597764,0.2953696299283213,-0.4587722733152914,-0.5788286054493604,-1.886981772264221,-0.9132343248665931,0.6389789424310532,-1.1619686283932331,-0.5360173260686001,0.5874762762169337,-0.18451676745817194
RMUCZJUITONUFY,-1.2868429627729892,-2.3699350098791903,0.41716938583688296,-1.3317163975501514,-0.9309289785311605,-2.539330900572321,-2.8236438726668402,-0.34153828350315313,-1.2668946145810636,-0.445508015318569,-0.39605443502425564,-1.147047708477159
ROBVIMPUHSLWNV,-0.5849262914165162,-2.3501485311736827,-1.3801780856576475,-1.5657458453582433,-0.7680048321284627,-2.2979274327879278,-3.0489097098363236,-1.0004232905994952,-2.073773149301027,-0.740446632315169,-1.041997187517668,-0.8111648384339787
RONZAEMNMFQXRA,-1.0161795236763567,-2.225981566317236,-0.3554536246006278,-0.6561819147107351,-1.6430926624556064,-2.553304260371777,-2.6792618523256926,-0.3531851046622893,-1.7544875138423006,-0.5103830380610317,-1.3542684281632695,-0.6060404160143154
RRAFCDWBNXTKKO,-1.485048352989902,-2.4020436098872606,0.2757933384867012,-1.2799330328584364,-1.1997305955453648,-1.453699066989041,-1.9283126169488929,-0.03807328046071201,-0.9669220100678093,-0.37282226314275146,-0.3333483493688143,-0.669018460958728
RRGUKTPIGVIEKM,-1.2455715896115693,-2.0153786392740543,-0.19720021323988535,-1.092107516917398,-0.5377988025805253,-2.573269511836957,-2.278173992843495,0.18819820574517662,-1.3180796297699024,0.5059044409750323,-0.7003889591626793,-0.7301905368477074
RRKTZKIUPZVBMF,-0.1025385906800354,-1.5990431923909383,-2.7483561520045883,-0.9284669504660956,-0.654807615948404,-1.2641256201017985,-2.1993850227887823,0.16067264796730435,-1.5804017623135547,-0.595890311909447,-1.5799196591187583,0.257242261779122
RRZXIRBKKLTSOM,-0.22802174033718234,-0.16083805692461547,-2.573710887639636,-0.43150525845325544,-0.5049869748221555,-0.9776517700238985,-1.4680058217164376,0.07319963370800542,0.43510232558521217,-0.5249109870078403,0.5826563703021641,0.5111707777291925
RSEPBGGWRJCQGY,0.7520217116717951,-0.2981596376094092,-1.1743905460053452,-0.9906319558903762,1.1824182204512539,2.1093667934763825,-2.7212279557027443,0.24585078865778728,-2.105661542805022,-0.48709016137296973,0.9115018074501462,-0.6040336547956355
RSUVYMGADVXGOU,-1.3103307223105842,-2.3432483955198316,0.5076295684521926,-1.2841851745546289,-0.844502311582211,-2.3770959454037768,-2.4208038482725724,-0.003251674656175163,-0.6344138080494248,-0.5038766010920435,-0.5038079132227813,-0.6992534300445753
RTGDFNSFWBGLEC,-0.9213843522077869,-1.826367922388511,-2.2589108778234404,-0.6866247668154764,-0.728442062066978,-0.5849918721661929,-2.6578213441422824,-0.5160083960318211,-0.7478872489982067,-0.5392164627789698,-1.8001125896597678,-0.41348764422131545
RTHCYVBBDHJXIQ,-1.4058039597351137,-2.3137952450089183,-0.5260630792480256,-1.0896848409745634,-0.4492760971584583,-1.8676201940615282,-2.1688360990958158,0.20532183860008657,-1.1706798642754943,-0.46297886299010715,-0.10211293380775462,-0.5955055049014957
RTRQQBHATOEIAF,-0.9643243372313914,-2.2177892235437997,-1.5045636884367026,-1.3064619856374984,-0.7577791197133659,-2.3009032261262923,-2.1351475290700543,-1.4219129454700683,-0.9447831401110818,-0.8504911898268654,-2.8086857637362264,-0.3593657403997531
RTXOFQZKPXMALH,-1.0455995809440062,-2.1716654400593507,-1.326734320235151,-1.5677285840949593,-1.2939613220943187,-2.0809737386398934,-1.9147849174242582,0.3678109064547578,-0.6938039590985084,-0.6104779670004924,-1.919376161969499,-0.10765145700210776
RUDATBOHQWOJDD,1.0147365972648086,-0.39379175203049654,-3.3860814933690944,-1.5481445482404192,-0.10010462766845807,-0.37923355962545463,-2.9193181229802185,-0.5247626529478022,-2.581352612158732,-0.7121884900259302,-1.5395642688807598,-1.2533078426992497
RUZYUOTYCVRMRZ,-1.0225794415342442,-1.8325551376730596,0.16569737659228967,-1.0927391215929223,-0.9836766615606425,-2.339603512376053,-1.7638042417194297,0.2313933059383067,-0.18301903464055555,-0.603318613796736,-1.0252629709298295,-0.3437080605649325
RVOLLAQWKVFTGE,-1.4731007265545366,-2.3408488669088543,-0.7972416461235063,-1.121004605652039,-1.070515398411942,-2.5477987342453496,-2.6220823048865105,-1.1302532008915906,-1.7836026910890563,-0.7028722326184198,-1.9359935279088136,-1.1379416946172722
RWTNPBWLLIMQHL,-1.1261709111262306,-2.123023388762396,-1.9068573156881794,-0.8445805050409062,-0.7132949919363135,-2.258128754826933,-3.1167889674677913,-0.3218209239472782,-2.5151920325033412,-0.6049556115056822,-0.16320032068382648,-0.8938787379063879
RXPRRQLKFXBCSJ,-0.6280428559742849,-1.9020115090493308,-1.0200592733562055,-0.9485443729533868,-0.899606288928345,-1.7940566495648014,-2.3149696511370204,-0.029892763020899573,-1.6428828559034323,-0.5496616858154553,-1.327371703757354,-0.4089355245774007
RXQCGGRTAILOIN,-1.5425231961173222,-2.4366092190955513,-0.07146012395213247,-1.2675833449385234,-0.8189912338498097,-2.502651422132413,-2.958528912831063,-1.070638424896217,-1.792638058036708,-0.5628020195230806,-0.6313136889658928,-1.2069284430649196
RXWNCPJZOCPEPQ,-0.9353668609925254,-2.0821198077402445,-0.5794657343365708,-1.2173005347477812,-0.1447803743802689,-2.1139424002841043,-1.9038302700514138,-0.715820794163292,0.30679414604687344,-0.7422313010724136,-1.6177426356785674,-0.21799074874483024
RXZBMPWDPOLZGW,-0.4510019339826965,-1.4870137483403691,-3.0620008727603683,-1.1286590059658481,-0.9177650163880292,-2.0110459787110435,-2.070952350679035,-0.5522332406917121,-0.3817365032587082,-0.634414340974351,-0.5335007226265288,-0.10464558470284148
RYMZZMVNJRMUDD,-0.22457905241771767,-1.1605268369176585,-2.9537972911712482,-0.49713162005055433,-0.12823481724276853,-0.6225184076827871,-1.7566056063953601,-0.43201602717238596,-0.9866392676963288,-0.594178864618625,0.6582870593785404,-0.43474884646686085
RYYVLZVUVIJVGH,-1.346109016255099,-2.219785158274042,-1.49502815280465,-1.116456366898466,-1.723579735958503,-2.603122353874566,-2.5225387192094213,-1.4720194034145615,-1.6013591662223945,-0.8386122424698015,-2.827022597802619,-1.333328786154734
RZEKVGVHFLEQIL,-0.9397124912294387,-1.871550943196207,-0.6404047978916816,-1.0577643734447795,-0.9551555142881528,-2.4982595719885397,-2.134057413971412,0.612795226108495,-0.9630927673160211,-0.4745385676259182,0.17919464547792716,-0.11153482904001917
RZJQGNCSTQAWON,-1.121883366394883,-1.5801262539941139,-1.304610314707277,-1.2316943887442535,-0.9716573362352947,-2.017269940532406,-2.186746459106583,0.43476487603316183,-0.9884765257974482,-0.4740506028597136,-0.14669574864853374,-0.2984444319854997
RZVAJINKPMORJF,-1.3310233417704453,-2.453971274037384,0.41807737981258675,-1.396891228511148,-0.7025034004610079,-1.9368371914964266,-2.9930103051364005,-1.005404374773937,-1.2232531955297463,-0.5818334643150241,-1.1353107750288929,-1.1362336450567339
SAPNXPWPAUFAJU,-1.1536201617836652,-1.989709771337241,0.05019969180414351,-0.8585233383331241,-1.254945248144374,-2.255393023917396,-3.1551088171423434,0.20864400736022437,-1.6105446087751711,-0.48126251802264447,0.5539469089432281,-0.5641880985061327
SBDNJUWAMKYJOX,-1.4428469921390135,-2.191400953344196,0.8748929078325678,-0.8351710718635089,0.08790006172383347,-0.9115028745084313,-2.8985172861049406,0.5909558422190027,-1.1985426301558404,-0.5631228553215671,1.2810757819012033,-0.8946847303863993
SBUJHOSQTJFQJX,-1.2837044078861386,-2.099236573923038,-3.71915509551878,-1.5384138683550646,-0.7408128033575928,-2.156257289512945,-3.381768520306003,-0.8318563893940174,-1.2035456323913658,-0.6764625419198901,-2.43417387025373,-0.6813751040726471
SCKYRAXSEDYPSA,-1.232997585266807,-2.3225941942637207,-1.3434518131146187,-1.215022178922274,-0.27225632159859786,-2.4520077145507275,-2.806242247292723,-0.3334947047202093,-1.8942578772623684,-0.2748703405151718,-0.5261128114452667,-0.5192847398545231
SDUQYLNIPVEERB,-0.8597314729462693,-2.178344010066545,-0.994003030004946,-1.2321942987007635,-1.1404239069775306,-2.0663255074334543,-1.77002877880048,-1.2252861945581297,-0.7511342631328913,-0.6430686357504334,-1.7997294658043006,-0.2680200153763009
SECKRCOLJRRGGV,-1.1658016421828845,-2.1669107531907663,-1.349477209774295,-1.3423125789383312,-1.2620954023385007,-2.535187991459893,-2.25346457938056,-0.3007574350865551,-1.9155537252060952,-0.7024587462084562,-1.5593080597118434,-0.8100868968360372
SEEPANYCNGTZFQ,-1.57897669150906,-2.408431310205435,-0.16642891761994777,-1.456751625879682,-1.6511535676678588,-2.9584275249616905,-3.2388624056927484,-1.2591551005527262,-1.7401561063391051,-0.7415349986234129,-2.29817817328024,-1.3055600034124948
SFBODOKJTYAUCM,-1.20206352997053,-1.9997338058498237,-0.12333792637943448,-0.8865035640865592,0.3369879551646143,-1.917536086543733,-0.6530491147333418,0.5583473925730229,-0.656385001760314,-0.4625364812205789,1.6019007202672162,-0.27997500757363913
SFLSHLFXELFNJZ,-1.240410949509601,-2.2370155062257897,-0.9001900100886673,-1.247136415002714,-1.1952070599572917,-1.9642973828024997,-2.10593442483326,-0.7355588552241179,-1.424972222852281,-0.5772498655678913,-1.3683904845379118,-0.7948093407939013
SGDBTWWWUNNDEQ,-0.9586071246750547,-1.4964347745909623,-0.7349659112093054,-1.32439578765392,-1.2871360241123342,-1.9592760666786728,-1.718940561089962,0.059105744153829624,-0.6081321816202807,-0.3662844428066275,-0.6850840384923291,-0.29163981328618344
SGOOQMRIPALTEL,-0.8697308991016359,-1.7452979305759786,0.13590819420552946,-1.0211447894311938,-0.8027793358133624,-1.757178986666581,-1.692680662469325,0.10817415538006511,-1.3682866488815635,-0.5569778422140632,0.1294567484700074,-0.4604527017179205
SGRYPYWGNKJSDL,-1.1565652633314234,-1.9451501217565212,-0.6718114886820192,-1.055563401352802,-0.4871438701190543,-1.8901012038317389,0.5440251182736354,0.3560809113170821,-1.2349475979300317,-0.620235584601276,-0.5155254046793535,-0.5835749185783892
SGTNSNPWRIOYBX,-1.3634147882103858,-2.2935300230995277,-1.043981893206866,-0.45299841884461856,-0.9775374178042333,-2.2124555173815166,-2.698061027598541,-0.15225818825422682,-2.033956812680968,-0.5549546896733197,0.008571379209477368,-0.9265362469058968
SGUAFYQXFOLMHL,-1.3124048775437371,-2.3331264275016177,-1.2007820153963515,-1.5454007663272118,-0.7638296621683092,-1.8279239295054592,-2.7367817559368603,-0.2183805426341439,-0.7401619594267745,-0.6644229852961563,-0.5616275691136973,-0.8506344109303134
SHGAZHPCJJPHSC,-1.2132629032881763,-2.190997907349745,-2.0949820415500033,-1.1843050714392245,-1.2516468202623858,-1.8128000330462732,-3.142166886621442,0.6387862278723035,-0.31839486881594936,0.5525170323271636,-0.06502725328467096,-0.35465724047592
SHZKQBHERIJWAO,-1.488811520947465,-2.3086960316562495,-0.6884012399272512,-0.5109196094740929,-1.357403989130728,-1.5838561875281065,-1.6635273170370268,0.008227752370622588,-1.488663226892305,-0.6896418177490566,-1.7760658575314106,-1.0465593419953694
SIYLLGKDQZGJHK,-1.5124544266245994,-2.209152380730339,-0.9982806865460263,-0.9660070257068911,-0.6868081224097657,-2.4249315357369654,-2.1777302934809075,-0.029248504603595654,-1.7209794208821207,-0.4758320617483458,-0.1442796651202684,-0.9886033338058747
SJYFDORQYYEJLB,-1.3715071145581492,-2.172979780345853,-0.539704352647708,-0.7453206501222726,-0.9028271031623677,-1.5631499298152263,-2.042489143076765,-0.4378395876891589,-1.7046916510700059,-0.601854586391037,-1.2742520293346347,-0.7152835145718339
SKIVFJLNDNKQPD,-1.2905089055654102,-2.4154678344122305,-1.4768454486231453,-1.6189127739433329,-1.6219876622172962,-3.1642732489891543,-3.6103983573739566,-1.3898006356410033,-2.1795224945333724,-0.7353631264461514,-2.2573180723454356,-1.2749641507057623
SKPLBLUECSEIFO,-1.4834569137770546,-2.406112116893009,-0.9499859933298235,-0.923624395610167,-1.2141507688030948,-1.5174215451924729,-2.159390218921593,-0.6291030538388799,-1.7656140312250381,-0.5892419180005256,-1.5993134566423528,-0.9650428313806678
SKVLYVHULOWXTD,-1.0059637213188912,-2.3513480288018145,-1.3066250825737493,-1.4762517767050929,-1.43295137519708,-2.3945542526931973,-2.9072752104750497,-0.5926383043274109,-1.9573176867141617,-0.7102613276338892,-1.9098136480870462,-1.0737993945822244
SKYSRIRYMSLOIN,-0.9344868943186254,-2.0815921331042015,-1.8389606675806691,-1.0817878966331085,-1.0458228192710894,-2.144495268663365,-2.4630634928307846,-1.1902358493594891,-1.5839653324687184,-0.6313619554494413,-1.1874731907324878,-0.9162737488786671
SLVMESMUVMCQIY,-1.154163517143798,-2.30534529316631,0.09788762756566652,-1.1230862589050892,-1.4747949765910744,-2.64989030910573,-2.992563997810933,0.588020869984634,-1.6053233562337847,-0.3821621836405421,0.18411686143553352,-0.637447659232711
SLXKOJJOQWFEFD,-1.4850302627835932,-2.467444468767353,-3.8732143901584175,-1.5858180554989945,-1.5889280475133818,-1.4285557345344062,-3.0790369253597616,-1.190152206156346,-2.243730340380643,-0.8210856748666875,-1.9447624383885085,-1.5264647852870268
SMANXXCATUTDDT,-1.294437691673958,-2.1507392878300955,-0.6498820104938081,-0.7378651746616375,-0.9466955136212654,-2.299490698787462,-2.2660390333963654,0.54887471091162,-1.501863272125705,-0.46413683052849153,0.35479418277070146,-0.7036653053606515
SMEROWZSTRWXGI,1.0089268469033148,-0.3683619565096512,-3.0373034122240643,-1.5094989491420472,0.12749117502875915,0.8491816015150543,-3.1168925477119873,-0.16729245225842646,-2.587283321475931,-0.6499823754246055,-1.508975526458964,-1.231612426671706
SMTZFNFIKUPEJC,-1.21963733397052,-2.3017083138724503,-1.8716018692944523,-1.608521029189211,-0.7880866189148665,-2.2467696970724265,-2.531136952230225,-0.6712551762162017,-1.560143711471643,-0.6272776445851201,-2.604657805881971,-0.8607037965803209
SMYALUSCZJXWHG,-0.7821512139993636,-1.7867963021462014,-0.4331976927606577,-0.9433952346301735,-1.1958463644042119,-2.2931704375209088,-2.9999683205161376,0.3108986889268903,-1.4115798422031238,-0.524380513296012,-0.9021158155051556,-0.5667633744118683
SNBUBQHDYVFSQF,-1.2283020500349824,-2.150811058795305,-2.3569426040956643,-1.2144115035560603,-0.9369977618322985,-2.038130514277554,-1.6866944929152436,-0.4029004427982734,-1.6221145259401086,-0.702210016031047,-2.6785807844440606,-0.8165270163837557
SNICXCGAKADSCV,-1.5211861897532617,-2.4249678034418234,-0.8338976996989604,-0.6677594279001778,-1.8560539594671202,-2.804584365051042,-3.611129718134022,-1.3595842881149982,-2.307120423615788,-0.6150686819352797,-2.1570103406294674,-1.146242968013993
SNPPWIUOZRMYNY,-1.4191575816401827,-2.3751951903706234,0.1774376615294061,-0.9916997633551916,-1.0737296749683838,-2.1614961752668145,-1.5503574985280157,-0.21735917238917962,-1.6973312873278812,-0.5913942669331715,-0.1627367958113964,-0.9819225445310193
SNTQPLDRUZOSDP,-0.8385237028220336,-1.9813678430307762,-1.4249973127334554,-0.33473079523478355,-0.6341161831874654,-2.019565952203523,-2.3694230171692836,-0.29717277658572105,-1.926994479741442,-0.5294984702007985,-0.7092179919414325,-0.7909128317529514
SOYKEARSMXGVTM,-1.4819845715833107,-2.2761761318923406,-0.22070148465194359,-0.1781072904828169,-1.1417826427807003,-2.3750444989953436,-3.0242649056353255,0.37918275589658734,-2.1406231263970414,-0.4741155181960013,0.002957137593848,-0.5494681586513511
SPFYMRJSYKOXGV,-0.9931269641252702,-0.3774520970673634,-1.349439547521304,-0.6497449629516513,-0.7234903443304377,-1.357727999942815,-1.1376385916733733,0.09618329402640947,-1.9350411454441359,-0.6560059368009796,-1.0016578592803815,-0.3647566371302925
SPIUTQOUKAMGCX,-0.9309488627139924,-1.4107102887580174,-1.1227262048406987,-1.0303963621655068,-0.8334297032624982,-1.3293193342393428,-1.2652314296705607,-0.01629901251566212,-0.9729200783828977,-0.5438850437725405,-0.72018177994055,-0.4192830972280483
SPTMROWPYQRZSX,-1.0332947680188933,-2.3038892808865126,-0.4764172270348702,-1.35475424498673,-1.755433617095598,-2.5972016065137957,-2.26729252492954,-0.9431497221013371,-1.5372884389057972,-0.6838754316630433,-0.8380111977591291,-0.9309539085551491
SQVIAVUSQAWMKL,-1.4324369927354714,-2.402748731955779,-0.9663981077839319,-1.344965862237117,-1.3135391993489287,-2.5751403582454935,-2.249927541566609,-0.5742302481385513,-1.816012504729188,-0.6780619430359686,-1.581433964828528,-1.1099801223080958
SRBPKVWITYPHQR,-1.2515091997766603,-2.252244021565539,-1.3784383680465693,-1.3874542892845225,-0.5013828052236028,-1.9652967988090804,-1.600799378712063,-0.3566485607491974,-1.110341122122395,-0.6699173789380222,-1.9766415949056388,-0.994924742957169
SSOLNOMRVKKSON,-1.2956200964566857,-2.192483558607192,1.2682192359432494,-1.219189272130578,-1.2408083161534382,-2.1765195876926464,-3.1071312289542377,0.19932148162088412,-1.0232502086272528,-0.4072659050601509,0.04593180396626005,-0.34962667177201584
STECJAGHUSJQJN,-0.9984728884634985,-2.1779503697277085,-2.6066693263535257,-1.439992325645334,-1.1870417472638535,-2.5390028684861865,-2.7648084954257555,-1.0449963836337592,-1.879177794839359,-0.6315199122693067,-1.6669265253009529,-0.6227131442621344
STJMRWALKKWQGH,-1.4630286088094329,-2.381227729319855,-0.07458523632746344,-0.8208556753516076,-1.1108451265129795,-2.1626641371838504,-2.5522746234689535,-0.017495109822778937,-1.2938226702645756,-0.57419559214186,-0.3148985604626314,-0.9011732578034733
SUBDBMMJDZJVOS,-0.867793941387182,-2.3319740077513185,1.7134019361134283,-1.060920679621176,-0.782754858929493,-2.303031922402066,-2.127313957091242,0.830753942297127,-0.5325152682831965,-0.519051089308189,-0.9782631971101838,-0.7346563768317106
SUDAHWBOROXANE,-1.2557844144908143,-2.2021224481315054,0.38152001820017317,-1.0273621064108966,-0.8929185910827203,-2.035809825030962,-1.8552095061076443,-0.01808385657939822,-1.0483350143746077,-0.6120531204526449,-0.61149773256518,-0.6158625672725329
SVEBYYWCXTVYCR,-1.191671764939022,-2.3022114625355585,-1.0315146465489002,-1.181649966254346,-1.3505963169049775,-1.3484842596434892,-2.2140220490978155,-0.564667710914987,-1.781569266342378,-0.601718916339507,-1.4198995357682638,-0.9335303729740233
SVFXPTLYMIXFRX,-1.1418858902479243,-1.9679712761200119,0.3197215085836027,-0.6605020650589185,0.05875271738079559,-1.1613070575385203,-2.6265285910404765,0.9508964039180351,-1.7878429781576122,-0.3163868833176091,2.117229612604338,-0.15869612641070385
SWLMUYACZKCSHZ,-1.5911643456973366,-2.3643185999022154,1.1614933424823142,0.8755862467804173,-0.6969708831249086,-2.172797960743518,-2.5487899568694146,1.0526541149363329,-1.5620157706230549,-0.3587731414829839,0.7846210751222462,-0.7866598966878886
SWZMSZQQJRKFBP,-0.4418346499651452,-1.628786932627553,-3.04405498715326,-0.8048595933581077,-0.3362213234154793,-1.1764559352487285,-2.131958093316887,0.09680665772460396,-0.9404927363863949,-0.4399428064100571,-1.2050492670330926,-0.02561819449896296
SXYIRMFQILZOAM,-0.39378836113043414,-1.7590314741106403,-2.2151775129891584,-1.172883214493412,-0.664185426686691,-1.2818025763406558,-2.053806351337292,-0.2293880556157298,-2.0783969099808024,-0.48258753404770144,-0.526926437377122,-0.5188053482645671
SXYZQZLHAIHKKY,1.5236477155061396,1.2231240384210587,-2.0709652106960106,-0.956370681458745,0.02397687708014585,-1.1421294584960433,-2.7421254482889688,-0.16066709887901923,-1.7995180478477442,-0.5897669922430111,-0.5991789801031312,-0.6700687182674927
SYLKGLMBLAAGSC,-1.3378308114355117,-2.3054804519025494,-2.276710542714112,-1.4545401586558335,-1.279641197750087,-2.1361746098228873,-2.5383757239564417,0.060051003189433176,-1.8991047011291131,-0.749098740993708,-2.602653033560487,-1.0083099593558802
SYTBZMRGLBWNTM,-1.0331682569183773,-1.9295327670559548,-0.4484145470565395,-0.4676582679009759,-0.3174355001674364,-1.073200304564069,-2.131684131624217,0.2906378694928951,-1.0396919086720562,-0.530664951395188,0.22298168899905632,-0.46990585408612656
SZLZWPPUNLXJEA,-0.8388837882743023,-1.7886634018493046,-1.0497206458672705,-1.2091638622361784,-0.9053817400091875,-1.399934996390831,-1.4504318264853207,0.36664029994405284,-0.5464944496107648,-0.5315516763092868,-0.10738695496556398,-0.37384174536913145
SZRPDCCEHVWOJX,-1.1880332846084734,-2.1279362677508225,0.2406397122510241,-0.6432721117668035,-0.686940121205852,-1.712658918498542,-0.9864651982512995,0.13190062399314342,-1.2572550372163727,-0.6965075925700143,-1.1306956937712949,-1.1679677710833807
SZWKGOZKRMMLAJ,-1.212328836494127,-2.3237996009283344,0.07358908797974123,-0.8428928351675307,-0.48142020912631184,-1.4968760537811925,-3.0349862758378725,0.14909820078536257,-1.8888744358108882,-0.49676496107155405,0.8766560375120308,-0.7495151514044424
TTWJBBZEZQICBI,-1.342628029109105,-2.2758673880880793,0.38588091963822746,-1.142408869445392,-1.3181032023672563,-2.261540037232699,-2.9184431266670727,-0.5894599960520125,-1.0841967494751303,-0.5905188420506129,-1.301915258447765,-0.6803491986253014
TUEWQXNXQFRUTK,0.12719196113976858,-0.9952230013341314,-1.041971576356298,-0.5193386541743342,-0.5906643097014872,-1.8138079934259355,-2.6828573903927664,-0.045892602574348795,-0.20761063630755325,-0.6403883663945413,-0.039022032139257506,-0.14281634034252144
TUFADSGTJUOBEH,-1.249699631932048,-2.393201684197729,-0.45280971888334043,-1.0212368984883926,-1.4011412951912043,-2.801045799022466,-3.6775613392668167,-1.0869311537472475,-2.237091309182623,-0.6624690170680196,-2.2104860095326053,-1.1493444299310864
TUZYXOIXSAXUGO,-0.19771818557371926,-0.4355472725241315,-3.078212844191092,-0.7134127080060858,-0.23091650787297563,-0.9478245393063554,-2.2382202843728662,-0.5463457040380737,-1.0453896270624754,-0.7168889363838565,-0.8708353455940798,-0.974944149628604
TVQZAMVBTVNYLA,-1.1995440222540168,-2.388807410046002,-0.6976285002095267,-0.36763818442806573,-0.9350420704868291,-1.66121930550017,-1.7117737220455198,-0.30130502463464093,-1.7423952449429552,-0.6326445677892956,-1.030677666151107,-0.7570238655268042
TVURRHSHRRELCG,-0.8884640843768616,-1.9985202326653104,-0.2252694449836351,-1.1158147317438447,-0.18874337779443123,-0.7431651506938085,-2.2259092055194802,0.7944282303425031,-1.4711262741062954,0.5526816970149744,0.7531974534811188,-0.3159475607471652
TVYLLZQTGLZFBW,-1.0148542269889012,-2.1875312719730045,-1.3186091035161236,-1.274949673452727,-0.7595376979381881,-2.014464848628411,-2.6357038676935116,-0.6978425024184075,-1.6919111154584188,-0.5530316759284385,-0.6388185266941246,-0.9270188820868981
TVZCRIROJQEVOT,-1.0518784053378925,-2.351035258150072,-1.2467188634299928,-1.1883655463066438,-0.8074045179078763,-1.7230169774500825,-2.873661007922327,-1.0235276769326425,-1.6867223907256086,-0.7096673118323409,-1.1067314202895675,-0.3022782966881712
TXCGAZHTZHNUAI,-1.5403866855216737,-2.416566108217964,-0.7489556433922505,-0.9431904073932402,-1.085561376819479,-1.8818277181396188,-2.3323260086881685,-0.8271359431270452,-2.313774465487212,-0.6475068434945849,-0.6610230234117147,-1.2034418810500864
TXUZVZSFRXZGTL,-1.1500008564567787,-1.930134697565928,-0.023649189037066493,-0.6068383821983299,-0.36057626639391577,-0.8929713138313299,-1.6479629524965167,0.9112086116833191,-0.4477650264822918,-0.2633431756047136,1.4106391613864193,0.35006611811873456
TXVHTIQJNYSSKO,-1.563689589985187,-1.8861076864267086,1.3155265311137778,-0.9679623158656105,1.2494446323001926,-0.1616559499551901,-1.119626230732355,0.6202488389870672,-1.0336627278482804,-0.11987820949481993,3.0348846432485037,0.882933175736229
TYMRLRRVMHJFTF,-1.4945430540924696,-2.4233888838468642,-1.23830611341595,-1.5340427810888166,-1.529520281855606,-2.975827325740881,-3.1384860656189364,-1.0545646201945795,-2.038793951396024,-0.6721968276685432,-2.0392198637684764,-1.2039068630403316
TYNLGDBUJLVSMA,-1.1142765508224668,-1.987789890349178,-0.7006479922475276,-0.6763516749740732,-0.5889586068562177,-1.0385151864419364,-1.7931578667628547,-0.18658090438874134,-1.0411243754252872,-0.6140047682471127,0.01092164643814851,-0.5143792955578309
TYQXKHPOXXXCTP,-0.2078260924175366,-1.171524116689918,-3.1353009794520874,-1.3722536830056433,-0.6195760827360814,-2.0314747958092663,-2.733380296163447,-0.4809572351973852,-0.5974282789276378,-0.6362106884709459,0.016409646133693535,0.008329478626619693
TYYBFXNZMFNZJT,-1.0507237076477676,-2.269874417964415,-1.2078261327555506,-1.302450952968303,-0.8088087298536882,-1.6996607638799592,-2.1506910433682136,0.0021765836725627257,-0.47715931327712857,-0.5837560770098811,-0.8940498340004129,-0.42409795937951095
TYZROVQLWOKYKF,-1.27569694801323,-2.082336054522768,-1.5048845356313898,-1.0776091172508053,-0.7841067669458063,-1.7192267205348681,-1.9034314252853417,-0.7181961127290934,-0.8649057273303383,-0.6856422571362547,-2.0103701435285224,-0.4570446510824462
TZBJGXHYKVUXJN,-1.2219874295557895,-2.106062534322044,0.004966163204108622,-1.1638181467538709,0.40483486586478584,-0.6018212325524441,-0.5382841953046611,0.5661931619195895,-0.32960442102882015,-0.3832913999933586,1.3547183818883857,-0.4310253159308894
TZFWDZFKRBELIQ,-1.3368279225253719,-2.2108940674369686,-0.1121821608129964,-0.9310760646212536,-0.63752993533042,-1.7364898465877594,-1.145121149366989,-0.002588839784737721,-1.567767452003272,-0.43654054204505566,-1.0195248885970851,-0.8686511357578338
TZJUVVIWVWFLCD,-1.2688577374346162,-2.30273586849411,-0.820784550980015,-1.4660492256478164,-1.6962294360580186,-2.7561824786519513,-3.043143076446639,-0.7079052192064629,-1.6770231788565664,-0.6849091277661471,-1.9754086279834389,-1.0257546613544808
TZRHLKRLEZJVIJ,-0.8013861550559005,-2.009157236422328,-1.1210799508121712,-0.7858308380814858,-1.2528034719049026,-2.647990274557768,-2.5518582155509315,-0.05239874637901318,-2.0112882039264166,-0.6176957794075988,-0.6898624088934606,-0.7293478855071074
TZXKOCQBRNJULO,-1.1742504086297312,-2.4174955861813148,-1.3865077011433127,-1.1735202709819426,-1.582795268092293,-2.378196056410247,-2.7408912372411276,-1.1336473493428216,-1.6805484984095862,-0.6228894655627152,-1.72966921804708,-1.025950302294473
UBCHPRBFMUDMNC,-0.5391745124407625,-2.185772174825062,-2.345295196064502,-0.9530271036051274,-0.5204676437183958,-1.9297625642149212,-3.1368965895238845,-0.8351662125543302,-1.989411887955181,-0.5185174497201116,-1.047745528959818,-1.220613450176347
UBPYILGKFZZVDX,-1.2814269564129117,-2.144643681351505,0.0218685406138531,-1.014726437045109,-0.9744959244623079,-1.6785865753077929,-2.2797859285211546,0.04943346070458214,-1.3636942398207768,-0.5574590890851202,8.694827562096309e-05,-0.5579440256904099
UBQNRHZMVUUOMG,-1.3463593215410883,-2.276017913117701,-0.9277585221232565,-1.101578200185479,-1.251194328583129,-1.2539602331577635,-0.47844662996141996,-0.9270758815449519,-1.6875874708094525,-0.6810269159699587,-1.8574490360128701,-1.1841740682034676
UBRKDAVQCKZSPO,-1.2376139602536609,-2.258984266557859,-0.7428241399853409,-0.9490708203142181,-1.3493948003254161,-2.119378448831996,-1.8980315411215782,-0.5857387550030838,-1.297717428859214,-0.6930559628295156,-1.6553679656973663,-0.7684744455538087
UCFGDBYHRUNTLO,-0.29667488013862986,-1.2559586717178466,-0.7242670937023115,-0.9928689770897924,-0.9741185382827529,-1.2141965718422882,-1.3383158001149729,0.4819327498740149,-0.7129178061527065,-0.5358146404578072,-0.4994223301728185,0.1736271762253055
UCHDWCPVSPXUMX,-1.1276650532728765,-1.7135586285593432,0.2477803018094388,-0.05010963205122658,0.2998638157983689,-2.0546872158519447,-0.9679027698840112,0.7930315033848895,-1.114207257369959,-0.45216047690088174,1.299619672583342,-0.5956878029098469
UCTWMZQNUQWSLP,-1.2511069074815295,-2.266209671637554,-1.0482903406068884,-1.4422144957453924,-1.41804503383369,-2.3674926472549918,-2.4666425998771526,-0.7804227688788183,-1.6023396556285412,-0.6221152349749166,-1.5915441123976088,-0.8131630073319529
UDMBCSSLTHHNCD,-1.023516385564816,-2.104506904337956,-0.67954348994592,-1.0841035936693975,-1.0268300556075682,-2.3063715172051227,-2.1375470178166722,-1.2179065335826778,-0.009611363224568823,-0.7206358211806877,-2.142556180632992,-0.7890391839728788
UEJJHQNACJXSKW,-0.8347607981762281,-2.342241330447302,-1.4590058162146986,-1.7268614092990642,-1.0037434545691486,-2.278023416174659,-2.5262870834743287,-1.259853695082606,-1.7367932270286714,-0.8321832430880053,-1.6325873070790804,-0.7240753836815016
UEQUQVLFIPOEMF,-1.1060039024541417,-2.34050897501153,-0.4227401455747356,-0.9146308918296824,-1.5585310721153676,-2.7776561542463427,-3.077155325211522,-0.11160989762849731,-1.9288001260175296,-0.42698230784835994,-0.891219183662133,-0.6254630945160368
UFLGIAIHIAPJJC,-1.4046791103183869,-2.365993843596898,-0.08603375042760683,-0.5179779245682217,-1.2300293370984103,-2.888771291422295,-2.8358475921317687,-0.8856025630667856,-1.2086473192548939,-0.5445782594483696,-0.9439154687551076,-0.9243450254446397
UGJMXCAKCUNAIE,-1.3474889728810864,-2.4174375767629903,-3.3497425219020873,-1.625204286844653,-1.5853669576801668,-2.0394212984816513,-2.3660035540143367,-1.321724445864815,-2.082627077930388,-0.6916590621068902,-2.254566628420113,-1.3681116937919688
UGTJLJZQQFGTJD,-1.3788590403654433,-2.1389420253447176,1.7003227545000787,-0.9715316400788885,-1.1736190728211844,-2.34036244441736,-2.0443422813011476,0.5351832444932588,-0.930010459512313,-0.3104649864340503,0.2813222341424888,-0.2730622413243567
UHDGCWIWMRVCDJ,-0.9682798393187101,-2.214791471059932,-1.4590955140769102,-1.5253849099397834,-1.1665427288928474,-2.2938323246468015,-2.2328050496179994,-1.495602014852335,-1.0243206017984,-0.7038393223443358,-2.3335754449884347,-0.6435557170687213
UHWVSEOVJBQKBE,-1.3836960572899193,-2.3045824433000055,-1.050879483494594,-1.3939076795794652,-1.3618820117941832,-2.7324443258366187,-3.329025528674507,-0.7248322771832264,-1.6830679985151962,-0.6057956604480665,-2.587502964858639,-0.8313201384833224
UIARLYUEJFELEN,-0.17295882307832613,-0.8619652050151402,-0.013350813967706227,-0.8908456899845009,-0.31420837170281524,-1.9877086304854794,-2.0756950533104552,0.7640424107701561,-0.4226008833689329,-0.3726255079614297,0.9252077810392146,0.7640618829580119
UIAYVIIHMORPSJ,-1.0484916627547025,-2.089323301670213,-0.9462677365636187,-1.34513515043899,-0.5529132919279443,-1.5783328714392202,-1.765317600979975,-0.21888611278921533,-1.2051891402368309,-0.6210780552958782,-1.006133209535647,-0.5165225278938148
UIEATEWHFDRYRU,-1.432574664900907,-2.3172364123898146,-1.2202185492572923,-0.8409174605002921,-0.7753713517760854,-2.6410738389391506,-2.805290234315751,-0.43782802387576447,-1.4399999864667683,-0.49978800233141285,-0.8976895265414744,-0.8527072456765362
UIKROCXWUNQSPJ,-1.14455681222822,-2.4129942106697784,-1.4715997430545393,-1.0777290705963463,-1.4808723137569806,-2.1838058696454707,-3.570376432040073,-1.4063560631146106,-2.068715277461603,-0.8013542593766906,-2.1041620512225987,-1.020622299476398
UJEWTUDSLQGTOA,-1.3337629429219593,-2.1472777114363293,-1.3826975141649775,-1.5847967798704992,-1.4151858729118292,-2.705178793747408,-2.1330591772520013,-0.24630855853788114,-1.3333775646432529,-0.6279090756797547,-1.5843488192468331,-0.8820995248672345
UJVLDDZCTMKXJK,1.5216796311794658,1.5955094268815904,-2.78651441617063,-0.9307006746783985,0.518486158372323,1.741684993878171,-2.0829874389507244,0.3989582656024199,-1.312223136301109,-0.6293788176864463,-0.8034348848952895,-0.6661878691009452
UKTAZPQNNNJVKR,-0.53641302687389,-1.4338264206843976,-1.7021647632907086,-0.8762714407995249,-0.21752626484691512,-1.6290868881054221,-2.129995379904976,-0.6792391471554139,-1.656795455894921,-0.712638075498325,-1.5194812558923232,-0.157259598761063
ULDXWLCXEDXJGE,-0.9137605260713164,-1.8864469641098391,0.3747635898945076,-1.1416595203473174,-0.33817691712528664,-2.15650727915468,-1.6967284487707293,0.4231238420544907,-1.226590085054806,-0.5009883021130421,0.3183719821612995,0.48610083477139565
ULFRLSNUDGIQQP,-1.4493885359950425,-2.342755325915663,1.5379859637925577,0.2481299689492121,-1.4356946175085687,-2.4754827833515898,-2.92935153070818,-0.6043400231565342,-2.099221269862392,-0.6697185572990931,-1.5493204739076598,-0.837363402680746
ULGZDMOVFRHVEP,-0.17832490227904826,-1.141302212536217,-3.0485427781088568,-1.3861823779989813,-0.6331605139112952,-2.014274310855164,-2.677474132514609,-0.4793152874560075,-0.2981567084674839,-0.6190041208593778,-0.27652397180582294,0.031983569088225264
ULLNJSBQMBKOJH,-1.3580615442398118,-2.3824971983808587,-1.3899664044501845,-0.9725754918336539,-0.5412956859752008,-1.645230165004841,-2.7832072508208565,-0.26975057457063234,-1.879672335780766,-0.4835139069426523,-1.4343989606720775,-0.873720813900984
ULSDMUVEXKOYBU,-0.9920512819329323,-1.734609031731695,0.09871790996720611,-0.8812056770109901,-1.4173350225893608,-2.0910793785253086,-2.5629739708564445,-0.3736086243878623,-1.3390563030393858,-0.6550088354986042,-1.6110068052771291,-0.29517371587204244
UMFJAHHVKNCGLG,-1.5769521716678636,-2.45467367929865,-2.0817740206946937,-1.3418345883721223,-1.8280180107435622,-2.671549403908585,-2.700912905242904,-1.5556269881427844,-1.9510861476039818,-0.713956151652218,-2.104525387377735,-0.6504921881369633
UNAANXDKBXWMLN,-0.9931764234075475,-2.1499538806883907,-0.499772965073112,-1.0719695548826504,-1.0755438531896235,-2.405720838746796,-2.551207570306043,0.3990395898175646,-2.303697275853905,-0.4387310796801625,0.6935581454853191,-0.9226849135715536
UNBRKDKAWYKMIV,-0.6772010214349755,-1.9282478125324196,-0.6657333361308525,-1.218465374345409,-0.8993581478407352,-1.5319742452759395,-2.8084391177993613,-0.06348780575577005,-1.89594741807195,-0.6216684424315212,-1.1939111876367137,-0.041827870245756286
UNFWWIHTNXNPBV,-0.5740681765174589,-1.7205628307603402,-2.983968736804405,-1.3212527973660388,-1.0788855196917806,-2.214807085666683,-2.4701412690905733,-1.0912655243097626,-1.38826743196941,-0.6167423459764426,-1.3932698482347814,-0.03302398182984189
UOACKFBJUYNSLK,0.42103999877250625,-0.5912589752001796,-1.2577720523890374,-0.8945945075877778,1.2243156625007163,2.0650077221176626,-2.2341235071922587,0.28973881438518845,-2.064565264938527,-0.21370589294576842,0.8175196733150512,-0.7448783786523869
UOCJDOLVGGIYIQ,-1.3160589382982026,-2.270352584610309,-1.8800023435970346,-1.5724755769328465,-1.2562127019829081,-2.3216613965471486,-2.659958034390978,0.30179635096598767,-1.3765783774459737,-0.622669900852882,-1.802668887058882,-0.5427385419075546
UOWZUVNAGUAEQC,-1.2122660075130605,-2.1163493261873505,-0.055078592441573135,-0.9919813798561126,-0.3755401359634277,-1.0388715812216596,-1.4550443895131304,1.1355320760782424,-0.5518079299245978,-0.4741814563462495,0.4218448303213425,-0.5516866710608911
UOZODPSAJZTQNH,-1.2778368234580733,-2.017706742339556,-3.6800946166869717,-1.6423782988205573,-0.6683129641815934,-2.063740156344631,-3.1909946125320885,-0.666670158262272,-0.6737478144289253,-0.6701192762188387,-2.299800710461681,-0.44978525133578784
UPSPUYADGBWSHF,-1.2231823788821954,-2.2201217566164133,-0.25901821484761167,-0.4682830794063523,-0.4315440424346082,-1.5646427359547497,-2.423607004092225,0.07853641133841373,-0.9604637117001595,-0.5853745159896399,-0.5427333373432264,-0.544303996286199
UQGKUQLKSCSZGY,-0.7999605753713481,-1.6537271018315027,-0.9327817741019124,-0.4672384787885573,-0.9243473254400988,-1.3391197570373394,-1.199523468106299,0.2969855403464013,-1.1983173219266376,-0.5278828214193,-0.9026987714892476,-0.5239453835924294
URKOMYMAXPYINW,-1.2710522787935523,-2.2520785065463587,-0.45920065737010424,-1.0425853107953758,-1.037543052025369,-2.6215809817870395,-3.0268428267677177,-0.11055405901389825,-1.6575801997208637,-0.3232480869102514,-0.36369976927299424,-0.856725737353462
URWAJWIAIPFPJE,-1.0792232118350513,-2.1368735674904005,-3.299011595037331,-0.9674340701598414,-0.6192628901021573,-1.7171721426159858,-3.003834162085997,-1.0366840674226867,-1.1375114450044364,-0.781171058179426,-2.886227627254138,-0.6845534496589212
UUQMNUMQCIQDMZ,-1.576061041375831,-2.4501667633019926,-0.32375106340447773,-0.8938346790031882,-1.6179041044880746,-2.8563371240728745,-2.505278851981209,-0.5800087498905209,-1.5580490560516131,-0.6435824335599116,-0.7614659941879734,-1.1433123082335108
UUTKICFRNVKFRG,-1.040816532398663,-2.3098977258056745,-4.2525585837273425,-1.959030910830407,-1.6687944730340663,-1.8114868452379578,-2.461118689554908,-1.328910303984473,-1.7179606614941936,-0.9121964628359718,-3.512580814692381,-0.8488143184796163
UUVWYPNAQBNQJQ,-1.5048166984726654,-2.424344431132457,0.5323045914807045,-1.1150826061578647,-1.5115211469895726,-2.787153663344975,-2.5685895174401474,-1.3101145299189096,-1.7346885484685561,-0.6531081862898312,-2.0981737717793076,-1.3606888162641702
UVKZSORBKUEBAZ,-1.0989416987382787,-2.08612488659688,-1.1630102005689689,-0.9449123273673774,-1.5092349243955796,-2.6913049306046313,-2.948557925858979,-0.5464760239796642,-1.9977392787055226,-0.522881768216783,-1.324917369768927,-0.8951660687774141
UVTNFZQICZKOEM,-1.1861091177289036,-2.285002191774251,-1.334599921703511,-0.39938137194013346,-0.99605632142662,-2.2798023680322164,-2.795497088786144,-0.48515796734693806,-1.88266252454339,-0.638205007629452,-1.1114267091948424,-0.9653734130336973
UWKQSNNFCGGAFS,-0.5767753506360459,-1.1613312262247035,-1.6742487298014468,-0.7767764792683893,-0.10433869872819167,-1.460630648972085,-1.1861890719473522,0.30364900460338873,-0.21585004856700785,-0.5608665754563831,0.24731071951615255,-0.012316264094206377
UWWDHYUMIORJTA,-1.1500467775335639,-2.279644250848759,-1.5450438554385892,-1.4185999403569582,-0.9960759891662089,-1.7147701298512472,-2.802270222334337,-0.45597832309883646,-1.7750857313794985,-0.6985010952070972,-1.0797788027519366,-0.7501986395798702
UXABARREKCJULM,-1.5763902598875736,-2.418089262631891,-0.5041001812337647,-0.4890944204872937,-1.230999848885751,-2.157325057876267,-2.5962698102889723,-0.5503258855032798,-1.124247538272108,-0.5645685165435724,-1.3542801220419365,-0.8301433962075684
UXOWGYHJODZGMF,-1.2224148873633325,-2.375248233358225,-1.589492778368836,-1.3936276532295528,-1.0771203965755836,-1.7751778852539257,-2.13820546919334,-0.5232374907552484,-0.8396457415607157,-0.6822782637809395,-1.2567719498177945,-0.8455993285898169
UXVSDVSUISWXKD,-1.0133996929791698,-2.1103803828851126,-0.3196501628192583,0.08793699666108021,-1.1682501289969123,-2.070379179307495,-2.6011020562388714,0.17606373667668446,-1.352719586260413,-0.5699965378316874,1.1612243005240561,-0.7840516323479119
UXXQOJXBIDBUAC,-1.1497445539960665,-2.0144798294709307,-0.6336204741942147,-1.2298192640212517,-1.230556970963072,-2.5079831529862,-2.6514133631719257,-0.05294274766377567,-0.8811641006412737,-0.5868811181284426,-0.29251674847177916,-0.7079084912383338
UYIFTLBWAOGQBI,0.41109787331241926,-0.9803605465543768,-0.39852932290242943,-1.1019585318571368,1.1844400822824268,-0.2276476568964494,-2.6849799446190463,0.2897827281537273,-1.377920428309157,-0.281873298425782,1.1713680601774514,-0.49900764734765424
UYNVMODNBIQBMV,-1.239202835214876,-2.2475996537239524,-1.232570333070279,-1.3668472654016002,-0.6180229676791691,-2.54072803194561,-3.6557028686306112,0.0659606788196928,-1.7418066466239142,-0.535540920497174,-1.226956863782389,-0.8965758421377943
UZHSEJADLWPNLE,0.09957881866125898,-1.517590588477769,-2.065399262429493,-1.5945314486944158,0.12806336160618417,-1.8716061520717755,-2.5584788012703332,-0.14839299123096103,-1.2151061597025916,-0.548355336642259,-1.6805359814009242,-0.17354543307207088
VABCILAOYCMVPS,-1.0656695423589442,-2.0284237056627763,-0.9113387080925769,-0.9893497907145253,-0.7254314503024606,-1.4844771320006827,-0.3790601632916849,0.33095466219647063,-0.9689659646532272,-0.5269424787268762,1.3660700308843539,-0.43008976352339334
VACCAVUAMIDAGB,-1.2532162750478366,-2.352001885563195,-0.5097941955920589,-1.4900029632966567,-1.4715464486403156,-2.9454518338345235,-2.9598536125670223,-0.8574309420466992,-1.5070984319877112,-0.6749454831261252,-1.7082390053813827,-1.2218935949508953
VAOCPAMSLUNLGC,-1.4658542509521235,-1.9917644788444386,-2.100504248588258,-0.9709947106800345,-1.5523465741115112,-2.0735761253382785,-2.3776761489614326,-1.4950353210508542,-1.8324690562959784,-0.7627646696874837,-2.6095337454636156,-1.421997818004507
VCKUSRYTPJJLNI,-1.0109173077495783,-1.8644794465634393,-0.648173776339684,-1.220429277425061,-0.8125257656610193,-2.16295397580038,-2.1280493447276907,-0.2785134257206218,-0.5172800737595888,-0.6842760137360832,-1.0726444074358392,-0.468402138567792
VDCRFBBZFHHYGT,-0.7853069680821798,-1.8866025351247906,-1.469680281007302,-1.4283544100054293,-0.7704132389321854,-2.0866889420436925,-1.7588889039598146,-1.041395348341831,-0.5476263262810296,-0.7159204962406399,-2.4127541542503086,-0.14028183075983638
VDEUYMSGMPQMIK,-1.1693694592559138,-2.3465013813088116,0.5185077918658239,-1.290856272739969,-1.0010981744987402,-2.2448523723557674,-2.5087128893184114,-0.32436943854739414,-1.10471156744589,-0.6176400204546293,-1.057355590577172,-1.1355464290635804
VDHAWDNDOKGFTD,-1.4570121111185557,-2.011384086793819,0.4300989645436957,-0.6951503129730601,-0.5099608619097168,-1.5347799294242397,-0.7466901045986476,0.4052595756484863,-1.4989246461722352,-0.43167975016613047,1.4975146793271537,-0.18714576427954335
VEMKTZHHVJILDY,-1.1015603887606116,-2.3092847440165993,-1.3891381464875783,-1.0751754682346255,-0.8227228233525757,-1.6161789713092207,-1.7082603064332473,0.15828097857774098,-1.6152908454118555,-0.524540090665295,0.28177120673380085,-0.9283729773068027
VEQOALNAAJBPNY,-0.9684744683194189,-2.3913594287602824,-0.9655168495169755,-1.1370715978818893,-0.05125422760429975,-2.684041072627914,-3.1189314580119456,-1.1311699979616963,-1.7141342875658228,-0.7250296065850302,-1.554078218729054,-1.1857405953358526
VFLDPWHFBUODDF,-0.36395609981862453,-1.7372611962024536,0.6656743066053497,-1.2434782009676435,-0.6230941534527017,-1.0354644054424766,-1.7280814121180943,0.7763547637251355,0.2975765012421628,-0.06834988117638124,-0.24776769386327818,-0.6075071956083528
VGEREEWJJVICBM,-1.3761249660046024,-2.410449691993144,-0.3205899683607465,-1.3005671912703125,-0.6380469621949043,-0.6684673336103785,-2.4764964108706606,0.04359044307776414,-1.1086251102154292,-0.5009510667077424,0.03648226723516029,-0.8180105472055397
VGGGPCQERPFHOB,-1.0377137306614506,-2.132344309315795,-2.2504244189241365,-1.5105840759057254,-1.229925625217246,-2.019254058042853,-2.7185069961516484,-1.1020829003725339,-1.2304767206450802,-0.7462572923493436,-1.639334368906982,-0.7986221832619558
VGIGHGMPMUCLIQ,-0.9719219873880189,-1.6079447728282341,-0.48615980291282374,-1.1280930415230468,-1.4948351100204071,-2.3467377394955418,-1.466525606305571,0.48164209514391554,-1.2393877275959135,-0.48608679110721137,-0.370818001123057,-0.353786058644098
VGKDLMBJGBXTGI,-1.2104353823765972,-1.9478263546092056,0.3308013529471279,-0.931874518968317,-0.21496912359282366,-1.0230833652737812,-2.450590325230556,1.0032853467481253,-1.80368031676074,-0.3156206142211706,2.0825644227779905,-0.23979837712204147
VGLGVJVUHYTIIU,-1.3222657495465935,-2.283254815837777,-1.5986180574551763,-1.6669409842703382,-1.7757725076257513,-2.377200944063278,-2.567182233256343,-0.30859280699484537,-1.6117616501393788,-0.6520474097620694,-2.031884005389599,-0.7821139982199298
VGZSUPCWNCWDAN,-1.4433791114460937,-2.4177644986656954,-2.3408854644651607,-1.650089614395582,-1.6841802956235417,-3.0952833064826946,-3.7503838714502393,-1.060494028293856,-2.3382856743740392,-0.682611500719508,-1.7084659515325407,-1.2387432611666467
VHGCDTVCOLNTBX,-1.3895367069822626,-2.358000602027029,-0.25714518801773456,-1.0793324318708106,-0.4304241959091262,-2.4651275499053296,-3.3368299844116946,-0.1506384180560519,-1.4880725161190862,-0.4335239873569703,-0.4247892206941845,-0.7169801763965162
VHOGYURTWQBHIL,-1.3300027651705277,-2.3315908900627265,0.5061024388933196,-0.9440387312725202,-0.8064791284499381,-2.1849676442011146,-2.5073625356668865,0.027172419269613064,-0.993450619999618,-0.548065549513661,0.5122324137968223,-0.8158918272679423
VHVPQPYKVGDNFY,-1.1537086844253346,-2.1115162891312473,0.17198493217287913,0.1082342634462182,-0.9252900239336012,-1.9722557519393769,-2.04642121979131,0.4481151578014713,-0.3280758773369126,-0.5079638070230801,0.448669871036552,-0.36287019047635805
VHYCDWMUTMEGQY,-1.5098823413564046,-2.389245573228309,-1.4480919109290267,-1.2743343493039136,-1.215532746419658,-2.515640458001582,-1.9465318141510246,-0.7077893037072348,-1.0071957953028254,-0.6190580581214014,-2.058656178549817,-1.0322742211799878
VJJPUSNTGOMMGY,-0.884182918735597,-1.8345917731168282,-1.7310916112391563,-0.7101644159466789,-0.7710169267782098,-1.4359527956796891,-1.726404960083177,-0.06396324772904705,-0.288363290589369,-0.5397060935174588,-0.5861160540519619,0.040128756719958907
VJYFKVYYMZPMAB,-1.4871453033772761,-2.3254701344090187,-2.565058259584055,-1.2283424672900463,-1.406154142179335,-2.5957031033772355,-2.7829836284804084,-0.002864154151046394,-2.0709320523130432,-0.4185055279724562,-0.5336414654706363,-1.0828196255004856
VKYKSIONXSXAKP,-1.1438377631411616,-2.389357453024549,-1.0430526624744343,-1.5874377484805582,-1.6020601620115684,-2.7188119660116175,-2.68312715890156,-1.4753109291163498,-1.875446189877143,-0.8477370805428202,-4.081733197466591,-1.1770484870760005
VLPIATFUUWWMKC,-1.5681385441848839,-2.443555890309163,0.0715748656687454,-0.9593167414026631,-0.9327107607923066,-2.2672237568622964,-2.4801471309116443,-0.760377040737336,-1.317766481363118,-0.5505952964895571,-0.8874715288666372,-0.8611771001478445
VLYWMPOKSSWJAL,-1.2508149971422227,-2.3707341813706284,-0.4734742883689775,-1.521476110236286,-1.5331871801548658,-2.921504973662443,-3.5301468648246037,-0.7236199330876857,-1.393274652240565,-0.7072257692855575,-1.840301834442649,-1.2019848323660556
VNFPBHJOKIVQEB,-1.2917007265177152,-2.1970860885454115,0.6036276967799099,1.3929536553641875,-0.046065612016861594,-1.7611371800602722,-2.372866813908269,0.2608004904990819,-1.7407743320582085,-0.4373351284605961,0.18152684072112457,-0.03515137333721643
VOXZDWNPVJITMN,0.8012159596894288,-0.7247000793880201,-0.3174328816706289,-1.2610264216925646,1.3271852859646442,1.3410405642363457,-2.5882031464072606,0.3489495478200199,-1.8994419974458103,-0.4736940177580765,1.1744075748356915,-0.7423124614320036
VPJXQGSRWJZDOB,-1.3763738633864304,-2.3063883114030848,-3.51124288709032,-1.4129535333086578,-1.736359125847245,-0.7837341657835618,-2.1830031421368465,-1.6269115299388677,-2.171215245612442,-0.7817156566840722,-2.4621988019049383,-1.237223316356099
VQHUQHAPWMNBLP,-1.2577885704761393,-2.192729820642283,-0.24520169308027664,-0.7947735817104699,-1.369292020901039,-2.2052227064190366,-2.157750570296575,-0.6145381382129087,-2.089837355213694,-0.6181995155955415,-1.32785471227823,-1.0534173892273988
VRBKIVRKKCLPHA,-1.3398431722152673,-2.078072327822086,-0.9592403766415748,-0.7211086998802323,-1.2973801516574688,-2.277598502345502,-1.9117147894183542,0.027443909431032573,-0.5897467184299855,-0.5775578533717602,-1.1891725602369079,-0.879315923906635
VRDIULHPQTYCLN,-1.3393821285710976,-2.358412157096138,-0.00014488718981683042,-0.5781256662840384,-1.4516184091518365,-2.62010647160636,-2.2828757496462035,0.039285347141412595,-1.5404320950857775,0.10836960445161894,-1.0818705270585303,-0.5036004719441302
VREFGVBLTWBCJP,-0.8408595905793165,-2.0290131148587345,-0.3099747618747162,-0.09945883850264892,-0.14937277504867397,-2.1793612160420617,-2.6388802698673257,0.5676538464850337,0.59295037393335,-0.6056731341842656,-0.24152937438190933,-0.35283941293519144
VRQVVMDWGGWHTJ,-1.2995658631931033,-2.2963888766638023,0.32576106453492315,-0.7277792311129099,-0.8758269957834582,-2.6126615960466544,-2.6027653836053886,0.26250117973715675,-1.1861420640966087,-0.4205430580267961,-0.3811735091580893,-0.4182568111606691
VRYMTAVOXVTQEF,-1.2466666558372506,-2.2467426620962985,-0.5259514428433947,-1.0568549369611764,-1.352039403573434,-1.9028749666867784,-2.508933325443273,-0.11207181476619814,-1.4960921882811278,-0.5192579230930117,-1.1245452375461815,-0.5638125234048116
VSBHRRMYCDQLJF,1.1603592621878283,0.6317450029520316,-2.689403692949033,-0.93845370975507,1.0598196693152084,0.3759244098474689,-2.572687011986515,-0.07442501443924848,-2.601287188741308,-0.629358282724025,-1.0664778979370078,-1.1486293149123483
VSQQQLOSPVPRAZ,-0.9937081972643612,-1.9995301159272096,-2.370663949617391,-1.2831265641037035,-1.0425579120415054,-1.764085394848363,-2.36330526566253,-1.0631539638427014,-1.909620039959505,-0.748533251183797,-2.124986695320475,-0.9130115482009595
VSWBSWWIRNCQIJ,-0.9098176569641542,-2.144295769260982,0.5523843447123022,-0.6536942766255256,-0.7925355774020373,-1.8719583487083464,-2.35864802041592,0.582063555008918,-1.7379907229928333,-0.4214379140974482,0.3194133882127245,-0.4788923569830301
VSWPGAIWKHPTKX,-1.062604549660608,-2.1987340696409503,-0.6738208697150985,-1.3242870747419333,-1.5878036065087109,-2.36197470811517,-2.2566546154847154,-0.5659366769818845,-1.2048674534220487,-0.7029056382067632,-1.857530143492666,-0.7211172976924335
VTJXFTPMFYAJJU,-1.0303916328680138,-1.975270742248597,0.7108217830871345,-0.9471869080537902,-1.1407486261081061,-1.2213516753977736,-1.9498207375915066,0.47316291789867826,-0.305060080385699,-0.38813738227983813,-0.17722447855620152,-0.08003683567924175
VVIAGPKUTFNRDU,-0.9568116730947935,-1.8585817034352563,-1.461761830838844,-1.5631476209153248,-0.6210699192372082,-2.090912310278452,-3.0180651005126498,-0.34903843332530643,-0.5740477958876005,-0.761275468772689,-2.461946138848803,-0.5058969482364777
VVWYOYDLCMFIEM,-1.327438843141704,-2.1143458627581646,-1.0275002005003269,-0.17065452573395506,-0.9454337109488421,-1.8226034455582785,-1.5703810407499226,-0.4377890665380949,-1.7013738944635035,-0.588014001746911,0.05325684702753843,-0.8720825770668357
VWLHWLSRQJQWRG,-1.4535698660504477,-2.283069425261958,0.2862744853303205,-1.180180132014324,-0.6565861547983756,-2.0871615167305024,-2.1639836301145188,-0.6453499254750802,-1.0831158072256275,-0.48474850275384673,-0.6791028534879489,-1.0520478103433688
VWPOSFSPZNDTMJ,-0.9594999645205349,-2.2874330919905144,-0.4436983589822976,-1.1330310056177457,-0.7918498730023099,-1.7600526294292371,-2.5034353547986705,-0.9207824490243021,-1.6123537469821376,-0.6336754762461203,-1.2877894276285973,-0.7947058992126802
VWQWXZAWFPZJDA,2.050382822463843,2.511082978846767,-3.63212524847262,-1.3752499986719553,0.825298214102489,-0.10267330650546028,-3.435245888056398,-0.9639125163756421,-2.1538932046880235,-0.7353283993550098,-2.2170203573090683,-1.0809183889627507
VWUXBMIQPBEWFH,-0.0005908685892573287,-1.4274339161513852,-1.0927948118413302,-1.118188125213964,0.08202493349796111,0.1620410883412162,-2.3983026212474994,0.021086878096859232,-2.010562418479542,-0.44580912117723004,0.4196974081860583,-0.9402520227434936
VXJABHHJLXLNMP,-1.482599223718334,-2.345869810544094,-1.511363152596231,-0.7845319580447991,-0.9753416350475866,-1.864898744378225,-2.842288833647389,-1.355324843357283,-1.6846671891496632,-0.6671790435589041,-1.7139556654260857,-1.267035986609663
VXVNYCRICCVPTD,0.2567481465854913,-0.9440740000973687,-0.9825999066514423,-0.5645727118871573,-0.6573317015220221,-1.782085694748648,-2.786392368764195,0.2066105922571943,0.08668191347263883,-0.6313896631356378,0.1295182867295436,-0.16298759354717265
VYFYYTLLBUKUHU,-1.4544312739062688,-2.3875855012019263,-0.25204575283546576,-1.3443524951970058,-1.3045640707770068,-1.904820709491043,-2.1406792174326994,-0.22310766007639107,-1.3049545952442805,-0.4977867974774693,-1.0239587653740774,-0.8625973073756037
VYQNWZOUAUKGHI,-1.3630082375439354,-2.402612569090566,0.49181099889367624,-1.2006355383360128,1.1535084105266136,-1.4959535351503228,-2.4216485898731595,-0.07276116486482473,-0.18712053653231248,-0.3753436712188154,-0.07169709072811431,-0.8655502422039747
VYVKHNNGDFVQGA,-1.420436286705552,-2.2817765962722634,-1.1383631503410876,-0.40122740776663957,-0.8658830106053926,-1.4187850823372479,-1.8746178878925086,-0.5149711419734437,-1.5542209897620365,-0.51846107027323,-0.4796544003881987,-0.9632198679952371
VZGDMQKNWNREIO,-1.5563096245894148,-2.181480561907741,-1.7750891532266813,-1.2059016498136863,-0.15785349172746754,-2.6275121342280046,-2.4612288186536246,0.666292275304122,-0.9529244123426222,0.20533841078057977,0.4063750682862914,0.3608353643383315
VZJFGSRCJCXDSG,-1.5507100064043875,-2.39964036518058,-3.1689302329559434,-1.0851649031897206,-1.642756132597306,-2.920980122752762,-3.2353878236917644,-0.952986034904073,-2.141729478378105,-0.6789382017208101,-1.216347424925289,-1.337366939148947
VZYCZNZBPPHOFY,-1.1877671494567696,-2.2658144238156592,-1.0364015615624833,-1.1755337555107506,-1.6054290700885099,-2.9089240572155597,-3.3672932555392894,-0.47066704891948025,-2.009145988328652,-0.5196521647491712,-1.6142099174559057,-0.7556319913383533
WAEXFXRVDQXREF,-1.1053879772178299,-2.320739649760347,-0.9751930896726841,-1.3450732586675547,-1.110308302400286,-1.9618283670133176,-3.2683011302523055,-0.7657515110952153,-1.4320193717749559,0.12778679417968702,-0.8781931484939557,-1.0786296439591632
WAOQONBSWFLFPE,-1.4005971679002323,-2.271231193681638,-0.6794430605426578,-1.5341574399227245,-1.4050972253454699,-2.1082672288743822,-2.357958473023202,-0.041491618710764004,-1.753379029865897,-0.5863298692427517,-1.3933505953944139,-0.65266724603387
WAZQAZKAZLXFMK,-0.8700989932187777,-1.7603596569867506,-0.761098457378522,-1.144769112174317,-0.9817341511515074,-2.503405170199148,-2.2067472144994547,0.7663108428191999,-0.7543166224544174,-0.4913689228304965,-0.05040614370085536,-0.01591322689493588
WBPYTXDJUQJLPQ,-0.3739192608795037,-1.5822953352732623,-3.122373259566815,-0.6567970833017253,-0.3957721594825161,-1.69389282480225,-3.0438233437643225,-0.5274041200820812,-0.34063129681915316,-0.6399062266981445,-0.21411391442089633,0.08355530646553087
WCDWBPCFGJXFJZ,-1.4103689424120143,-2.141855234704072,-1.0505550848531817,-1.3734993553923494,-1.5122110101022792,-1.5823970557059581,-2.932764973586321,-1.225963288260009,-1.721900785575309,-0.85963618484858,-2.691014136197314,-1.2077442885428014
WDDPHFBMKLOVOX,-0.8932859634358074,-2.1706753998229447,0.015820604187635454,-0.769069959374735,-0.866863713990328,-2.018513707237135,-2.013082821774827,-1.2246683488909165,0.4780248664140352,-0.7542694221120217,-1.6619662964835795,-0.5779024794987746
WDFKMLRRRCGAKS,-1.378430460101553,-1.4303964161931368,2.156266552965979,-0.23973404475474422,-0.26824328637562317,-1.0900018543710144,-1.3768185484571476,0.8878879727904719,-0.6104788229975426,0.722076906915685,2.2949722088063282,0.19655707482369053
WDJUZGPOPHTGOT,1.3106767783520938,0.2202162366461074,-2.241071088970556,-0.55908349641529,-0.32836870110248184,-0.11008278005293726,-2.561778683981136,0.05171351440302868,-0.38361180039018594,-0.5648727247536299,0.4908696683640829,0.16342030629798385
WDQPAMHFFCXSNU,-0.9607335493237923,-1.836813706389786,0.7022273849188215,-0.40685944450016326,0.5731023316172391,-1.711508371402094,-1.9393962911190734,1.3673739280007173,-0.18472161220918804,-0.321150314624484,1.0852601279407241,0.662879205481672
WDZCUPBHRAEYDL,-0.6416758167074401,-1.7090494128024827,-1.3360225031629063,-0.8006359864310744,-0.43042311454828236,-1.2911586764471672,-1.41696445109307,-0.034899080951635277,0.2653392281360302,-0.6275944287825538,0.6005228379262133,0.322415547195384
WDZVGELJXXEGPV,-1.6018684796545573,-2.366556491134237,1.918134583608079,-1.0700255219840074,-1.3588930164121396,-0.7425838947999825,-2.5950274784790346,0.6177271425173179,-0.9998427712630329,-0.44186068272045653,-0.3456941437609318,-0.6654121305987757
WEQAYVWKMWHEJO,-0.6374230833607697,-2.0212779266326915,-1.2382228302006661,-1.4892092958076666,-1.5568577186653423,-1.7933378028905695,-2.4644842866771324,-0.5260606242007947,-0.8150925260830769,-0.58543475584635,-1.0277361799452662,-0.4917166602111549
WEUCDJCFJHYFRL,-1.2306644664900692,-2.020573495694631,-0.8957475717838911,-0.9365052386937995,-1.4575983596439503,-2.568836512719195,-2.7407268105536655,0.1435327351725177,-2.206799984976888,-0.5022989666544941,-0.9185874909890068,-0.7073258222319079
WEXRUCMBJFQVBZ,-0.8339132277573962,-2.3439158153668425,-3.2093375550835312,-1.6150628299193948,-2.025991210955515,-2.433520589146439,-2.8013517803904695,-1.6208063693762176,-2.5236799717611302,-0.8789848312626158,-2.053656489496768,-1.233932411946683
WFJIVOKAWHGMBH,-1.517753636167276,-2.3876534078171927,-0.005053351915359813,-0.5083653195058832,-1.1496011564593758,-1.3578996330957789,-2.624229241593497,0.7953858912316071,-1.5045985929844161,-0.3154214343730399,1.3368770269063996,-0.7254882300341816
WFNAKBGANONZEQ,-1.3079070157779602,-2.124823577994977,-0.7694644545242093,-0.9763396506875298,-1.5340136383029999,-2.4448601513956967,-2.8426441669002,0.18424785957361742,-2.087102461587037,-0.5248002712866102,-0.8705752562186215,-0.7556419523609172
WFPIAZLQTJBIFN,-1.2629743623715524,-2.1787012074671277,-0.10153707638677166,-0.8014868294352286,-0.8655972326303596,-2.052267624050133,-2.715722661967507,0.3721657998781595,-1.6434784714163755,-0.48676305584988944,0.07125768705122296,-0.5033197672471099
WFWLQNSHRPWKFK,-1.1138863086668676,-2.1641300739352096,-1.9743907932400249,-1.4586244770224697,-1.5903534076267025,-2.1774983480655026,-2.1971508845849095,-1.08218932244687,-1.3798830719808208,-0.7413227426754758,-2.4186035876050003,-0.8703288656210566
WGQKYBSKWIADBV,-1.3333950898068283,-2.4125497216309997,0.27256907872447245,-1.3234583499781494,-0.7207109664276452,-2.379552157786105,-2.7354129364473643,-0.8777976481596077,-1.4404398141099923,-0.5039594786092836,-0.6366546183782928,-1.1215302666441895
WGZDBVOTUVNQFP,-1.3224605952839648,-2.244204593048418,0.4926157708264831,-0.6979575003480671,-1.1195230718030458,-2.325126736812878,-1.2543075276844051,-0.8657569858912874,-1.1341193851180382,-0.6038694974993234,-1.4861320956647481,-0.7832843264998886
WHBHBVVOGNECLV,1.6117382011053658,2.1931000239931557,-2.674602690812042,-1.3224860369511342,0.10084408442063167,-0.022234461646508157,-3.0738642792661977,-0.5250381166083655,-2.2914521499489426,-0.6353409618706841,-1.737508719864283,-1.0082818094167054
WHQCHUCQKNIQEC,-0.9142219875152701,-1.1448703019060502,0.17326182273836943,-0.6432435150760839,-0.5517316271548783,-0.7302116287612608,0.5239590776120473,1.2412418177428952,-0.07915508438783762,-0.32472727716579336,2.9872239665307885,0.4431008709605169
WHTVZRBIWZFKQO,-1.5436193095732615,-2.185941922187805,0.2277851601230318,-0.17085156255761663,-0.9235657522262762,-2.0114521188289682,-2.674746019449965,0.00586812391941261,-1.7244014392683091,-0.5278685051050909,-0.3826088271759703,-0.7125379007317205
WIGIZIANZCJQQY,-1.2270469826747177,-2.330612019425379,-2.4142965616424226,-1.2100389581013506,-1.3212469860747784,-2.881146528540363,-3.221157869816174,-0.6848360402999208,-2.291275635427311,-0.7396647765342774,-1.7165655181220554,-0.9907634609407779
WIIZWVCIJKGZOK,-1.2470395555995641,-2.2176392813624957,-1.0411803160700472,-1.269299444703707,-1.0512976731889776,-1.4105000098979108,-2.5005364909171988,-0.40606591557864385,-1.1127622406584023,-0.5412394406803831,-0.7380490214271778,-0.6798508396796437
WIKYUJGCLQQFNW,-1.4046172526891274,-2.26302256369322,0.12045081481445845,-1.162237587756925,-1.5570090909878431,-2.548920759536832,-3.183580510440877,0.11379997728997378,-1.9434029544405198,-0.46093359612258045,-1.0584477681809812,-0.7255861205056775
WJAJPNHVVFWKKL,-1.4201639732269304,-2.3862504859055567,-0.18003037834781552,-0.9458253464581939,-1.146298511762822,-2.522233963914936,-2.2263129923072924,-0.9392361131421981,-1.6774738203230133,-0.5881638532810048,-1.0484021610078487,-0.9541544718507483
WJCNZQLZVWNLKY,-0.5637290401261075,-2.1053284948598985,2.2129038489584594,-0.4403428012973909,0.7978169705717832,-2.11882836274479,-1.937743670217609,-0.10307696732156466,0.21608190720928472,-0.10287622407940918,-0.7860997106942762,-0.42111789286947837
WJFKNYWRSNBZNX,-1.255099027574115,-2.3648455754874824,1.9744536624207225,-0.7275991835063572,0.6997685196929517,-2.5596610615497353,-2.5916658074533117,0.24928904948235397,-1.087068608890093,-0.1511824906692756,0.47964801160257287,-0.6060248151183817
WJJYZXPHLSLMGE,-1.2743966129790214,-2.0269835024541636,0.20583649904716309,-0.8955359355494363,-0.6226105369263158,-1.829837652934302,-1.5766047189202965,0.7322451053894518,-1.1229226430251347,-0.013218237690849465,0.9062648833220577,-0.3563283801181307
WJOHZNCJWYWUJD,1.4994001236016836,-0.3838449487495405,-2.522462013321214,-0.633774383273597,0.2005714939965703,-0.7327668596996796,-2.2249435336268757,-0.2796472636286068,-1.1722109755313972,-0.6696635726129405,-0.13509379320560827,-0.5924705900146603
WKGXYQFOCVYPAC,-1.1207674162555747,-2.2627933691721878,-1.3215129499436606,-0.9626752756235828,-1.0745673930077766,-0.5690525199301664,-2.220543622828415,-0.8133609480295737,-1.6145381755931665,-0.6156405372737103,-1.755374842243302,-0.8927833776185279
WKSAUQYGYAYLPV,-1.253779267869121,-2.10960254809955,0.9231369393839346,-0.043748768868926306,-0.33065181209156475,-1.8376020548284664,-1.3623793633111312,0.30591102154750405,-1.2448925432260989,-0.5130210470635475,-0.49522794544409077,-0.21396802282199678
WMBWREPUVVBILR,-1.1836990068993496,-2.2583531950916456,-0.6064680782887186,-1.2209110294475398,-0.7597357717604223,-1.6191867029262246,-2.434324640621362,0.6061840498086238,-0.5093655948024605,-0.4382117928165792,-0.1836716042680855,-0.3804632835499933
WMPXPUYPYQKQCX,-1.463849736694726,-2.420431955432346,-0.22439715193576892,-1.5843875151877649,-1.6003104102279215,-2.8537707317336567,-3.1747678561988364,-0.8659916861798294,-1.744199347684179,-0.735497260486598,-1.9904369854193946,-1.221428561196459
WMWTYOKRWGGJOA,1.4940098535945388,1.5602425212957316,-1.5341133701325869,-0.8395726815490644,-0.14401608005955305,-1.2053453164852814,-2.4996705938763153,-0.09215813157191763,-1.3675783598466031,-0.5791261215150048,0.7836676225143607,-0.45224727652772817
WNIDXAKKFOKNEF,-1.380879860873532,-2.4162222762698806,-1.3206926787039328,-1.5275428412856225,-1.3328504414877227,-1.48436565199995,-2.450377465226959,-1.1736012744646176,-1.5734324066105367,-0.8330475316448618,-2.806325354820501,-1.107391325910038
WNMJYKCGWZFFKR,-1.1628878710662727,-1.9524007690888014,-0.4506557088453285,-1.15182711876913,-1.080294048753905,-2.218985233406537,-2.130905646340421,-0.5487773412645811,-0.46761270053418263,-0.6663150618226837,-1.7419320992643668,-0.5096864715906382
WOXKDUGGOYFFRN,-0.6748536431922468,-1.7139478263600851,-0.3848930186023128,-1.3625518525582245,-1.2911319905851788,-1.4112035274021306,-2.2196481796676135,0.18161719695660805,-1.3167984703515445,-0.5954583821681931,-0.6120579148215246,-0.13179552168968167
WPNJAUFVNXKLIM,-1.5209200775417913,-2.181508412113451,-1.3658510660206638,-1.0958841568476725,-1.675089704925365,-2.748806286747245,-3.410939109761202,-1.4568797009632641,-1.7907903551816737,-0.8858739040914194,-2.844780739851533,-1.3424321174243006
WPSYTTKBGAZSCX,-1.5732044839616706,-2.3657223265046534,-1.2664819133187497,-0.6540649807184008,-1.1843658090374771,-1.8481652741786176,-2.861618345896203,0.022588319343167323,-1.3963603038517636,-0.3244577462634156,0.09094249926368651,-1.083955194678598
WPVVMKYQOMJPIN,-1.2336093483777524,-2.0769339695214177,-0.5900451027523259,-0.8708171363199063,-0.6438984716670205,-2.6739044249061092,-1.6906853400775703,-0.6301697465184903,-0.8212705346466115,-0.5385897637249502,-1.7654785300922522,-0.7833559565487158
WREGKURFCTUGRC,-1.293241368728392,-2.362818080828306,-1.2749877662895994,-1.4911617932965537,-1.0655411756455697,-2.2453792751822017,-2.3620444830393885,-1.4874829846756552,-1.004641825982817,-0.7968333597401582,-2.3668283221827164,-0.9200488093262753
WRJPSSPFHGNBMG,-1.261511914578778,-2.285816202753555,-3.7144810465466147,-1.7026903706338854,-1.323644190983249,-1.3485043508407526,-3.0920268254771557,-1.4747109903693443,-2.172808096403481,-0.7199266315547406,-3.2989183693166626,-1.1679750224244072
WSEQXVZVJXJVFP,-1.261155458697352,-2.0923581765132773,-1.2911108229603792,-0.24678848808990164,-0.7443586820407564,-1.609002446296135,-2.6490078414933924,-0.07874767848925182,-2.1076052033633053,-0.474981981486988,0.560500851080044,-0.3446774812009995
WSPOMRSOLSGNFJ,-1.1553738719016449,-1.9325101310950956,0.6019967238571446,-0.6192442383154622,-0.7168108601171075,-1.6019039291919268,-2.3044379243194553,0.9148729161960043,-1.6886719412624132,0.021664781339394427,1.468294912805002,0.32483711940470883
WSSJONWNBBTCMG,-1.2237572216482955,-2.34886805516438,-0.6151239777726234,-0.9572404218323882,0.0650590269252081,-0.5691340003417937,-2.5699737177545865,-0.3819138810285438,-0.7478277248294157,-0.4934667140428236,-0.20078274661339843,-0.720053904347399
WUBBRNOQWQTFEX,-1.4594320722003546,-2.4358379552822442,0.6734088347259394,-1.3604094142296583,-1.02344794105431,-1.853251927159126,-2.2687287970706715,-0.4750618916532866,-1.1714909129765083,-0.6976941971709527,-1.5834408041979375,-1.2427668228028965
WUKZPHOXUVCQOR,-1.1970599918798865,-2.0760635729342454,-1.5964812970347795,-1.4697326340972188,-1.1685002126714146,-1.899973194789181,-3.100579982305044,-0.5477613554251921,-1.8190483128434614,-0.6798192382401758,-1.9970605742794076,-0.25291719669783347
WUWFMDMBOJLQIV,-0.7570085896098142,0.24037350334903101,-0.6418825698388069,0.5691410754048039,-0.5514245971703733,-1.6297738053129571,1.76347535962564,0.6203019788927758,-1.1423658972641217,-0.6190772642548676,-0.9962296061005116,0.29367499428640625
WVVSZNPYNCNODU,-0.6024940265715407,-1.9015878518945577,-0.7943414760053744,-1.2454219116541336,-0.9494757715537624,-1.5935901681876805,-2.8731454399809415,-0.1529841820335055,-1.8828621170643052,-0.6285796286572752,-1.3011307821016154,-0.060232545234936444
WWJZWCUNLNYYAU,-1.0748431023066878,-2.2539037486330527,0.6077622976135885,-0.6124010262834003,-0.4709604510269358,-2.7001404275464225,-1.741400535258832,0.5407397565442603,-1.4273349222596277,-0.4413799277728412,0.4862754157558037,-0.6328114645006244
WWSWYXNVCBLWNZ,-0.9490378100490394,-2.3008061233060224,-2.191139198515509,-1.3896942153036858,-0.9362432878613354,-1.1280571713139498,-1.448191884603393,-0.4955103021568611,-0.6987435247013795,-0.6186064668561863,0.03857915199273772,-1.042308786343916
WWXBHTZSYYGCSG,-0.9491528918180714,-1.8909019121950559,0.0792428920980285,-1.4452794515786254,-1.4576058936809628,-2.1573756000530104,-2.5448186557657815,-0.7068970983690527,-1.3943512030403842,-0.5496980020773214,-1.2913627066537545,-0.8047593950668165
WXFIGDLSSYIKKV,-1.3878180103037612,-2.3982678241796798,-0.6970878744685559,-1.2235109167005764,-0.7193338479624948,-2.339828419775956,-2.2282167559454136,-1.1916329057984227,-1.7979656461181646,-0.6740484543122063,-1.079591811905693,-1.115307205358135
WXNXCEHXYPACJF,-1.2819910523952873,-2.3301069399842094,-3.9456633197876823,-1.5917432914558078,-1.622678652640869,-2.5063416609316325,-2.849542672636139,-1.6610454535102854,-2.2410005967093163,-0.8869820024283899,-2.6385805037224017,-1.075189313319095
WXNZTHHGJRFXKQ,-1.599542166881016,-2.3901724530792356,0.9497663473027576,-1.0884018180079802,0.34636723230937155,-1.3367896027300048,-2.3759075349363474,0.07563645373099209,-1.3986849937212962,-0.3708352264443434,0.3090888875770714,-0.879219329798928
WXURHACBFYSXBI,1.5362468376298182,1.8627085809914992,-1.7657481779445052,-0.9065417568938107,-0.14173661824579123,-1.6429583731614532,-3.781565242612161,-0.7427410096624674,-1.5507104164584609,-0.6118360258629445,-0.9963910195403614,-0.6720429696125925
WYDUSKDSKCASEF,-1.0543610746994527,-2.1479921131342006,-1.966102963050556,-1.481528881800959,-0.7194666323574702,-2.140277117232194,-3.2560325440928115,-0.64718325079213,-1.9293791837145824,-0.4909304375312883,-1.3983113968668373,-1.0410010504616707
WYJAPUKIYAZSEM,-0.6768811258445809,-1.7571846700855298,-0.7345116261343919,-1.1373048601041549,-0.9817410387461316,-1.780346091278488,-2.2903780860050347,0.22839719684802823,-1.454542351813285,-0.5060614276230264,-0.9716897041217203,-0.3678691945201707
WYWIFABBXFUGLM,-1.4978592411101073,-2.4265306274968794,-0.7471800910140025,-1.191030059910083,-1.1806200485140075,-2.1108277609311377,-3.0467203452726492,-0.14010803370297162,-1.9523715312148635,-0.6038028633525867,-1.0198494327402536,-0.9509187460958735
WYZDXEKUWRCKOB,1.5438349559648066,-0.19624212127707152,-2.933906048833144,-1.458650166726564,0.8610115610635232,-0.04960226483063927,-3.066109921396535,-0.7950492381799216,-2.3909017410319615,-0.6558341606277673,-1.6552809421704928,-1.2890211961758848
WZHJKEUHNJHDLS,-0.7025653721692697,-1.9867126592991065,-0.7167235870254278,-0.9815097584827555,-1.0720729532359585,-1.845692757870251,-3.306797931686073,-0.07300622669280188,-1.9882313271926324,-0.5332870063307722,-1.3687901082048217,-0.5909250096362203
WZOZEZRFJCJXNZ,-1.126739467987636,-2.3134991420059436,-2.1443213770048133,-1.1999050096641888,-0.5507362316407296,-1.7710295702169407,-2.1373515909457597,0.0983553805137787,-1.5278785751301636,-0.6918820169796377,-2.3469992588863384,-0.6063806621172237
XAGMUUZPGZWTRP,-0.9293132273728273,-1.5658610698337094,-0.5000530252153004,-0.7232818193629874,-0.7537657657072094,-1.4284533054641653,-0.06701461229002899,0.2840052165405978,-1.664485735614547,-0.6113700802334783,-1.02507920501724,0.06084815819520077
XAUDJQYHKZQPEU,-1.1676158361322637,-2.3724791806298287,-1.75131898678343,-1.0574584024988973,-1.3098560222136972,-1.9686657853368583,-2.1826299737774253,-1.6475236372692232,-1.2701687497465712,-0.8133044177091415,-2.57506677766532,-1.0343919323786848
XBHBWNFJWIASRO,-0.9251698370642442,-0.44577569486186086,-0.8935676956167108,-0.39556567160765105,-0.7504554237599366,-1.52809386429587,-0.2112110055456271,0.487286993626754,-1.259910697828375,-0.5922782096729398,-0.8342709479237772,0.06857517690980705
XCTYLCDETUVOIP,-1.307267155940273,-2.3319245020020305,-0.22827752533095302,-1.084899344109668,-1.3695578841310156,-2.724875569500847,-2.724941916948004,0.12912889021382218,-1.6206443434695688,-0.4658318518251088,-0.9823811068004027,-0.7743637365741939
XDRYMKDFEDOLFX,-1.400597768090915,-2.3718164237804897,0.05394671123415598,-0.7918386601516456,-0.36797777082229854,-2.246036080870634,-1.6582274681824187,0.01750817914190269,-0.733452076076087,-0.4554238523503443,-0.5267634498987613,-0.6310559586872332
XEAQIWGXBXCYFX,-1.0650135509908043,-2.2580960548568236,-0.27356645908042954,-1.0548789814613837,-0.11589999402101639,-1.7324779627237419,-1.5797716094794918,-0.33345472138139454,-0.5999862750688381,-0.5358661254672792,-0.5153758046952209,-0.4291809991506112
XEDWWPGWIXPVRQ,-0.9705132001811214,-2.072030202881418,0.09082056994797137,-1.2875997055936095,-0.7635786896820238,-1.3319994021779,-1.4379998648232806,0.8485040953433841,-1.070372890298925,-0.36350946856125904,-0.14039400285946801,-0.37315310426094517
XEEQGYMUWCZPDN,-1.1929394942354636,-1.6401544877167804,-0.4395397183006515,-0.5472527278907837,-0.439324972013256,-1.7525786954625748,-0.6297071915560956,-0.0640880386446299,-1.6051999417200769,-0.48556462543479406,0.43490139728902033,-0.48751783776384405
XEFQLINVKFYRCS,-1.529744782311107,-2.270312110245109,1.7494748208559485,-0.8684070545754032,0.3249030778604905,-0.9933210908539568,-1.7104681722379516,1.2112220996689613,-1.4084432997661196,-0.3124096702523542,2.0407139893708237,-0.4323053037792729
XEYBRNLFEZDVAW,-0.7256609183450746,-2.0592130904298207,-3.7603831190652337,-1.4451970383295032,-1.396171062793936,-1.5017767855697788,-2.376189435345621,-0.5446397545458481,-1.4399160586733557,0.36164045859880806,-0.40057753883515235,-1.0528081106943146
XFCLJVABOIYOMF,-1.0712697415210388,-1.8736785761245114,0.06663873089411791,-0.7798133459502787,-0.5838925444296675,-1.4727110763911697,-1.7577136570394318,0.9912908716700082,-0.38074561363642934,0.7038983226394274,1.398676999569847,0.5292660178793188
XFDJYSQDBULQSI,-0.6521408413888665,-1.8815143881808538,-2.2484728273190013,-1.187934728348942,-1.244779528153502,-2.375114396494128,-2.775500584072117,-0.38165801595899884,-1.9226623684978519,-0.6043133838531676,-1.4373439046853593,-0.6883490707387604
XFOHWECQTFIEIX,-1.3702649523622517,-2.4237326038238525,1.344150750484511,-0.44280513542803723,-0.2167815083835911,-0.8907623581002821,-2.5519816219140172,0.2993230136632673,-1.6283725637897346,-0.42215632652412355,1.9049656559983885,-0.3427519859196225
XFYDIVBRZNQMJC,-1.4206102448753675,-2.3459172129149515,0.8306136503960448,-0.7096176046685893,-1.0278145037658903,-2.4006060325694842,-3.058709596486799,0.1589896472705798,-1.4417449711081631,-0.1242945524293995,-1.2986456826837371,-0.867138122619645
XGALLCVXEZPNRQ,-1.3013458145168413,-2.0764973228718495,0.18352413731721465,-0.931953928017324,-1.1100973154171352,-1.8251126806221465,-2.350803805757586,0.1319047546281903,-1.0268701198385097,-0.549388947346916,-0.9880737530839709,-0.6184819419534142
XGLHZTBDUXXHOM,-1.6003189839284286,-2.1215518354158203,1.6176648682062353,1.0876659813079872,-0.6328452704328219,-2.2291976863538454,-1.880587319782611,0.8849379694004426,-1.0115742882129442,-0.47482142602820143,-0.4033220796193866,-0.7882763795541621
XHCADAYNFIFUHF,-1.042629174493088,-2.229213215175815,-1.8038217282291147,-1.291663202544027,-0.7248960721051692,-2.0033892520653334,-1.2293629285683623,-0.2827685517678249,-0.8767667796696055,-0.5644582202387416,-0.9868841096880043,-0.575347237560163
XILVEPYQJIOVNB,-1.1931921096095328,-2.1638224227568528,0.25248262716284003,-0.7667552393502353,-0.4852058651807132,-1.6136650480429733,-1.8135045851377107,-0.14731718489989157,-0.9866198972652546,-0.48652606933391757,0.12442888290441612,-0.7926724793081332
XIQVNETUBQGFHX,-0.9715798316728378,-1.900251611432724,-1.6978324193303889,-1.0617173555135127,-0.6390798062150108,-1.8698994987903954,-2.859698221453903,-0.7720069779057949,-2.016268377677946,-0.5097766886771476,-1.1721940395726755,-1.0022029040932194
XIURVHNZVLADCM,-1.1134522612113855,-2.2063878548761817,-2.4917310811597795,-1.642138069710069,-1.118343865032072,-1.841103918497957,-2.498142462204692,-0.01608068129665795,-1.7105582039427918,-0.6475277393188227,-2.4065084801115235,-0.4097187794969339
XJGVXQDUIWGIRW,-1.519898565758987,-2.2792574833369637,-0.05708635568355449,-0.9010386406649664,-1.2454678649583615,-2.458439541552318,-2.537362644871417,0.001831502234301668,-1.3451436283774179,-0.6330205191651759,-0.8376400793640781,-0.7971099837255675
XKFPYPQQHFEXRZ,-1.3890837850872417,-2.3973962584888104,0.5863667618759492,-1.2502632370927884,-0.6853746359428705,-2.7444389429368954,-2.5832599917168975,-0.6597769576833284,-1.2800827593201465,-0.024317449527109625,-1.2319290600358745,-1.0778322329094876
XKLMZUWKNUAPSZ,-1.3643787534576661,-2.4001382327045606,-1.0002586980917207,-1.4150236385938844,-0.8949282799245573,-2.5053611680760235,-3.589331740982774,-0.622924187988565,-1.842088959244598,-0.7366967842867596,-2.2002166400148035,-1.0876330336727953
XLMALTXPSGQGBX,-0.9475690563580543,-2.0429103292118502,-1.4373359665313474,-0.4757845042142156,-0.6722283665212926,-2.009743066106901,-2.2720002144774836,-0.42698329006349495,-1.9528277118393265,-0.5819337019965829,-0.7755664223181711,-0.678271841264174
XMAYWYJOQHXEEK,-1.3838436860087717,-2.252047262031984,-0.2909000485443282,0.12230674125714792,-0.5968534468971137,-1.7321935888300537,-2.2731363221035847,0.323693152817436,-1.321583164551546,-0.5742404277273472,-0.9307776484375451,-0.4912717128847328
XMVJITFPVVRMHC,-1.0643975949486306,-1.7165358831900368,0.07615192142449295,-1.2058062041332092,-1.1379193407340233,-2.019452125722615,-2.340388235642364,0.00034412742000689635,-0.9906667990242034,-0.46976173393023857,-0.2086817651520324,-0.6059158880048171
XMXHEBAFVSFQEX,-1.1978086828344672,-2.03649593828145,-0.6398837450685435,-0.4941958751833479,-1.127677955639003,-1.7313457019046274,-1.3953419245601018,0.3070860575570945,-1.1495480462978058,-0.4989257888311627,-0.8918998792726301,-0.521254910333606
XNKLLVCARDGLGL,-1.2577507513981458,-2.3667904723807287,-1.7342816528328493,-1.5508550576447322,-1.4376671546698605,-1.791425308309469,-2.6513452998510143,-1.3844309811711544,-1.7623118633221717,-0.7984427569479858,-2.8846333219295266,-1.0138068845507353
XNMYNYSCEJBRPZ,-1.2027928439017568,-1.8955505028709108,0.4600122753827644,-0.6167371280239553,-0.8729699047397965,-2.309070745191707,-1.2640405124355252,0.1388795258899465,-1.316881912448673,-0.04518681579592177,-0.660980521456412,-0.5242700216108951
XOFYZVNMUHMLCC,1.7825563120428964,1.8894393589213994,-2.5176753187922807,-1.3575701182042614,-0.02661155364600366,-0.6786114988680847,-3.5553892841884727,-0.41899006225270463,-1.6817887933462985,-0.6398084092636015,-1.5819119625851439,-0.8702555115721924
XOXHILFPRYWFOD,-1.4320275936909883,-2.3032563869232487,-0.1880421518571309,-1.3862706754268155,-1.4865145911366582,-2.844539441298927,-3.4401886822361654,-0.4089959060111468,-1.5649946238719568,-0.6928321620445894,-1.693350751742651,-1.2143872447856583
XOZLRRYPUKAKMU,-1.1127537469673119,-2.3403766715281784,-1.1789748835933591,-1.0309218058338585,-0.6304863897332605,-2.86335307089863,-3.279866337687724,-0.6321851940133543,-1.68172945106349,-0.668681403005248,-1.6175007710870533,-1.0177323547663346
XPCFTKFZXHTYIP,-1.1507223001321798,-2.29271708932473,-1.830658456475049,-1.4945082630167255,-0.8936136845881433,-1.653450724196928,-2.9739954236405737,-0.5561019759298176,-1.9657718042017693,-0.6987366496533558,-1.088234793863765,-0.862515319576213
XPCTZQVDEJYUGT,-1.3217197630535678,-2.344282272576207,-1.2040788581710364,-1.540541806085865,-1.3061529847274036,-2.4115596751440234,-2.250903133890105,-0.7846012672233506,-1.1648658716868812,-0.3992422045484028,-1.1954680575364798,-0.935770718596675
XPOQHMRABVBWPR,-1.0930613730803551,-1.9713018884378513,-0.21321617784166816,-1.1309753466837997,-0.4114311452360507,-1.9010577611067232,-1.1383134554386234,0.6693746772825725,-1.796269073613534,-0.4455490934932549,-0.145068907889212,-0.034915732924951856
XQFRJNBWHJMXHO,-0.8766466708401397,-2.0977805175113304,-2.1741351654631367,-1.3588096799227725,-1.2453172606359737,-1.8493162200994602,-2.961427536296593,-0.6985118160050404,-1.4673371108162496,-0.6773282545805939,-2.245986346098985,-0.6668952473484413
XQYZDYMELSJDRZ,-1.2546796992713989,-2.0720964348203768,0.5052973829520265,-0.4223539550138164,-0.765479295433758,-1.914199763083326,-0.8642731578383249,0.7078002624584147,-1.1967225746360062,-0.5145983866061277,-0.33460326764762816,-0.39404215304092227
XQZXYNRDCRIARQ,-1.0978571255379634,-2.2682453395295505,-1.4347788084464237,-1.5113611633275925,-1.1701501789191597,-1.825855229783543,-3.131807027644571,-0.6003312122002208,-0.590012674444454,-0.7113292121851721,-1.7138397955984734,-0.5300790141220152
XRECTZIEBJDKEO,-1.5147809867605868,-2.4444087420574125,-1.7562516067852862,-1.3459449263935859,-1.7412485776204267,-2.269061923352036,-2.761980918211484,-1.4936717954081444,-1.8264213294897873,-0.776712515967614,-2.628027625312837,-1.198926175015262
XRXDAJYKGWNHTQ,-1.2519620154377251,-2.0292055719155955,0.6323484364188237,-0.6707792031200611,-0.16422708783152734,-2.5366773509921177,-2.595416319932619,-0.5193697312025249,-0.43910387845337284,-0.4995078546468457,-1.2674767319638403,-0.5250099531614862
XSBSKEQEUFOSDD,-1.4385008521879612,-2.4028701441727476,-3.4976172688846585,-1.3869927420915091,-1.4711554525039412,-2.972922502184997,-3.5326962079252677,-1.6202787853815315,-2.083783542661771,-0.6452633956011946,-3.7694900150617365,-1.5560508503686057
XSCGXQMFQXDFCW,-1.3007006921906952,-2.1959783559490345,0.24712913804602119,-0.7133913604079767,-1.3021078498498733,-2.5112315647827614,-1.5226839230516056,0.5271028403825256,-1.46542181394821,-0.380578700687498,0.45226471962820636,-0.43880865334538555
XSDQTOBWRPYKKA,-1.4132828593867999,-2.3893372491293334,-0.6297469144056532,-1.2928357024688473,-1.6287676246024323,-2.2303361999413593,-1.908488234103914,-0.8323537549586947,-1.7921216751726163,-0.7335589570732814,-2.198441984624637,-0.6094814066008879
XSFJVAJPIHIPKU,1.4758974956367934,-0.02371385056974093,-2.6389644003028048,-0.6023666369351226,0.4091192140033227,-0.4743534787081751,-2.163637565432126,-0.4136762591893152,-1.948959540457299,-0.6827574590796157,-1.3184297806688594,-0.6936349014653127
XSTXAVWGXDQKEL,-1.4670052493243817,-2.1735250059762072,-1.671025993241812,-1.1478194646737996,-1.4232824541222562,-2.4887820645766627,-2.445236920927619,0.8667522773507045,-1.15487900242762,0.8431971002477898,0.10980210042363649,0.4584370088065406
XSVMFMHYUFZWBK,-1.3228625229192195,-2.2214473277457087,-0.7364752711944864,-0.8228275898780144,-1.2614043905133188,-2.4962167842050293,-1.3905040778364979,-0.4699450187185017,-1.1366412631804996,-0.5413903064152976,-1.057221580088602,-0.6911667090622923
XTKDAFGWCDAMPY,-1.2713849442584804,-2.169069571443633,-0.7707733269887644,-0.5221648769506866,-0.9597320828263072,-2.2967312857340776,-3.293123015171342,-0.3935708129735905,-1.2597659257818212,-0.5836042932413836,-1.3316719107020296,-0.8712619043203482
XUBOMFCQGDBHNK,-1.1488655573030864,-1.3133379618812473,-1.5696724761996537,-0.7253962300144822,-0.809069019560032,-1.6388692736481039,-1.123022867984378,0.13686170789591412,-1.7410255811230937,-0.6555924124797428,-1.1683277592155794,-0.04734828244755063
XUFQPHANEAPEMJ,-0.9914008547514588,-2.2911784447180916,-1.0178425116679615,-1.4228897661550726,-1.263752605276829,-2.19152244193498,-2.1983374484426963,-0.32586259369490106,-1.1935227871551888,-0.0027320699996404513,-2.1632659619167556,-1.1162589140250079
XUFXOAAUWZOOIT,-0.8547659793617782,-1.6216631566851225,-2.806402683757079,-1.280581784015654,-0.6795457446849982,-2.0439077613816417,-3.636447985016116,-0.6800011157600285,-0.6510543005481775,-0.6341794144540928,-1.7651766109230702,-0.4885425907408367
XUIIKFGFIJCVMT,-1.0530206375359532,-1.9334306038913025,-0.6086828416122032,-0.9937930978053631,-0.5628369725110529,-1.3827664414758272,-2.168905835990425,1.1938667434755514,-1.388321771676671,-0.49414290281661344,0.9584608295797024,-0.5471118017299356
XUKUURHRXDUEBC,-0.9003597586145753,-2.0515764568918877,-0.6334392256565257,-0.4236223679415299,-0.14156891921757528,-1.1946772860318084,-2.0546200251456037,0.10174477362084876,-1.6243160304998892,-0.570064422560462,0.6183834842434849,-0.5268983779954224
XULIXFLCVXWHRF,-1.489247331162406,-2.460194074542936,-2.841227133245937,-1.2564879060694456,-1.834241907100739,-2.929875508466696,-3.03693392287417,-1.5871921695073399,-2.2166993311696155,-0.6740827622113873,-2.1348864740972737,-1.483537590480249
XVTVPGKWYHWYAD,-1.3871692778136218,-2.3873293871856895,-0.1900341359283526,-0.953497806698749,-0.9333723633206344,-2.246534643958325,-2.9004545079041173,-0.9338813163759895,-1.2866563834669285,-0.6285145424437573,-1.5002178097091674,-0.6282233285242357
XWTYSIMOBUGWOL,-1.5380062736028675,-2.449599263130838,-1.250302116671293,-1.3605452089148597,-1.2202222178564415,-2.5363344162572705,-2.5882323085351415,-0.9142081321534404,-2.010742885704571,-0.6756198499859483,-1.3980468974951439,-1.1596620688598995
XWVOEFLBOSSYGM,-1.2048150189025866,-2.2150693682016014,-1.5097457012939723,-1.340829823797184,-1.25589295370771,-2.487733539760836,-3.064997208126555,-1.118474715451723,-1.2862873467796112,-0.6458306074485463,-2.0820258212429166,-0.648869929705984
XWXYUMMDTVBTOU,-1.0174701519760565,-2.2022632817352292,-0.8463737336850812,-1.295339268639151,-1.4152160585691316,-2.2229819989305253,-1.0270410554260545,-0.12465602063755114,-1.4645872453428905,-0.6063659805856112,-0.3613211099757299,-0.5644563561262297
XXANNZJIZQTCBP,-1.4284868000519302,-2.3684272866587603,-0.07651070777127231,-1.4404605760916056,-1.731744673989754,-2.2961624489524457,-3.5266515538430347,-0.938954935600629,-1.8347691392075707,-0.5617970735047411,-1.7163209706657538,-0.9189532625290494
XXEPPPIWZFICOJ,-1.1825039764349314,-2.3546382996280704,-0.715884571504801,-0.9092471502369562,-1.0969654115763756,-2.4820559433980467,-2.3771699879074952,-1.1493286195337056,-1.8160306851732275,-0.6582497231736545,-1.4224823695589035,-1.1002270783012198
XXPANQJNYNUNES,-0.9787739510593491,-2.2672500009184273,0.08667435868883454,-0.9919798743691802,-0.6717290549555021,-2.225308984771814,-2.656683912736265,-0.1430328070907783,-1.7491586455358936,-0.5067798403834037,-0.6331765345662221,-0.6706567284668864
XXSMGPRMXLTPCZ,-1.5273552365227965,-2.1749629622234807,0.04368432335094966,-0.061937067847762775,-1.092032808967398,-2.029358489297342,-2.707927357924224,-0.22175855822716292,-1.6037388323072306,-0.5828238937585143,-1.173953158684175,-0.7406435911521505
XYLJNLCSTIOKRM,-1.4645429434163317,-2.2166310609163644,0.956989052963218,-0.5250221168834591,-1.1441801478185998,-2.6518056351707457,-2.211338143225083,-0.2942693666994189,-1.2879229959930734,-0.26834288966967695,-1.2169611276817431,-0.617578709164758
XZNUGFQTQHRASN,-1.30586256888843,-2.023982220983441,-3.462371631306423,-1.5441740433897395,-0.6969238702340008,-2.1148963745146725,-3.613913997134045,-0.6314637848117797,-0.7924372056684679,-0.7197883151232629,-2.0953730151407144,-0.45195974869701133
XZTYGFHCIAKPGJ,-1.3967600718810096,-2.288244238690018,-0.9006464724123577,-1.1829004846151208,-1.39776514593186,-1.9711414544188322,-1.5544577774818218,-1.1288038992567426,-1.4597137487182639,-0.6482485467015293,-1.7880913775541374,-1.1338717978940442
XZWYZXLIPXDOLR,-1.5660159204866406,-2.4157774566765267,-1.9286940980157272,-1.4255405526684515,-1.7738488321841175,-2.4009528323537315,-2.525664689517446,-1.1294754808807674,-1.8581795410870925,-0.5788742236623357,-1.648178342308138,-0.009126376057359558
YAORIDZYZDUZCM,-1.5010161693519077,-2.3837886336585323,-0.2034076497864425,-1.160250672337838,-0.4620358534293163,-2.412633060245435,-2.933816534846996,-0.8215110063073107,-1.208707869586042,-0.6265642890950559,-1.9321057191344932,-0.9589980004142978
YAPQBXQYLJRXSA,-1.393039616504948,-2.2906536671474993,-1.3048107756386509,-1.2809931948230096,-1.816865475456869,-2.705675171150556,-2.791937828793569,-1.5407361792118568,-1.8436833394172796,-0.9254941164428324,-3.260705958386555,-1.3769726172245473
YBBLVLTVTVSKRW,-1.4207771613940732,-2.37357647304128,0.01562055804196231,0.32821652648908917,-1.3404824257213308,-2.553168031306425,-2.8003640759033197,-0.7082130521568758,-2.207605462838987,-0.6445970190787486,-0.9637205023719018,-1.0577847811419572
YBCNXCRZPWQOBR,-0.9755360701881536,-1.9709008541675306,-2.4986038115744265,-1.1975664701924147,-1.0038274107967595,-2.4947802177463583,-2.921141346324066,-0.5804648815648468,-2.00854391250988,-0.6207472714049496,-1.8018447768364403,-0.7918813119793326
YBJHBAHKTGYVGT,-1.3780573381318626,-2.2140753812988474,-3.231005763606576,-1.909449611366555,-1.7727922259624036,-1.2206054462252562,-3.1633974743294018,-1.112673375719516,-2.3533380284871663,-0.7398117867760862,-3.1293331786093788,-1.3244435676002089
YCOYDOIWSSHVCK,-1.4525254320184287,-2.11219831150364,1.0470149117792285,0.27994862031639856,-0.39004379771678543,-2.134727605582159,-1.6735060984150003,0.5562521639262019,-0.7720311181630638,-0.4881878811632945,0.5247639609115395,-0.6401728282821415
YCWSUKQGVSGXJO,-1.1004671074676602,-2.1925566500259883,1.0427666514070002,-1.297001457225238,-1.1221084434456912,-0.37136424930430334,-1.8968173846864447,0.565015744852466,0.9371675262064318,-0.43392464148200466,0.3402984007562262,-0.41800815217370524
YDDXVAXDYKBWDX,-1.134187849312353,-2.207879346617854,-0.409559069049757,-1.1029642104755872,-1.633376986756775,-2.5825632048012017,-2.4267105131751974,-0.13394375001614786,-1.3359094798322824,-0.551471277530388,-1.7071158561483744,-0.8803072615215152
YECBIJXISLIIDS,-1.4333893852074446,-2.3895543256216554,0.11405551025462507,-0.7978653514834894,-1.007981716426864,-2.6314419907929163,-2.599500359768197,-0.5059957556927427,-0.25248854373580487,-0.5385634696534435,-0.8319044550650879,-0.8060260346337056
YEEZWCHGZNKEEK,-1.208736164247107,-2.022999218157085,-0.5643394595384109,-1.3549514827361135,-1.261777961972023,-1.962182944457121,-2.91276843829523,0.2621442159874988,-1.9935640543115134,-0.5174581894126402,0.3148434477232869,-0.6647043565497237
YEHCICAEULNIGD,-0.702833048585319,-1.9809970240206642,-0.2678535848411325,-0.6713283843857868,-1.0989980602527842,-1.9413698836628877,-3.021399304555162,0.3111010031278932,-2.1663151064753783,-0.3863488513443297,-0.49323228602676567,-0.4656639717991953
YEJCDKJIEMIWRQ,-1.2378599921601066,-2.3427330409148395,-0.07834119817696228,-0.3984321583672395,-0.5590620594135387,-2.176880348610205,-2.9169108330987585,0.2011579482202825,-1.4356245817910092,-0.4563371500597504,0.7783366341378485,-0.19666474930167993
YEZNLOUZAIOMLT,-1.4328411638129417,-2.283052183275439,0.7820550921877961,-0.8347361542766523,-0.062209093847842185,-1.2021770813008619,-2.166942047879261,0.25213668921974175,-1.3905305414667772,-0.5709215586656707,0.9359807127410402,-0.9478715531947883
YFAGHNZHGGCZAX,-1.1400918887729978,-2.1533813791572354,-0.8857908089358398,-0.4826597266890935,-0.5051460016353901,-2.3494154489647125,-2.4562793883735514,0.15473028141128725,-1.8756577839325286,-0.6590039391603546,-0.9238027412943446,-0.5592876386152137
YFGHCGITMMYXAQ,-0.9417824950551759,-2.2684892290732175,-0.8729963047029359,-1.0127713215465937,-0.5679761953143001,-1.9753763296657818,-2.3038184971358393,-0.1665964797622167,-1.592671151399456,-0.5340980661994255,-0.7876355714233925,-0.8864990677267741
YGCODSQDUUUKIV,-1.2902023664346993,-2.2332001781895365,0.6573973601074703,-0.3130190817604131,-0.41526948684720505,-1.9838359665583665,-1.1455519799501943,-0.2626037484958008,-1.2807605080338664,0.06923856418744262,-0.4995182345198149,-0.6554667052061824
YHXISWVBGDMDLQ,-1.497706342002267,-2.406448407533014,-1.2298118336348338,-1.548172074961776,-1.3900644901487595,-2.6682167806452024,-3.108804647405058,-1.3338798653343582,-1.5902863941816168,-0.6967697871510674,-2.623089448777453,-1.0136101263704
YJGVMLPVUAXIQN,-0.5725895618510619,-1.5998905155399947,-0.8885124602554924,-0.8369430774980683,-0.8920033926594603,-1.5774325465245722,-1.4225664296864982,0.08340326316077731,-0.775826029203035,-0.5033527118920885,-0.3502058678169997,0.061425024319720606
YJQPYGGHQPGBLI,-0.8007414548332021,-1.8346293711002286,-0.9902832269553066,-0.37044367942923984,-0.6148584808025152,-1.4004668605605977,-1.245743765538311,0.2334820069011277,-0.8120065067555106,-0.5526148282191445,0.7756914487750876,-0.002209306254018238
YKGYIDJEEQRWQH,-1.3496194711224236,-2.316724980839649,-1.1793699687290602,-0.7579916501032158,-1.1990052745068438,-0.6949730115791026,-3.231567172668999,-0.3677388612312296,-0.39580241650298403,-0.5023841822388995,-1.060600482968641,-0.8834345760454823
YKPUWZUDDOIDPM,-1.3487068176902042,-2.3476899385761176,-1.1765139029337461,-1.447583860315679,-1.0812884549094441,-1.8947043000930284,-2.3842822402053567,-0.0878680799448681,-0.5435479362132679,-0.3429723748965097,-0.5811769640135592,-0.7623188437514077
YKYBWGJKLYMCFI,0.17301408933170068,-0.8034349720854638,-0.7587912893163067,-0.42162636352674165,-0.6378590789372343,-1.2758222169390931,-2.532833345567396,0.6147371750342087,0.13388790736540315,-0.5608520707467051,0.21111962682185656,0.16462397473376253
YLJREFDVOIBQDA,-1.3945051122984837,-2.241060745643824,1.681648203129383,-0.34052783515795554,-0.20288700152082395,-2.118485821241513,-1.8732079658810437,0.25215785391381035,-1.230761066814915,0.265978159402689,-0.14295779994836658,-0.6045853159042228
YLUSMKAJIQOXPV,-1.3846756336767756,-2.3934623000165156,-0.5994467435236154,-0.8287036671284814,-0.748535196421459,-2.2498254789223866,-2.799257666858441,-0.26617115254816404,-1.7940803350392462,0.028393059926167332,-1.3729153615938683,-1.1148369968156935
YMBXTVYHTMGZDW,-0.8377740218302977,-2.1934750956444677,-2.0432108506330326,-1.4611546815688563,-0.7898953629109065,-1.376560680702186,-2.7203224347746775,-0.46771724327793684,-2.045258570528479,-0.6500343733395908,-1.3052201318890768,-1.127944498181345
YMTINGFKWWXKFG,-1.2292821857108418,-2.338105061314539,-0.42644056598106794,-0.3595077439911825,0.16255187817962036,-1.3050191085778264,-1.914515601594785,0.26037940814795624,-1.96350061374243,-0.519125389384018,1.2948431426738036,-0.5716590653727168
YNNUSGIPVFPVBX,-1.250946121226563,-2.2103383878329534,-1.2045257437881114,-0.6147410999608203,-0.9575460967018168,-1.7930012147402645,-3.1091218132301126,-0.07530290848456257,-2.100382196267479,-0.5027015032434278,0.42953054583826017,-0.6908121441506943
YNVGQYHLRCDXFQ,1.2640075823050452,1.9615079092554328,-1.9558018224431195,-1.2028814371098564,1.6748317149555016,2.564805521749238,-3.070700966400435,0.6766330487856105,-1.8117682020981645,-0.47832973719989413,0.5326703433661835,-0.9667411081535755
YNZFUWZUGRBMHL,-1.2482881472271934,-2.223768914896204,-0.25379964535800337,-1.0784680272086575,-1.3147139811161375,-2.8603032787703206,-3.3998666336980006,-0.15834089748243105,-1.2607729992300003,-0.586093464004138,-1.6474708393327289,-0.5971174089564575
YOSHYTLCDANDAN,-1.2801838107792558,-2.2614047134349553,-0.802567130965514,-1.3873209994423639,-0.7933708715979638,-2.3200170568985143,-2.2023162044714093,0.1382718692291381,-1.6878222038988935,-0.613610790638303,0.42337855114821316,-0.4237790224728087
YPELFRMCRYSPKZ,-1.325081343305791,-2.2739457149332956,-0.030090503025355212,-1.2976896094722834,-0.9682108385853622,-2.176534898962684,-2.4984408648038214,0.054893564678987386,-1.5104256001123821,-0.563348460948243,-1.1172931551368424,-0.6111836587591836
YPHMISFOHDHNIV,-0.3200044567360515,-1.7225590448500658,-2.3474036519947123,-1.5386489012259748,-1.022788469401124,-1.8569843690907748,-3.393678396972098,-1.155095234912747,-1.308503021487796,-0.6749292353451812,-1.0696426488967887,-0.2943971000299555
YQNQNVDNTFHQSW,-1.0443187128369937,-2.031712855962556,0.864094285263597,-0.9184260596150425,-1.0381402497506862,-2.196110266521173,-2.3902837194681847,0.04322933708505419,-0.8023488898030031,-0.48780979048594597,0.09290668585582498,-0.5036621348938257
YRCWQPVGYLYSOX,-1.3899645597390293,-2.3839656321264657,-0.8710128617118287,-1.35302626373515,-1.3500513130933889,-2.397955633492047,-2.64383786694728,-1.1590821279604453,-1.4386855457365555,-0.6364664475475922,-1.4347843507127829,-1.0483457006142374
YRWLZFXJFBZBEY,-0.9458276066257592,-2.1609830912286805,1.1769226451405232,-0.8216727995414348,-0.8779794565785115,-2.1447860871007656,-1.9965006813833943,0.09997024889231942,-0.851199625150003,-0.5016978238038562,-0.8614498487102912,-0.5153791036785978
YSAUAVHXTIETRK,-1.2912216809982635,-2.3877008207441452,-0.6627583238328864,-1.2350434367877137,-1.7831925838074758,-2.6508469969298565,-2.0673394415312836,-0.985348124655418,-1.1264196373203315,-0.5985661472088407,-1.8138735228632934,-0.22643425040458762
YSEXMKHXIOCEJA,-0.6719585291899997,-1.8136176743914427,-0.9331475383112292,-0.3702782903637413,-0.9913725844074717,-1.5961751987209314,-2.415102206840156,-0.18942579156580114,-1.9619087730659301,-0.5385838487123544,-1.2742195975849795,-0.5571044415195482
YSGASDXSLKIKOD,-1.1250312501784947,-2.3410747375799437,-1.107530471742582,-1.0569590335917578,-0.7561700182268607,-2.5404124627837668,-2.5776621339842785,-1.0262855925310965,-1.8413053375899895,-0.6827120451723042,-0.9759192210568841,-0.9838316751610453
YSIITVVESCNIPR,-1.2064208924477318,-2.2537215073794146,-1.3119251854974292,-1.508646196791725,-1.2762433042495864,-2.6457518001884477,-2.9368979873999113,-1.1607037221322243,-1.6113333410735073,-0.6619089495616388,-2.062515843486009,-0.6169447268556159
YSXKPIUOCJLQIE,-0.3618855124898304,-1.9240788645347893,-1.9468057306170548,-1.4885629018669229,-0.6601618526060048,-1.6892811613969723,-3.255407751115365,-0.2522729890170103,-1.5219279698108066,-0.5324895983751586,-1.272604934694239,-1.0821452645135923
YUGZHQHSNYIFLG,-1.4432092549870257,-2.263852654641779,-0.3614831128850411,-1.4129896583806645,-0.8380052432615641,-2.3909417710997367,-3.7958558690921658,-0.8780740793676821,-1.5391456228304337,-0.6364080261726309,-1.6566452528950846,-1.0874953790437227
YVQVOQKFMFRVGR,-1.3124888147769198,-2.107835747795789,-1.434978010340637,-1.3498589385156883,-0.7566003998197459,-0.6800479954130897,-2.1768879429616472,-0.04447910216070265,-0.47944242225827194,-0.6210566425566758,-1.642648304067381,-0.6328157666423446
YVUQSNJEYSNKRX,-1.2114841135792103,-2.0705850854083687,-1.0020471696896616,-0.6557783941214095,-1.1979990559149625,-2.2140508663499374,-2.7238007901648915,0.6010070064393902,-2.048309942165913,-0.49756123515291606,0.22361491160892435,-0.6306402264958993
YWJXCIXBAKGUKZ,-0.9632228683614701,-2.1013998682936075,-2.0924905032711725,-1.332110880920225,-0.9190129623595333,-1.408407258314491,-2.4606546399712514,-0.8989639458998088,-1.2161206895610497,-0.5626076807039551,-1.1322989388973692,-0.30107702704966205
YWPHCCPCQOJSGZ,-1.5524956415358029,-2.4209237255909235,-1.185561711630693,-1.2460634868382032,-0.5688537782562286,-2.6860374012039694,-3.2578639914728935,-0.8261641015215928,-1.5920457241660817,-0.5486339800741147,-2.540204175617896,-0.833211276819894
YWXYYJSYQOXTPL,-1.4249321645156154,-2.3567482950668848,-3.1467460205094735,-1.4601189230791316,-1.5583189142631981,-0.7207154507489038,-2.1996637264413206,-0.8032598651835919,-1.7158390348802945,-0.5934653643375721,-2.6728874228166206,-0.7505433664981912
YXBQLONCIPUQKO,-1.3886629481314021,-2.445518419857925,-2.887456313176714,-1.1112204931338887,-1.2851850680939587,-1.7577996210863966,-2.7367322746758584,-1.6021127335836296,-2.36816709916413,-0.7096886355923944,-2.14485969416587,-0.982482269807319
YXOLAZRVSSWPPT,-1.0688457051647622,-1.7808795683603558,-0.2243709114810186,-0.9074036688295911,-0.40233548369186956,-1.0003064913114348,-0.7572173815401178,0.7600138601871129,-0.35230222802926153,-0.45885788808981987,0.8114242850873538,-0.26907842800655574
YXSLJKQTIDHPOT,-0.8266348044801622,-1.8134919328123245,-0.9178296031572583,-0.8702518410885093,-0.7295425685411044,-1.5200547477196098,-3.324508903405683,-0.2697824701367829,-1.0667488163117769,-0.53189929371833,-0.24256527674140044,-0.896002543595061
YZOFLYUAQDJWKV,-1.0761363078472015,-2.0896011523910487,0.48782558962141365,-1.0201001948970365,-1.2588555501683305,-1.5286137884481863,-2.234835426403647,0.49299161174302747,-0.7718329468817158,-0.38591155446802433,-0.431508192312244,-0.17501146317301564
ZAFYATHCZYHLPB,-0.885648204203344,-2.1975444366287764,0.07999506754053701,-0.5143471251649909,-0.7965464273578801,-1.9910386455390234,-1.4853381002008343,0.2143556669656291,-0.7312227099729866,-0.6033922502917003,-1.0464044054788433,-0.4628927196602071
ZAHQBPYQBHTECE,-0.9044854554517817,-2.281685215221336,-0.07297947232708327,-1.3067964963738312,-1.8131591863035303,-2.4719248570150345,-2.1578555136495408,-0.5571129437714069,-1.2071721838929679,-0.6166990276038656,-0.571877378857468,-0.8087476335557515
ZAIPMKNFIOOWCQ,-1.1977529736415855,-2.2540683446785024,-2.5027369130714487,-1.6200368087607924,-1.0993283810574046,-2.3637022847165143,-2.7190373550081084,-0.4212703561552651,-1.872512804299837,-0.7006510169522066,-1.9067165890446756,-0.6604061883390496
ZBFDAUIVDSSISP,-0.6858131426787116,-2.275476104864087,0.9300552242708036,-1.112267992212071,-0.9765955604771184,-2.150169808388722,-2.152320328005361,0.6363889788982128,-0.579595567118301,-0.5602448997675695,-1.4710982866017641,-0.8298686855651163
ZBIAKUMOEKILTF,-1.3902369869670377,-2.3571040481493095,-1.0826084554402402,-1.2170713538791664,-1.1069689643852207,-2.1739653119516738,-2.7192858856220905,0.19020305144876648,-2.4324046166517412,-0.585234692076998,-0.34994817905534187,-0.7756538807069735
ZBMZVLHSJCTVON,-1.400817387873155,-2.4233621767716267,-1.4467804611328972,-1.1716738532827407,-1.5251899422334607,-2.7671192461036505,-2.5824311114559415,-1.089464617303578,-2.1845444910817,-0.7486670494403959,-2.0267140854746226,-1.1413514334442045
ZBNZXTGUTAYRHI,-0.9348014863060854,-2.143238413139371,0.15030138899717976,-0.812902745708053,-0.9961615560493856,-2.1988901360412068,-1.5450225480468278,0.3802476420526069,-0.8642798532588722,-0.6280365295504691,-1.32077475044848,-0.6521606103147838
ZBPLOVFIXSTCRZ,-1.3351964530845515,-2.2789601917549915,0.16471381812399094,-0.8425061152239093,-0.4710803805187538,-1.0886143102420807,-1.5335621184752375,0.41801978939628837,-0.9612763414381575,-0.55835737452995,0.9039301652860764,-0.5515374511032797
ZCDNRPPFBQDQHR,-0.9413966800032609,-1.6822564845599677,-1.1872692548986739,-1.1260766820592938,-0.9885263439174775,-1.2404230927699833,-2.236089395802944,0.06446366738669335,-1.4831751621810734,-0.5490504112800924,-0.11255374480165857,-0.6580847542806754
ZCGOMHNNNFPNMX,-0.7971023890277799,-1.9213120400118746,-1.7548206265437374,-0.6024245552856206,-0.7413168632154583,-1.908531991915257,-3.058016725153819,-0.3064380167453861,-2.328178836260463,-0.598854027623278,-0.8611106289935315,-0.9427931209343126
ZCVMWBYGMWKGHF,-0.5209959143805021,-1.962852769555316,-0.568408804861752,-0.8538327636918559,-0.6532982142372042,-1.7463440474450689,-2.4112382666310093,0.44041785110404913,-0.973345238559028,0.08583333849098798,-0.42785726135793045,-0.02472049428342352
ZDIGNSYAACHWNL,-1.48048879124609,-2.2985653821059744,-0.5094031255059244,-0.28126247229857837,-1.2242356862069381,-2.522606479733536,-2.5788829955730668,0.3413593917012859,-1.7395395021404978,-0.4630616622781823,0.034154262890695876,-0.5226113719720122
ZDXPYRJPNDTMRX,-1.2158967314594955,-2.4072396485437206,-3.9144087766798346,-1.638987792216762,-1.3292341563953718,-0.6583278185940175,-3.0527068957612093,-1.7632373917393755,-2.097418775728993,-0.9280098128512361,-3.335062665433088,-1.1996566361060514
ZEKZLJVOYLTDKK,-1.1663819498248835,-1.174000106559141,-1.1025504169977407,-0.710579578419128,-0.8920921329979731,-1.2402444274274973,-0.8973558539515936,-0.3085101661652518,-1.9084773188365427,-0.6663216713229886,-1.1953915631575833,-0.44379897498356746
ZEMIJUDPLILVNQ,-1.1205588774397044,-2.330893697336099,-2.3156028255363754,-1.4459158747481031,-0.8453890347575492,-2.44049179350975,-2.722164573332663,-0.6123951062219917,-1.9600718077927923,-0.6651293488627635,-1.705382061093015,-0.7683412470510774
ZESRJSPZRDMNHY,1.5531838520336432,1.9881749341284547,-2.5577508788971715,-1.3103566208272,0.5317332820415802,0.783076599423822,-3.318546691604933,-0.021816254638899583,-2.665069410429326,-0.6559592655668942,-2.057111359298056,-1.247154677519298
ZEUITGRIYCTCEM,-1.1764589436725919,-2.0677298679127474,0.37333270897098214,-0.9452413128172105,-0.2698783827631532,-2.262294943233356,-1.0864996782756968,0.37362286373672643,-0.6371753612173856,0.05702090974919325,0.27335474501425294,0.11034274175568479
ZEWQUBUPAILYHI,-1.346731836133886,-2.2508083658484392,-0.4099819353618311,-1.0869899593382677,-1.435390304752445,-2.7406859829387957,-2.6647113550672388,-0.015132626578397507,-1.6726427320392914,-0.4760964318704388,-1.1495845724743234,-0.7047653687921982
ZFMITUMMTDLWHR,-1.4336863049818,-2.3880076817016107,-0.576075863962453,-1.3322166953914478,-0.8799061083673501,-2.8050156537216955,-2.9359129689076466,-1.0232796800487765,-1.2439084022656672,-0.5728158288412746,-2.065916879381645,-1.0636911054754228
ZFRKQXVRDFCRJG,-1.3590741210986208,-2.242951057514331,2.0049902479065334,-0.5163781889083947,0.08709183316642623,-1.7766290746329831,-2.6980387469837694,-0.5132588383079254,-1.4838328025852412,-0.45214117702132184,0.602742321171833,-0.39430431708928554
ZFXYFBGIUFBOJW,-1.3340264404400142,-2.1691956736932623,-1.4910522138774571,-1.328291325090775,-1.7650090150555413,-2.548738048445725,-2.837204853986599,-1.5825445551013724,-1.6470282315334233,-0.8370329770056297,-2.8658180192353297,-1.2837995631435044
ZGUGWUXLJSTTMA,-1.2450021013337,-2.2494000038798996,0.7430234859260878,-0.7703486732299708,-1.288454503667948,-2.734691985634029,-3.0107816578345736,0.33195535273204685,-1.446880652810846,-0.3080919655741643,-0.2971178938364854,-0.20531467143033322
ZGVSETXHNHBTRK,0.2908722420698969,-0.9335271869566687,-3.0628438796157944,-0.9502389788999684,-0.49765758746881383,-0.3693338333953328,-3.57551754523134,-0.35902152441017393,-1.020054407316805,-0.5476060003159589,-0.23688639082782884,-0.6613869288548822
ZGXJTSGNIOSYLO,-1.2028696035271413,-2.39488985733054,-3.991700143207844,-1.7304412655778925,-0.8919555343334924,-0.6998708293435512,-2.9600482823519125,-1.8216405678703578,-2.133886168019643,-1.0194190492123631,-3.16061402902017,-1.5037793120094107
ZJJXGWJIGJFDTL,-1.3701506164395745,-2.3706635641644267,-2.0881529746733767,-1.5364413296588806,-1.6590306503750867,-3.2075793089901126,-3.821983214987836,-0.6305635183530589,-2.1416628887501825,-0.7184339415657837,-2.0491672563611756,-1.029008268734029
ZJVFLBOZORBYFE,-1.2050593389289825,-2.2456648786914744,0.144427616924114,-0.2804155787122588,-0.755194609343028,-2.0682972148065555,-2.5605652973500037,-0.671287748103424,-1.6098953960920608,-0.5824375300483076,-0.4329131505199943,-0.8750302635899894
ZKLPARSLTMPFCP,-1.1763084557187597,-1.7881227892708722,-1.534634830188761,-0.8780958907554575,-1.2913860133043076,-1.8432580697988317,-2.2896639255340125,-0.2249842115147459,-2.4620075184347456,-0.6208805607208278,-1.9516786518537004,-0.8929164087295807
ZKMNUMMKYBVTFN,-1.4645537070299712,-2.448850143365179,-1.3955172797390816,-1.3346616870095385,-1.0793338007752498,-2.5799051877934946,-2.962183793274898,-0.39306967403183357,-2.108125758100821,-0.7120599172202202,-0.48755545406005096,-1.1324605847644025
ZMEULISFKSVRLQ,1.3070462563347447,-0.28099963287234603,-2.5063928033815386,-1.3746642044866664,0.12976853977570488,0.13984062142572545,-2.7675330722353135,-0.7222900726523973,-2.3871897833333224,-0.6904599277562733,-1.7491002141237901,-1.237926174221067
ZMISODWVFHHWNR,-0.5365369042302951,-1.4105434446635052,-1.2985950142947498,-0.96766793126449,-0.02805506875467668,-2.0691475300554707,-2.864279875742121,-0.7442250539518345,-1.7094392516091388,-0.5161862691939271,-1.0193498826570404,-0.6441811813160778
ZNEWHQLOPFWXOF,-1.372491050668163,-2.2704545042982436,-3.4382494190783004,-1.8233349219841684,-0.5980545357050218,-1.249592961870232,-3.026431279813223,-1.0915214081752176,-2.146540558591049,-0.7917431080967381,-2.9192734160532483,-1.6132885823307186
ZNNLBTZKUZBEKO,-1.4370016165465989,-2.3575422634040337,-1.2412211548417915,-1.6421175994274553,-1.6700757135600774,-2.9101437451902097,-3.379248856129779,-0.4317317952026896,-2.299248286619729,-0.6470529422664448,-1.1804963493795146,-0.9805461526297725
ZNRGQMMCGHDTEI,-1.1475608988723818,-1.9875923504293658,-1.216353237359455,-0.8198854997603909,-0.3727350220493207,-1.56829745416318,-2.13048298677761,-0.6851922983781682,-2.0117735545285984,-0.6627584737536939,-1.60498176842813,-0.4364606376136072
ZOCSXAVNDGMNBV,-1.1863530081037825,-1.7608242900135012,-0.03352379850570778,-0.17553055774464105,-0.9295471147817103,-2.1856440300608853,-1.643600166699411,0.6529711502833707,-0.8385741554853996,-0.37604596998070566,-0.2022818397966633,-0.28240116473664384
ZOWYFYXTIWQBEP,-1.221034718246222,-1.9989374303720266,0.5492904301169638,-0.3801286295194333,-0.6359735890730006,-1.936463156971834,-0.7062923026646526,0.9395571206708897,-1.376084533716203,0.3048126579580361,0.4445525787619671,-0.033873577651936534
ZPAKPRAICRBAOD,-1.1023912410878516,-2.0172461042435264,-0.8927801801438461,-1.2289047851173351,-0.040770393184276846,-0.4362880444209418,-2.400645964779478,-0.09989782754879314,-1.0873569002529955,-0.5695719298344837,-0.5593810826912802,-0.6298213918169293
ZPEIMTDSQAKGNT,-1.368460895111893,-2.206080100115741,0.8812314548589917,-0.8539448629156051,-1.2657219122228103,-2.4262926932389144,-2.850318384364943,0.6958188679726913,-1.7561532564471993,-0.35715885552494425,0.8236271347687423,-0.2863189233747016
ZPFXAOWNKLFJDN,-1.4276235674078381,-2.3679478977778463,-0.753762945762824,-0.8551755815116419,-0.7566396517168772,-2.6162060455233784,-3.3559166798667066,-0.2222752983823809,-1.755600798433795,0.2273637017823049,-0.4304754620036018,-1.0966686745432646
ZQDWXGKKHFNSQK,-1.2081821525194352,-2.041941792809649,-1.1466085608208052,-0.8574195023743989,-1.066726865440892,-2.507509895112714,-2.9141186571564237,0.11133277099518835,-2.1281256946170317,-0.5401940961051184,-1.2770800213186613,-0.7544235973283997
ZQSIJRDFPHDXIC,-1.2676383719687698,-2.0866083136890046,-0.04157638644855542,-1.09899935895191,0.7041711961597626,-0.5446540711203296,-0.3584058595690702,0.5887510870727876,-0.40553249354679893,-0.04627907561135915,1.7830314631756436,-0.41107261540485623
ZRJBHWIHUMBLCN,-0.4349314631566536,-2.176516247432457,-0.9047638582155941,-1.0368901764099459,-0.5529625171665264,-1.3035383919777093,-2.7201825863778684,-0.005885707441446183,-1.6951178583302888,-0.5495394076448671,-1.2556974143774393,-0.763402179705559
ZSCDBOWYZJWBIY,-1.3001069091837216,-2.2700327404878013,0.01587368860906934,-0.6889817262721579,-1.0862920224925707,-2.820241826084788,-3.229293067720935,-0.06257351667771972,-1.659121487318601,-0.505937595553235,-0.5444114362845436,-0.7315615503864638
ZSJLQEPLLKMAKR,-1.3098908254303325,-2.34496129727337,-3.330869615129912,-1.7563485543778188,-1.7052500772503607,-2.3053759607269604,-3.006549451335025,-1.6967915883768392,-1.9030768184280247,-0.8078901415101531,-2.791184134448047,-1.1235007289740644
ZSKVGTPCRGIANV,-1.0275214628477887,-1.900197758204464,-2.4071204100271593,-1.1821391510943833,-1.653807112449334,-2.367888603110479,-2.2443385636606368,-0.34624784462320873,-1.5693338499063372,-0.6713685668648933,-1.6741055200765858,-0.3926426419767173
ZTVIKZXZYLEVOL,-1.1767685599181672,-1.9212956840506206,-2.2063038494655727,-1.5136693383620339,-0.5330780176276901,-2.0179758508371517,-2.9200192963272147,-1.343934223087317,-2.042817689421811,-0.6947424318223319,-1.6132252610365683,-1.0915085811115537
ZWPODSUQWXAZNC,-1.2834421492288512,-2.2348732629252,-1.0457143342711421,-0.9547983349166089,-0.6889096789882283,-1.6710355563167294,-3.1779331043444676,-0.16881088179368633,-1.9789914070105392,-0.5386704674971715,-0.4235569305418272,-0.8584560055769694
ZXNRTKGTQJPIJK,-0.9784632964148958,-2.3424653530056117,-1.5857681843606328,-1.6009594101746538,-1.1714695025153847,-2.291362024524547,-3.054346887124995,-1.1810732160120967,-1.3124982597020418,-0.6762436033283608,-1.1422953315778446,-0.7462624327946854
ZXRVKCBLGJOCEE,-1.0867213720628763,-2.2589206011837613,-1.415339892919162,-1.6142173456650162,-1.8362420943383329,-2.5810408881188374,-2.719154317015241,-0.7028819319680439,-1.5949616974428986,-0.5796800015663739,-2.6429411452113185,-0.8154793794055442
ZYGHJZDHTFUPRJ,-1.3422686530762629,-2.2486355696487967,-0.5137976739246681,-1.2790063737339918,0.16873284274868974,-1.9451332856996606,-0.47711336646207503,-0.21702040931569844,-0.7971249027859952,-0.43286943113972864,0.6732794136093242,-0.7587740707808762
ZZHLYYDVIOPZBE,-1.2661706737157554,-2.2603882678408667,0.4348851002338754,-0.5765864286257314,-1.0479459239211797,-2.7972284200976905,-2.6901580378685312,0.31494801093258457,-1.5097519765389094,-0.414314474046482,-0.4120299137489172,-0.3714408945309
ZZIALNLLNHEQPJ,-1.0150534006303908,-1.5681655070744545,-0.22968113180236677,-1.242237645261473,0.7013226816945494,-0.7251186033976674,0.11827381211795303,0.790141144688857,-0.26431235870203484,-0.3721667098425844,1.3395599796915894,0.08960289001899618
ZZIKIHCNFWXKDY,-1.1268923536635886,-2.0632192812043026,-3.2345461054024662,-0.9758727770681763,-1.278726068424206,-1.3898361395934162,-2.871494223983268,-0.6159883145105277,-1.4265065319235426,0.34600988949104555,-1.1381386574376156,-1.0789020584814994
ZZORFUFYDOWNEF,-1.4329299842399144,-2.3750993546052332,-0.3137601724050475,-1.5587172169448344,-1.6387941428423218,-2.775966198675204,-2.9417710188139283,-0.55440120723933,-1.947636698013749,-0.7054095020618975,-2.146443624164794,-1.2102716295055616
ZZPKZRHERLGEKA,-1.4998756952687853,-2.4350429103009814,-0.36876294053279474,-1.2218628979246664,-1.00283644899949,-2.1378888846418507,-2.225174124652836,-0.8675651238737162,-1.6166352708014469,-0.5317992120731876,-1.0267833219517173,-1.0773561358125816
ZZUFCTLCJUWOSV,-1.429994962028235,-2.329314494379273,-1.0814032669470532,-1.4467948326564386,-1.3780395896984137,-2.3763379113582457,-1.8844194892424377,-0.10066286594093066,-1.4611516670524913,-0.6437549569804404,-1.4260974985088537,-0.8902718907607344
ZZVUWRFHKOJYTH,-1.1136099039235379,-2.149848385857519,-1.031505578483532,-0.6526028903781353,-0.7653117405007678,-2.2045562791254465,-2.531641687478392,-0.6720746874062055,-1.7140560501491298,-0.479580843173545,-0.6218523140714544,-0.7289818239875923
ZZZRUAITSXLWBH,0.4310347100233887,-0.9328464031528061,-0.8195780358990739,-0.4258129140551911,-0.6143699781281005,-1.8365018509614242,-2.1894027062101533,0.16830981948788798,-0.20305546058920762,-0.6243475323642969,-0.2027519363168728,0.04904735539846562
